GAME_ID,season,date,home,away,home_win,p
22200001,2022-23,2022-10-18,BOS,PHI,1,0.7841
22200002,2022-23,2022-10-18,GSW,LAL,1,0.90681
22200003,2022-23,2022-10-19,DET,ORL,1,0.64214
22200004,2022-23,2022-10-19,IND,WAS,0,0.61562
22200005,2022-23,2022-10-19,ATL,HOU,1,0.83568
22200006,2022-23,2022-10-19,BKN,NOP,0,0.63294
22200007,2022-23,2022-10-19,MIA,CHI,0,0.84734
22200008,2022-23,2022-10-19,TOR,CLE,1,0.63036
22200009,2022-23,2022-10-19,MEM,NYK,1,0.72171
22200010,2022-23,2022-10-19,MIN,OKC,1,0.93378
22200011,2022-23,2022-10-19,SAS,CHA,0,0.40538
22200012,2022-23,2022-10-19,UTA,DEN,1,0.54241
22200013,2022-23,2022-10-19,PHX,DAL,1,0.54463
22200014,2022-23,2022-10-19,SAC,POR,0,0.79717
22200015,2022-23,2022-10-20,PHI,MIL,0,0.3001
22200016,2022-23,2022-10-20,LAL,LAC,0,0.47194
22200017,2022-23,2022-10-21,CHA,NOP,0,0.5735
22200019,2022-23,2022-10-21,WAS,CHI,1,0.58822
22200020,2022-23,2022-10-21,ATL,ORL,1,0.83806
22200021,2022-23,2022-10-21,BKN,TOR,1,0.47735
22200022,2022-23,2022-10-21,MIA,BOS,0,0.37416
22200023,2022-23,2022-10-21,NYK,DET,1,0.74204
22200024,2022-23,2022-10-21,HOU,MEM,0,0.17628
22200025,2022-23,2022-10-21,MIN,UTA,0,0.49937
22200026,2022-23,2022-10-21,GSW,DEN,0,0.75561
22200027,2022-23,2022-10-21,POR,PHX,1,0.19029
22200028,2022-23,2022-10-22,PHI,SAS,0,0.85864
22200029,2022-23,2022-10-22,IND,DET,1,0.65418
22200030,2022-23,2022-10-22,ORL,BOS,0,0.10817
22200031,2022-23,2022-10-22,MIA,TOR,1,0.56722
22200032,2022-23,2022-10-22,CHI,CLE,0,0.31264
22200033,2022-23,2022-10-22,MIL,HOU,1,0.94398
22200034,2022-23,2022-10-22,DAL,MEM,1,0.63486
22200035,2022-23,2022-10-22,DEN,OKC,1,0.71989
22200036,2022-23,2022-10-22,SAC,LAC,0,0.40787
22200037,2022-23,2022-10-23,LAL,POR,0,0.70495
22200038,2022-23,2022-10-23,ATL,CHA,0,0.56503
22200039,2022-23,2022-10-23,CLE,WAS,1,0.49319
22200040,2022-23,2022-10-23,NOP,UTA,0,0.4705
22200041,2022-23,2022-10-23,OKC,MIN,0,0.21129
22200042,2022-23,2022-10-23,GSW,SAC,1,0.90383
22200044,2022-23,2022-10-24,PHI,IND,1,0.69635
22200045,2022-23,2022-10-24,MIA,TOR,0,0.5683
22200046,2022-23,2022-10-24,NYK,ORL,1,0.75288
22200047,2022-23,2022-10-24,CHI,BOS,1,0.19626
22200048,2022-23,2022-10-24,HOU,UTA,1,0.20571
22200049,2022-23,2022-10-24,MEM,BKN,1,0.49944
22200050,2022-23,2022-10-24,MIN,SAS,0,0.6451
22200051,2022-23,2022-10-24,POR,DEN,1,0.26802
22200052,2022-23,2022-10-25,WAS,DET,1,0.70204
22200053,2022-23,2022-10-25,NOP,DAL,1,0.47242
22200054,2022-23,2022-10-25,OKC,LAC,1,0.28675
22200055,2022-23,2022-10-25,PHX,GSW,1,0.49563
22200056,2022-23,2022-10-26,CLE,ORL,1,0.77318
22200057,2022-23,2022-10-26,DET,ATL,0,0.19134
22200058,2022-23,2022-10-26,NYK,CHA,1,0.49896
22200059,2022-23,2022-10-26,TOR,PHI,1,0.66172
22200060,2022-23,2022-10-26,MIL,BKN,1,0.73199
22200061,2022-23,2022-10-26,CHI,IND,1,0.53156
22200062,2022-23,2022-10-26,MIN,SAS,1,0.70396
22200063,2022-23,2022-10-26,UTA,HOU,1,0.86823
22200064,2022-23,2022-10-26,DEN,LAL,1,0.59139
22200065,2022-23,2022-10-26,POR,MIA,0,0.24754
22200066,2022-23,2022-10-27,BKN,DAL,0,0.37818
22200067,2022-23,2022-10-27,OKC,LAC,1,0.39603
22200068,2022-23,2022-10-27,GSW,MIA,1,0.65485
22200069,2022-23,2022-10-27,SAC,MEM,0,0.32812
22200070,2022-23,2022-10-28,DET,ATL,0,0.26233
22200072,2022-23,2022-10-28,BOS,CLE,0,0.79058
22200073,2022-23,2022-10-28,TOR,PHI,0,0.64477
22200074,2022-23,2022-10-28,WAS,IND,0,0.59344
22200075,2022-23,2022-10-28,MIL,NYK,1,0.75874
22200076,2022-23,2022-10-28,MIN,LAL,1,0.64036
22200077,2022-23,2022-10-28,SAS,CHI,1,0.52998
22200078,2022-23,2022-10-28,DEN,UTA,1,0.41526
22200079,2022-23,2022-10-28,PHX,NOP,1,0.70578
22200080,2022-23,2022-10-28,POR,HOU,1,0.70236
22200081,2022-23,2022-10-29,SAC,MIA,1,0.21353
22200082,2022-23,2022-10-29,CHA,GSW,1,0.21472
22200083,2022-23,2022-10-29,BKN,IND,0,0.70256
22200084,2022-23,2022-10-29,CHI,PHI,0,0.34178
22200085,2022-23,2022-10-29,MIL,ATL,1,0.74253
22200086,2022-23,2022-10-29,DAL,OKC,0,0.80439
22200087,2022-23,2022-10-29,UTA,MEM,1,0.44162
22200088,2022-23,2022-10-30,LAC,NOP,0,0.50355
22200089,2022-23,2022-10-30,BOS,WAS,1,0.80622
22200090,2022-23,2022-10-30,CLE,NYK,1,0.6168
22200091,2022-23,2022-10-30,DET,GSW,1,0.2186
22200092,2022-23,2022-10-30,SAS,MIN,1,0.36708
22200093,2022-23,2022-10-30,DAL,ORL,1,0.80072
22200094,2022-23,2022-10-30,PHX,HOU,1,0.89211
22200095,2022-23,2022-10-30,LAL,DEN,1,0.47182
22200096,2022-23,2022-10-31,CHA,SAC,0,0.6779
22200097,2022-23,2022-10-31,WAS,PHI,0,0.25386
22200098,2022-23,2022-10-31,BKN,IND,1,0.68252
22200099,2022-23,2022-10-31,TOR,ATL,1,0.66337
22200100,2022-23,2022-10-31,MIL,DET,1,0.93459
22200101,2022-23,2022-10-31,UTA,MEM,1,0.49754
22200102,2022-23,2022-10-31,LAC,HOU,1,0.71117
22200103,2022-23,2022-11-01,BKN,CHI,0,0.51504
22200104,2022-23,2022-11-01,MIA,GSW,1,0.56363
22200105,2022-23,2022-11-01,OKC,ORL,1,0.64591
22200106,2022-23,2022-11-01,PHX,MIN,1,0.70308
22200108,2022-23,2022-11-02,PHI,WAS,0,0.68999
22200109,2022-23,2022-11-02,MIA,SAC,1,0.68207
22200110,2022-23,2022-11-02,NYK,ATL,0,0.52695
22200111,2022-23,2022-11-02,CHI,CHA,1,0.43757
22200112,2022-23,2022-11-02,HOU,LAC,0,0.40812
22200113,2022-23,2022-11-02,MIL,DET,1,0.88905
22200114,2022-23,2022-11-02,SAS,TOR,0,0.33448
22200115,2022-23,2022-11-02,DAL,UTA,1,0.57209
22200116,2022-23,2022-11-02,POR,MEM,0,0.44315
22200117,2022-23,2022-11-02,LAL,NOP,1,0.4958
22200118,2022-23,2022-11-03,ORL,GSW,1,0.21017
22200119,2022-23,2022-11-03,OKC,DEN,0,0.34907
22200120,2022-23,2022-11-04,DET,CLE,0,0.21898
22200121,2022-23,2022-11-04,IND,MIA,1,0.44918
22200122,2022-23,2022-11-04,PHI,NYK,0,0.64517
22200123,2022-23,2022-11-04,WAS,BKN,0,0.5614
22200124,2022-23,2022-11-04,BOS,CHI,1,0.81387
22200125,2022-23,2022-11-04,MEM,CHA,1,0.71972
22200126,2022-23,2022-11-04,SAS,LAC,0,0.38566
22200127,2022-23,2022-11-04,DAL,TOR,1,0.55353
22200128,2022-23,2022-11-04,NOP,GSW,1,0.52985
22200129,2022-23,2022-11-04,MIN,MIL,0,0.38463
22200130,2022-23,2022-11-04,PHX,POR,0,0.83348
22200131,2022-23,2022-11-04,LAL,UTA,0,0.4681
22200132,2022-23,2022-11-05,ORL,SAC,0,0.4179
22200133,2022-23,2022-11-05,CHA,BKN,0,0.45765
22200134,2022-23,2022-11-05,ATL,NOP,1,0.64463
22200135,2022-23,2022-11-05,NYK,BOS,0,0.31337
22200136,2022-23,2022-11-05,MIL,OKC,1,0.78054
22200137,2022-23,2022-11-05,MIN,HOU,1,0.67814
22200138,2022-23,2022-11-05,DEN,SAS,1,0.82172
22200139,2022-23,2022-11-05,PHX,POR,1,0.79024
22200140,2022-23,2022-11-06,LAL,CLE,0,0.46229
22200141,2022-23,2022-11-06,TOR,CHI,1,0.73264
22200142,2022-23,2022-11-06,MEM,WAS,1,0.70423
22200143,2022-23,2022-11-06,LAC,UTA,0,0.36564
22200145,2022-23,2022-11-07,ORL,HOU,0,0.61478
22200147,2022-23,2022-11-07,IND,NOP,1,0.45356
22200149,2022-23,2022-11-07,ATL,MIL,1,0.36439
22200150,2022-23,2022-11-07,MIA,POR,0,0.80211
22200151,2022-23,2022-11-07,CHI,TOR,1,0.26095
22200152,2022-23,2022-11-07,MEM,BOS,0,0.3421
22200153,2022-23,2022-11-07,MIN,NYK,0,0.55263
22200154,2022-23,2022-11-07,SAS,DEN,0,0.32518
22200155,2022-23,2022-11-07,DAL,BKN,1,0.74842
22200156,2022-23,2022-11-07,GSW,SAC,1,0.64089
22200157,2022-23,2022-11-07,UTA,LAL,1,0.69634
22200158,2022-23,2022-11-07,LAC,CLE,1,0.33772
22200159,2022-23,2022-11-09,CHA,POR,0,0.49556
22200160,2022-23,2022-11-09,IND,DEN,0,0.47797
22200161,2022-23,2022-11-09,ORL,DAL,1,0.26093
22200162,2022-23,2022-11-09,ATL,UTA,0,0.42417
22200163,2022-23,2022-11-09,BOS,DET,1,0.90763
22200164,2022-23,2022-11-09,BKN,NYK,1,0.51548
22200165,2022-23,2022-11-09,TOR,HOU,1,0.89028
22200166,2022-23,2022-11-09,CHI,NOP,0,0.40751
22200167,2022-23,2022-11-09,MIN,PHX,0,0.37334
22200168,2022-23,2022-11-09,OKC,MIL,0,0.27312
22200169,2022-23,2022-11-09,SAS,MEM,0,0.29892
22200170,2022-23,2022-11-09,LAC,LAL,1,0.58416
22200171,2022-23,2022-11-09,SAC,CLE,1,0.28401
22200172,2022-23,2022-11-10,WAS,DAL,1,0.47277
22200173,2022-23,2022-11-10,ATL,PHI,1,0.43216
22200174,2022-23,2022-11-10,MIA,CHA,1,0.80183
22200175,2022-23,2022-11-10,NOP,POR,0,0.66984
22200176,2022-23,2022-11-11,BOS,DEN,1,0.65654
22200177,2022-23,2022-11-11,ORL,PHX,1,0.2393
22200178,2022-23,2022-11-11,NYK,DET,1,0.77199
22200179,2022-23,2022-11-11,OKC,TOR,1,0.27149
22200180,2022-23,2022-11-11,SAS,MIL,1,0.30485
22200181,2022-23,2022-11-11,MEM,MIN,1,0.67289
22200182,2022-23,2022-11-11,GSW,CLE,1,0.47766
22200183,2022-23,2022-11-11,LAL,SAC,0,0.63481
22200185,2022-23,2022-11-12,WAS,UTA,1,0.3096
22200186,2022-23,2022-11-12,DET,BOS,0,0.1545
22200187,2022-23,2022-11-12,IND,TOR,1,0.49731
22200188,2022-23,2022-11-12,PHI,ATL,1,0.51636
22200189,2022-23,2022-11-12,MIA,CHA,1,0.71541
22200190,2022-23,2022-11-12,DAL,POR,1,0.72731
22200191,2022-23,2022-11-12,NOP,HOU,1,0.81118
22200192,2022-23,2022-11-13,NYK,OKC,0,0.58246
22200193,2022-23,2022-11-13,CLE,MIN,0,0.70912
22200194,2022-23,2022-11-13,WAS,MEM,1,0.26316
22200195,2022-23,2022-11-13,PHI,UTA,1,0.44524
22200196,2022-23,2022-11-13,CHI,DEN,0,0.40116
22200197,2022-23,2022-11-13,SAC,GSW,1,0.37714
22200198,2022-23,2022-11-13,LAL,BKN,1,0.5859
22200199,2022-23,2022-11-14,DET,TOR,0,0.19877
22200200,2022-23,2022-11-14,ORL,CHA,0,0.44268
22200201,2022-23,2022-11-14,BOS,OKC,1,0.84865
22200202,2022-23,2022-11-14,MIA,PHX,1,0.5248
22200203,2022-23,2022-11-14,HOU,LAC,0,0.38386
22200204,2022-23,2022-11-14,MIL,ATL,0,0.51263
22200205,2022-23,2022-11-14,GSW,SAS,1,0.72335
22200207,2022-23,2022-11-15,DAL,LAC,1,0.82088
22200208,2022-23,2022-11-15,UTA,NYK,0,0.72508
22200209,2022-23,2022-11-15,POR,SAS,1,0.79432
22200211,2022-23,2022-11-16,CHA,IND,0,0.48328
22200212,2022-23,2022-11-16,ORL,MIN,0,0.37118
22200213,2022-23,2022-11-16,WAS,OKC,0,0.54921
22200214,2022-23,2022-11-16,ATL,BOS,0,0.36749
22200215,2022-23,2022-11-16,TOR,MIA,1,0.52584
22200216,2022-23,2022-11-16,MIL,CLE,1,0.44407
22200218,2022-23,2022-11-16,DAL,HOU,0,0.78276
22200219,2022-23,2022-11-16,DEN,NYK,0,0.76456
22200220,2022-23,2022-11-16,PHX,GSW,1,0.54919
22200221,2022-23,2022-11-17,POR,BKN,0,0.51925
22200222,2022-23,2022-11-17,SAC,SAS,1,0.68178
22200223,2022-23,2022-11-17,LAC,DET,1,0.72901
22200224,2022-23,2022-11-18,WAS,MIA,1,0.37148
22200225,2022-23,2022-11-18,CLE,CHA,1,0.66149
22200226,2022-23,2022-11-18,PHI,MIL,1,0.62405
22200227,2022-23,2022-11-18,CHI,ORL,0,0.60801
22200228,2022-23,2022-11-18,HOU,IND,0,0.31486
22200229,2022-23,2022-11-18,MEM,OKC,1,0.69804
22200230,2022-23,2022-11-18,DAL,DEN,1,0.60525
22200231,2022-23,2022-11-18,NOP,BOS,0,0.44675
22200232,2022-23,2022-11-18,UTA,PHX,1,0.57489
22200233,2022-23,2022-11-18,GSW,NYK,1,0.69256
22200234,2022-23,2022-11-18,LAL,DET,1,0.8355
22200235,2022-23,2022-11-19,ATL,TOR,1,0.45002
22200236,2022-23,2022-11-19,IND,ORL,1,0.66019
22200237,2022-23,2022-11-19,PHI,MIN,0,0.46019
22200238,2022-23,2022-11-19,POR,UTA,0,0.51178
22200239,2022-23,2022-11-19,LAC,SAS,1,0.71997
22200240,2022-23,2022-11-20,PHX,NYK,1,0.6631
22200241,2022-23,2022-11-20,WAS,CHA,1,0.52845
22200242,2022-23,2022-11-20,SAC,DET,1,0.78032
22200243,2022-23,2022-11-20,BKN,MEM,1,0.47649
22200244,2022-23,2022-11-20,CLE,MIA,1,0.64894
22200245,2022-23,2022-11-20,HOU,GSW,0,0.20323
22200246,2022-23,2022-11-20,DAL,DEN,0,0.75943
22200247,2022-23,2022-11-20,LAL,SAS,1,0.74856
22200248,2022-23,2022-11-21,CLE,ATL,1,0.48882
22200249,2022-23,2022-11-21,IND,ORL,1,0.71955
22200250,2022-23,2022-11-21,CHI,BOS,1,0.24544
22200251,2022-23,2022-11-21,MIL,POR,1,0.71021
22200252,2022-23,2022-11-21,MIN,MIA,1,0.69274
22200253,2022-23,2022-11-21,NOP,GSW,1,0.59129
22200254,2022-23,2022-11-21,OKC,NYK,0,0.61962
22200255,2022-23,2022-11-21,LAC,UTA,1,0.41193
22200256,2022-23,2022-11-22,PHI,BKN,1,0.5345
22200257,2022-23,2022-11-22,MEM,SAC,0,0.64203
22200258,2022-23,2022-11-22,DEN,DET,0,0.66869
22200259,2022-23,2022-11-22,PHX,LAL,1,0.69428
22200260,2022-23,2022-11-23,CHA,PHI,1,0.59152
22200261,2022-23,2022-11-23,CLE,POR,1,0.7089
22200262,2022-23,2022-11-23,IND,MIN,0,0.61416
22200263,2022-23,2022-11-23,ATL,SAC,1,0.7236
22200264,2022-23,2022-11-23,BOS,DAL,1,0.63756
22200265,2022-23,2022-11-23,MIA,WAS,1,0.56769
22200266,2022-23,2022-11-23,TOR,BKN,0,0.73905
22200267,2022-23,2022-11-23,MIL,CHI,0,0.75449
22200268,2022-23,2022-11-23,OKC,DEN,0,0.47751
22200269,2022-23,2022-11-23,SAS,NOP,0,0.25448
22200270,2022-23,2022-11-23,UTA,DET,0,0.88563
22200271,2022-23,2022-11-23,GSW,LAC,1,0.55704
22200272,2022-23,2022-11-25,CHA,MIN,1,0.48955
22200274,2022-23,2022-11-25,NYK,POR,0,0.64188
22200275,2022-23,2022-11-25,BOS,SAC,1,0.75774
22200276,2022-23,2022-11-25,IND,BKN,1,0.50309
22200277,2022-23,2022-11-25,MIA,WAS,1,0.60263
22200278,2022-23,2022-11-25,HOU,ATL,1,0.33226
22200279,2022-23,2022-11-25,MEM,NOP,1,0.59271
22200280,2022-23,2022-11-25,MIL,CLE,1,0.61537
22200281,2022-23,2022-11-25,OKC,CHI,1,0.54158
22200282,2022-23,2022-11-25,SAS,LAL,0,0.30969
22200283,2022-23,2022-11-25,PHX,DET,1,0.82684
22200284,2022-23,2022-11-25,GSW,UTA,1,0.61575
22200285,2022-23,2022-11-25,LAC,DEN,0,0.39679
22200286,2022-23,2022-11-26,TOR,DAL,1,0.5268
22200287,2022-23,2022-11-26,HOU,OKC,1,0.34201
22200289,2022-23,2022-11-26,PHX,UTA,1,0.55326
22200290,2022-23,2022-11-27,BKN,POR,1,0.71032
22200291,2022-23,2022-11-27,MIN,GSW,0,0.45191
22200293,2022-23,2022-11-27,ATL,MIA,0,0.67358
22200294,2022-23,2022-11-27,BOS,WAS,1,0.81202
22200295,2022-23,2022-11-27,DET,CLE,0,0.29467
22200296,2022-23,2022-11-27,NYK,MEM,0,0.39292
22200297,2022-23,2022-11-27,ORL,PHI,0,0.26744
22200298,2022-23,2022-11-27,MIL,DAL,1,0.68664
22200299,2022-23,2022-11-28,PHI,ATL,1,0.57904
22200300,2022-23,2022-11-28,WAS,MIN,1,0.51177
22200301,2022-23,2022-11-28,BOS,CHA,1,0.70498
22200302,2022-23,2022-11-28,BKN,ORL,1,0.86078
22200303,2022-23,2022-11-28,TOR,CLE,1,0.68438
22200304,2022-23,2022-11-28,NOP,OKC,1,0.67383
22200305,2022-23,2022-11-28,DEN,HOU,1,0.81179
22200307,2022-23,2022-11-28,SAC,PHX,0,0.48656
22200308,2022-23,2022-11-28,LAL,IND,0,0.54607
22200309,2022-23,2022-11-29,DET,NYK,0,0.41181
22200310,2022-23,2022-11-29,DAL,GSW,1,0.50319
22200311,2022-23,2022-11-29,POR,LAC,0,0.62619
22200312,2022-23,2022-11-30,CLE,PHI,1,0.56318
22200313,2022-23,2022-11-30,ORL,ATL,0,0.23771
22200314,2022-23,2022-11-30,BOS,MIA,1,0.79877
22200315,2022-23,2022-11-30,BKN,WAS,1,0.67454
22200316,2022-23,2022-11-30,NYK,MIL,0,0.23967
22200317,2022-23,2022-11-30,MIN,MEM,1,0.43694
22200318,2022-23,2022-11-30,NOP,TOR,1,0.39185
22200319,2022-23,2022-11-30,OKC,SAS,1,0.67195
22200320,2022-23,2022-11-30,DEN,HOU,1,0.7584
22200321,2022-23,2022-11-30,PHX,CHI,1,0.71627
22200322,2022-23,2022-11-30,UTA,LAC,1,0.80456
22200323,2022-23,2022-11-30,SAC,IND,1,0.4705
22200324,2022-23,2022-11-30,LAL,POR,1,0.70222
22200325,2022-23,2022-12-01,DET,DAL,1,0.23067
22200326,2022-23,2022-12-02,CHA,WAS,1,0.36462
22200327,2022-23,2022-12-02,ATL,DEN,1,0.58615
22200328,2022-23,2022-12-02,BOS,MIA,0,0.79415
22200330,2022-23,2022-12-02,CLE,ORL,1,0.84617
22200331,2022-23,2022-12-02,MIL,LAL,0,0.73283
22200332,2022-23,2022-12-02,MEM,PHI,1,0.62274
22200333,2022-23,2022-12-02,SAS,NOP,0,0.29843
22200334,2022-23,2022-12-02,PHX,HOU,0,0.83088
22200335,2022-23,2022-12-02,UTA,IND,1,0.57707
22200336,2022-23,2022-12-02,GSW,CHI,1,0.77488
22200338,2022-23,2022-12-03,LAC,SAC,0,0.40574
22200340,2022-23,2022-12-03,TOR,ORL,1,0.84862
22200341,2022-23,2022-12-03,MIN,OKC,0,0.67724
22200342,2022-23,2022-12-03,GSW,HOU,1,0.87216
22200343,2022-23,2022-12-03,UTA,POR,0,0.61036
22200345,2022-23,2022-12-04,SAS,PHX,0,0.20419
22200347,2022-23,2022-12-04,DET,MEM,0,0.24844
22200348,2022-23,2022-12-04,NYK,CLE,1,0.34102
22200349,2022-23,2022-12-04,WAS,LAL,0,0.52377
22200350,2022-23,2022-12-04,SAC,CHI,1,0.53937
22200351,2022-23,2022-12-04,POR,IND,1,0.35201
22200352,2022-23,2022-12-05,CHA,LAC,0,0.55146
22200353,2022-23,2022-12-05,ORL,MIL,0,0.20199
22200354,2022-23,2022-12-05,ATL,OKC,0,0.73206
22200355,2022-23,2022-12-05,TOR,BOS,0,0.55864
22200356,2022-23,2022-12-05,HOU,PHI,1,0.28472
22200357,2022-23,2022-12-05,MEM,MIA,1,0.49998
22200358,2022-23,2022-12-05,DAL,PHX,1,0.60453
22200359,2022-23,2022-12-05,GSW,IND,0,0.83933
22200360,2022-23,2022-12-06,CLE,LAL,1,0.60636
22200361,2022-23,2022-12-06,MIA,DET,0,0.76605
22200362,2022-23,2022-12-06,DEN,DAL,0,0.61378
22200363,2022-23,2022-12-07,ORL,LAC,1,0.33902
22200364,2022-23,2022-12-07,BKN,CHA,1,0.78067
22200366,2022-23,2022-12-07,TOR,LAL,1,0.76207
22200367,2022-23,2022-12-07,CHI,WAS,1,0.48826
22200368,2022-23,2022-12-07,MEM,OKC,1,0.73142
22200369,2022-23,2022-12-07,MIL,SAC,1,0.73547
22200370,2022-23,2022-12-07,MIN,IND,1,0.67525
22200371,2022-23,2022-12-07,NOP,DET,1,0.88018
22200372,2022-23,2022-12-07,UTA,GSW,1,0.44337
22200373,2022-23,2022-12-07,PHX,BOS,0,0.44409
22200374,2022-23,2022-12-08,MIA,LAC,1,0.63932
22200375,2022-23,2022-12-08,SAS,HOU,1,0.48786
22200377,2022-23,2022-12-09,CHA,NYK,0,0.46659
22200378,2022-23,2022-12-09,IND,WAS,1,0.5389
22200379,2022-23,2022-12-09,ORL,TOR,1,0.19257
22200380,2022-23,2022-12-09,BKN,ATL,1,0.59238
22200381,2022-23,2022-12-09,CLE,SAC,0,0.68294
22200382,2022-23,2022-12-09,PHI,LAL,1,0.68691
22200383,2022-23,2022-12-09,MEM,DET,1,0.826
22200384,2022-23,2022-12-09,NOP,PHX,1,0.46436
22200385,2022-23,2022-12-09,UTA,MIN,0,0.57754
22200386,2022-23,2022-12-09,DAL,MIL,0,0.42495
22200387,2022-23,2022-12-10,MIA,SAS,0,0.8358
22200388,2022-23,2022-12-10,IND,BKN,0,0.41884
22200389,2022-23,2022-12-10,WAS,LAC,0,0.45034
22200390,2022-23,2022-12-10,CLE,OKC,1,0.67557
22200391,2022-23,2022-12-10,CHI,DAL,1,0.49644
22200392,2022-23,2022-12-10,GSW,BOS,1,0.34035
22200393,2022-23,2022-12-10,DEN,UTA,1,0.64262
22200394,2022-23,2022-12-10,POR,MIN,1,0.6074
22200395,2022-23,2022-12-11,NOP,PHX,1,0.47315
22200396,2022-23,2022-12-11,DET,LAL,0,0.29975
22200397,2022-23,2022-12-11,NYK,SAC,1,0.55387
22200398,2022-23,2022-12-11,ORL,TOR,1,0.18931
22200399,2022-23,2022-12-11,PHI,CHA,1,0.79282
22200400,2022-23,2022-12-11,ATL,CHI,1,0.74729
22200401,2022-23,2022-12-11,HOU,MIL,1,0.14471
22200402,2022-23,2022-12-12,IND,MIA,0,0.49389
22200403,2022-23,2022-12-12,WAS,BKN,0,0.52361
22200404,2022-23,2022-12-12,MEM,ATL,1,0.71634
22200405,2022-23,2022-12-12,DAL,OKC,1,0.70964
22200406,2022-23,2022-12-12,SAS,CLE,1,0.24707
22200407,2022-23,2022-12-12,POR,MIN,1,0.52203
22200408,2022-23,2022-12-12,LAC,BOS,1,0.35262
22200409,2022-23,2022-12-13,PHI,SAC,1,0.67565
22200410,2022-23,2022-12-13,MIL,GSW,1,0.62631
22200411,2022-23,2022-12-13,HOU,PHX,1,0.23311
22200412,2022-23,2022-12-13,UTA,NOP,1,0.5544
22200413,2022-23,2022-12-13,LAL,BOS,0,0.46845
22200414,2022-23,2022-12-14,CHA,DET,0,0.61304
22200415,2022-23,2022-12-14,IND,GSW,1,0.54455
22200416,2022-23,2022-12-14,ORL,ATL,1,0.45512
22200417,2022-23,2022-12-14,TOR,SAC,0,0.78299
22200418,2022-23,2022-12-14,CHI,NYK,0,0.47828
22200419,2022-23,2022-12-14,OKC,MIA,0,0.34434
22200420,2022-23,2022-12-14,SAS,POR,0,0.32129
22200421,2022-23,2022-12-14,DAL,CLE,0,0.51014
22200422,2022-23,2022-12-14,DEN,WAS,1,0.72607
22200423,2022-23,2022-12-14,LAC,MIN,1,0.59057
22200424,2022-23,2022-12-15,HOU,MIA,0,0.39767
22200425,2022-23,2022-12-15,MEM,MIL,1,0.43634
22200426,2022-23,2022-12-15,UTA,NOP,1,0.65754
22200427,2022-23,2022-12-15,LAC,PHX,0,0.44859
22200428,2022-23,2022-12-16,CHA,ATL,0,0.47376
22200429,2022-23,2022-12-16,DET,SAC,0,0.30895
22200430,2022-23,2022-12-16,BOS,ORL,0,0.89908
22200431,2022-23,2022-12-16,CLE,IND,1,0.68747
22200432,2022-23,2022-12-16,PHI,GSW,1,0.61916
22200433,2022-23,2022-12-16,TOR,BKN,0,0.63312
22200434,2022-23,2022-12-16,CHI,NYK,0,0.50436
22200435,2022-23,2022-12-16,OKC,MIN,0,0.51573
22200436,2022-23,2022-12-16,DAL,POR,1,0.61655
22200438,2022-23,2022-12-17,LAC,WAS,1,0.54696
22200439,2022-23,2022-12-17,SAS,MIA,0,0.30985
22200440,2022-23,2022-12-17,CLE,DAL,1,0.63428
22200441,2022-23,2022-12-17,HOU,POR,0,0.46004
22200443,2022-23,2022-12-17,OKC,MEM,1,0.29503
22200444,2022-23,2022-12-17,PHX,NOP,1,0.65198
22200445,2022-23,2022-12-18,BOS,ORL,0,0.89587
22200446,2022-23,2022-12-18,IND,NYK,0,0.51608
22200447,2022-23,2022-12-18,DET,BKN,0,0.31185
22200448,2022-23,2022-12-18,TOR,GSW,0,0.71463
22200449,2022-23,2022-12-18,MIN,CHI,1,0.55326
22200450,2022-23,2022-12-18,DEN,CHA,1,0.7388
22200451,2022-23,2022-12-18,LAL,WAS,1,0.70673
22200452,2022-23,2022-12-19,CLE,UTA,1,0.65035
22200453,2022-23,2022-12-19,PHI,TOR,1,0.62353
22200454,2022-23,2022-12-19,ATL,ORL,1,0.80565
22200455,2022-23,2022-12-19,HOU,SAS,0,0.60578
22200456,2022-23,2022-12-19,MIN,DAL,1,0.40443
22200457,2022-23,2022-12-19,NOP,MIL,0,0.4577
22200458,2022-23,2022-12-19,OKC,POR,1,0.48198
22200459,2022-23,2022-12-19,PHX,LAL,1,0.75858
22200460,2022-23,2022-12-19,SAC,CHA,0,0.76096
22200461,2022-23,2022-12-20,DET,UTA,0,0.32192
22200463,2022-23,2022-12-20,NYK,GSW,1,0.55729
22200464,2022-23,2022-12-20,PHX,WAS,0,0.57548
22200465,2022-23,2022-12-20,DEN,MEM,1,0.53464
22200466,2022-23,2022-12-21,CLE,MIL,1,0.5588
22200467,2022-23,2022-12-21,PHI,DET,1,0.88563
22200468,2022-23,2022-12-21,ATL,CHI,0,0.76928
22200469,2022-23,2022-12-21,BOS,IND,0,0.79103
22200470,2022-23,2022-12-21,BKN,GSW,1,0.72212
22200472,2022-23,2022-12-21,HOU,ORL,0,0.48593
22200473,2022-23,2022-12-21,MIN,DAL,0,0.48232
22200474,2022-23,2022-12-21,OKC,POR,1,0.51811
22200475,2022-23,2022-12-21,SAC,LAL,1,0.68584
22200476,2022-23,2022-12-21,LAC,CHA,1,0.66728
22200477,2022-23,2022-12-22,NOP,SAS,1,0.83314
22200478,2022-23,2022-12-22,UTA,WAS,1,0.65276
22200479,2022-23,2022-12-23,ORL,SAS,1,0.74673
22200480,2022-23,2022-12-23,PHI,LAC,1,0.66429
22200481,2022-23,2022-12-23,ATL,DET,1,0.81722
22200482,2022-23,2022-12-23,BOS,MIN,1,0.81243
22200483,2022-23,2022-12-23,BKN,MIL,1,0.36211
22200484,2022-23,2022-12-23,CLE,TOR,0,0.56651
22200485,2022-23,2022-12-23,NYK,CHI,0,0.7043
22200486,2022-23,2022-12-23,MIA,IND,0,0.53927
22200487,2022-23,2022-12-23,HOU,DAL,0,0.28642
22200489,2022-23,2022-12-23,DEN,POR,1,0.70689
22200490,2022-23,2022-12-23,PHX,MEM,0,0.53159
22200491,2022-23,2022-12-23,SAC,WAS,0,0.71899
22200492,2022-23,2022-12-23,LAL,CHA,0,0.59178
22200493,2022-23,2022-12-25,NYK,PHI,0,0.46847
22200494,2022-23,2022-12-25,DAL,LAL,1,0.65166
22200495,2022-23,2022-12-25,BOS,MIL,1,0.66498
22200496,2022-23,2022-12-25,GSW,MEM,1,0.33
22200497,2022-23,2022-12-25,DEN,PHX,1,0.70442
22200499,2022-23,2022-12-26,DET,LAC,0,0.2477
22200500,2022-23,2022-12-26,MIA,MIN,1,0.60486
22200501,2022-23,2022-12-26,CHI,HOU,0,0.68774
22200502,2022-23,2022-12-26,NOP,IND,1,0.59152
22200503,2022-23,2022-12-26,SAS,UTA,1,0.27688
22200504,2022-23,2022-12-26,POR,CHA,1,0.55604
22200505,2022-23,2022-12-27,ORL,LAL,0,0.49682
22200506,2022-23,2022-12-27,WAS,PHI,1,0.47529
22200507,2022-23,2022-12-27,BOS,HOU,1,0.93965
22200509,2022-23,2022-12-27,TOR,LAC,0,0.82235
22200510,2022-23,2022-12-27,MEM,PHX,0,0.66804
22200511,2022-23,2022-12-27,OKC,SAS,1,0.78491
22200512,2022-23,2022-12-27,DAL,NYK,1,0.58563
22200513,2022-23,2022-12-27,GSW,CHA,1,0.58887
22200514,2022-23,2022-12-27,SAC,DEN,0,0.44412
22200515,2022-23,2022-12-28,DET,ORL,1,0.50634
22200516,2022-23,2022-12-28,WAS,PHX,1,0.52438
22200517,2022-23,2022-12-28,ATL,BKN,0,0.48127
22200518,2022-23,2022-12-28,MIA,LAL,1,0.68564
22200519,2022-23,2022-12-28,CHI,MIL,1,0.24099
22200520,2022-23,2022-12-28,NOP,MIN,1,0.65856
22200521,2022-23,2022-12-28,GSW,UTA,1,0.32635
22200522,2022-23,2022-12-28,SAC,DEN,1,0.37874
22200523,2022-23,2022-12-29,CHA,OKC,1,0.61106
22200524,2022-23,2022-12-29,IND,CLE,1,0.41213
22200525,2022-23,2022-12-29,BOS,LAC,1,0.79744
22200526,2022-23,2022-12-29,TOR,MEM,0,0.53818
22200527,2022-23,2022-12-29,SAS,NYK,1,0.31301
22200528,2022-23,2022-12-29,DAL,HOU,1,0.81151
22200529,2022-23,2022-12-30,ORL,WAS,0,0.41459
22200530,2022-23,2022-12-30,ATL,LAL,0,0.65663
22200531,2022-23,2022-12-30,TOR,PHX,1,0.53121
22200532,2022-23,2022-12-30,CHI,DET,1,0.69784
22200533,2022-23,2022-12-30,MIL,MIN,1,0.72408
22200534,2022-23,2022-12-30,NOP,PHI,1,0.41765
22200535,2022-23,2022-12-30,DEN,MIA,1,0.60939
22200536,2022-23,2022-12-30,GSW,POR,1,0.46125
22200537,2022-23,2022-12-30,SAC,UTA,1,0.48426
22200538,2022-23,2022-12-31,IND,LAC,1,0.50987
22200539,2022-23,2022-12-31,CHA,BKN,0,0.47144
22200540,2022-23,2022-12-31,CHI,CLE,0,0.26408
22200541,2022-23,2022-12-31,HOU,NYK,0,0.32969
22200542,2022-23,2022-12-31,SAS,DAL,0,0.2939
22200543,2022-23,2022-12-31,MEM,NOP,1,0.76259
22200544,2022-23,2022-12-31,MIN,DET,0,0.78704
22200545,2022-23,2022-12-31,OKC,PHI,0,0.42687
22200546,2022-23,2022-12-31,UTA,MIA,0,0.57571
22200547,2022-23,2023-01-01,MEM,SAC,1,0.64225
22200548,2022-23,2023-01-01,MIL,WAS,0,0.64628
22200549,2022-23,2023-01-01,DEN,BOS,1,0.39614
22200550,2022-23,2023-01-02,NYK,PHX,1,0.61943
22200551,2022-23,2023-01-02,CHA,LAL,0,0.49478
22200552,2022-23,2023-01-02,CLE,CHI,1,0.72893
22200554,2022-23,2023-01-02,PHI,NOP,1,0.64397
22200555,2022-23,2023-01-02,BKN,SAS,1,0.79871
22200556,2022-23,2023-01-02,HOU,DAL,0,0.31636
22200557,2022-23,2023-01-02,MIN,DEN,1,0.51587
22200558,2022-23,2023-01-02,GSW,ATL,1,0.44707
22200559,2022-23,2023-01-02,POR,DET,1,0.76403
22200560,2022-23,2023-01-02,LAC,MIA,0,0.54944
22200561,2022-23,2023-01-03,MIL,WAS,1,0.57972
22200562,2022-23,2023-01-03,OKC,BOS,1,0.23468
22200563,2022-23,2023-01-03,UTA,SAC,0,0.6543
22200564,2022-23,2023-01-04,CHA,MEM,0,0.30674
22200565,2022-23,2023-01-04,CLE,PHX,1,0.63716
22200566,2022-23,2023-01-04,ORL,OKC,1,0.62128
22200567,2022-23,2023-01-04,PHI,IND,1,0.70757
22200568,2022-23,2023-01-04,NYK,SAS,1,0.83336
22200569,2022-23,2023-01-04,TOR,MIL,0,0.6133
22200570,2022-23,2023-01-04,CHI,BKN,1,0.38106
22200572,2022-23,2023-01-04,NOP,HOU,1,0.77315
22200573,2022-23,2023-01-04,GSW,DET,0,0.77256
22200574,2022-23,2023-01-04,LAL,MIA,1,0.45994
22200576,2022-23,2023-01-05,ORL,MEM,0,0.24348
22200577,2022-23,2023-01-05,DAL,BOS,0,0.3876
22200578,2022-23,2023-01-05,HOU,UTA,0,0.22456
22200579,2022-23,2023-01-05,DEN,LAC,1,0.68704
22200580,2022-23,2023-01-06,IND,POR,1,0.55873
22200581,2022-23,2023-01-06,PHI,CHI,0,0.76521
22200582,2022-23,2023-01-06,TOR,NYK,0,0.58656
22200583,2022-23,2023-01-06,MIL,CHA,0,0.71311
22200584,2022-23,2023-01-06,OKC,WAS,1,0.45858
22200585,2022-23,2023-01-06,SAS,DET,1,0.59898
22200586,2022-23,2023-01-06,NOP,BKN,0,0.45339
22200587,2022-23,2023-01-06,MIN,LAC,1,0.6598
22200588,2022-23,2023-01-06,DEN,CLE,1,0.55125
22200589,2022-23,2023-01-06,PHX,MIA,0,0.49007
22200590,2022-23,2023-01-06,LAL,ATL,1,0.44328
22200591,2022-23,2023-01-07,SAS,BOS,0,0.13062
22200592,2022-23,2023-01-07,CHI,UTA,1,0.29443
22200593,2022-23,2023-01-07,DAL,NOP,1,0.64575
22200594,2022-23,2023-01-07,GSW,ORL,0,0.70781
22200595,2022-23,2023-01-07,SAC,LAL,0,0.685
22200596,2022-23,2023-01-08,DET,PHI,0,0.25388
22200597,2022-23,2023-01-08,TOR,POR,1,0.65738
22200598,2022-23,2023-01-08,IND,CHA,1,0.62184
22200599,2022-23,2023-01-08,MIA,BKN,0,0.50141
22200600,2022-23,2023-01-08,MEM,UTA,1,0.7024
22200601,2022-23,2023-01-08,HOU,MIN,0,0.42313
22200602,2022-23,2023-01-08,OKC,DAL,1,0.59273
22200603,2022-23,2023-01-08,PHX,CLE,0,0.45241
22200604,2022-23,2023-01-08,LAC,ATL,0,0.40813
22200605,2022-23,2023-01-09,WAS,NOP,0,0.57117
22200606,2022-23,2023-01-09,BOS,CHI,1,0.84192
22200607,2022-23,2023-01-09,NYK,MIL,0,0.58141
22200608,2022-23,2023-01-09,MEM,SAS,1,0.80819
22200609,2022-23,2023-01-09,DEN,LAL,1,0.68741
22200610,2022-23,2023-01-09,SAC,ORL,1,0.68534
22200612,2022-23,2023-01-10,PHI,DET,1,0.8307
22200613,2022-23,2023-01-10,TOR,CHA,1,0.73622
22200614,2022-23,2023-01-10,UTA,CLE,1,0.5526
22200615,2022-23,2023-01-10,GSW,PHX,0,0.63778
22200616,2022-23,2023-01-10,POR,ORL,0,0.75826
22200617,2022-23,2023-01-10,LAC,DAL,1,0.53072
22200618,2022-23,2023-01-11,DET,MIN,1,0.2805
22200619,2022-23,2023-01-11,WAS,CHI,1,0.61244
22200620,2022-23,2023-01-11,ATL,MIL,0,0.55411
22200621,2022-23,2023-01-11,BOS,NOP,1,0.75807
22200622,2022-23,2023-01-11,NYK,IND,1,0.63845
22200623,2022-23,2023-01-11,MEM,SAS,1,0.84717
22200624,2022-23,2023-01-11,DEN,PHX,1,0.81282
22200625,2022-23,2023-01-11,SAC,HOU,1,0.76799
22200626,2022-23,2023-01-12,PHI,OKC,0,0.70372
22200627,2022-23,2023-01-12,BKN,BOS,0,0.56603
22200628,2022-23,2023-01-12,MIA,MIL,1,0.54259
22200629,2022-23,2023-01-12,TOR,CHA,1,0.73543
22200630,2022-23,2023-01-12,LAL,DAL,0,0.48996
22200631,2022-23,2023-01-12,POR,CLE,0,0.48173
22200632,2022-23,2023-01-13,DET,NOP,0,0.3009
22200633,2022-23,2023-01-13,IND,ATL,0,0.50761
22200634,2022-23,2023-01-13,WAS,NYK,0,0.43162
22200635,2022-23,2023-01-13,SAS,GSW,0,0.27137
22200636,2022-23,2023-01-13,CHI,OKC,0,0.59224
22200637,2022-23,2023-01-13,MIN,PHX,1,0.60141
22200638,2022-23,2023-01-13,UTA,ORL,1,0.73567
22200639,2022-23,2023-01-13,LAC,DEN,0,0.36223
22200640,2022-23,2023-01-13,SAC,HOU,1,0.77035
22200641,2022-23,2023-01-14,MIA,MIL,1,0.5022
22200642,2022-23,2023-01-14,CHA,BOS,0,0.24725
22200643,2022-23,2023-01-14,IND,MEM,0,0.24298
22200644,2022-23,2023-01-14,TOR,ATL,0,0.69959
22200645,2022-23,2023-01-14,MIN,CLE,1,0.31232
22200646,2022-23,2023-01-14,UTA,PHI,0,0.39504
22200647,2022-23,2023-01-14,POR,DAL,1,0.60187
22200648,2022-23,2023-01-15,DET,NYK,0,0.24853
22200649,2022-23,2023-01-15,LAC,HOU,1,0.71201
22200650,2022-23,2023-01-15,CHI,GSW,1,0.33377
22200651,2022-23,2023-01-15,BKN,OKC,0,0.70273
22200652,2022-23,2023-01-15,SAS,SAC,0,0.33383
22200653,2022-23,2023-01-15,DEN,ORL,1,0.75055
22200654,2022-23,2023-01-15,POR,DAL,1,0.59443
22200655,2022-23,2023-01-15,LAL,PHI,0,0.49484
22200656,2022-23,2023-01-16,CHA,BOS,0,0.2181
22200657,2022-23,2023-01-16,MIL,IND,1,0.73159
22200658,2022-23,2023-01-16,CLE,NOP,1,0.63442
22200660,2022-23,2023-01-16,WAS,GSW,0,0.49042
22200661,2022-23,2023-01-16,ATL,MIA,1,0.59561
22200662,2022-23,2023-01-16,MIN,UTA,0,0.49268
22200663,2022-23,2023-01-16,MEM,PHX,1,0.76005
22200664,2022-23,2023-01-16,LAL,HOU,1,0.74179
22200666,2022-23,2023-01-17,SAS,BKN,1,0.29857
22200667,2022-23,2023-01-17,DEN,POR,1,0.65267
22200669,2022-23,2023-01-18,NYK,WAS,0,0.6922
22200670,2022-23,2023-01-18,DAL,ATL,0,0.42136
22200671,2022-23,2023-01-18,HOU,CHA,0,0.39725
22200672,2022-23,2023-01-18,MEM,CLE,1,0.57446
22200673,2022-23,2023-01-18,NOP,MIA,0,0.54269
22200674,2022-23,2023-01-18,OKC,IND,1,0.59764
22200675,2022-23,2023-01-18,UTA,LAC,1,0.69414
22200676,2022-23,2023-01-18,DEN,MIN,1,0.69054
22200677,2022-23,2023-01-18,LAL,SAC,0,0.46985
22200678,2022-23,2023-01-19,DET,CHI,0,0.36009
22200679,2022-23,2023-01-19,BOS,GSW,1,0.70504
22200680,2022-23,2023-01-19,MIN,TOR,1,0.3264
22200681,2022-23,2023-01-19,PHX,BKN,1,0.41523
22200683,2022-23,2023-01-20,ORL,NOP,1,0.51447
22200684,2022-23,2023-01-20,ATL,NYK,1,0.5658
22200685,2022-23,2023-01-20,CLE,GSW,0,0.55675
22200686,2022-23,2023-01-20,DAL,MIA,1,0.48832
22200687,2022-23,2023-01-20,SAS,LAC,0,0.50293
22200688,2022-23,2023-01-20,DEN,IND,1,0.81268
22200689,2022-23,2023-01-20,UTA,BKN,0,0.61234
22200690,2022-23,2023-01-20,LAL,MEM,1,0.40167
22200691,2022-23,2023-01-20,SAC,OKC,1,0.62361
22200692,2022-23,2023-01-21,TOR,BOS,0,0.41182
22200693,2022-23,2023-01-21,WAS,ORL,1,0.76638
22200694,2022-23,2023-01-21,ATL,CHA,0,0.62682
22200695,2022-23,2023-01-21,CLE,MIL,1,0.42391
22200696,2022-23,2023-01-21,MIN,HOU,1,0.75946
22200697,2022-23,2023-01-21,PHX,IND,1,0.62569
22200698,2022-23,2023-01-21,SAC,PHI,0,0.38212
22200699,2022-23,2023-01-22,MIA,NOP,1,0.6498
22200700,2022-23,2023-01-22,TOR,NYK,1,0.52666
22200702,2022-23,2023-01-22,DEN,OKC,0,0.69082
22200703,2022-23,2023-01-22,PHX,MEM,1,0.21019
22200704,2022-23,2023-01-22,GSW,BKN,0,0.47381
22200705,2022-23,2023-01-22,POR,LAL,0,0.64155
22200706,2022-23,2023-01-23,DET,MIL,0,0.22029
22200707,2022-23,2023-01-23,ORL,BOS,1,0.22026
22200708,2022-23,2023-01-23,CHI,ATL,1,0.43838
22200709,2022-23,2023-01-23,HOU,MIN,1,0.34335
22200710,2022-23,2023-01-23,UTA,CHA,1,0.68282
22200711,2022-23,2023-01-23,POR,SAS,1,0.69363
22200712,2022-23,2023-01-23,SAC,MEM,1,0.50787
22200714,2022-23,2023-01-24,MIA,BOS,1,0.46525
22200715,2022-23,2023-01-24,NYK,CLE,1,0.44664
22200716,2022-23,2023-01-24,NOP,DEN,0,0.48712
22200717,2022-23,2023-01-24,DAL,WAS,0,0.61014
22200718,2022-23,2023-01-24,PHX,CHA,1,0.69555
22200719,2022-23,2023-01-24,LAL,LAC,0,0.5856
22200720,2022-23,2023-01-25,ORL,IND,1,0.6288
22200721,2022-23,2023-01-25,PHI,BKN,1,0.55432
22200722,2022-23,2023-01-25,HOU,WAS,0,0.40142
22200723,2022-23,2023-01-25,MIL,DEN,1,0.64757
22200724,2022-23,2023-01-25,NOP,MIN,0,0.51206
22200725,2022-23,2023-01-25,OKC,ATL,0,0.41324
22200726,2022-23,2023-01-25,GSW,MEM,1,0.59204
22200727,2022-23,2023-01-25,POR,UTA,1,0.56023
22200728,2022-23,2023-01-25,SAC,TOR,0,0.49862
22200729,2022-23,2023-01-25,LAL,SAS,1,0.6906
22200730,2022-23,2023-01-26,BOS,NYK,0,0.76753
22200731,2022-23,2023-01-26,BKN,DET,0,0.80594
22200732,2022-23,2023-01-26,CHA,CHI,1,0.47627
22200733,2022-23,2023-01-26,HOU,CLE,0,0.17914
22200735,2022-23,2023-01-26,LAC,SAS,1,0.80489
22200736,2022-23,2023-01-27,IND,MIL,0,0.30945
22200738,2022-23,2023-01-27,MIA,ORL,1,0.71524
22200739,2022-23,2023-01-27,OKC,CLE,1,0.50874
22200740,2022-23,2023-01-27,GSW,TOR,1,0.54849
22200741,2022-23,2023-01-28,PHI,DEN,1,0.67502
22200742,2022-23,2023-01-28,BKN,NYK,1,0.59603
22200743,2022-23,2023-01-28,DET,HOU,0,0.52444
22200744,2022-23,2023-01-28,ORL,CHI,0,0.46673
22200745,2022-23,2023-01-28,ATL,LAC,0,0.67106
22200746,2022-23,2023-01-28,MIN,SAC,1,0.43476
22200747,2022-23,2023-01-28,NOP,WAS,0,0.62792
22200748,2022-23,2023-01-28,SAS,PHX,0,0.38683
22200749,2022-23,2023-01-28,BOS,LAL,1,0.76469
22200750,2022-23,2023-01-28,UTA,DAL,1,0.5988
22200751,2022-23,2023-01-28,POR,TOR,0,0.60145
22200752,2022-23,2023-01-29,CHA,MIA,1,0.42648
22200753,2022-23,2023-01-29,MEM,IND,1,0.7407
22200754,2022-23,2023-01-29,CLE,LAC,1,0.68689
22200755,2022-23,2023-01-29,MIL,NOP,1,0.7373
22200756,2022-23,2023-01-30,PHI,ORL,0,0.767
22200757,2022-23,2023-01-30,BKN,LAL,1,0.61659
22200758,2022-23,2023-01-30,MIN,SAC,0,0.53134
22200759,2022-23,2023-01-30,OKC,GSW,0,0.39967
22200760,2022-23,2023-01-30,SAS,WAS,0,0.30391
22200761,2022-23,2023-01-30,DAL,DET,1,0.81943
22200762,2022-23,2023-01-30,PHX,TOR,1,0.40654
22200763,2022-23,2023-01-30,POR,ATL,1,0.48236
22200764,2022-23,2023-01-31,CLE,MIA,0,0.60429
22200765,2022-23,2023-01-31,NYK,LAL,0,0.7446
22200766,2022-23,2023-01-31,CHI,LAC,0,0.64614
22200767,2022-23,2023-01-31,MIL,CHA,1,0.77932
22200768,2022-23,2023-01-31,DEN,NOP,1,0.71841
22200770,2022-23,2023-02-01,PHI,ORL,1,0.74837
22200771,2022-23,2023-02-01,MEM,POR,0,0.65969
22200772,2022-23,2023-02-01,BOS,BKN,1,0.72889
22200773,2022-23,2023-02-01,HOU,OKC,1,0.37078
22200774,2022-23,2023-02-01,MIN,GSW,1,0.41465
22200775,2022-23,2023-02-01,SAS,SAC,0,0.25737
22200776,2022-23,2023-02-01,UTA,TOR,1,0.50659
22200777,2022-23,2023-02-01,PHX,ATL,0,0.44078
22200778,2022-23,2023-02-02,IND,LAL,0,0.45753
22200779,2022-23,2023-02-02,CLE,MEM,1,0.65338
22200780,2022-23,2023-02-02,NYK,MIA,1,0.43977
22200781,2022-23,2023-02-02,CHI,CHA,1,0.5889
22200782,2022-23,2023-02-02,DAL,NOP,1,0.5529
22200783,2022-23,2023-02-02,DEN,GSW,1,0.64441
22200784,2022-23,2023-02-02,MIL,LAC,1,0.68205
22200785,2022-23,2023-02-03,DET,CHA,1,0.41176
22200786,2022-23,2023-02-03,IND,SAC,1,0.42308
22200787,2022-23,2023-02-03,WAS,POR,0,0.62159
22200788,2022-23,2023-02-03,BOS,PHX,0,0.79637
22200789,2022-23,2023-02-03,HOU,TOR,0,0.22199
22200790,2022-23,2023-02-03,MIN,ORL,0,0.64096
22200791,2022-23,2023-02-03,SAS,PHI,0,0.21727
22200792,2022-23,2023-02-03,UTA,ATL,0,0.51737
22200793,2022-23,2023-02-04,BKN,WAS,1,0.59799
22200794,2022-23,2023-02-04,DET,PHX,0,0.31411
22200795,2022-23,2023-02-04,NYK,LAC,0,0.51379
22200796,2022-23,2023-02-04,CHI,POR,1,0.58784
22200797,2022-23,2023-02-04,MIL,MIA,1,0.64647
22200798,2022-23,2023-02-04,NOP,LAL,1,0.56708
22200799,2022-23,2023-02-04,OKC,HOU,1,0.82112
22200800,2022-23,2023-02-04,GSW,DAL,1,0.57735
22200801,2022-23,2023-02-04,DEN,ATL,1,0.68231
22200802,2022-23,2023-02-05,CHA,ORL,0,0.6172
22200803,2022-23,2023-02-05,IND,CLE,0,0.40454
22200804,2022-23,2023-02-05,NYK,PHI,1,0.37471
22200806,2022-23,2023-02-05,MIN,DEN,1,0.40636
22200807,2022-23,2023-02-05,NOP,SAC,1,0.50506
22200808,2022-23,2023-02-06,DET,BOS,0,0.12782
22200809,2022-23,2023-02-06,WAS,CLE,0,0.49729
22200810,2022-23,2023-02-06,BKN,LAC,0,0.46376
22200811,2022-23,2023-02-06,CHI,SAS,1,0.74622
22200812,2022-23,2023-02-06,HOU,SAC,0,0.36545
22200813,2022-23,2023-02-06,UTA,DAL,0,0.63861
22200814,2022-23,2023-02-06,GSW,OKC,1,0.67471
22200815,2022-23,2023-02-06,POR,MIL,0,0.38006
22200816,2022-23,2023-02-07,ORL,NYK,0,0.42244
22200817,2022-23,2023-02-07,BKN,PHX,0,0.35548
22200818,2022-23,2023-02-07,NOP,ATL,1,0.53617
22200819,2022-23,2023-02-07,MEM,CHI,1,0.75574
22200820,2022-23,2023-02-07,DEN,MIN,1,0.57855
22200821,2022-23,2023-02-07,LAL,OKC,0,0.74031
22200822,2022-23,2023-02-08,CLE,DET,1,0.88095
22200823,2022-23,2023-02-08,WAS,CHA,1,0.58408
22200824,2022-23,2023-02-08,BOS,PHI,1,0.6507
22200825,2022-23,2023-02-08,MIA,IND,1,0.65797
22200826,2022-23,2023-02-08,TOR,SAS,1,0.87442
22200827,2022-23,2023-02-08,HOU,SAC,0,0.269
22200828,2022-23,2023-02-08,UTA,MIN,0,0.74241
22200829,2022-23,2023-02-08,LAC,DAL,0,0.64713
22200830,2022-23,2023-02-08,POR,GSW,1,0.51848
22200831,2022-23,2023-02-09,ORL,DEN,1,0.35017
22200832,2022-23,2023-02-09,ATL,PHX,1,0.63173
22200833,2022-23,2023-02-09,BKN,CHI,1,0.48736
22200834,2022-23,2023-02-09,LAL,MIL,0,0.41337
22200835,2022-23,2023-02-10,DET,SAS,1,0.56803
22200836,2022-23,2023-02-10,IND,PHX,0,0.67012
22200837,2022-23,2023-02-10,PHI,NYK,1,0.68153
22200838,2022-23,2023-02-10,BOS,CHA,1,0.77719
22200839,2022-23,2023-02-10,TOR,UTA,0,0.69137
22200840,2022-23,2023-02-10,MIA,HOU,1,0.83057
22200841,2022-23,2023-02-10,MEM,MIN,1,0.77691
22200842,2022-23,2023-02-10,NOP,CLE,0,0.51128
22200843,2022-23,2023-02-10,POR,OKC,0,0.52616
22200844,2022-23,2023-02-10,SAC,DAL,0,0.56527
22200845,2022-23,2023-02-10,LAC,MIL,0,0.4792
22200847,2022-23,2023-02-11,CHA,DEN,0,0.30033
22200849,2022-23,2023-02-11,WAS,IND,1,0.68473
22200850,2022-23,2023-02-11,ATL,SAS,1,0.87913
22200851,2022-23,2023-02-11,NYK,UTA,1,0.65918
22200852,2022-23,2023-02-11,CLE,CHI,1,0.68731
22200853,2022-23,2023-02-11,GSW,LAL,0,0.65783
22200854,2022-23,2023-02-11,SAC,DAL,1,0.5525
22200855,2022-23,2023-02-12,BOS,MEM,1,0.64609
22200856,2022-23,2023-02-12,TOR,DET,1,0.86574
22200857,2022-23,2023-02-13,CHA,ATL,1,0.42498
22200858,2022-23,2023-02-13,CLE,SAS,1,0.89831
22200859,2022-23,2023-02-13,IND,UTA,0,0.597
22200860,2022-23,2023-02-13,PHI,HOU,1,0.87203
22200861,2022-23,2023-02-13,MIA,DEN,0,0.56539
22200862,2022-23,2023-02-13,NYK,BKN,1,0.63596
22200863,2022-23,2023-02-13,CHI,ORL,0,0.61585
22200864,2022-23,2023-02-13,OKC,NOP,0,0.50393
22200865,2022-23,2023-02-13,DAL,MIN,0,0.69562
22200866,2022-23,2023-02-13,GSW,WAS,1,0.57606
22200867,2022-23,2023-02-13,POR,LAL,1,0.49544
22200868,2022-23,2023-02-14,TOR,ORL,1,0.77726
22200869,2022-23,2023-02-14,MIL,BOS,1,0.56798
22200870,2022-23,2023-02-14,PHX,SAC,1,0.51834
22200871,2022-23,2023-02-14,LAC,GSW,1,0.48005
22200873,2022-23,2023-02-15,CHA,SAS,1,0.79873
22200874,2022-23,2023-02-15,IND,CHI,1,0.57605
22200876,2022-23,2023-02-15,ATL,NYK,0,0.63552
22200877,2022-23,2023-02-15,BOS,DET,1,0.84938
22200879,2022-23,2023-02-15,MEM,UTA,1,0.76382
22200880,2022-23,2023-02-15,OKC,HOU,1,0.79939
22200881,2022-23,2023-02-15,DEN,DAL,1,0.58297
22200882,2022-23,2023-02-15,LAL,NOP,1,0.48617
22200883,2022-23,2023-02-16,CHI,MIL,0,0.25513
22200884,2022-23,2023-02-16,MIN,WAS,0,0.49696
22200885,2022-23,2023-02-16,PHX,LAC,0,0.6169
22200886,2022-23,2023-02-23,CLE,DEN,0,0.62149
22200887,2022-23,2023-02-23,IND,BOS,0,0.32362
22200888,2022-23,2023-02-23,ORL,DET,1,0.78915
22200889,2022-23,2023-02-23,PHI,MEM,1,0.54423
22200890,2022-23,2023-02-23,TOR,NOP,1,0.60622
22200891,2022-23,2023-02-23,DAL,SAS,1,0.81978
22200892,2022-23,2023-02-23,UTA,OKC,1,0.46457
22200893,2022-23,2023-02-23,LAL,GSW,1,0.59149
22200894,2022-23,2023-02-23,SAC,POR,1,0.69429
22200895,2022-23,2023-02-24,WAS,NYK,0,0.60432
22200896,2022-23,2023-02-24,ATL,CLE,1,0.61582
22200897,2022-23,2023-02-24,MIL,MIA,1,0.70798
22200898,2022-23,2023-02-24,MIN,CHA,0,0.6628
22200899,2022-23,2023-02-24,PHX,OKC,1,0.71079
22200901,2022-23,2023-02-24,GSW,HOU,1,0.74773
22200902,2022-23,2023-02-24,LAC,SAC,0,0.66055
22200903,2022-23,2023-02-25,DET,TOR,0,0.19505
22200904,2022-23,2023-02-25,CHA,MIA,1,0.48103
22200905,2022-23,2023-02-25,ORL,IND,0,0.52266
22200906,2022-23,2023-02-25,NYK,NOP,1,0.46421
22200907,2022-23,2023-02-25,MEM,DEN,1,0.51507
22200908,2022-23,2023-02-25,PHI,BOS,0,0.47585
22200909,2022-23,2023-02-25,UTA,SAS,1,0.76125
22200910,2022-23,2023-02-26,MIL,PHX,1,0.69391
22200911,2022-23,2023-02-26,ATL,BKN,1,0.74821
22200912,2022-23,2023-02-26,CHI,WAS,1,0.43265
22200913,2022-23,2023-02-26,DAL,LAL,0,0.61631
22200914,2022-23,2023-02-26,CLE,TOR,1,0.76239
22200915,2022-23,2023-02-26,OKC,SAC,0,0.4794
22200916,2022-23,2023-02-26,GSW,MIN,1,0.51731
22200917,2022-23,2023-02-26,POR,HOU,1,0.70467
22200918,2022-23,2023-02-26,DEN,LAC,1,0.62944
22200919,2022-23,2023-02-27,CHA,DET,1,0.78078
22200920,2022-23,2023-02-27,PHI,MIA,0,0.64108
22200922,2022-23,2023-02-27,NOP,ORL,0,0.67482
22200923,2022-23,2023-02-28,ATL,WAS,0,0.6159
22200924,2022-23,2023-02-28,BKN,MIL,0,0.30961
22200925,2022-23,2023-02-28,TOR,CHI,1,0.62934
22200926,2022-23,2023-02-28,HOU,DEN,0,0.10997
22200927,2022-23,2023-02-28,MEM,LAL,1,0.66898
22200928,2022-23,2023-02-28,OKC,SAC,0,0.46405
22200929,2022-23,2023-02-28,DAL,IND,0,0.65005
22200930,2022-23,2023-02-28,UTA,SAS,0,0.76949
22200931,2022-23,2023-02-28,GSW,POR,1,0.64084
22200932,2022-23,2023-02-28,LAC,MIN,0,0.6092
22200933,2022-23,2023-03-01,CHA,PHX,0,0.39787
22200934,2022-23,2023-03-01,DET,CHI,0,0.37336
22200935,2022-23,2023-03-01,BOS,CLE,1,0.57974
22200936,2022-23,2023-03-01,MIA,PHI,0,0.51411
22200937,2022-23,2023-03-01,NYK,BKN,1,0.81651
22200938,2022-23,2023-03-01,HOU,MEM,0,0.1499
22200939,2022-23,2023-03-01,MIL,ORL,1,0.73191
22200940,2022-23,2023-03-01,OKC,LAL,0,0.52384
22200941,2022-23,2023-03-01,POR,NOP,0,0.27643
22200943,2022-23,2023-03-02,DAL,PHI,1,0.61149
22200944,2022-23,2023-03-02,SAS,IND,1,0.29169
22200945,2022-23,2023-03-02,GSW,LAC,1,0.52159
22200946,2022-23,2023-03-03,CHA,ORL,0,0.51559
22200947,2022-23,2023-03-03,ATL,POR,1,0.76773
22200948,2022-23,2023-03-03,BOS,BKN,0,0.85872
22200949,2022-23,2023-03-03,MIA,NYK,0,0.52662
22200950,2022-23,2023-03-03,CHI,PHX,0,0.40206
22200951,2022-23,2023-03-03,OKC,UTA,1,0.61589
22200952,2022-23,2023-03-03,DEN,MEM,1,0.65406
22200953,2022-23,2023-03-03,GSW,NOP,1,0.43872
22200954,2022-23,2023-03-03,SAC,LAC,1,0.62107
22200956,2022-23,2023-03-04,WAS,TOR,0,0.481
22200957,2022-23,2023-03-04,CLE,DET,1,0.89874
22200958,2022-23,2023-03-04,MIA,ATL,1,0.57972
22200960,2022-23,2023-03-04,MIL,PHI,0,0.59156
22200961,2022-23,2023-03-04,SAC,MIN,0,0.58047
22200963,2022-23,2023-03-05,CHI,IND,0,0.62286
22200964,2022-23,2023-03-05,LAL,GSW,1,0.5229
22200965,2022-23,2023-03-05,BKN,CHA,1,0.64129
22200966,2022-23,2023-03-05,ORL,POR,0,0.64473
22200967,2022-23,2023-03-05,HOU,SAS,1,0.57306
22200968,2022-23,2023-03-05,OKC,UTA,1,0.66963
22200969,2022-23,2023-03-05,BOS,NYK,0,0.72583
22200970,2022-23,2023-03-05,LAC,MEM,1,0.46974
22200973,2022-23,2023-03-05,WAS,MIL,0,0.3736
22200971,2022-23,2023-03-06,CLE,BOS,1,0.57937
22200972,2022-23,2023-03-06,IND,PHI,0,0.28951
22200974,2022-23,2023-03-06,MIA,ATL,1,0.58409
22200975,2022-23,2023-03-06,DEN,TOR,1,0.69078
22200976,2022-23,2023-03-06,SAC,NOP,1,0.53342
22200977,2022-23,2023-03-06,DET,POR,0,0.47617
22200769,2022-23,2023-03-07,DET,WAS,0,0.20164
22200978,2022-23,2023-03-07,ORL,MIL,0,0.29145
22200979,2022-23,2023-03-07,NYK,CHA,0,0.76991
22200980,2022-23,2023-03-07,MIN,PHI,0,0.54056
22200981,2022-23,2023-03-07,HOU,BKN,0,0.3618
22200982,2022-23,2023-03-07,OKC,GSW,1,0.41587
22200983,2022-23,2023-03-07,DAL,UTA,1,0.77522
22200985,2022-23,2023-03-08,WAS,ATL,0,0.4031
22200986,2022-23,2023-03-08,BOS,POR,1,0.86028
22200987,2022-23,2023-03-08,MIA,CLE,0,0.45577
22200988,2022-23,2023-03-08,NOP,DAL,1,0.55698
22200989,2022-23,2023-03-08,DEN,CHI,0,0.78602
22200990,2022-23,2023-03-08,PHX,OKC,1,0.81503
22200991,2022-23,2023-03-08,LAC,TOR,1,0.52101
22200992,2022-23,2023-03-09,DET,CHA,0,0.37806
22200993,2022-23,2023-03-09,IND,HOU,1,0.78718
22200994,2022-23,2023-03-09,ORL,UTA,0,0.59705
22200995,2022-23,2023-03-09,MIL,BKN,1,0.77385
22200996,2022-23,2023-03-09,MEM,GSW,1,0.56452
22200997,2022-23,2023-03-09,SAC,NYK,1,0.52489
22200998,2022-23,2023-03-10,PHI,POR,1,0.78909
22200999,2022-23,2023-03-10,WAS,ATL,0,0.52491
22201000,2022-23,2023-03-10,MIA,CLE,1,0.42931
22201001,2022-23,2023-03-10,MIN,BKN,0,0.7146
22201002,2022-23,2023-03-10,SAS,DEN,1,0.11398
22201003,2022-23,2023-03-10,LAL,TOR,1,0.39764
22201004,2022-23,2023-03-11,LAC,NYK,1,0.54143
22201005,2022-23,2023-03-11,CHA,UTA,0,0.5825
22201006,2022-23,2023-03-11,DET,IND,0,0.28649
22201007,2022-23,2023-03-11,ORL,MIA,1,0.45231
22201008,2022-23,2023-03-11,ATL,BOS,0,0.34868
22201009,2022-23,2023-03-11,HOU,CHI,0,0.2678
22201010,2022-23,2023-03-11,MEM,DAL,1,0.61603
22201011,2022-23,2023-03-11,NOP,OKC,0,0.6565
22201012,2022-23,2023-03-11,GSW,MIL,1,0.49945
22201013,2022-23,2023-03-11,PHX,SAC,0,0.69096
22201014,2022-23,2023-03-12,DEN,BKN,0,0.85842
22201015,2022-23,2023-03-12,CHA,CLE,0,0.24875
22201016,2022-23,2023-03-12,PHI,WAS,1,0.6292
22201017,2022-23,2023-03-12,NOP,POR,1,0.53948
22201018,2022-23,2023-03-12,SAS,OKC,0,0.36322
22201019,2022-23,2023-03-12,LAL,NYK,0,0.53699
22201020,2022-23,2023-03-13,DET,IND,1,0.34615
22201021,2022-23,2023-03-13,ATL,MIN,0,0.63654
22201022,2022-23,2023-03-13,MIA,UTA,1,0.80135
22201023,2022-23,2023-03-13,DAL,MEM,0,0.42602
22201024,2022-23,2023-03-13,HOU,BOS,1,0.13228
22201025,2022-23,2023-03-13,GSW,PHX,1,0.56567
22201026,2022-23,2023-03-13,SAC,MIL,0,0.37926
22201027,2022-23,2023-03-14,CHA,CLE,0,0.29918
22201028,2022-23,2023-03-14,WAS,DET,1,0.86691
22201032,2022-23,2023-03-14,SAS,ORL,1,0.31361
22201033,2022-23,2023-03-14,PHX,MIL,0,0.43905
22201034,2022-23,2023-03-14,POR,NYK,0,0.29218
22201035,2022-23,2023-03-15,CLE,PHI,0,0.51638
22201036,2022-23,2023-03-15,MIA,MEM,1,0.5418
22201037,2022-23,2023-03-15,CHI,SAC,0,0.57029
22201038,2022-23,2023-03-15,HOU,LAL,1,0.36608
22201039,2022-23,2023-03-15,MIN,BOS,0,0.3809
22201040,2022-23,2023-03-15,SAS,DAL,0,0.28002
22201041,2022-23,2023-03-15,LAC,GSW,1,0.49848
22201042,2022-23,2023-03-16,DET,DEN,0,0.09912
22201043,2022-23,2023-03-16,BKN,SAC,0,0.54059
22201044,2022-23,2023-03-16,TOR,OKC,1,0.69601
22201045,2022-23,2023-03-16,MIL,IND,0,0.87639
22201046,2022-23,2023-03-16,PHX,ORL,1,0.77306
22201047,2022-23,2023-03-17,CHA,PHI,0,0.32782
22201048,2022-23,2023-03-17,ATL,GSW,1,0.54692
22201049,2022-23,2023-03-17,CLE,WAS,1,0.67696
22201050,2022-23,2023-03-17,CHI,MIN,1,0.51147
22201051,2022-23,2023-03-17,HOU,NOP,1,0.30997
22201052,2022-23,2023-03-17,SAS,MEM,0,0.22446
22201053,2022-23,2023-03-17,POR,BOS,0,0.24316
22201054,2022-23,2023-03-17,LAL,DAL,0,0.65651
22201055,2022-23,2023-03-18,NYK,DEN,1,0.37918
22201056,2022-23,2023-03-18,LAC,ORL,0,0.71654
22201057,2022-23,2023-03-18,IND,PHI,0,0.40708
22201058,2022-23,2023-03-18,TOR,MIN,1,0.72052
22201059,2022-23,2023-03-18,WAS,SAC,0,0.47432
22201060,2022-23,2023-03-18,CHI,MIA,1,0.40312
22201061,2022-23,2023-03-18,MEM,GSW,1,0.64244
22201062,2022-23,2023-03-18,UTA,BOS,1,0.31948
22201063,2022-23,2023-03-19,BKN,DEN,0,0.28488
22201064,2022-23,2023-03-19,OKC,PHX,1,0.395
22201065,2022-23,2023-03-19,SAS,ATL,1,0.25024
22201066,2022-23,2023-03-19,DET,MIA,0,0.2504
22201067,2022-23,2023-03-19,HOU,NOP,0,0.33242
22201068,2022-23,2023-03-19,MIL,TOR,1,0.73542
22201069,2022-23,2023-03-19,POR,LAC,0,0.44377
22201070,2022-23,2023-03-19,LAL,ORL,1,0.68907
22201072,2022-23,2023-03-20,PHI,CHI,0,0.64816
22201073,2022-23,2023-03-20,NYK,MIN,0,0.63283
22201074,2022-23,2023-03-20,HOU,GSW,0,0.19757
22201075,2022-23,2023-03-20,MEM,DAL,1,0.68237
22201076,2022-23,2023-03-20,UTA,SAC,1,0.43779
22201078,2022-23,2023-03-21,ATL,DET,1,0.8651
22201079,2022-23,2023-03-21,BKN,CLE,0,0.28856
22201080,2022-23,2023-03-21,NOP,SAS,1,0.80745
22201081,2022-23,2023-03-21,SAC,BOS,0,0.28339
22201082,2022-23,2023-03-21,LAC,OKC,0,0.70894
22201083,2022-23,2023-03-22,WAS,DEN,0,0.23796
22201084,2022-23,2023-03-22,MIA,NYK,1,0.58927
22201085,2022-23,2023-03-22,TOR,IND,0,0.8363
22201086,2022-23,2023-03-22,DAL,GSW,0,0.47546
22201088,2022-23,2023-03-22,MEM,HOU,1,0.86223
22201089,2022-23,2023-03-22,MIL,SAS,1,0.93983
22201090,2022-23,2023-03-22,MIN,ATL,1,0.64794
22201091,2022-23,2023-03-22,UTA,POR,0,0.56456
22201092,2022-23,2023-03-22,LAL,PHX,1,0.4828
22201093,2022-23,2023-03-23,ORL,NYK,1,0.49993
22201094,2022-23,2023-03-23,BKN,CLE,0,0.32599
22201095,2022-23,2023-03-23,NOP,CHA,1,0.72814
22201096,2022-23,2023-03-23,LAC,OKC,1,0.71593
22201097,2022-23,2023-03-24,BOS,IND,1,0.87641
22201098,2022-23,2023-03-24,WAS,SAS,1,0.81055
22201099,2022-23,2023-03-24,TOR,DET,1,0.90199
22201100,2022-23,2023-03-24,MEM,HOU,1,0.85782
22201101,2022-23,2023-03-24,DAL,CHA,0,0.81296
22201102,2022-23,2023-03-24,UTA,MIL,0,0.25177
22201103,2022-23,2023-03-24,GSW,PHI,1,0.55696
22201104,2022-23,2023-03-24,POR,CHI,0,0.43737
22201105,2022-23,2023-03-24,SAC,PHX,1,0.47353
22201106,2022-23,2023-03-24,LAL,OKC,1,0.68471
22201107,2022-23,2023-03-25,ATL,IND,1,0.73509
22201108,2022-23,2023-03-25,MIA,BKN,0,0.74972
22201109,2022-23,2023-03-25,DEN,MIL,1,0.72696
22201110,2022-23,2023-03-25,PHX,PHI,1,0.51933
22201111,2022-23,2023-03-25,SAC,UTA,1,0.7463
22201112,2022-23,2023-03-25,LAC,NOP,0,0.59897
22201113,2022-23,2023-03-26,CHA,DAL,1,0.29259
22201114,2022-23,2023-03-26,LAL,CHI,0,0.56499
22201115,2022-23,2023-03-26,ATL,MEM,0,0.45342
22201116,2022-23,2023-03-26,BOS,SAS,1,0.91844
22201117,2022-23,2023-03-26,CLE,HOU,1,0.90503
22201118,2022-23,2023-03-26,ORL,BKN,1,0.67939
22201119,2022-23,2023-03-26,TOR,WAS,1,0.73051
22201120,2022-23,2023-03-26,POR,OKC,0,0.31769
22201121,2022-23,2023-03-26,GSW,MIN,0,0.63079
22201122,2022-23,2023-03-27,DET,MIL,0,0.09413
22201123,2022-23,2023-03-27,IND,DAL,0,0.48022
22201124,2022-23,2023-03-27,NYK,HOU,1,0.90346
22201125,2022-23,2023-03-27,UTA,PHX,0,0.30226
22201126,2022-23,2023-03-27,DEN,PHI,1,0.70968
22201127,2022-23,2023-03-27,POR,NOP,0,0.18494
22201128,2022-23,2023-03-27,SAC,MIN,0,0.60986
22201129,2022-23,2023-03-27,LAC,CHI,1,0.65948
22201130,2022-23,2023-03-28,WAS,BOS,1,0.2577
22201131,2022-23,2023-03-28,ATL,CLE,1,0.43867
22201132,2022-23,2023-03-28,TOR,MIA,1,0.56828
22201133,2022-23,2023-03-28,MEM,ORL,1,0.75578
22201134,2022-23,2023-03-28,OKC,CHA,0,0.74511
22201135,2022-23,2023-03-28,GSW,NOP,1,0.70414
22201136,2022-23,2023-03-29,IND,MIL,0,0.252
22201137,2022-23,2023-03-29,BKN,HOU,1,0.76876
22201138,2022-23,2023-03-29,NYK,MIA,1,0.6438
22201139,2022-23,2023-03-29,PHI,DAL,1,0.57712
22201140,2022-23,2023-03-29,CHI,LAL,0,0.45344
22201141,2022-23,2023-03-29,MEM,LAC,0,0.60086
22201142,2022-23,2023-03-29,OKC,DET,1,0.77173
22201143,2022-23,2023-03-29,SAS,UTA,0,0.39741
22201144,2022-23,2023-03-29,PHX,MIN,1,0.58966
22201145,2022-23,2023-03-29,POR,SAC,0,0.21909
22201146,2022-23,2023-03-30,MIL,BOS,0,0.44978
22201147,2022-23,2023-03-30,DEN,NOP,0,0.78964
22201148,2022-23,2023-03-31,CHA,CHI,0,0.30804
22201149,2022-23,2023-03-31,IND,OKC,1,0.44897
22201150,2022-23,2023-03-31,PHI,TOR,1,0.5479
22201151,2022-23,2023-03-31,WAS,ORL,0,0.58342
22201152,2022-23,2023-03-31,BOS,UTA,1,0.87723
22201153,2022-23,2023-03-31,BKN,ATL,1,0.41652
22201154,2022-23,2023-03-31,CLE,NYK,0,0.70508
22201155,2022-23,2023-03-31,HOU,DET,1,0.65865
22201156,2022-23,2023-03-31,MEM,LAC,1,0.69104
22201157,2022-23,2023-03-31,MIN,LAL,0,0.52079
22201158,2022-23,2023-03-31,GSW,SAS,1,0.91111
22201159,2022-23,2023-03-31,POR,SAC,0,0.20931
22201160,2022-23,2023-03-31,PHX,DEN,1,0.60073
22201161,2022-23,2023-04-01,MIA,DAL,1,0.57071
22201162,2022-23,2023-04-01,NOP,LAC,1,0.71953
22201163,2022-23,2023-04-02,CHA,TOR,0,0.14673
22201164,2022-23,2023-04-02,BKN,UTA,1,0.72389
22201165,2022-23,2023-04-02,CHI,MEM,1,0.40644
22201166,2022-23,2023-04-02,MIN,POR,0,0.89649
22201167,2022-23,2023-04-02,ATL,DAL,1,0.6064
22201168,2022-23,2023-04-02,NYK,WAS,1,0.75411
22201169,2022-23,2023-04-02,ORL,DET,1,0.80371
22201170,2022-23,2023-04-02,SAC,SAS,0,0.86122
22201171,2022-23,2023-04-02,HOU,LAL,0,0.20431
22201172,2022-23,2023-04-02,OKC,PHX,0,0.37145
22201173,2022-23,2023-04-02,CLE,IND,1,0.87785
22201174,2022-23,2023-04-02,MIL,PHI,1,0.6242
22201175,2022-23,2023-04-02,DEN,GSW,1,0.48474
22201176,2022-23,2023-04-04,CHA,TOR,0,0.12929
22201177,2022-23,2023-04-04,DET,MIA,0,0.16353
22201178,2022-23,2023-04-04,ORL,CLE,0,0.29422
22201179,2022-23,2023-04-04,WAS,MIL,0,0.25771
22201180,2022-23,2023-04-04,BKN,MIN,0,0.48374
22201181,2022-23,2023-04-04,PHI,BOS,1,0.42532
22201182,2022-23,2023-04-04,CHI,ATL,0,0.48912
22201183,2022-23,2023-04-04,HOU,DEN,1,0.20085
22201184,2022-23,2023-04-04,MEM,POR,1,0.90816
22201185,2022-23,2023-04-04,NOP,SAC,0,0.59972
22201186,2022-23,2023-04-04,UTA,LAL,0,0.33106
22201187,2022-23,2023-04-04,GSW,OKC,1,0.72714
22201188,2022-23,2023-04-04,PHX,SAS,1,0.90234
22201189,2022-23,2023-04-05,DET,BKN,0,0.22985
22201190,2022-23,2023-04-05,IND,NYK,0,0.24527
22201191,2022-23,2023-04-05,ATL,WAS,1,0.75248
22201193,2022-23,2023-04-05,MIL,CHI,1,0.76906
22201194,2022-23,2023-04-05,NOP,MEM,1,0.47589
22201195,2022-23,2023-04-05,DAL,SAC,1,0.71913
22201196,2022-23,2023-04-05,LAC,LAL,1,0.53736
22201197,2022-23,2023-04-06,ORL,CLE,0,0.31322
22201198,2022-23,2023-04-06,PHI,MIA,0,0.62752
22201199,2022-23,2023-04-06,SAS,POR,1,0.60003
22201200,2022-23,2023-04-06,UTA,OKC,0,0.42791
22201201,2022-23,2023-04-06,PHX,DEN,1,0.54464
22201202,2022-23,2023-04-07,CHA,HOU,0,0.4007
22201203,2022-23,2023-04-07,IND,DET,0,0.70164
22201204,2022-23,2023-04-07,WAS,MIA,1,0.3585
22201205,2022-23,2023-04-07,ATL,PHI,0,0.5345
22201206,2022-23,2023-04-07,BOS,TOR,1,0.65001
22201207,2022-23,2023-04-07,BKN,ORL,1,0.78235
22201208,2022-23,2023-04-07,MIL,MEM,0,0.63775
22201209,2022-23,2023-04-07,NOP,NYK,1,0.48226
22201210,2022-23,2023-04-07,DAL,CHI,0,0.65818
22201211,2022-23,2023-04-07,SAC,GSW,0,0.44509
22201212,2022-23,2023-04-07,LAL,PHX,1,0.60014
22201213,2022-23,2023-04-08,UTA,DEN,1,0.34669
22201214,2022-23,2023-04-08,SAS,MIN,0,0.17123
22201215,2022-23,2023-04-08,LAC,POR,1,0.84039
22201216,2022-23,2023-04-09,BOS,ATL,1,0.73731
22201218,2022-23,2023-04-09,CLE,CHA,0,0.92857
22201219,2022-23,2023-04-09,MIA,ORL,1,0.6037
22201220,2022-23,2023-04-09,NYK,IND,0,0.83769
22201221,2022-23,2023-04-09,TOR,MIL,1,0.68397
22201222,2022-23,2023-04-09,WAS,HOU,0,0.66577
22201223,2022-23,2023-04-09,CHI,DET,1,0.81788
22201224,2022-23,2023-04-09,DAL,SAS,0,0.89473
22201225,2022-23,2023-04-09,MIN,NOP,1,0.47444
22201226,2022-23,2023-04-09,OKC,MEM,1,0.3847
22201227,2022-23,2023-04-09,DEN,SAC,1,0.68274
22201228,2022-23,2023-04-09,LAL,UTA,1,0.88119
22201229,2022-23,2023-04-09,PHX,LAC,0,0.71772
22201230,2022-23,2023-04-09,POR,GSW,0,0.11581
52200101,2022-23,2023-04-11,MIA,ATL,0,0.52325
52200121,2022-23,2023-04-11,LAL,MIN,1,0.60904
52200111,2022-23,2023-04-12,TOR,CHI,0,0.63253
52200131,2022-23,2023-04-12,NOP,OKC,0,0.73283
52200201,2022-23,2023-04-14,MIA,CHI,1,0.61391
52200211,2022-23,2023-04-14,MIN,OKC,1,0.69997
42200111,2022-23,2023-04-15,BOS,ATL,1,0.693
42200121,2022-23,2023-04-15,PHI,BKN,1,0.58244
42200131,2022-23,2023-04-15,CLE,NYK,0,0.5371
42200161,2022-23,2023-04-15,SAC,GSW,1,0.48252
42200101,2022-23,2023-04-16,MIL,MIA,0,0.52594
42200141,2022-23,2023-04-16,DEN,MIN,1,0.57657
42200151,2022-23,2023-04-16,MEM,LAL,0,0.37272
42200171,2022-23,2023-04-16,PHX,LAC,0,0.55555
42200122,2022-23,2023-04-17,PHI,BKN,1,0.6959
42200162,2022-23,2023-04-17,SAC,GSW,1,0.45087
42200112,2022-23,2023-04-18,BOS,ATL,1,0.71433
42200132,2022-23,2023-04-18,CLE,NYK,1,0.63856
42200172,2022-23,2023-04-18,PHX,LAC,1,0.73825
42200102,2022-23,2023-04-19,MIL,MIA,1,0.64826
42200142,2022-23,2023-04-19,DEN,MIN,1,0.61168
42200152,2022-23,2023-04-19,MEM,LAL,1,0.47503
42200123,2022-23,2023-04-20,BKN,PHI,0,0.45111
42200163,2022-23,2023-04-20,GSW,SAC,1,0.65649
42200173,2022-23,2023-04-20,LAC,PHX,0,0.34899
42200113,2022-23,2023-04-21,ATL,BOS,1,0.41423
42200133,2022-23,2023-04-21,NYK,CLE,1,0.48589
42200103,2022-23,2023-04-22,MIA,MIL,1,0.42467
42200124,2022-23,2023-04-22,BKN,PHI,0,0.41216
42200153,2022-23,2023-04-22,LAL,MEM,1,0.63797
42200174,2022-23,2023-04-22,LAC,PHX,0,0.29834
42200114,2022-23,2023-04-23,ATL,BOS,0,0.40497
42200144,2022-23,2023-04-23,MIN,DEN,1,0.45215
42200164,2022-23,2023-04-23,GSW,SAC,1,0.62592
42200104,2022-23,2023-04-24,MIA,MIL,1,0.43718
42200154,2022-23,2023-04-24,LAL,MEM,1,0.60666
42200115,2022-23,2023-04-25,BOS,ATL,0,0.70773
42200145,2022-23,2023-04-25,DEN,MIN,1,0.70887
42200175,2022-23,2023-04-25,PHX,LAC,1,0.82583
42200105,2022-23,2023-04-26,MIL,MIA,0,0.75272
42200135,2022-23,2023-04-26,CLE,NYK,0,0.62763
42200155,2022-23,2023-04-26,MEM,LAL,1,0.51256
42200116,2022-23,2023-04-27,ATL,BOS,0,0.33913
42200156,2022-23,2023-04-28,LAL,MEM,1,0.59937
42200166,2022-23,2023-04-28,GSW,SAC,0,0.67326
42200221,2022-23,2023-04-29,DEN,PHX,1,0.61693
42200167,2022-23,2023-04-30,SAC,GSW,0,0.43707
42200201,2022-23,2023-04-30,NYK,MIA,0,0.68494
42200211,2022-23,2023-05-01,BOS,PHI,0,0.67183
42200222,2022-23,2023-05-01,DEN,PHX,1,0.63574
42200202,2022-23,2023-05-02,NYK,MIA,1,0.64627
42200231,2022-23,2023-05-02,GSW,LAL,0,0.57285
42200212,2022-23,2023-05-03,BOS,PHI,1,0.72366
42200232,2022-23,2023-05-04,GSW,LAL,1,0.61755
42200213,2022-23,2023-05-05,PHI,BOS,0,0.39025
42200223,2022-23,2023-05-05,PHX,DEN,1,0.47728
42200203,2022-23,2023-05-06,MIA,NYK,1,0.46221
42200233,2022-23,2023-05-06,LAL,GSW,1,0.50057
42200214,2022-23,2023-05-07,PHI,BOS,1,0.43127
42200224,2022-23,2023-05-07,PHX,DEN,1,0.44086
42200204,2022-23,2023-05-08,MIA,NYK,1,0.53178
42200234,2022-23,2023-05-08,LAL,GSW,1,0.557
42200215,2022-23,2023-05-09,BOS,PHI,0,0.70274
42200225,2022-23,2023-05-09,DEN,PHX,1,0.71867
42200205,2022-23,2023-05-10,NYK,MIA,1,0.57872
42200235,2022-23,2023-05-10,GSW,LAL,1,0.58495
42200216,2022-23,2023-05-11,PHI,BOS,0,0.43361
42200226,2022-23,2023-05-11,PHX,DEN,0,0.40201
42200206,2022-23,2023-05-12,MIA,NYK,1,0.57033
42200236,2022-23,2023-05-12,LAL,GSW,1,0.53896
42200217,2022-23,2023-05-14,BOS,PHI,1,0.66319
42200311,2022-23,2023-05-16,DEN,LAL,1,0.73298
42200301,2022-23,2023-05-17,BOS,MIA,0,0.68995
42200312,2022-23,2023-05-18,DEN,LAL,1,0.70759
42200302,2022-23,2023-05-19,BOS,MIA,0,0.73272
42200313,2022-23,2023-05-20,LAL,DEN,0,0.41054
42200303,2022-23,2023-05-21,MIA,BOS,1,0.40173
42200314,2022-23,2023-05-22,LAL,DEN,0,0.38893
42200304,2022-23,2023-05-23,MIA,BOS,0,0.40632
42200305,2022-23,2023-05-25,BOS,MIA,1,0.70942
42200306,2022-23,2023-05-27,MIA,BOS,0,0.37949
42200307,2022-23,2023-05-29,BOS,MIA,0,0.73112
42200401,2022-23,2023-06-01,DEN,MIA,1,0.85749
42200402,2022-23,2023-06-04,DEN,MIA,0,0.82856
42200403,2022-23,2023-06-07,MIA,DEN,0,0.26732
42200404,2022-23,2023-06-09,MIA,DEN,0,0.27456
42200405,2022-23,2023-06-12,DEN,MIA,1,0.79616
22300061,2023-24,2023-10-24,DEN,LAL,1,0.69763
22300062,2023-24,2023-10-24,GSW,PHX,0,0.56372
22300063,2023-24,2023-10-25,CHA,ATL,1,0.17044
22300064,2023-24,2023-10-25,IND,WAS,1,0.5477
22300065,2023-24,2023-10-25,NYK,BOS,0,0.42374
22300066,2023-24,2023-10-25,ORL,HOU,1,0.67174
22300067,2023-24,2023-10-25,BKN,CLE,0,0.39861
22300068,2023-24,2023-10-25,MIA,DET,1,0.91665
22300069,2023-24,2023-10-25,TOR,MIN,1,0.59954
22300070,2023-24,2023-10-25,CHI,OKC,0,0.63202
22300071,2023-24,2023-10-25,MEM,NOP,0,0.60865
22300073,2023-24,2023-10-25,SAS,DAL,0,0.38873
22300074,2023-24,2023-10-25,LAC,POR,1,0.82553
22300075,2023-24,2023-10-26,MIL,PHI,1,0.50115
22300076,2023-24,2023-10-26,LAL,PHX,1,0.57482
22300077,2023-24,2023-10-27,CHA,DET,0,0.61964
22300078,2023-24,2023-10-27,MEM,DEN,0,0.20631
22300079,2023-24,2023-10-27,ATL,NYK,0,0.53507
22300080,2023-24,2023-10-27,BOS,MIA,1,0.81509
22300081,2023-24,2023-10-27,CLE,OKC,0,0.74564
22300082,2023-24,2023-10-27,CHI,TOR,1,0.42341
22300083,2023-24,2023-10-27,SAS,HOU,1,0.50334
22300084,2023-24,2023-10-27,DAL,BKN,1,0.60248
22300085,2023-24,2023-10-27,UTA,LAC,1,0.42164
22300086,2023-24,2023-10-27,POR,ORL,0,0.40931
22300087,2023-24,2023-10-27,SAC,GSW,0,0.34689
22300088,2023-24,2023-10-28,DET,CHI,1,0.43674
22300089,2023-24,2023-10-28,WAS,MEM,1,0.5935
22300090,2023-24,2023-10-28,NOP,NYK,1,0.61285
22300091,2023-24,2023-10-28,CLE,IND,0,0.59148
22300092,2023-24,2023-10-28,TOR,PHI,0,0.44961
22300093,2023-24,2023-10-28,MIN,MIA,1,0.67379
22300094,2023-24,2023-10-28,PHX,UTA,1,0.74189
22300095,2023-24,2023-10-29,OKC,DEN,0,0.19799
22300096,2023-24,2023-10-29,HOU,GSW,0,0.27974
22300097,2023-24,2023-10-29,MIL,ATL,0,0.65102
22300098,2023-24,2023-10-29,PHI,POR,1,0.76495
22300099,2023-24,2023-10-29,LAC,SAS,1,0.75242
22300100,2023-24,2023-10-29,SAC,LAL,1,0.43249
22300101,2023-24,2023-10-30,CHA,BKN,0,0.41319
22300102,2023-24,2023-10-30,IND,CHI,0,0.65339
22300103,2023-24,2023-10-30,WAS,BOS,0,0.22067
22300104,2023-24,2023-10-30,ATL,MIN,1,0.53075
22300105,2023-24,2023-10-30,TOR,POR,0,0.83464
22300107,2023-24,2023-10-30,MIL,MIA,1,0.57358
22300108,2023-24,2023-10-30,NOP,GSW,0,0.44942
22300109,2023-24,2023-10-30,OKC,DET,1,0.50425
22300110,2023-24,2023-10-30,DEN,UTA,1,0.85009
22300111,2023-24,2023-10-30,LAL,ORL,1,0.63075
22300112,2023-24,2023-10-31,CLE,NYK,0,0.47898
22300113,2023-24,2023-10-31,PHX,SAS,0,0.81617
22300114,2023-24,2023-10-31,LAC,ORL,1,0.72273
22300115,2023-24,2023-11-01,DET,POR,0,0.64409
22300116,2023-24,2023-11-01,TOR,MIL,1,0.4823
22300117,2023-24,2023-11-01,ATL,WAS,1,0.76901
22300118,2023-24,2023-11-01,BOS,IND,1,0.8121
22300119,2023-24,2023-11-01,MIA,BKN,0,0.54316
22300120,2023-24,2023-11-01,NYK,CLE,0,0.72107
22300121,2023-24,2023-11-01,OKC,NOP,0,0.48436
22300122,2023-24,2023-11-01,HOU,CHA,1,0.62528
22300123,2023-24,2023-11-01,MIN,DEN,1,0.30708
22300124,2023-24,2023-11-01,DAL,CHI,1,0.67895
22300126,2023-24,2023-11-01,GSW,SAC,1,0.70671
22300127,2023-24,2023-11-01,LAL,LAC,1,0.65955
22300128,2023-24,2023-11-02,PHI,TOR,1,0.72526
22300129,2023-24,2023-11-02,NOP,DET,1,0.71744
22300130,2023-24,2023-11-02,UTA,ORL,0,0.44298
22300001,2023-24,2023-11-03,IND,CLE,1,0.45129
22300002,2023-24,2023-11-03,MIL,NYK,1,0.5184
22300003,2023-24,2023-11-03,MIA,WAS,1,0.66175
22300004,2023-24,2023-11-03,CHI,BKN,0,0.52593
22300005,2023-24,2023-11-03,OKC,GSW,0,0.26269
22300006,2023-24,2023-11-03,DEN,DAL,1,0.75896
22300007,2023-24,2023-11-03,POR,MEM,1,0.482
22300132,2023-24,2023-11-04,PHI,PHX,1,0.66538
22300133,2023-24,2023-11-04,IND,CHA,0,0.56469
22300134,2023-24,2023-11-04,ORL,LAL,1,0.37026
22300135,2023-24,2023-11-04,NOP,ATL,0,0.34265
22300136,2023-24,2023-11-04,BKN,BOS,0,0.17605
22300137,2023-24,2023-11-04,HOU,SAC,1,0.45322
22300138,2023-24,2023-11-04,MIN,UTA,1,0.72579
22300139,2023-24,2023-11-04,DEN,CHI,1,0.83598
22300140,2023-24,2023-11-05,DET,PHX,0,0.49326
22300141,2023-24,2023-11-05,SAS,TOR,0,0.35656
22300142,2023-24,2023-11-05,CLE,GSW,1,0.46451
22300143,2023-24,2023-11-05,DAL,CHA,1,0.78709
22300144,2023-24,2023-11-05,POR,MEM,0,0.474
22300145,2023-24,2023-11-06,DET,GSW,0,0.22628
22300146,2023-24,2023-11-06,IND,SAS,1,0.76542
22300147,2023-24,2023-11-06,ORL,DAL,0,0.45772
22300148,2023-24,2023-11-06,PHI,WAS,1,0.72653
22300149,2023-24,2023-11-06,BKN,MIL,0,0.39589
22300150,2023-24,2023-11-06,MIA,LAL,1,0.51541
22300151,2023-24,2023-11-06,NYK,LAC,1,0.54918
22300152,2023-24,2023-11-06,CHI,UTA,1,0.54663
22300153,2023-24,2023-11-06,HOU,SAC,1,0.55633
22300154,2023-24,2023-11-06,MIN,BOS,1,0.34545
22300155,2023-24,2023-11-06,OKC,ATL,1,0.28446
22300156,2023-24,2023-11-06,DEN,NOP,1,0.80476
22300157,2023-24,2023-11-08,CHA,WAS,0,0.57158
22300158,2023-24,2023-11-08,IND,UTA,1,0.65102
22300159,2023-24,2023-11-08,PHI,BOS,1,0.35
22300160,2023-24,2023-11-08,BKN,LAC,1,0.41963
22300161,2023-24,2023-11-08,NYK,SAS,1,0.85184
22300162,2023-24,2023-11-08,CHI,PHX,0,0.47674
22300163,2023-24,2023-11-08,HOU,LAL,1,0.52016
22300164,2023-24,2023-11-08,MEM,MIA,0,0.48883
22300165,2023-24,2023-11-08,MIL,DET,1,0.83141
22300166,2023-24,2023-11-08,MIN,NOP,1,0.73421
22300167,2023-24,2023-11-08,OKC,CLE,1,0.3157
22300168,2023-24,2023-11-08,DAL,TOR,0,0.58936
22300169,2023-24,2023-11-08,DEN,GSW,1,0.64065
22300170,2023-24,2023-11-08,SAC,POR,1,0.65531
22300171,2023-24,2023-11-09,IND,MIL,1,0.48077
22300172,2023-24,2023-11-09,ORL,ATL,0,0.33881
22300008,2023-24,2023-11-10,DET,PHI,0,0.26182
22300009,2023-24,2023-11-10,WAS,CHA,0,0.61947
22300010,2023-24,2023-11-10,BOS,BKN,1,0.86449
22300011,2023-24,2023-11-10,HOU,NOP,1,0.73987
22300012,2023-24,2023-11-10,MEM,UTA,0,0.56872
22300013,2023-24,2023-11-10,SAS,MIN,0,0.24427
22300014,2023-24,2023-11-10,DAL,LAC,1,0.50687
22300015,2023-24,2023-11-10,PHX,LAL,0,0.63815
22300016,2023-24,2023-11-10,SAC,OKC,1,0.60837
22300173,2023-24,2023-11-11,ORL,MIL,1,0.4479
22300174,2023-24,2023-11-11,BOS,TOR,1,0.72601
22300175,2023-24,2023-11-11,ATL,MIA,0,0.69508
22300176,2023-24,2023-11-11,GSW,CLE,0,0.617
22300177,2023-24,2023-11-12,NYK,CHA,1,0.81878
22300178,2023-24,2023-11-12,BKN,WAS,1,0.59067
22300179,2023-24,2023-11-12,LAC,MEM,0,0.74935
22300180,2023-24,2023-11-12,PHI,IND,1,0.67375
22300181,2023-24,2023-11-12,CHI,DET,1,0.69531
22300182,2023-24,2023-11-12,HOU,DEN,1,0.28134
22300183,2023-24,2023-11-12,NOP,DAL,0,0.35458
22300184,2023-24,2023-11-12,SAS,MIA,0,0.50948
22300185,2023-24,2023-11-12,PHX,OKC,0,0.6471
22300186,2023-24,2023-11-12,GSW,MIN,0,0.56289
22300187,2023-24,2023-11-12,LAL,POR,1,0.69353
22300188,2023-24,2023-11-13,BOS,NYK,1,0.80861
22300189,2023-24,2023-11-13,TOR,WAS,1,0.76124
22300190,2023-24,2023-11-13,MIL,CHI,1,0.7637
22300191,2023-24,2023-11-13,SAC,CLE,1,0.40237
22300017,2023-24,2023-11-14,CHA,MIA,0,0.48379
22300018,2023-24,2023-11-14,DET,ATL,0,0.24583
22300019,2023-24,2023-11-14,PHI,IND,0,0.68694
22300020,2023-24,2023-11-14,BKN,ORL,1,0.53028
22300021,2023-24,2023-11-14,OKC,SAS,1,0.68327
22300022,2023-24,2023-11-14,NOP,DAL,1,0.32155
22300023,2023-24,2023-11-14,UTA,POR,1,0.73937
22300024,2023-24,2023-11-14,DEN,LAC,1,0.69237
22300025,2023-24,2023-11-14,GSW,MIN,0,0.63497
22300026,2023-24,2023-11-14,LAL,MEM,1,0.55653
22300192,2023-24,2023-11-15,WAS,DAL,0,0.48675
22300193,2023-24,2023-11-15,ATL,NYK,0,0.43
22300194,2023-24,2023-11-15,PHI,BOS,0,0.25392
22300195,2023-24,2023-11-15,TOR,MIL,0,0.51111
22300196,2023-24,2023-11-15,CHI,ORL,0,0.5965
22300197,2023-24,2023-11-15,PHX,MIN,1,0.51099
22300198,2023-24,2023-11-15,LAL,SAC,0,0.44802
22300199,2023-24,2023-11-15,POR,CLE,0,0.17751
22300200,2023-24,2023-11-16,MIA,BKN,1,0.56501
22300201,2023-24,2023-11-16,GSW,OKC,0,0.75328
22300027,2023-24,2023-11-17,CHA,MIL,0,0.38888
22300028,2023-24,2023-11-17,WAS,NYK,0,0.30384
22300029,2023-24,2023-11-17,ATL,PHI,0,0.54254
22300030,2023-24,2023-11-17,CLE,DET,1,0.78936
22300031,2023-24,2023-11-17,TOR,BOS,0,0.20631
22300032,2023-24,2023-11-17,SAS,SAC,0,0.30494
22300033,2023-24,2023-11-17,CHI,ORL,0,0.5294
22300034,2023-24,2023-11-17,NOP,DEN,1,0.20286
22300035,2023-24,2023-11-17,UTA,PHX,0,0.46658
22300036,2023-24,2023-11-17,POR,LAL,0,0.34617
22300037,2023-24,2023-11-17,LAC,HOU,1,0.64183
22300202,2023-24,2023-11-18,CHA,NYK,0,0.28237
22300203,2023-24,2023-11-18,NOP,MIN,0,0.26883
22300204,2023-24,2023-11-18,CHI,MIA,1,0.42127
22300205,2023-24,2023-11-18,MIL,DAL,1,0.54847
22300206,2023-24,2023-11-18,SAS,MEM,0,0.33151
22300207,2023-24,2023-11-18,GSW,OKC,0,0.66461
22300208,2023-24,2023-11-19,BKN,PHI,0,0.41511
22300209,2023-24,2023-11-19,IND,ORL,0,0.69552
22300210,2023-24,2023-11-19,CLE,DEN,1,0.3829
22300211,2023-24,2023-11-19,TOR,DET,1,0.73856
22300212,2023-24,2023-11-19,DAL,SAC,0,0.54561
22300213,2023-24,2023-11-19,MEM,BOS,0,0.09981
22300214,2023-24,2023-11-19,UTA,PHX,0,0.4446
22300215,2023-24,2023-11-19,POR,OKC,0,0.3971
22300216,2023-24,2023-11-19,LAL,HOU,1,0.52557
22300217,2023-24,2023-11-20,CHA,BOS,1,0.21504
22300218,2023-24,2023-11-20,DET,DEN,0,0.1635
22300219,2023-24,2023-11-20,WAS,MIL,0,0.32582
22300220,2023-24,2023-11-20,CHI,MIA,0,0.50284
22300221,2023-24,2023-11-20,MIN,NYK,1,0.48755
22300222,2023-24,2023-11-20,NOP,SAC,1,0.53534
22300223,2023-24,2023-11-20,SAS,LAC,0,0.22417
22300224,2023-24,2023-11-20,GSW,HOU,1,0.71967
22300038,2023-24,2023-11-21,ORL,TOR,1,0.47379
22300039,2023-24,2023-11-21,ATL,IND,0,0.75718
22300040,2023-24,2023-11-21,PHI,CLE,0,0.59499
22300041,2023-24,2023-11-21,PHX,POR,1,0.85158
22300042,2023-24,2023-11-21,LAL,UTA,1,0.64399
22300225,2023-24,2023-11-22,CHA,WAS,1,0.62785
22300226,2023-24,2023-11-22,ORL,DEN,1,0.2601
22300227,2023-24,2023-11-22,ATL,BKN,1,0.66018
22300228,2023-24,2023-11-22,BOS,MIL,1,0.69079
22300229,2023-24,2023-11-22,CLE,MIA,0,0.59748
22300230,2023-24,2023-11-22,IND,TOR,0,0.55045
22300231,2023-24,2023-11-22,HOU,MEM,1,0.74684
22300232,2023-24,2023-11-22,MIN,PHI,1,0.60966
22300233,2023-24,2023-11-22,NOP,SAC,1,0.5299
22300234,2023-24,2023-11-22,OKC,CHI,1,0.66016
22300235,2023-24,2023-11-22,SAS,LAC,0,0.243
22300236,2023-24,2023-11-22,PHX,GSW,1,0.4086
22300237,2023-24,2023-11-22,POR,UTA,1,0.40819
22300238,2023-24,2023-11-22,LAL,DAL,0,0.40343
22300043,2023-24,2023-11-24,ORL,BOS,1,0.2274
22300044,2023-24,2023-11-24,MEM,PHX,0,0.33493
22300045,2023-24,2023-11-24,NYK,MIA,1,0.74541
22300046,2023-24,2023-11-24,TOR,CHI,1,0.70306
22300047,2023-24,2023-11-24,IND,DET,1,0.75654
22300048,2023-24,2023-11-24,HOU,DEN,1,0.45263
22300049,2023-24,2023-11-24,MIL,WAS,1,0.79647
22300050,2023-24,2023-11-24,MIN,SAC,0,0.67102
22300051,2023-24,2023-11-24,GSW,SAS,1,0.82861
22300052,2023-24,2023-11-24,LAC,NOP,0,0.68419
22300239,2023-24,2023-11-25,OKC,PHI,0,0.47021
22300240,2023-24,2023-11-25,BKN,MIA,1,0.57884
22300241,2023-24,2023-11-25,WAS,ATL,0,0.27492
22300242,2023-24,2023-11-25,CLE,LAL,0,0.53392
22300243,2023-24,2023-11-25,UTA,NOP,1,0.51428
22300244,2023-24,2023-11-25,LAC,DAL,1,0.50471
22300245,2023-24,2023-11-26,MIL,POR,1,0.85177
22300246,2023-24,2023-11-26,BOS,ATL,1,0.75387
22300247,2023-24,2023-11-26,NYK,PHX,0,0.63563
22300248,2023-24,2023-11-26,ORL,CHA,1,0.56687
22300249,2023-24,2023-11-26,MEM,MIN,0,0.28776
22300250,2023-24,2023-11-26,BKN,CHI,1,0.53748
22300251,2023-24,2023-11-26,CLE,TOR,1,0.50481
22300252,2023-24,2023-11-26,DEN,SAS,1,0.85264
22300253,2023-24,2023-11-27,DET,WAS,0,0.47014
22300254,2023-24,2023-11-27,IND,POR,0,0.86361
22300255,2023-24,2023-11-27,PHI,LAL,1,0.64685
22300256,2023-24,2023-11-27,UTA,NOP,1,0.39037
22300257,2023-24,2023-11-27,LAC,DEN,0,0.65818
22300053,2023-24,2023-11-28,BOS,CHI,1,0.8323
22300054,2023-24,2023-11-28,BKN,TOR,1,0.46308
22300055,2023-24,2023-11-28,CLE,ATL,1,0.52136
22300056,2023-24,2023-11-28,MIA,MIL,0,0.36201
22300057,2023-24,2023-11-28,NYK,CHA,1,0.73647
22300058,2023-24,2023-11-28,MIN,OKC,1,0.64339
22300059,2023-24,2023-11-28,DAL,HOU,1,0.54279
22300060,2023-24,2023-11-28,SAC,GSW,1,0.51378
22300258,2023-24,2023-11-29,DET,LAL,0,0.29985
22300259,2023-24,2023-11-29,ORL,WAS,1,0.67799
22300260,2023-24,2023-11-29,TOR,PHX,1,0.52653
22300261,2023-24,2023-11-29,MEM,UTA,1,0.55907
22300262,2023-24,2023-11-29,NOP,PHI,1,0.40843
22300263,2023-24,2023-11-29,DEN,HOU,1,0.54568
22300264,2023-24,2023-11-29,SAC,LAC,0,0.40303
22300265,2023-24,2023-11-30,CLE,POR,0,0.82693
22300266,2023-24,2023-11-30,BKN,CHA,0,0.63932
22300267,2023-24,2023-11-30,MIA,IND,1,0.49605
22300268,2023-24,2023-11-30,NYK,DET,1,0.91373
22300269,2023-24,2023-11-30,CHI,MIL,1,0.27834
22300270,2023-24,2023-11-30,MIN,UTA,1,0.85011
22300271,2023-24,2023-11-30,OKC,LAL,1,0.68194
22300272,2023-24,2023-11-30,SAS,ATL,0,0.30059
22300273,2023-24,2023-11-30,GSW,LAC,1,0.63671
22300274,2023-24,2023-12-01,ORL,WAS,1,0.72288
22300275,2023-24,2023-12-01,BOS,PHI,1,0.71059
22300276,2023-24,2023-12-01,TOR,NYK,0,0.60677
22300277,2023-24,2023-12-01,DAL,MEM,0,0.80405
22300278,2023-24,2023-12-01,NOP,SAS,1,0.86241
22300279,2023-24,2023-12-01,PHX,DEN,0,0.50315
22300280,2023-24,2023-12-02,LAC,GSW,1,0.63163
22300281,2023-24,2023-12-02,CHA,MIN,0,0.35683
22300282,2023-24,2023-12-02,BKN,ORL,1,0.5666
22300283,2023-24,2023-12-02,DET,CLE,0,0.20875
22300284,2023-24,2023-12-02,MIA,IND,0,0.56768
22300285,2023-24,2023-12-02,CHI,NOP,1,0.44139
22300286,2023-24,2023-12-02,MIL,ATL,1,0.649
22300287,2023-24,2023-12-02,DAL,OKC,0,0.4616
22300288,2023-24,2023-12-02,PHX,MEM,1,0.73107
22300289,2023-24,2023-12-02,UTA,POR,1,0.57341
22300290,2023-24,2023-12-02,SAC,DEN,1,0.57049
22300291,2023-24,2023-12-02,LAL,HOU,1,0.52238
22301202,2023-24,2023-12-04,IND,BOS,1,0.27778
22301204,2023-24,2023-12-04,SAC,NOP,0,0.56426
22301201,2023-24,2023-12-05,MIL,NYK,1,0.59357
22301203,2023-24,2023-12-05,LAL,PHX,1,0.49642
22301205,2023-24,2023-12-06,CLE,ORL,1,0.64709
22301206,2023-24,2023-12-06,DET,MEM,0,0.44156
22301207,2023-24,2023-12-06,TOR,MIA,0,0.65872
22301208,2023-24,2023-12-06,WAS,PHI,0,0.31037
22301209,2023-24,2023-12-06,ATL,BKN,0,0.69744
22301210,2023-24,2023-12-06,MIN,SAS,1,0.82481
22301212,2023-24,2023-12-06,HOU,OKC,1,0.58765
22301213,2023-24,2023-12-06,DAL,UTA,1,0.78964
22301214,2023-24,2023-12-06,GSW,POR,1,0.82827
22301215,2023-24,2023-12-06,LAC,DEN,1,0.56755
22301229,2023-24,2023-12-07,MIL,IND,0,0.68455
22301230,2023-24,2023-12-07,LAL,NOP,1,0.47615
22301216,2023-24,2023-12-08,CHA,TOR,1,0.35966
22301217,2023-24,2023-12-08,ORL,DET,1,0.79351
22301218,2023-24,2023-12-08,PHI,ATL,1,0.64341
22301219,2023-24,2023-12-08,BKN,WAS,1,0.66672
22301220,2023-24,2023-12-08,MIA,CLE,0,0.51109
22301221,2023-24,2023-12-08,MEM,MIN,0,0.34037
22301222,2023-24,2023-12-08,OKC,GSW,1,0.4935
22301223,2023-24,2023-12-08,SAS,CHI,0,0.49854
22301224,2023-24,2023-12-08,DEN,HOU,0,0.70124
22301225,2023-24,2023-12-08,UTA,LAC,0,0.15721
22301226,2023-24,2023-12-08,POR,DAL,0,0.30865
22301227,2023-24,2023-12-08,BOS,NYK,1,0.74474
22301228,2023-24,2023-12-08,PHX,SAC,0,0.55602
22300292,2023-24,2023-12-11,CHA,MIA,0,0.40054
22300293,2023-24,2023-12-11,DET,IND,0,0.2568
22300294,2023-24,2023-12-11,ORL,CLE,1,0.4894
22300295,2023-24,2023-12-11,PHI,WAS,1,0.82935
22300296,2023-24,2023-12-11,ATL,DEN,0,0.38905
22300297,2023-24,2023-12-11,NYK,TOR,1,0.59101
22300298,2023-24,2023-12-11,HOU,SAS,1,0.8069
22300299,2023-24,2023-12-11,MEM,DAL,0,0.33265
22300300,2023-24,2023-12-11,MIL,CHI,1,0.84489
22300301,2023-24,2023-12-11,NOP,MIN,1,0.50309
22300302,2023-24,2023-12-11,OKC,UTA,1,0.83163
22300303,2023-24,2023-12-11,SAC,BKN,1,0.63025
22300304,2023-24,2023-12-11,LAC,POR,1,0.87123
22300305,2023-24,2023-12-12,BOS,CLE,1,0.8337
22300306,2023-24,2023-12-12,DAL,LAL,1,0.4716
22300307,2023-24,2023-12-12,CHI,DEN,0,0.19672
22300308,2023-24,2023-12-12,PHX,GSW,1,0.48504
22300309,2023-24,2023-12-12,LAC,SAC,1,0.67023
22300310,2023-24,2023-12-13,DET,PHI,0,0.21338
22300311,2023-24,2023-12-13,WAS,NOP,0,0.34078
22300312,2023-24,2023-12-13,MIA,CHA,1,0.72641
22300313,2023-24,2023-12-13,TOR,ATL,1,0.56248
22300314,2023-24,2023-12-13,HOU,MEM,1,0.75039
22300315,2023-24,2023-12-13,MIL,IND,1,0.68974
22300316,2023-24,2023-12-13,SAS,LAL,0,0.41223
22300317,2023-24,2023-12-13,PHX,BKN,0,0.56422
22300318,2023-24,2023-12-13,UTA,NYK,1,0.22782
22300319,2023-24,2023-12-14,BOS,CLE,1,0.75743
22300320,2023-24,2023-12-14,MIA,CHI,0,0.64149
22300321,2023-24,2023-12-14,DAL,MIN,0,0.51483
22300322,2023-24,2023-12-14,DEN,BKN,1,0.82208
22300323,2023-24,2023-12-14,POR,UTA,0,0.66773
22300324,2023-24,2023-12-14,SAC,OKC,1,0.55501
22300325,2023-24,2023-12-14,LAC,GSW,1,0.60003
22300326,2023-24,2023-12-15,CHA,NOP,0,0.39009
22300327,2023-24,2023-12-15,PHI,DET,1,0.87961
22300328,2023-24,2023-12-15,WAS,IND,1,0.34574
22300329,2023-24,2023-12-15,BOS,ORL,1,0.73699
22300330,2023-24,2023-12-15,TOR,ATL,0,0.55279
22300331,2023-24,2023-12-15,SAS,LAL,1,0.39545
22300332,2023-24,2023-12-15,MEM,HOU,0,0.3217
22300333,2023-24,2023-12-15,PHX,NYK,0,0.53538
22300334,2023-24,2023-12-16,MIL,DET,1,0.93311
22300335,2023-24,2023-12-16,CHA,PHI,0,0.25155
22300336,2023-24,2023-12-16,CLE,ATL,1,0.64353
22300337,2023-24,2023-12-16,MIA,CHI,1,0.68924
22300338,2023-24,2023-12-16,MIN,IND,1,0.71493
22300339,2023-24,2023-12-16,GSW,BKN,1,0.69297
22300340,2023-24,2023-12-16,DEN,OKC,0,0.70328
22300341,2023-24,2023-12-16,POR,DAL,0,0.3244
22300342,2023-24,2023-12-16,SAC,UTA,1,0.8
22300343,2023-24,2023-12-16,LAC,NYK,1,0.61104
22300344,2023-24,2023-12-17,BOS,ORL,1,0.82644
22300345,2023-24,2023-12-17,SAS,NOP,0,0.31249
22300346,2023-24,2023-12-17,MIL,HOU,1,0.57573
22300347,2023-24,2023-12-17,PHX,WAS,1,0.79294
22300348,2023-24,2023-12-17,POR,GSW,0,0.3189
22300349,2023-24,2023-12-18,CLE,HOU,1,0.65727
22300350,2023-24,2023-12-18,IND,LAC,0,0.41764
22300351,2023-24,2023-12-18,PHI,CHI,0,0.84507
22300352,2023-24,2023-12-18,ATL,DET,1,0.85424
22300353,2023-24,2023-12-18,MIA,MIN,0,0.48725
22300354,2023-24,2023-12-18,TOR,CHA,1,0.85487
22300355,2023-24,2023-12-18,OKC,MEM,1,0.75713
22300356,2023-24,2023-12-18,DEN,DAL,1,0.69974
22300357,2023-24,2023-12-18,UTA,BKN,1,0.40668
22300358,2023-24,2023-12-18,SAC,WAS,1,0.78037
22300359,2023-24,2023-12-18,LAL,NYK,0,0.47953
22300360,2023-24,2023-12-19,NOP,MEM,0,0.86144
22300361,2023-24,2023-12-19,MIL,SAS,1,0.86623
22300362,2023-24,2023-12-19,GSW,BOS,1,0.35972
22300363,2023-24,2023-12-19,POR,PHX,1,0.32157
22300364,2023-24,2023-12-20,CLE,UTA,1,0.78635
22300365,2023-24,2023-12-20,IND,CHA,1,0.78679
22300366,2023-24,2023-12-20,ORL,MIA,0,0.51332
22300367,2023-24,2023-12-20,PHI,MIN,1,0.68272
22300368,2023-24,2023-12-20,BKN,NYK,0,0.39966
22300369,2023-24,2023-12-20,TOR,DEN,0,0.45564
22300370,2023-24,2023-12-20,CHI,LAL,1,0.42727
22300371,2023-24,2023-12-20,HOU,ATL,0,0.59764
22300372,2023-24,2023-12-20,DAL,LAC,0,0.48215
22300373,2023-24,2023-12-20,SAC,BOS,0,0.40136
22300374,2023-24,2023-12-21,DET,UTA,0,0.56516
22300375,2023-24,2023-12-21,CLE,NOP,0,0.38568
22300376,2023-24,2023-12-21,CHI,SAS,1,0.61572
22300377,2023-24,2023-12-21,MEM,IND,1,0.54334
22300378,2023-24,2023-12-21,MIL,ORL,1,0.79391
22300379,2023-24,2023-12-21,OKC,LAC,1,0.63503
22300380,2023-24,2023-12-21,MIN,LAL,1,0.65087
22300381,2023-24,2023-12-21,POR,WAS,0,0.55957
22300382,2023-24,2023-12-22,PHI,TOR,1,0.6873
22300383,2023-24,2023-12-22,BKN,DEN,0,0.28381
22300384,2023-24,2023-12-22,MIA,ATL,1,0.49074
22300385,2023-24,2023-12-22,HOU,DAL,1,0.60273
22300386,2023-24,2023-12-22,GSW,WAS,1,0.83999
22300387,2023-24,2023-12-22,SAC,PHX,1,0.48461
22300388,2023-24,2023-12-23,NYK,MIL,0,0.57382
22300389,2023-24,2023-12-23,LAC,BOS,0,0.32534
22300390,2023-24,2023-12-23,CHA,DEN,0,0.20684
22300391,2023-24,2023-12-23,IND,ORL,0,0.59336
22300392,2023-24,2023-12-23,NOP,HOU,0,0.66928
22300393,2023-24,2023-12-23,ATL,MEM,0,0.64929
22300394,2023-24,2023-12-23,BKN,DET,1,0.75377
22300395,2023-24,2023-12-23,TOR,UTA,0,0.77326
22300396,2023-24,2023-12-23,CHI,CLE,0,0.58508
22300397,2023-24,2023-12-23,OKC,LAL,0,0.60798
22300398,2023-24,2023-12-23,DAL,SAS,1,0.62988
22300399,2023-24,2023-12-23,GSW,POR,1,0.69869
22300400,2023-24,2023-12-23,SAC,MIN,0,0.38535
22300401,2023-24,2023-12-25,NYK,MIL,1,0.52863
22300402,2023-24,2023-12-25,DEN,GSW,1,0.77123
22300403,2023-24,2023-12-25,LAL,BOS,0,0.37274
22300404,2023-24,2023-12-25,MIA,PHI,1,0.39239
22300405,2023-24,2023-12-25,PHX,DAL,0,0.59749
22300406,2023-24,2023-12-26,DET,BKN,0,0.33133
22300407,2023-24,2023-12-26,WAS,ORL,0,0.41093
22300408,2023-24,2023-12-26,CHI,ATL,1,0.40113
22300409,2023-24,2023-12-26,HOU,IND,0,0.62025
22300410,2023-24,2023-12-26,NOP,MEM,0,0.70605
22300411,2023-24,2023-12-26,OKC,MIN,1,0.49938
22300412,2023-24,2023-12-26,SAS,UTA,0,0.52534
22300413,2023-24,2023-12-26,POR,SAC,1,0.38172
22300414,2023-24,2023-12-26,LAC,CHA,1,0.75742
22300415,2023-24,2023-12-27,ORL,PHI,0,0.33032
22300416,2023-24,2023-12-27,WAS,TOR,0,0.24842
22300417,2023-24,2023-12-27,BKN,MIL,0,0.26632
22300418,2023-24,2023-12-27,HOU,PHX,0,0.52125
22300419,2023-24,2023-12-27,OKC,NYK,1,0.43853
22300420,2023-24,2023-12-27,DAL,CLE,0,0.59415
22300421,2023-24,2023-12-28,BOS,DET,1,0.94655
22300422,2023-24,2023-12-28,CHI,IND,0,0.54149
22300423,2023-24,2023-12-28,MIN,DAL,1,0.74168
22300424,2023-24,2023-12-28,NOP,UTA,1,0.81215
22300425,2023-24,2023-12-28,DEN,MEM,1,0.85529
22300426,2023-24,2023-12-28,GSW,MIA,0,0.66606
22300427,2023-24,2023-12-28,POR,SAS,0,0.66995
22300428,2023-24,2023-12-28,LAL,CHA,1,0.80235
22300429,2023-24,2023-12-29,ORL,NYK,1,0.38208
22300430,2023-24,2023-12-29,WAS,BKN,1,0.58166
22300431,2023-24,2023-12-29,ATL,SAC,0,0.61173
22300432,2023-24,2023-12-29,BOS,TOR,1,0.70959
22300433,2023-24,2023-12-29,CLE,MIL,0,0.29045
22300434,2023-24,2023-12-29,HOU,PHI,0,0.45303
22300435,2023-24,2023-12-29,DEN,OKC,0,0.63549
22300436,2023-24,2023-12-29,PHX,CHA,1,0.87167
22300437,2023-24,2023-12-29,POR,SAS,1,0.62285
22300438,2023-24,2023-12-29,LAC,MEM,1,0.74709
22300439,2023-24,2023-12-30,UTA,MIA,1,0.48145
22300440,2023-24,2023-12-30,DET,TOR,1,0.27997
22300441,2023-24,2023-12-30,IND,NYK,1,0.50204
22300442,2023-24,2023-12-30,CHI,PHI,1,0.45073
22300443,2023-24,2023-12-30,MIN,LAL,1,0.66213
22300444,2023-24,2023-12-30,GSW,DAL,0,0.64513
22300445,2023-24,2023-12-31,WAS,ATL,0,0.34069
22300446,2023-24,2023-12-31,NOP,LAL,1,0.70385
22300447,2023-24,2023-12-31,OKC,BKN,1,0.73624
22300448,2023-24,2023-12-31,SAS,BOS,0,0.16179
22300449,2023-24,2023-12-31,MEM,SAC,0,0.45725
22300450,2023-24,2023-12-31,PHX,ORL,1,0.70014
22300451,2023-24,2024-01-01,NYK,MIN,1,0.51338
22300452,2023-24,2024-01-01,TOR,CLE,1,0.63603
22300453,2023-24,2024-01-01,HOU,DET,1,0.83299
22300454,2023-24,2024-01-01,MIL,IND,0,0.78135
22300455,2023-24,2024-01-01,DEN,CHA,1,0.90466
22300456,2023-24,2024-01-01,PHX,POR,1,0.75128
22300457,2023-24,2024-01-01,UTA,DAL,1,0.37086
22300458,2023-24,2024-01-01,LAC,MIA,1,0.60604
22300459,2023-24,2024-01-02,PHI,CHI,1,0.75357
22300460,2023-24,2024-01-02,MEM,SAS,1,0.77072
22300461,2023-24,2024-01-02,NOP,BKN,1,0.74132
22300462,2023-24,2024-01-02,OKC,BOS,1,0.44771
22300463,2023-24,2024-01-02,GSW,ORL,1,0.65495
22300464,2023-24,2024-01-02,SAC,CHA,0,0.87765
22300465,2023-24,2024-01-03,CLE,WAS,1,0.70287
22300466,2023-24,2024-01-03,IND,MIL,1,0.33144
22300467,2023-24,2024-01-03,ATL,OKC,1,0.61705
22300468,2023-24,2024-01-03,NYK,CHI,1,0.81517
22300469,2023-24,2024-01-03,HOU,BKN,1,0.73633
22300470,2023-24,2024-01-03,MEM,TOR,0,0.34863
22300471,2023-24,2024-01-03,MIN,NOP,0,0.7055
22300472,2023-24,2024-01-03,DAL,POR,1,0.78699
22300473,2023-24,2024-01-03,PHX,LAC,0,0.50871
22300474,2023-24,2024-01-03,UTA,DET,1,0.69246
22300475,2023-24,2024-01-03,LAL,MIA,0,0.6473
22300476,2023-24,2024-01-03,SAC,ORL,1,0.63685
22300477,2023-24,2024-01-04,SAS,MIL,0,0.2088
22300478,2023-24,2024-01-04,GSW,DEN,0,0.3407
22300479,2023-24,2024-01-05,BOS,UTA,1,0.90716
22300480,2023-24,2024-01-05,IND,ATL,1,0.50835
22300481,2023-24,2024-01-05,BKN,OKC,1,0.34951
22300482,2023-24,2024-01-05,CLE,WAS,1,0.74813
22300483,2023-24,2024-01-05,PHI,NYK,0,0.64293
22300484,2023-24,2024-01-05,CHI,CHA,1,0.67379
22300485,2023-24,2024-01-05,HOU,MIN,0,0.4325
22300486,2023-24,2024-01-05,NOP,LAC,0,0.56044
22300487,2023-24,2024-01-05,DAL,POR,1,0.78622
22300488,2023-24,2024-01-05,DEN,ORL,0,0.78208
22300489,2023-24,2024-01-05,PHX,MIA,1,0.62861
22300490,2023-24,2024-01-05,GSW,DET,1,0.7884
22300491,2023-24,2024-01-05,LAL,MEM,0,0.5574
22300492,2023-24,2024-01-05,SAC,TOR,1,0.54853
22300493,2023-24,2024-01-06,IND,BOS,0,0.32926
22300494,2023-24,2024-01-06,WAS,NYK,0,0.23982
22300495,2023-24,2024-01-06,PHI,UTA,0,0.82751
22300496,2023-24,2024-01-06,HOU,MIL,1,0.25743
22300497,2023-24,2024-01-07,CLE,SAS,1,0.77965
22300498,2023-24,2024-01-07,BKN,POR,0,0.73903
22300499,2023-24,2024-01-07,ORL,ATL,1,0.45383
22300500,2023-24,2024-01-07,SAC,NOP,0,0.53301
22300501,2023-24,2024-01-07,DAL,MIN,1,0.42987
22300502,2023-24,2024-01-07,DEN,DET,1,0.92987
22300503,2023-24,2024-01-07,PHX,MEM,0,0.57521
22300504,2023-24,2024-01-07,GSW,TOR,0,0.5436
22300505,2023-24,2024-01-07,LAL,LAC,1,0.43272
22300506,2023-24,2024-01-08,CHA,CHI,0,0.39941
22300507,2023-24,2024-01-08,IND,BOS,1,0.32168
22300508,2023-24,2024-01-08,WAS,OKC,0,0.25937
22300509,2023-24,2024-01-08,MIA,HOU,1,0.57978
22300510,2023-24,2024-01-08,MIL,UTA,0,0.84819
22300511,2023-24,2024-01-08,LAC,PHX,1,0.62349
22300512,2023-24,2024-01-09,DET,SAC,0,0.26433
22300513,2023-24,2024-01-09,ORL,MIN,0,0.36314
22300514,2023-24,2024-01-09,NYK,POR,1,0.88303
22300515,2023-24,2024-01-09,DAL,MEM,0,0.67055
22300516,2023-24,2024-01-09,LAL,TOR,1,0.52463
22300517,2023-24,2024-01-10,BOS,MIN,1,0.78284
22300518,2023-24,2024-01-10,CHA,SAC,0,0.318
22300519,2023-24,2024-01-10,DET,SAS,0,0.37743
22300520,2023-24,2024-01-10,IND,WAS,1,0.76665
22300521,2023-24,2024-01-10,ATL,PHI,1,0.46691
22300522,2023-24,2024-01-10,MIA,OKC,0,0.40658
22300523,2023-24,2024-01-10,CHI,HOU,1,0.52778
22300524,2023-24,2024-01-10,UTA,DEN,1,0.1986
22300525,2023-24,2024-01-10,GSW,NOP,0,0.50888
22300526,2023-24,2024-01-10,LAC,TOR,1,0.73552
22300528,2023-24,2024-01-11,MIL,BOS,1,0.49281
22300529,2023-24,2024-01-11,OKC,POR,1,0.82839
22300530,2023-24,2024-01-11,DAL,NYK,1,0.47785
22300531,2023-24,2024-01-11,LAL,PHX,0,0.48624
22300532,2023-24,2024-01-12,PHI,SAC,1,0.64097
22300533,2023-24,2024-01-12,ATL,IND,0,0.60597
22300534,2023-24,2024-01-12,DET,HOU,0,0.26105
22300535,2023-24,2024-01-12,MIA,ORL,1,0.59891
22300536,2023-24,2024-01-12,CHI,GSW,0,0.58268
22300537,2023-24,2024-01-12,MEM,LAC,0,0.36848
22300538,2023-24,2024-01-12,MIN,POR,1,0.92633
22300539,2023-24,2024-01-12,DEN,NOP,1,0.7351
22300540,2023-24,2024-01-12,UTA,TOR,1,0.38652
22300541,2023-24,2024-01-12,SAS,CHA,1,0.67054
22300542,2023-24,2024-01-13,BOS,HOU,1,0.86026
22300543,2023-24,2024-01-13,ATL,WAS,0,0.67516
22300544,2023-24,2024-01-13,MEM,NYK,0,0.21085
22300545,2023-24,2024-01-13,MIL,GSW,1,0.82538
22300546,2023-24,2024-01-13,OKC,ORL,1,0.78157
22300547,2023-24,2024-01-13,DAL,NOP,0,0.61939
22300548,2023-24,2024-01-13,SAS,CHI,0,0.40046
22300549,2023-24,2024-01-13,UTA,LAL,1,0.36847
22300550,2023-24,2024-01-14,DEN,IND,1,0.8052
22300551,2023-24,2024-01-14,MIA,CHA,1,0.78381
22300552,2023-24,2024-01-14,MIL,SAC,1,0.6431
22300553,2023-24,2024-01-14,MIN,LAC,1,0.57172
22300554,2023-24,2024-01-14,POR,PHX,0,0.1909
22300555,2023-24,2024-01-15,PHI,HOU,1,0.70058
22300556,2023-24,2024-01-15,DAL,NOP,1,0.53367
22300557,2023-24,2024-01-15,NYK,ORL,0,0.78447
22300558,2023-24,2024-01-15,WAS,DET,0,0.69587
22300559,2023-24,2024-01-15,ATL,SAS,1,0.7499
22300560,2023-24,2024-01-15,MEM,GSW,1,0.46692
22300561,2023-24,2024-01-15,CLE,CHI,1,0.63704
22300562,2023-24,2024-01-15,BKN,MIA,0,0.66431
22300563,2023-24,2024-01-15,TOR,BOS,0,0.31416
22300564,2023-24,2024-01-15,UTA,IND,1,0.56634
22300565,2023-24,2024-01-15,LAL,OKC,1,0.41032
22300566,2023-24,2024-01-16,PHI,DEN,1,0.3481
22300567,2023-24,2024-01-16,PHX,SAC,1,0.60598
22300568,2023-24,2024-01-16,LAC,OKC,1,0.70942
22300569,2023-24,2024-01-17,DET,MIN,0,0.13782
22300570,2023-24,2024-01-17,ATL,ORL,1,0.62625
22300571,2023-24,2024-01-17,BOS,SAS,1,0.91414
22300572,2023-24,2024-01-17,CLE,MIL,1,0.39479
22300573,2023-24,2024-01-17,NYK,HOU,1,0.69822
22300574,2023-24,2024-01-17,TOR,MIA,1,0.55919
22300575,2023-24,2024-01-17,NOP,CHA,1,0.84072
22300577,2023-24,2024-01-17,LAL,DAL,1,0.57553
22300578,2023-24,2024-01-17,POR,BKN,1,0.31029
22300579,2023-24,2024-01-18,NYK,WAS,1,0.78522
22300580,2023-24,2024-01-18,TOR,CHI,0,0.51994
22300581,2023-24,2024-01-18,UTA,OKC,0,0.3616
22300582,2023-24,2024-01-18,MIN,MEM,1,0.78823
22300583,2023-24,2024-01-18,SAC,IND,0,0.68086
22300584,2023-24,2024-01-19,CHA,SAS,1,0.51254
22300585,2023-24,2024-01-19,ORL,PHI,0,0.33288
22300586,2023-24,2024-01-19,BOS,DEN,0,0.51381
22300587,2023-24,2024-01-19,MIA,ATL,0,0.58817
22300588,2023-24,2024-01-19,NOP,PHX,0,0.54045
22300590,2023-24,2024-01-19,POR,IND,1,0.41226
22300591,2023-24,2024-01-19,LAL,BKN,0,0.66604
22300592,2023-24,2024-01-20,DET,MIL,0,0.23611
22300593,2023-24,2024-01-20,CHA,PHI,0,0.19937
22300594,2023-24,2024-01-20,WAS,SAS,0,0.69041
22300595,2023-24,2024-01-20,ATL,CLE,0,0.41672
22300596,2023-24,2024-01-20,NYK,TOR,1,0.69657
22300597,2023-24,2024-01-20,CHI,MEM,1,0.70755
22300598,2023-24,2024-01-20,HOU,UTA,1,0.66808
22300599,2023-24,2024-01-20,MIN,OKC,0,0.61058
22300600,2023-24,2024-01-21,LAC,BKN,1,0.79886
22300601,2023-24,2024-01-21,ORL,MIA,1,0.46156
22300602,2023-24,2024-01-21,WAS,DEN,0,0.09742
22300603,2023-24,2024-01-21,HOU,BOS,0,0.2093
22300604,2023-24,2024-01-21,PHX,IND,1,0.64873
22300605,2023-24,2024-01-21,LAL,POR,1,0.82865
22300606,2023-24,2024-01-22,DET,MIL,0,0.18688
22300607,2023-24,2024-01-22,ORL,CLE,0,0.39576
22300608,2023-24,2024-01-22,PHI,SAS,1,0.84724
22300609,2023-24,2024-01-22,TOR,MEM,0,0.75495
22300610,2023-24,2024-01-22,MIN,CHA,0,0.88128
22300611,2023-24,2024-01-22,DAL,BOS,0,0.48548
22300612,2023-24,2024-01-22,PHX,CHI,1,0.66143
22300613,2023-24,2024-01-22,SAC,ATL,1,0.66601
22300614,2023-24,2024-01-23,IND,DEN,0,0.2439
22300615,2023-24,2024-01-23,BKN,NYK,0,0.34177
22300616,2023-24,2024-01-23,NOP,UTA,1,0.7482
22300617,2023-24,2024-01-23,OKC,POR,1,0.8836
22300618,2023-24,2024-01-23,LAC,LAL,1,0.71127
22300619,2023-24,2024-01-24,DET,CHA,1,0.50866
22300620,2023-24,2024-01-24,WAS,MIN,0,0.28969
22300621,2023-24,2024-01-24,MIA,MEM,0,0.797
22300622,2023-24,2024-01-24,SAS,OKC,0,0.36873
22300623,2023-24,2024-01-24,HOU,POR,0,0.82374
22300624,2023-24,2024-01-24,MIL,CLE,1,0.64588
22300625,2023-24,2024-01-24,DAL,PHX,0,0.45186
22300626,2023-24,2024-01-24,GSW,ATL,1,0.67943
22300627,2023-24,2024-01-25,IND,PHI,1,0.34031
22300628,2023-24,2024-01-25,WAS,UTA,0,0.39731
22300629,2023-24,2024-01-25,BKN,MIN,0,0.50249
22300630,2023-24,2024-01-25,MIA,BOS,0,0.21289
22300631,2023-24,2024-01-25,NYK,DEN,1,0.37624
22300632,2023-24,2024-01-25,GSW,SAC,0,0.3958
22300633,2023-24,2024-01-25,LAL,CHI,1,0.56975
22300634,2023-24,2024-01-26,ATL,DAL,0,0.50968
22300635,2023-24,2024-01-26,CHA,HOU,0,0.3171
22300636,2023-24,2024-01-26,IND,PHX,1,0.3236
22300637,2023-24,2024-01-26,TOR,LAC,0,0.36027
22300638,2023-24,2024-01-26,MEM,ORL,1,0.37352
22300639,2023-24,2024-01-26,MIL,CLE,0,0.6605
22300640,2023-24,2024-01-26,NOP,OKC,0,0.55902
22300641,2023-24,2024-01-26,SAS,POR,1,0.55303
22300642,2023-24,2024-01-27,DET,WAS,0,0.51747
22300643,2023-24,2024-01-27,NYK,MIA,1,0.72989
22300644,2023-24,2024-01-27,DEN,PHI,1,0.69993
22300645,2023-24,2024-01-27,BKN,HOU,1,0.60404
22300646,2023-24,2024-01-27,BOS,LAC,0,0.74004
22300647,2023-24,2024-01-27,CHA,UTA,0,0.30188
22300648,2023-24,2024-01-27,MIL,NOP,1,0.70093
22300649,2023-24,2024-01-27,SAS,MIN,1,0.18334
22300650,2023-24,2024-01-27,GSW,LAL,0,0.56145
22300651,2023-24,2024-01-27,DAL,SAC,0,0.41223
22300652,2023-24,2024-01-28,IND,MEM,1,0.75228
22300653,2023-24,2024-01-28,ATL,TOR,1,0.62856
22300654,2023-24,2024-01-28,DET,OKC,1,0.16288
22300655,2023-24,2024-01-28,ORL,PHX,1,0.4418
22300656,2023-24,2024-01-28,POR,CHI,0,0.32757
22300657,2023-24,2024-01-29,CHA,NYK,0,0.17906
22300658,2023-24,2024-01-29,CLE,LAC,1,0.48077
22300659,2023-24,2024-01-29,BOS,NOP,1,0.73662
22300660,2023-24,2024-01-29,BKN,UTA,1,0.62205
22300661,2023-24,2024-01-29,MIA,PHX,0,0.5851
22300662,2023-24,2024-01-29,HOU,LAL,1,0.54457
22300663,2023-24,2024-01-29,MEM,SAC,0,0.22733
22300664,2023-24,2024-01-29,OKC,MIN,0,0.46743
22300665,2023-24,2024-01-29,SAS,WAS,0,0.57939
22300666,2023-24,2024-01-29,DAL,ORL,1,0.67942
22300667,2023-24,2024-01-29,DEN,MIL,1,0.70953
22300668,2023-24,2024-01-29,POR,PHI,1,0.24143
22300669,2023-24,2024-01-30,ATL,LAL,1,0.56861
22300670,2023-24,2024-01-30,BOS,IND,1,0.77486
22300671,2023-24,2024-01-30,NYK,UTA,1,0.77256
22300672,2023-24,2024-01-30,CHI,TOR,0,0.65484
22300673,2023-24,2024-01-30,GSW,PHI,1,0.71411
22300674,2023-24,2024-01-31,CHA,CHI,0,0.36756
22300675,2023-24,2024-01-31,CLE,DET,1,0.82866
22300676,2023-24,2024-01-31,WAS,LAC,0,0.20754
22300677,2023-24,2024-01-31,BKN,PHX,0,0.48648
22300678,2023-24,2024-01-31,MIA,SAC,1,0.49002
22300679,2023-24,2024-01-31,HOU,NOP,0,0.48425
22300680,2023-24,2024-01-31,MIN,DAL,1,0.65181
22300681,2023-24,2024-01-31,SAS,ORL,0,0.41795
22300682,2023-24,2024-01-31,OKC,DEN,1,0.40501
22300683,2023-24,2024-01-31,POR,MIL,1,0.20945
22300684,2023-24,2024-02-01,BOS,LAL,0,0.80371
22300685,2023-24,2024-02-01,NYK,IND,1,0.65615
22300686,2023-24,2024-02-01,UTA,PHI,0,0.43545
22300687,2023-24,2024-02-01,MEM,CLE,0,0.27754
22300688,2023-24,2024-02-02,DET,LAC,0,0.23735
22300689,2023-24,2024-02-02,WAS,MIA,0,0.37923
22300690,2023-24,2024-02-02,ATL,PHX,1,0.4181
22300691,2023-24,2024-02-02,IND,SAC,0,0.51528
22300692,2023-24,2024-02-02,HOU,TOR,1,0.63116
22300693,2023-24,2024-02-02,MEM,GSW,0,0.20267
22300694,2023-24,2024-02-02,MIN,ORL,0,0.70737
22300695,2023-24,2024-02-02,OKC,CHA,1,0.8932
22300696,2023-24,2024-02-02,SAS,NOP,0,0.29012
22300697,2023-24,2024-02-02,DEN,POR,1,0.85625
22300698,2023-24,2024-02-03,PHI,BKN,0,0.6084
22300699,2023-24,2024-02-03,ATL,GSW,1,0.52752
22300700,2023-24,2024-02-03,CHI,SAC,0,0.60371
22300701,2023-24,2024-02-03,NYK,LAL,0,0.75308
22300702,2023-24,2024-02-03,DAL,MIL,0,0.29309
22300703,2023-24,2024-02-03,SAS,CLE,0,0.18636
22300704,2023-24,2024-02-04,DET,ORL,0,0.31784
22300705,2023-24,2024-02-04,WAS,PHX,0,0.2525
22300706,2023-24,2024-02-04,BOS,MEM,1,0.92262
22300707,2023-24,2024-02-04,CHA,IND,0,0.24257
22300708,2023-24,2024-02-04,MIA,LAC,0,0.3529
22300709,2023-24,2024-02-04,MIN,HOU,1,0.71332
22300710,2023-24,2024-02-04,OKC,TOR,1,0.72497
22300711,2023-24,2024-02-04,UTA,MIL,1,0.41069
22300712,2023-24,2024-02-04,DEN,POR,1,0.89283
22300713,2023-24,2024-02-05,CHA,LAL,0,0.14598
22300714,2023-24,2024-02-05,CLE,SAC,1,0.63093
22300715,2023-24,2024-02-05,PHI,DAL,0,0.58689
22300716,2023-24,2024-02-05,ATL,LAC,0,0.46501
22300717,2023-24,2024-02-05,BKN,GSW,0,0.54895
22300718,2023-24,2024-02-05,NOP,TOR,1,0.78196
22300719,2023-24,2024-02-06,IND,HOU,1,0.62692
22300720,2023-24,2024-02-06,BKN,DAL,0,0.5535
22300721,2023-24,2024-02-06,MIA,ORL,1,0.51533
22300722,2023-24,2024-02-06,NYK,MEM,1,0.91481
22300723,2023-24,2024-02-06,CHI,MIN,1,0.3772
22300724,2023-24,2024-02-06,UTA,OKC,1,0.37849
22300725,2023-24,2024-02-06,PHX,MIL,1,0.52428
22300726,2023-24,2024-02-07,CHA,TOR,0,0.28757
22300727,2023-24,2024-02-07,PHI,GSW,0,0.51201
22300728,2023-24,2024-02-07,WAS,CLE,0,0.22159
22300729,2023-24,2024-02-07,BOS,ATL,1,0.81355
22300730,2023-24,2024-02-07,MIA,SAS,1,0.63181
22300731,2023-24,2024-02-07,LAC,NOP,0,0.65695
22300732,2023-24,2024-02-07,SAC,DET,0,0.79084
22300733,2023-24,2024-02-08,IND,GSW,0,0.73422
22300734,2023-24,2024-02-08,ORL,SAS,1,0.81487
22300735,2023-24,2024-02-08,BKN,CLE,0,0.47336
22300736,2023-24,2024-02-08,NYK,DAL,0,0.70093
22300737,2023-24,2024-02-08,MEM,CHI,0,0.32019
22300738,2023-24,2024-02-08,MIL,MIN,0,0.52201
22300739,2023-24,2024-02-08,PHX,UTA,1,0.72998
22300740,2023-24,2024-02-08,LAL,DEN,0,0.33987
22300741,2023-24,2024-02-08,POR,DET,0,0.65065
22300742,2023-24,2024-02-09,PHI,ATL,0,0.54022
22300743,2023-24,2024-02-09,BOS,WAS,1,0.90697
22300744,2023-24,2024-02-09,TOR,HOU,1,0.51915
22300745,2023-24,2024-02-09,MIL,CHA,1,0.82745
22300746,2023-24,2024-02-09,SAC,DEN,1,0.45828
22300747,2023-24,2024-02-09,LAL,NOP,1,0.35853
22300748,2023-24,2024-02-10,DAL,OKC,1,0.46547
22300749,2023-24,2024-02-10,LAC,DET,1,0.89565
22300750,2023-24,2024-02-10,BKN,SAS,1,0.6343
22300751,2023-24,2024-02-10,CHA,MEM,1,0.34786
22300752,2023-24,2024-02-10,ORL,CHI,1,0.63562
22300753,2023-24,2024-02-10,WAS,PHI,0,0.3445
22300754,2023-24,2024-02-10,ATL,HOU,1,0.61592
22300755,2023-24,2024-02-10,NYK,IND,0,0.57648
22300756,2023-24,2024-02-10,TOR,CLE,0,0.23908
22300757,2023-24,2024-02-10,GSW,PHX,1,0.50645
22300758,2023-24,2024-02-10,POR,NOP,0,0.29925
22300759,2023-24,2024-02-11,MIA,BOS,0,0.33702
22300760,2023-24,2024-02-11,OKC,SAC,1,0.55103
22300761,2023-24,2024-02-12,CHA,IND,1,0.20881
22300762,2023-24,2024-02-12,CLE,PHI,0,0.74329
22300763,2023-24,2024-02-12,ATL,CHI,0,0.59387
22300764,2023-24,2024-02-12,TOR,SAS,0,0.64833
22300765,2023-24,2024-02-12,HOU,NYK,1,0.41333
22300766,2023-24,2024-02-12,MEM,NOP,0,0.22902
22300767,2023-24,2024-02-12,MIL,DEN,1,0.51745
22300768,2023-24,2024-02-12,DAL,WAS,1,0.84073
22300769,2023-24,2024-02-12,UTA,GSW,0,0.50821
22300770,2023-24,2024-02-12,LAC,MIN,0,0.56168
22300771,2023-24,2024-02-13,BKN,BOS,0,0.2547
22300772,2023-24,2024-02-13,ORL,OKC,0,0.49736
22300773,2023-24,2024-02-13,MIL,MIA,0,0.604
22300774,2023-24,2024-02-13,PHX,SAC,1,0.67556
22300775,2023-24,2024-02-13,POR,MIN,0,0.2564
22300776,2023-24,2024-02-13,LAL,DET,1,0.83915
22300777,2023-24,2024-02-14,CHA,ATL,1,0.30053
22300778,2023-24,2024-02-14,ORL,NYK,1,0.46796
22300779,2023-24,2024-02-14,PHI,MIA,0,0.68539
22300780,2023-24,2024-02-14,BOS,BKN,1,0.84668
22300781,2023-24,2024-02-14,CLE,CHI,1,0.76555
22300782,2023-24,2024-02-14,TOR,IND,0,0.34768
22300783,2023-24,2024-02-14,MEM,HOU,1,0.41482
22300784,2023-24,2024-02-14,NOP,WAS,1,0.8701
22300785,2023-24,2024-02-14,DAL,SAS,1,0.80874
22300786,2023-24,2024-02-14,DEN,SAC,0,0.74318
22300787,2023-24,2024-02-14,PHX,DET,1,0.87277
22300788,2023-24,2024-02-14,UTA,LAL,0,0.48935
22300789,2023-24,2024-02-14,GSW,LAC,0,0.39537
22300576,2023-24,2024-02-15,UTA,GSW,0,0.45931
22300790,2023-24,2024-02-15,MEM,MIL,1,0.24202
22300791,2023-24,2024-02-15,POR,MIN,0,0.18417
22300792,2023-24,2024-02-22,CLE,ORL,0,0.70884
22300793,2023-24,2024-02-22,IND,DET,1,0.83764
22300794,2023-24,2024-02-22,PHI,NYK,0,0.51726
22300795,2023-24,2024-02-22,TOR,BKN,1,0.58963
22300796,2023-24,2024-02-22,DAL,PHX,1,0.54517
22300797,2023-24,2024-02-22,CHI,BOS,0,0.29867
22300798,2023-24,2024-02-22,NOP,HOU,1,0.7666
22300799,2023-24,2024-02-22,OKC,LAC,1,0.595
22300800,2023-24,2024-02-22,DEN,WAS,1,0.84906
22300801,2023-24,2024-02-22,UTA,CHA,0,0.74962
22300802,2023-24,2024-02-22,GSW,LAL,1,0.54306
22300803,2023-24,2024-02-22,SAC,SAS,1,0.7937
22300804,2023-24,2024-02-23,ATL,TOR,0,0.77387
22300805,2023-24,2024-02-23,PHI,CLE,1,0.41972
22300806,2023-24,2024-02-23,HOU,PHX,1,0.422
22300807,2023-24,2024-02-23,MEM,LAC,0,0.32955
22300808,2023-24,2024-02-23,MIN,MIL,0,0.6927
22300809,2023-24,2024-02-23,OKC,WAS,1,0.87709
22300810,2023-24,2024-02-23,NOP,MIA,0,0.57536
22300811,2023-24,2024-02-23,GSW,CHA,1,0.80817
22300812,2023-24,2024-02-23,POR,DEN,0,0.33183
22300813,2023-24,2024-02-23,LAL,SAS,1,0.76471
22300814,2023-24,2024-02-24,DET,ORL,0,0.27474
22300815,2023-24,2024-02-24,MIN,BKN,1,0.78211
22300816,2023-24,2024-02-24,NYK,BOS,0,0.33104
22300817,2023-24,2024-02-25,PHI,MIL,0,0.44115
22300818,2023-24,2024-02-25,PHX,LAL,1,0.60137
22300819,2023-24,2024-02-25,IND,DAL,1,0.53716
22300820,2023-24,2024-02-25,WAS,CLE,0,0.2031
22300821,2023-24,2024-02-25,ATL,ORL,1,0.60483
22300822,2023-24,2024-02-25,HOU,OKC,0,0.39493
22300823,2023-24,2024-02-25,NOP,CHI,0,0.67166
22300824,2023-24,2024-02-25,GSW,DEN,0,0.48616
22300825,2023-24,2024-02-25,UTA,SAS,1,0.6763
22300826,2023-24,2024-02-25,POR,CHA,0,0.56874
22300827,2023-24,2024-02-25,LAC,SAC,0,0.68078
22300828,2023-24,2024-02-26,NYK,DET,1,0.82151
22300829,2023-24,2024-02-26,IND,TOR,0,0.6403
22300830,2023-24,2024-02-26,MEM,BKN,0,0.4907
22300831,2023-24,2024-02-26,SAC,MIA,0,0.51943
22300832,2023-24,2024-02-27,CLE,DAL,1,0.66992
22300833,2023-24,2024-02-27,ORL,BKN,1,0.73751
22300834,2023-24,2024-02-27,WAS,GSW,0,0.27851
22300835,2023-24,2024-02-27,ATL,UTA,1,0.62283
22300836,2023-24,2024-02-27,BOS,PHI,1,0.81881
22300837,2023-24,2024-02-27,NYK,NOP,0,0.42063
22300838,2023-24,2024-02-27,MIN,SAS,1,0.89041
22300839,2023-24,2024-02-27,CHI,DET,0,0.84208
22300840,2023-24,2024-02-27,MIL,CHA,1,0.85918
22300841,2023-24,2024-02-27,OKC,HOU,1,0.74788
22300842,2023-24,2024-02-27,POR,MIA,0,0.34527
22300843,2023-24,2024-02-28,IND,NOP,1,0.65222
22300844,2023-24,2024-02-28,TOR,DAL,0,0.46934
22300845,2023-24,2024-02-28,MIN,MEM,1,0.85713
22300846,2023-24,2024-02-28,CHI,CLE,1,0.37282
22300847,2023-24,2024-02-28,DEN,SAC,1,0.72121
22300848,2023-24,2024-02-28,LAC,LAL,0,0.61118
22300849,2023-24,2024-02-29,CHA,MIL,0,0.19997
22300850,2023-24,2024-02-29,ORL,UTA,1,0.69745
22300851,2023-24,2024-02-29,BKN,ATL,1,0.49568
22300852,2023-24,2024-02-29,NYK,GSW,0,0.41501
22300853,2023-24,2024-02-29,SAS,OKC,1,0.22836
22300854,2023-24,2024-02-29,PHX,HOU,1,0.73711
22300855,2023-24,2024-02-29,DEN,MIA,1,0.63751
22300856,2023-24,2024-02-29,LAL,WAS,1,0.7684
22300857,2023-24,2024-03-01,DET,CLE,0,0.18474
22300858,2023-24,2024-03-01,PHI,CHA,1,0.85002
22300859,2023-24,2024-03-01,BOS,DAL,1,0.74257
22300860,2023-24,2024-03-01,TOR,GSW,0,0.44781
22300861,2023-24,2024-03-01,MEM,POR,0,0.54775
22300862,2023-24,2024-03-01,MIN,SAC,0,0.7591
22300863,2023-24,2024-03-01,NOP,IND,1,0.57601
22300864,2023-24,2024-03-01,CHI,MIL,0,0.4187
22300865,2023-24,2024-03-01,LAC,WAS,1,0.8611
22300866,2023-24,2024-03-02,BKN,ATL,1,0.56156
22300867,2023-24,2024-03-02,MIA,UTA,1,0.73773
22300868,2023-24,2024-03-02,MEM,POR,0,0.50134
22300869,2023-24,2024-03-02,LAL,DEN,0,0.38703
22300870,2023-24,2024-03-02,PHX,HOU,0,0.7165
22300871,2023-24,2024-03-03,DAL,PHI,0,0.64239
22300872,2023-24,2024-03-03,BOS,GSW,1,0.73253
22300873,2023-24,2024-03-03,MIN,LAC,0,0.64396
22300874,2023-24,2024-03-03,ORL,DET,1,0.8111
22300875,2023-24,2024-03-03,TOR,CHA,1,0.7039
22300876,2023-24,2024-03-03,CLE,NYK,0,0.7101
22300877,2023-24,2024-03-03,SAS,IND,1,0.38517
22300878,2023-24,2024-03-03,PHX,OKC,0,0.44336
22300879,2023-24,2024-03-04,BKN,MEM,0,0.76414
22300880,2023-24,2024-03-04,MIL,LAC,1,0.70133
22300881,2023-24,2024-03-04,MIN,POR,1,0.86709
22300882,2023-24,2024-03-04,UTA,WAS,1,0.62692
22300883,2023-24,2024-03-04,SAC,CHI,0,0.59105
22300884,2023-24,2024-03-04,LAL,OKC,1,0.56591
22300885,2023-24,2024-03-05,CHA,ORL,0,0.32953
22300886,2023-24,2024-03-05,CLE,BOS,1,0.35239
22300887,2023-24,2024-03-05,BKN,PHI,1,0.43734
22300888,2023-24,2024-03-05,MIA,DET,1,0.82718
22300889,2023-24,2024-03-05,NYK,ATL,0,0.61749
22300890,2023-24,2024-03-05,TOR,NOP,0,0.32207
22300891,2023-24,2024-03-05,HOU,SAS,1,0.72226
22300892,2023-24,2024-03-05,DAL,IND,0,0.63523
22300893,2023-24,2024-03-05,DEN,PHX,0,0.74337
22300894,2023-24,2024-03-06,WAS,ORL,0,0.38419
22300895,2023-24,2024-03-06,ATL,CLE,1,0.39612
22300896,2023-24,2024-03-06,PHI,MEM,0,0.73618
22300897,2023-24,2024-03-06,HOU,LAC,0,0.34782
22300898,2023-24,2024-03-06,UTA,CHI,0,0.46164
22300899,2023-24,2024-03-06,GSW,MIL,1,0.4941
22300900,2023-24,2024-03-06,POR,OKC,0,0.20038
22300901,2023-24,2024-03-06,LAL,SAC,0,0.6347
22300902,2023-24,2024-03-07,DET,BKN,1,0.36365
22300903,2023-24,2024-03-07,IND,MIN,0,0.38925
22300904,2023-24,2024-03-07,DAL,MIA,1,0.6482
22300905,2023-24,2024-03-07,PHX,TOR,1,0.8102
22300906,2023-24,2024-03-07,DEN,BOS,1,0.54043
22300907,2023-24,2024-03-07,GSW,CHI,0,0.65184
22300908,2023-24,2024-03-07,SAC,SAS,1,0.71168
22300909,2023-24,2024-03-08,PHI,NOP,0,0.38806
22300910,2023-24,2024-03-08,WAS,CHA,1,0.57339
22300911,2023-24,2024-03-08,CLE,MIN,1,0.53163
22300912,2023-24,2024-03-08,NYK,ORL,1,0.48473
22300913,2023-24,2024-03-08,MEM,ATL,0,0.39978
22300914,2023-24,2024-03-08,OKC,MIA,1,0.76584
22300915,2023-24,2024-03-08,LAL,MIL,1,0.52017
22300916,2023-24,2024-03-08,POR,HOU,0,0.33108
22300917,2023-24,2024-03-09,LAC,CHI,1,0.78317
22300918,2023-24,2024-03-09,CHA,BKN,1,0.25473
22300919,2023-24,2024-03-09,DET,DAL,0,0.22956
22300920,2023-24,2024-03-09,PHX,BOS,0,0.32822
22300921,2023-24,2024-03-09,GSW,SAS,0,0.78449
22300922,2023-24,2024-03-09,DEN,UTA,1,0.87074
22300923,2023-24,2024-03-09,POR,TOR,1,0.41781
22300924,2023-24,2024-03-10,LAC,MIL,0,0.47878
22300925,2023-24,2024-03-10,ATL,NOP,0,0.38131
22300926,2023-24,2024-03-10,MIA,WAS,0,0.81471
22300927,2023-24,2024-03-10,NYK,PHI,0,0.58002
22300928,2023-24,2024-03-10,ORL,IND,0,0.52848
22300929,2023-24,2024-03-10,SAC,HOU,0,0.59897
22300930,2023-24,2024-03-10,CLE,BKN,0,0.81124
22300931,2023-24,2024-03-10,OKC,MEM,1,0.87962
22300932,2023-24,2024-03-10,LAL,MIN,1,0.44537
22300933,2023-24,2024-03-11,DET,CHA,1,0.60485
22300934,2023-24,2024-03-11,CLE,PHX,0,0.3701
22300935,2023-24,2024-03-11,CHI,DAL,0,0.38689
22300936,2023-24,2024-03-11,SAS,GSW,0,0.3471
22300937,2023-24,2024-03-11,DEN,TOR,1,0.89525
22300938,2023-24,2024-03-11,POR,BOS,0,0.10266
22300939,2023-24,2024-03-12,NYK,PHI,1,0.54085
22300940,2023-24,2024-03-12,MEM,WAS,1,0.5278
22300941,2023-24,2024-03-12,OKC,IND,0,0.62047
22300942,2023-24,2024-03-12,SAS,HOU,0,0.28556
22300943,2023-24,2024-03-12,UTA,BOS,0,0.22554
22300944,2023-24,2024-03-12,LAC,MIN,0,0.45356
22300945,2023-24,2024-03-12,SAC,MIL,1,0.41001
22300946,2023-24,2024-03-13,DET,TOR,1,0.52659
22300947,2023-24,2024-03-13,ORL,BKN,1,0.6953
22300948,2023-24,2024-03-13,IND,CHI,0,0.68976
22300949,2023-24,2024-03-13,MIA,DEN,0,0.31995
22300950,2023-24,2024-03-13,MEM,CHA,0,0.54649
22300951,2023-24,2024-03-13,NOP,CLE,0,0.73158
22300952,2023-24,2024-03-13,DAL,GSW,1,0.67373
22300953,2023-24,2024-03-13,POR,ATL,1,0.35108
22300954,2023-24,2024-03-13,SAC,LAL,1,0.39836
22300955,2023-24,2024-03-14,BOS,PHX,1,0.709
22300956,2023-24,2024-03-14,CHI,LAC,0,0.29319
22300957,2023-24,2024-03-14,HOU,WAS,1,0.80387
22300958,2023-24,2024-03-14,MIL,PHI,1,0.71955
22300959,2023-24,2024-03-14,OKC,DAL,1,0.66262
22300960,2023-24,2024-03-14,POR,NYK,0,0.21065
22300961,2023-24,2024-03-15,CHA,PHX,0,0.21854
22300962,2023-24,2024-03-15,DET,MIA,0,0.31227
22300963,2023-24,2024-03-15,TOR,ORL,0,0.35615
22300964,2023-24,2024-03-15,NOP,LAC,1,0.64836
22300965,2023-24,2024-03-15,SAS,DEN,0,0.16751
22300966,2023-24,2024-03-15,UTA,ATL,1,0.47674
22300967,2023-24,2024-03-16,HOU,CLE,1,0.46629
22300968,2023-24,2024-03-16,IND,BKN,1,0.76671
22300969,2023-24,2024-03-16,PHI,CHA,1,0.8559
22300970,2023-24,2024-03-16,NOP,POR,1,0.82722
22300971,2023-24,2024-03-16,CHI,WAS,1,0.72873
22300972,2023-24,2024-03-16,MEM,OKC,0,0.17549
22300973,2023-24,2024-03-16,LAL,GSW,0,0.69961
22300974,2023-24,2024-03-16,UTA,MIN,0,0.13389
22300975,2023-24,2024-03-16,SAC,NYK,0,0.4962
22300976,2023-24,2024-03-17,MIL,PHX,1,0.58081
22300977,2023-24,2024-03-17,DET,MIA,0,0.2915
22300978,2023-24,2024-03-17,DAL,DEN,1,0.39232
22300979,2023-24,2024-03-17,ORL,TOR,1,0.76257
22300980,2023-24,2024-03-17,WAS,BOS,0,0.05493
22300981,2023-24,2024-03-17,SAS,BKN,1,0.57596
22300982,2023-24,2024-03-17,LAC,ATL,0,0.76564
22300983,2023-24,2024-03-18,IND,CLE,0,0.63037
22300984,2023-24,2024-03-18,BOS,DET,1,0.92724
22300985,2023-24,2024-03-18,PHI,MIA,1,0.6097
22300986,2023-24,2024-03-18,CHI,POR,1,0.74648
22300987,2023-24,2024-03-18,UTA,MIN,0,0.18525
22300988,2023-24,2024-03-18,GSW,NYK,0,0.53132
22300989,2023-24,2024-03-18,SAC,MEM,1,0.77114
22300990,2023-24,2024-03-18,LAL,ATL,1,0.7836
22300991,2023-24,2024-03-19,ORL,CHA,1,0.82681
22300992,2023-24,2024-03-19,WAS,HOU,0,0.21748
22300993,2023-24,2024-03-19,BKN,NOP,0,0.30471
22300994,2023-24,2024-03-19,SAS,DAL,0,0.28509
22300995,2023-24,2024-03-19,MIN,DEN,0,0.3829
22300996,2023-24,2024-03-20,CLE,MIA,0,0.59786
22300997,2023-24,2024-03-20,DET,IND,0,0.17717
22300998,2023-24,2024-03-20,BOS,MIL,1,0.68566
22300999,2023-24,2024-03-20,TOR,SAC,0,0.34004
22301000,2023-24,2024-03-20,OKC,UTA,1,0.86405
22301001,2023-24,2024-03-20,GSW,MEM,1,0.81455
22301002,2023-24,2024-03-20,PHX,PHI,1,0.7585
22301003,2023-24,2024-03-20,POR,LAC,0,0.21093
22301004,2023-24,2024-03-21,ORL,NOP,1,0.43723
22301005,2023-24,2024-03-21,WAS,SAC,1,0.24996
22301006,2023-24,2024-03-21,HOU,CHI,1,0.64911
22301007,2023-24,2024-03-21,MIL,BKN,1,0.72773
22301008,2023-24,2024-03-21,DAL,UTA,1,0.88188
22301009,2023-24,2024-03-21,DEN,NYK,1,0.7507
22301010,2023-24,2024-03-21,PHX,ATL,1,0.74494
22301011,2023-24,2024-03-22,DET,BOS,0,0.10278
22301012,2023-24,2024-03-22,TOR,OKC,0,0.17868
22301013,2023-24,2024-03-22,MIA,NOP,0,0.49694
22301014,2023-24,2024-03-22,MIN,CLE,1,0.72998
22301015,2023-24,2024-03-22,SAS,MEM,0,0.67322
22301016,2023-24,2024-03-22,GSW,IND,0,0.55793
22301017,2023-24,2024-03-22,POR,LAC,0,0.19353
22301018,2023-24,2024-03-22,LAL,PHI,1,0.74836
22301019,2023-24,2024-03-23,NYK,BKN,1,0.73956
22301020,2023-24,2024-03-23,ORL,SAC,0,0.58266
22301021,2023-24,2024-03-23,ATL,CHA,1,0.74189
22301022,2023-24,2024-03-23,WAS,TOR,1,0.6476
22301023,2023-24,2024-03-23,CHI,BOS,0,0.33444
22301024,2023-24,2024-03-23,HOU,UTA,1,0.75337
22301025,2023-24,2024-03-23,SAS,PHX,0,0.19528
22301026,2023-24,2024-03-23,POR,DEN,0,0.07758
22301027,2023-24,2024-03-24,DET,NOP,0,0.16241
22301028,2023-24,2024-03-24,LAC,PHI,0,0.71288
22301029,2023-24,2024-03-24,MIA,CLE,1,0.51036
22301030,2023-24,2024-03-24,MIL,OKC,1,0.55848
22301031,2023-24,2024-03-24,MIN,GSW,1,0.63889
22301032,2023-24,2024-03-24,LAL,IND,1,0.52557
22301033,2023-24,2024-03-25,CLE,CHA,1,0.76849
22301034,2023-24,2024-03-25,ATL,BOS,1,0.25972
22301035,2023-24,2024-03-25,NYK,DET,1,0.91955
22301036,2023-24,2024-03-25,TOR,BKN,0,0.38729
22301037,2023-24,2024-03-25,CHI,WAS,0,0.77319
22301038,2023-24,2024-03-25,HOU,POR,1,0.82455
22301039,2023-24,2024-03-25,SAS,PHX,1,0.25323
22301040,2023-24,2024-03-25,DEN,MEM,1,0.85159
22301041,2023-24,2024-03-25,UTA,DAL,0,0.19527
22301042,2023-24,2024-03-25,SAC,PHI,1,0.71368
22301043,2023-24,2024-03-25,LAC,IND,0,0.55045
22301044,2023-24,2024-03-26,MIA,GSW,0,0.4371
22301045,2023-24,2024-03-26,MIL,LAL,0,0.69687
22301046,2023-24,2024-03-26,NOP,OKC,0,0.53515
22301047,2023-24,2024-03-26,SAC,DAL,0,0.46041
22301048,2023-24,2024-03-27,CHA,CLE,1,0.2394
22301049,2023-24,2024-03-27,ORL,GSW,0,0.57001
22301050,2023-24,2024-03-27,WAS,BKN,0,0.38069
22301051,2023-24,2024-03-27,ATL,POR,1,0.79278
22301052,2023-24,2024-03-27,PHI,LAC,0,0.46184
22301053,2023-24,2024-03-27,TOR,NYK,0,0.19375
22301054,2023-24,2024-03-27,CHI,IND,1,0.3596
22301055,2023-24,2024-03-27,MEM,LAL,0,0.31836
22301056,2023-24,2024-03-27,MIN,DET,1,0.9377
22301057,2023-24,2024-03-27,OKC,HOU,0,0.65144
22301058,2023-24,2024-03-27,UTA,SAS,0,0.54801
22301059,2023-24,2024-03-27,DEN,PHX,0,0.55669
22301060,2023-24,2024-03-28,ATL,BOS,1,0.22931
22301061,2023-24,2024-03-28,NOP,MIL,1,0.51461
22301062,2023-24,2024-03-29,CHA,GSW,0,0.157
22301063,2023-24,2024-03-29,IND,LAL,1,0.614
22301064,2023-24,2024-03-29,ORL,LAC,0,0.50767
22301065,2023-24,2024-03-29,WAS,DET,0,0.63724
22301066,2023-24,2024-03-29,BKN,CHI,1,0.44236
22301067,2023-24,2024-03-29,CLE,PHI,1,0.57246
22301068,2023-24,2024-03-29,MIA,POR,1,0.8108
22301069,2023-24,2024-03-29,OKC,PHX,1,0.55794
22301070,2023-24,2024-03-29,SAS,NYK,1,0.31707
22301071,2023-24,2024-03-29,DEN,MIN,0,0.59817
22301072,2023-24,2024-03-29,UTA,HOU,0,0.36465
22301073,2023-24,2024-03-29,SAC,DAL,0,0.39525
22301074,2023-24,2024-03-30,NOP,BOS,0,0.37499
22301075,2023-24,2024-03-30,ORL,MEM,1,0.72832
22301076,2023-24,2024-03-30,ATL,MIL,0,0.3287
22301077,2023-24,2024-03-31,DEN,CLE,1,0.67359
22301078,2023-24,2024-03-31,BKN,LAL,0,0.31567
22301079,2023-24,2024-03-31,CHA,LAC,0,0.1505
22301080,2023-24,2024-03-31,TOR,PHI,0,0.25472
22301081,2023-24,2024-03-31,WAS,MIA,0,0.28288
22301082,2023-24,2024-03-31,NYK,OKC,0,0.57028
22301083,2023-24,2024-03-31,HOU,DAL,0,0.4114
22301084,2023-24,2024-03-31,MIN,CHI,0,0.75962
22301085,2023-24,2024-03-31,SAS,GSW,0,0.26861
22301086,2023-24,2024-03-31,SAC,UTA,1,0.75738
22301087,2023-24,2024-04-01,CHA,BOS,0,0.05071
22301088,2023-24,2024-04-01,DET,MEM,0,0.51309
22301089,2023-24,2024-04-01,IND,BKN,1,0.8696
22301090,2023-24,2024-04-01,ORL,POR,1,0.86375
22301091,2023-24,2024-04-01,CHI,ATL,0,0.50534
22301092,2023-24,2024-04-01,NOP,PHX,0,0.54109
22300589,2023-24,2024-04-02,GSW,DAL,1,0.50194
22301093,2023-24,2024-04-02,PHI,OKC,1,0.3496
22301094,2023-24,2024-04-02,TOR,LAL,0,0.13588
22301095,2023-24,2024-04-02,WAS,MIL,1,0.14629
22301096,2023-24,2024-04-02,MIA,NYK,1,0.47689
22301098,2023-24,2024-04-02,MIN,HOU,1,0.74321
22301099,2023-24,2024-04-02,DEN,SAS,1,0.84629
22301100,2023-24,2024-04-02,UTA,CLE,0,0.2546
22301101,2023-24,2024-04-02,SAC,LAC,1,0.39628
22301102,2023-24,2024-04-03,CHA,POR,0,0.59747
22301103,2023-24,2024-04-03,WAS,LAL,0,0.20098
22301104,2023-24,2024-04-03,ATL,DET,1,0.80883
22301105,2023-24,2024-04-03,BOS,OKC,1,0.81125
22301106,2023-24,2024-04-03,BKN,IND,1,0.26016
22301107,2023-24,2024-04-03,MIL,MEM,0,0.8474
22301108,2023-24,2024-04-03,MIN,TOR,1,0.90471
22301109,2023-24,2024-04-03,NOP,ORL,0,0.63
22301110,2023-24,2024-04-03,PHX,CLE,1,0.73374
22301111,2023-24,2024-04-04,MIA,PHI,0,0.53243
22301112,2023-24,2024-04-04,NYK,SAC,1,0.68113
22301113,2023-24,2024-04-04,HOU,GSW,0,0.44788
22301114,2023-24,2024-04-04,LAC,DEN,1,0.41816
22301124,2023-24,2024-04-04,DAL,ATL,1,0.83216
22301097,2023-24,2024-04-05,DAL,GSW,1,0.65624
22301115,2023-24,2024-04-05,CHA,ORL,1,0.20853
22301116,2023-24,2024-04-05,IND,OKC,1,0.62943
22301117,2023-24,2024-04-05,WAS,POR,0,0.63954
22301118,2023-24,2024-04-05,BOS,SAC,1,0.88422
22301119,2023-24,2024-04-05,CHI,NYK,1,0.54176
22301120,2023-24,2024-04-05,HOU,MIA,0,0.50615
22301121,2023-24,2024-04-05,MEM,DET,1,0.62976
22301122,2023-24,2024-04-05,MIL,TOR,0,0.91368
22301123,2023-24,2024-04-05,NOP,SAS,0,0.786
22301125,2023-24,2024-04-05,PHX,MIN,1,0.59966
22301126,2023-24,2024-04-05,LAC,UTA,1,0.73889
22301127,2023-24,2024-04-06,LAL,CLE,1,0.58089
22301128,2023-24,2024-04-06,BKN,DET,1,0.8025
22301129,2023-24,2024-04-06,MEM,PHI,0,0.13556
22301130,2023-24,2024-04-06,DEN,ATL,1,0.78895
22301131,2023-24,2024-04-07,DAL,HOU,1,0.74062
22301132,2023-24,2024-04-07,LAC,CLE,1,0.52939
22301133,2023-24,2024-04-07,IND,MIA,1,0.67123
22301134,2023-24,2024-04-07,BOS,POR,1,0.96005
22301135,2023-24,2024-04-07,CHA,OKC,0,0.23365
22301136,2023-24,2024-04-07,ORL,CHI,1,0.62165
22301137,2023-24,2024-04-07,TOR,WAS,1,0.5164
22301138,2023-24,2024-04-07,PHX,NOP,0,0.6505
22301139,2023-24,2024-04-07,MIL,NYK,0,0.54362
22301140,2023-24,2024-04-07,SAS,PHI,0,0.38122
22301141,2023-24,2024-04-07,BKN,SAC,0,0.29792
22301142,2023-24,2024-04-07,GSW,UTA,1,0.90413
22301143,2023-24,2024-04-07,LAL,MIN,0,0.46454
22301144,2023-24,2024-04-09,CHA,DAL,0,0.12908
22301145,2023-24,2024-04-09,PHI,DET,1,0.85352
22301146,2023-24,2024-04-09,TOR,IND,0,0.16612
22301147,2023-24,2024-04-09,ATL,MIA,0,0.45226
22301148,2023-24,2024-04-09,MIL,BOS,1,0.40503
22301149,2023-24,2024-04-09,CHI,NYK,0,0.35788
22301150,2023-24,2024-04-09,HOU,ORL,1,0.50041
22301151,2023-24,2024-04-09,MEM,SAS,0,0.3854
22301152,2023-24,2024-04-09,MIN,WAS,1,0.89045
22301153,2023-24,2024-04-09,OKC,SAC,1,0.5919
22301154,2023-24,2024-04-09,UTA,DEN,0,0.1043
22301155,2023-24,2024-04-09,LAL,GSW,0,0.58305
22301156,2023-24,2024-04-09,PHX,LAC,0,0.71778
22301157,2023-24,2024-04-09,POR,NOP,0,0.16477
22301158,2023-24,2024-04-10,CLE,MEM,1,0.92217
22301159,2023-24,2024-04-10,ATL,CHA,0,0.7984
22301160,2023-24,2024-04-10,BKN,TOR,1,0.70904
22301161,2023-24,2024-04-10,MIA,DAL,0,0.44052
22301162,2023-24,2024-04-10,MIL,ORL,1,0.71523
22301163,2023-24,2024-04-10,OKC,SAS,1,0.83527
22301164,2023-24,2024-04-10,DEN,MIN,1,0.60884
22301165,2023-24,2024-04-10,LAC,PHX,0,0.39695
22301166,2023-24,2024-04-11,DET,CHI,0,0.23176
22301167,2023-24,2024-04-11,BOS,NYK,0,0.67069
22301168,2023-24,2024-04-11,UTA,HOU,1,0.23487
22301169,2023-24,2024-04-11,POR,GSW,0,0.14926
22301170,2023-24,2024-04-11,SAC,NOP,0,0.51208
22301171,2023-24,2024-04-12,PHI,ORL,1,0.65825
22301172,2023-24,2024-04-12,WAS,CHI,0,0.35026
22301173,2023-24,2024-04-12,BOS,CHA,1,0.93353
22301174,2023-24,2024-04-12,CLE,IND,1,0.52942
22301175,2023-24,2024-04-12,NYK,BKN,1,0.86534
22301176,2023-24,2024-04-12,MIA,TOR,1,0.88122
22301177,2023-24,2024-04-12,MEM,LAL,0,0.14632
22301178,2023-24,2024-04-12,MIN,ATL,1,0.76644
22301179,2023-24,2024-04-12,OKC,MIL,1,0.56891
22301180,2023-24,2024-04-12,SAS,DEN,1,0.15993
22301181,2023-24,2024-04-12,DAL,DET,0,0.94903
22301182,2023-24,2024-04-12,GSW,NOP,0,0.57261
22301183,2023-24,2024-04-12,POR,HOU,0,0.2403
22301184,2023-24,2024-04-12,LAC,UTA,0,0.8406
22301185,2023-24,2024-04-12,SAC,PHX,0,0.29725
22301186,2023-24,2024-04-14,BOS,WAS,1,0.88671
22301187,2023-24,2024-04-14,CLE,CHA,0,0.90765
22301188,2023-24,2024-04-14,IND,ATL,1,0.74869
22301189,2023-24,2024-04-14,MIA,TOR,1,0.85758
22301190,2023-24,2024-04-14,NYK,CHI,1,0.77883
22301191,2023-24,2024-04-14,ORL,MIL,1,0.55584
22301192,2023-24,2024-04-14,PHI,BKN,1,0.86946
22301193,2023-24,2024-04-14,MEM,DEN,0,0.08826
22301194,2023-24,2024-04-14,MIN,PHX,0,0.54679
22301195,2023-24,2024-04-14,NOP,LAL,0,0.53383
22301196,2023-24,2024-04-14,OKC,DAL,1,0.64968
22301197,2023-24,2024-04-14,SAS,DET,1,0.74015
22301198,2023-24,2024-04-14,GSW,UTA,1,0.89817
22301199,2023-24,2024-04-14,LAC,HOU,0,0.577
22301200,2023-24,2024-04-14,SAC,POR,1,0.87067
52300121,2023-24,2024-04-16,NOP,LAL,0,0.55115
52300131,2023-24,2024-04-16,SAC,GSW,1,0.56952
52300101,2023-24,2024-04-17,PHI,MIA,1,0.59292
52300111,2023-24,2024-04-17,CHI,ATL,1,0.6774
52300201,2023-24,2024-04-19,MIA,CHI,1,0.62781
52300211,2023-24,2024-04-19,NOP,SAC,1,0.65532
42300111,2023-24,2024-04-20,NYK,PHI,1,0.66893
42300131,2023-24,2024-04-20,CLE,ORL,1,0.52309
42300151,2023-24,2024-04-20,DEN,LAL,1,0.67528
42300161,2023-24,2024-04-20,MIN,PHX,1,0.52466
42300101,2023-24,2024-04-21,BOS,MIA,1,0.66295
42300121,2023-24,2024-04-21,MIL,IND,1,0.51888
42300141,2023-24,2024-04-21,OKC,NOP,1,0.61179
42300171,2023-24,2024-04-21,LAC,DAL,1,0.53614
42300112,2023-24,2024-04-22,NYK,PHI,1,0.60734
42300132,2023-24,2024-04-22,CLE,ORL,1,0.62874
42300152,2023-24,2024-04-22,DEN,LAL,1,0.66779
42300122,2023-24,2024-04-23,MIL,IND,0,0.51334
42300162,2023-24,2024-04-23,MIN,PHX,1,0.53255
42300172,2023-24,2024-04-23,LAC,DAL,0,0.44931
42300102,2023-24,2024-04-24,BOS,MIA,0,0.76093
42300142,2023-24,2024-04-24,OKC,NOP,1,0.55071
42300113,2023-24,2024-04-25,PHI,NYK,1,0.53006
42300133,2023-24,2024-04-25,ORL,CLE,1,0.48255
42300153,2023-24,2024-04-25,LAL,DEN,0,0.42174
42300123,2023-24,2024-04-26,IND,MIL,1,0.63773
42300163,2023-24,2024-04-26,PHX,MIN,0,0.59543
42300173,2023-24,2024-04-26,DAL,LAC,1,0.60148
42300103,2023-24,2024-04-27,MIA,BOS,0,0.32822
42300134,2023-24,2024-04-27,ORL,CLE,1,0.5013
42300143,2023-24,2024-04-27,NOP,OKC,0,0.52923
42300154,2023-24,2024-04-27,LAL,DEN,1,0.39208
42300114,2023-24,2024-04-28,PHI,NYK,0,0.52784
42300124,2023-24,2024-04-28,IND,MIL,1,0.63231
42300164,2023-24,2024-04-28,PHX,MIN,0,0.58963
42300174,2023-24,2024-04-28,DAL,LAC,0,0.66578
42300104,2023-24,2024-04-29,MIA,BOS,0,0.27914
42300144,2023-24,2024-04-29,NOP,OKC,0,0.50101
42300155,2023-24,2024-04-29,DEN,LAL,1,0.75357
42300115,2023-24,2024-04-30,NYK,PHI,0,0.58012
42300125,2023-24,2024-04-30,MIL,IND,1,0.42533
42300135,2023-24,2024-04-30,CLE,ORL,1,0.60724
42300105,2023-24,2024-05-01,BOS,MIA,1,0.81204
42300175,2023-24,2024-05-01,LAC,DAL,0,0.46139
42300116,2023-24,2024-05-02,PHI,NYK,0,0.53912
42300126,2023-24,2024-05-02,IND,MIL,1,0.68684
42300136,2023-24,2024-05-03,ORL,CLE,1,0.55545
42300176,2023-24,2024-05-03,DAL,LAC,1,0.75025
42300231,2023-24,2024-05-04,DEN,MIN,0,0.74938
42300137,2023-24,2024-05-05,CLE,ORL,1,0.55778
42300211,2023-24,2024-05-06,NYK,IND,1,0.62063
42300232,2023-24,2024-05-06,DEN,MIN,0,0.76582
42300201,2023-24,2024-05-07,BOS,CLE,1,0.8191
42300221,2023-24,2024-05-07,OKC,DAL,1,0.61582
42300212,2023-24,2024-05-08,NYK,IND,1,0.5998
42300202,2023-24,2024-05-09,BOS,CLE,0,0.78471
42300222,2023-24,2024-05-09,OKC,DAL,0,0.58626
42300213,2023-24,2024-05-10,IND,NYK,1,0.52062
42300233,2023-24,2024-05-10,MIN,DEN,0,0.37692
42300203,2023-24,2024-05-11,CLE,BOS,0,0.35822
42300223,2023-24,2024-05-11,DAL,OKC,1,0.53344
42300214,2023-24,2024-05-12,IND,NYK,1,0.54285
42300234,2023-24,2024-05-12,MIN,DEN,0,0.38015
42300204,2023-24,2024-05-13,CLE,BOS,0,0.37331
42300224,2023-24,2024-05-13,DAL,OKC,0,0.51327
42300215,2023-24,2024-05-14,NYK,IND,1,0.47607
42300235,2023-24,2024-05-14,DEN,MIN,1,0.72486
42300205,2023-24,2024-05-15,BOS,CLE,1,0.78181
42300225,2023-24,2024-05-15,OKC,DAL,0,0.56834
42300236,2023-24,2024-05-16,MIN,DEN,1,0.37589
42300216,2023-24,2024-05-17,IND,NYK,1,0.61026
42300226,2023-24,2024-05-18,DAL,OKC,1,0.56182
42300217,2023-24,2024-05-19,NYK,IND,0,0.50448
42300237,2023-24,2024-05-19,DEN,MIN,0,0.68787
42300301,2023-24,2024-05-21,BOS,IND,1,0.79176
42300311,2023-24,2024-05-22,MIN,DAL,0,0.52462
42300302,2023-24,2024-05-23,BOS,IND,1,0.72657
42300312,2023-24,2024-05-24,MIN,DAL,0,0.54931
42300303,2023-24,2024-05-25,IND,BOS,0,0.38272
42300313,2023-24,2024-05-26,DAL,MIN,1,0.59091
42300304,2023-24,2024-05-27,IND,BOS,0,0.34617
42300314,2023-24,2024-05-28,DAL,MIN,0,0.59446
42300315,2023-24,2024-05-30,MIN,DAL,0,0.54159
42300401,2023-24,2024-06-06,BOS,DAL,1,0.70712
42300402,2023-24,2024-06-09,BOS,DAL,1,0.71732
42300403,2023-24,2024-06-12,DAL,BOS,0,0.40849
42300404,2023-24,2024-06-14,DAL,BOS,1,0.41003
42300405,2023-24,2024-06-17,BOS,DAL,1,0.70621
22400061,2024-25,2024-10-22,BOS,NYK,1,0.71171
22400062,2024-25,2024-10-22,LAL,MIN,1,0.59887
22400063,2024-25,2024-10-23,DET,IND,0,0.15108
22400064,2024-25,2024-10-23,ATL,BKN,1,0.84862
22400065,2024-25,2024-10-23,MIA,ORL,0,0.49288
22400066,2024-25,2024-10-23,PHI,MIL,0,0.64309
22400067,2024-25,2024-10-23,TOR,CLE,0,0.22612
22400068,2024-25,2024-10-23,HOU,CHA,0,0.74602
22400069,2024-25,2024-10-23,NOP,CHI,1,0.6225
22400070,2024-25,2024-10-23,UTA,MEM,0,0.58553
22400071,2024-25,2024-10-23,LAC,PHX,0,0.33953
22400072,2024-25,2024-10-23,POR,GSW,0,0.14116
22400073,2024-25,2024-10-24,WAS,BOS,0,0.1312
22400074,2024-25,2024-10-24,DAL,SAS,1,0.86526
22400075,2024-25,2024-10-24,DEN,OKC,0,0.63686
22400076,2024-25,2024-10-24,SAC,MIN,0,0.64981
22400077,2024-25,2024-10-25,ORL,BKN,1,0.81026
22400078,2024-25,2024-10-25,TOR,PHI,1,0.33646
22400079,2024-25,2024-10-25,ATL,CHA,1,0.64813
22400080,2024-25,2024-10-25,CLE,DET,1,0.8039
22400081,2024-25,2024-10-25,NYK,IND,1,0.57635
22400082,2024-25,2024-10-25,HOU,MEM,1,0.67184
22400083,2024-25,2024-10-25,MIL,CHI,0,0.78985
22400084,2024-25,2024-10-25,UTA,GSW,0,0.21605
22400085,2024-25,2024-10-25,LAL,PHX,1,0.61124
22400086,2024-25,2024-10-25,POR,NOP,0,0.2008
22400087,2024-25,2024-10-26,DEN,LAC,0,0.80331
22400088,2024-25,2024-10-26,CHA,MIA,0,0.33606
22400089,2024-25,2024-10-26,DET,BOS,0,0.13332
22400090,2024-25,2024-10-26,WAS,CLE,0,0.23797
22400091,2024-25,2024-10-26,CHI,OKC,0,0.20702
22400092,2024-25,2024-10-26,MEM,ORL,1,0.32424
22400093,2024-25,2024-10-26,MIN,TOR,1,0.90382
22400094,2024-25,2024-10-26,SAS,HOU,1,0.52059
22400095,2024-25,2024-10-26,PHX,DAL,1,0.48782
22400096,2024-25,2024-10-26,LAL,SAC,1,0.53339
22400097,2024-25,2024-10-27,IND,PHI,0,0.74399
22400098,2024-25,2024-10-27,BKN,MIL,1,0.26086
22400099,2024-25,2024-10-27,POR,NOP,1,0.21569
22400100,2024-25,2024-10-27,OKC,ATL,1,0.76707
22400101,2024-25,2024-10-27,GSW,LAC,0,0.85479
22400102,2024-25,2024-10-28,ORL,IND,1,0.61925
22400103,2024-25,2024-10-28,ATL,WAS,0,0.63414
22400104,2024-25,2024-10-28,BOS,MIL,1,0.79817
22400105,2024-25,2024-10-28,MIA,DET,1,0.69754
22400106,2024-25,2024-10-28,NYK,CLE,0,0.61737
22400107,2024-25,2024-10-28,TOR,DEN,0,0.13456
22400108,2024-25,2024-10-28,MEM,CHI,0,0.57904
22400109,2024-25,2024-10-28,SAS,HOU,0,0.41941
22400110,2024-25,2024-10-28,DAL,UTA,1,0.86891
22400111,2024-25,2024-10-28,PHX,LAL,1,0.56468
22400112,2024-25,2024-10-28,SAC,POR,1,0.90884
22400113,2024-25,2024-10-29,BKN,DEN,0,0.27831
22400114,2024-25,2024-10-29,MIN,DAL,0,0.61542
22400115,2024-25,2024-10-29,UTA,SAC,0,0.19176
22400116,2024-25,2024-10-29,GSW,NOP,1,0.73474
22400117,2024-25,2024-10-30,CHA,TOR,1,0.68852
22400118,2024-25,2024-10-30,CLE,LAL,1,0.57338
22400119,2024-25,2024-10-30,IND,BOS,1,0.3689
22400120,2024-25,2024-10-30,PHI,DET,0,0.62964
22400121,2024-25,2024-10-30,WAS,ATL,1,0.39703
22400122,2024-25,2024-10-30,MIA,NYK,0,0.40396
22400123,2024-25,2024-10-30,CHI,ORL,1,0.37433
22400124,2024-25,2024-10-30,MEM,BKN,0,0.69075
22400125,2024-25,2024-10-30,OKC,SAS,1,0.85511
22400126,2024-25,2024-10-30,GSW,NOP,1,0.73286
22400127,2024-25,2024-10-30,LAC,POR,0,0.78957
22400128,2024-25,2024-10-31,MEM,MIL,1,0.28841
22400129,2024-25,2024-10-31,DAL,HOU,0,0.68881
22400130,2024-25,2024-10-31,UTA,SAS,0,0.53493
22400131,2024-25,2024-10-31,LAC,PHX,0,0.30195
22400132,2024-25,2024-11-01,CHA,BOS,0,0.17959
22400133,2024-25,2024-11-01,CLE,ORL,1,0.69809
22400134,2024-25,2024-11-01,DET,NYK,0,0.27293
22400135,2024-25,2024-11-01,ATL,SAC,0,0.21858
22400136,2024-25,2024-11-01,BKN,CHI,1,0.64568
22400137,2024-25,2024-11-01,TOR,LAL,0,0.2458
22400138,2024-25,2024-11-01,NOP,IND,1,0.43095
22400139,2024-25,2024-11-01,MIN,DEN,1,0.46509
22400140,2024-25,2024-11-01,POR,OKC,0,0.19784
22400141,2024-25,2024-11-02,CHA,BOS,0,0.17427
22400142,2024-25,2024-11-02,PHI,MEM,0,0.53574
22400143,2024-25,2024-11-02,TOR,SAC,1,0.17126
22400144,2024-25,2024-11-02,HOU,GSW,0,0.44651
22400145,2024-25,2024-11-02,MIL,CLE,0,0.51272
22400146,2024-25,2024-11-02,SAS,MIN,1,0.46188
22400148,2024-25,2024-11-02,DEN,UTA,1,0.85811
22400149,2024-25,2024-11-02,PHX,POR,1,0.90389
22400150,2024-25,2024-11-02,LAC,OKC,0,0.43996
22400151,2024-25,2024-11-03,BKN,DET,0,0.63776
22400152,2024-25,2024-11-03,NOP,ATL,0,0.67875
22400153,2024-25,2024-11-03,DAL,ORL,1,0.73004
22400154,2024-25,2024-11-04,CLE,MIL,1,0.67067
22400155,2024-25,2024-11-04,WAS,GSW,0,0.23459
22400156,2024-25,2024-11-04,DET,LAL,1,0.26032
22400157,2024-25,2024-11-04,ATL,BOS,0,0.13135
22400158,2024-25,2024-11-04,BKN,MEM,1,0.45139
22400159,2024-25,2024-11-04,MIA,SAC,0,0.42938
22400160,2024-25,2024-11-04,CHI,UTA,0,0.74571
22400161,2024-25,2024-11-04,HOU,NYK,1,0.36449
22400162,2024-25,2024-11-04,MIN,CHA,1,0.77166
22400163,2024-25,2024-11-04,OKC,ORL,1,0.8214
22400164,2024-25,2024-11-04,NOP,POR,0,0.53136
22400165,2024-25,2024-11-04,DAL,IND,0,0.56443
22400166,2024-25,2024-11-04,DEN,TOR,1,0.85974
22400167,2024-25,2024-11-04,PHX,PHI,1,0.83407
22400168,2024-25,2024-11-04,LAC,SAS,1,0.60383
22400169,2024-25,2024-11-06,CHA,DET,1,0.47153
22400170,2024-25,2024-11-06,IND,ORL,1,0.71703
22400171,2024-25,2024-11-06,ATL,NYK,1,0.19732
22400172,2024-25,2024-11-06,BOS,GSW,0,0.66052
22400173,2024-25,2024-11-06,HOU,SAS,1,0.70774
22400174,2024-25,2024-11-06,MEM,LAL,1,0.40536
22400175,2024-25,2024-11-06,NOP,CLE,0,0.2467
22400176,2024-25,2024-11-06,DAL,CHI,1,0.84009
22400177,2024-25,2024-11-06,DEN,OKC,1,0.45923
22400178,2024-25,2024-11-06,PHX,MIA,1,0.72404
22400179,2024-25,2024-11-06,LAC,PHI,1,0.56001
22400180,2024-25,2024-11-06,SAC,TOR,1,0.87323
22400181,2024-25,2024-11-07,CHI,MIN,0,0.24601
22400182,2024-25,2024-11-07,MIL,UTA,1,0.83796
22400183,2024-25,2024-11-07,SAS,POR,1,0.55145
22400184,2024-25,2024-11-08,CHA,IND,1,0.28856
22400185,2024-25,2024-11-08,DET,ATL,1,0.62921
22400186,2024-25,2024-11-08,ORL,NOP,1,0.70994
22400187,2024-25,2024-11-08,BOS,BKN,1,0.85995
22400188,2024-25,2024-11-08,CLE,GSW,1,0.48164
22400189,2024-25,2024-11-08,NYK,MIL,1,0.76374
22400190,2024-25,2024-11-08,DAL,PHX,0,0.58717
22400191,2024-25,2024-11-08,MEM,WAS,1,0.71217
22400192,2024-25,2024-11-08,OKC,HOU,1,0.68554
22400193,2024-25,2024-11-08,MIN,POR,1,0.83412
22400194,2024-25,2024-11-08,DEN,MIA,1,0.65526
22400195,2024-25,2024-11-08,LAL,PHI,1,0.62244
22400196,2024-25,2024-11-08,SAC,LAC,0,0.76731
22400197,2024-25,2024-11-09,SAS,UTA,0,0.74819
22400198,2024-25,2024-11-09,ATL,CHI,0,0.50319
22400199,2024-25,2024-11-09,CLE,BKN,1,0.79669
22400200,2024-25,2024-11-09,LAC,TOR,1,0.67194
22400201,2024-25,2024-11-10,DET,HOU,0,0.38483
22400202,2024-25,2024-11-10,MIL,BOS,0,0.31486
22400203,2024-25,2024-11-10,IND,NYK,1,0.41426
22400204,2024-25,2024-11-10,ORL,WAS,1,0.79514
22400205,2024-25,2024-11-10,PHI,CHA,1,0.64466
22400206,2024-25,2024-11-10,MIN,MIA,0,0.6814
22400207,2024-25,2024-11-10,OKC,GSW,0,0.60242
22400208,2024-25,2024-11-10,DEN,DAL,1,0.50873
22400209,2024-25,2024-11-10,PHX,SAC,0,0.57598
22400210,2024-25,2024-11-10,POR,MEM,0,0.39598
22400211,2024-25,2024-11-10,LAL,TOR,1,0.81176
22400212,2024-25,2024-11-11,CHI,CLE,0,0.24658
22400213,2024-25,2024-11-11,HOU,WAS,1,0.85779
22400214,2024-25,2024-11-11,NOP,BKN,0,0.43219
22400215,2024-25,2024-11-11,OKC,LAC,1,0.74785
22400216,2024-25,2024-11-11,SAS,SAC,1,0.38565
22400001,2024-25,2024-11-12,BOS,ATL,0,0.86495
22400002,2024-25,2024-11-12,DET,MIA,1,0.49247
22400003,2024-25,2024-11-12,ORL,CHA,1,0.69509
22400004,2024-25,2024-11-12,PHI,NYK,0,0.32407
22400005,2024-25,2024-11-12,MIL,TOR,1,0.74499
22400006,2024-25,2024-11-12,UTA,PHX,0,0.21898
22400007,2024-25,2024-11-12,GSW,DAL,1,0.59783
22400008,2024-25,2024-11-12,POR,MIN,1,0.23497
22400217,2024-25,2024-11-13,ORL,IND,1,0.44895
22400218,2024-25,2024-11-13,BKN,BOS,0,0.30779
22400219,2024-25,2024-11-13,NYK,CHI,0,0.80206
22400220,2024-25,2024-11-13,PHI,CLE,0,0.29582
22400221,2024-25,2024-11-13,OKC,NOP,1,0.92029
22400222,2024-25,2024-11-13,HOU,LAC,1,0.64615
22400223,2024-25,2024-11-13,MIL,DET,1,0.62937
22400224,2024-25,2024-11-13,SAS,WAS,1,0.78539
22400225,2024-25,2024-11-13,LAL,MEM,1,0.63282
22400226,2024-25,2024-11-13,POR,MIN,1,0.25626
22400227,2024-25,2024-11-13,SAC,PHX,1,0.67504
22400228,2024-25,2024-11-14,UTA,DAL,1,0.16973
22400009,2024-25,2024-11-15,IND,MIA,0,0.65759
22400010,2024-25,2024-11-15,ORL,PHI,1,0.73667
22400011,2024-25,2024-11-15,TOR,DET,0,0.47141
22400012,2024-25,2024-11-15,ATL,WAS,1,0.72757
22400013,2024-25,2024-11-15,CLE,CHI,1,0.82906
22400014,2024-25,2024-11-15,NYK,BKN,1,0.86495
22400015,2024-25,2024-11-15,SAS,LAL,0,0.42117
22400016,2024-25,2024-11-15,HOU,LAC,1,0.69365
22400017,2024-25,2024-11-15,NOP,DEN,1,0.13566
22400018,2024-25,2024-11-15,OKC,PHX,1,0.7286
22400019,2024-25,2024-11-15,GSW,MEM,1,0.78429
22400020,2024-25,2024-11-15,SAC,MIN,0,0.66146
22400229,2024-25,2024-11-16,CHA,MIL,1,0.45483
22400230,2024-25,2024-11-16,BOS,TOR,1,0.93473
22400231,2024-25,2024-11-16,NOP,LAL,0,0.24588
22400232,2024-25,2024-11-16,DAL,SAS,1,0.78398
22400233,2024-25,2024-11-16,SAC,UTA,1,0.83102
22400234,2024-25,2024-11-17,MIN,PHX,1,0.59466
22400235,2024-25,2024-11-17,IND,MIA,1,0.61509
22400236,2024-25,2024-11-17,CLE,CHA,1,0.89519
22400237,2024-25,2024-11-17,WAS,DET,0,0.36952
22400238,2024-25,2024-11-17,MEM,DEN,1,0.58335
22400239,2024-25,2024-11-17,POR,ATL,1,0.41674
22400240,2024-25,2024-11-17,NYK,BKN,1,0.78336
22400241,2024-25,2024-11-17,CHI,HOU,0,0.32797
22400242,2024-25,2024-11-17,OKC,DAL,0,0.71361
22400243,2024-25,2024-11-17,LAC,UTA,1,0.76801
22400244,2024-25,2024-11-18,DET,CHI,0,0.62893
22400245,2024-25,2024-11-18,MIA,PHI,1,0.46969
22400246,2024-25,2024-11-18,NYK,WAS,1,0.89902
22400247,2024-25,2024-11-18,TOR,IND,1,0.36771
22400248,2024-25,2024-11-18,MIL,HOU,1,0.48232
22400249,2024-25,2024-11-18,PHX,ORL,0,0.43093
22400250,2024-25,2024-11-18,SAC,ATL,0,0.78976
22400251,2024-25,2024-11-18,LAC,GSW,1,0.20769
22400021,2024-25,2024-11-19,BOS,CLE,1,0.65759
22400022,2024-25,2024-11-19,BKN,CHA,1,0.6269
22400023,2024-25,2024-11-19,MEM,DEN,0,0.6327
22400024,2024-25,2024-11-19,DAL,NOP,1,0.87068
22400025,2024-25,2024-11-19,SAS,OKC,1,0.31036
22400026,2024-25,2024-11-19,LAL,UTA,1,0.8048
22400252,2024-25,2024-11-20,CLE,NOP,1,0.91014
22400253,2024-25,2024-11-20,MIL,CHI,1,0.74202
22400254,2024-25,2024-11-20,HOU,IND,1,0.65628
22400255,2024-25,2024-11-20,MEM,PHI,1,0.56602
22400256,2024-25,2024-11-20,OKC,POR,1,0.86877
22400257,2024-25,2024-11-20,PHX,NYK,0,0.37125
22400258,2024-25,2024-11-20,GSW,ATL,1,0.79768
22400259,2024-25,2024-11-20,LAC,ORL,1,0.43075
22400260,2024-25,2024-11-21,CHA,DET,1,0.48283
22400261,2024-25,2024-11-21,TOR,MIN,1,0.25395
22400262,2024-25,2024-11-21,SAS,UTA,1,0.72266
22400263,2024-25,2024-11-21,LAL,ORL,0,0.57856
22400027,2024-25,2024-11-22,PHI,BKN,1,0.64907
22400028,2024-25,2024-11-22,WAS,BOS,0,0.14526
22400029,2024-25,2024-11-22,MIL,IND,1,0.5756
22400030,2024-25,2024-11-22,CHI,ATL,1,0.47597
22400031,2024-25,2024-11-22,HOU,POR,1,0.84912
22400032,2024-25,2024-11-22,NOP,GSW,0,0.07928
22400033,2024-25,2024-11-22,DEN,DAL,0,0.39036
22400034,2024-25,2024-11-22,LAC,SAC,1,0.45235
22400264,2024-25,2024-11-23,UTA,NYK,1,0.15255
22400265,2024-25,2024-11-23,ORL,DET,1,0.72242
22400266,2024-25,2024-11-23,CHI,MEM,0,0.30251
22400267,2024-25,2024-11-23,HOU,POR,0,0.86351
22400268,2024-25,2024-11-23,MIL,CHA,1,0.70174
22400269,2024-25,2024-11-23,SAS,GSW,1,0.38725
22400270,2024-25,2024-11-23,LAL,DEN,0,0.50457
22400271,2024-25,2024-11-24,BOS,MIN,1,0.71835
22400272,2024-25,2024-11-24,IND,WAS,1,0.82988
22400273,2024-25,2024-11-24,MIA,DAL,1,0.52899
22400274,2024-25,2024-11-24,PHI,LAC,0,0.48236
22400275,2024-25,2024-11-24,CLE,TOR,1,0.81878
22400276,2024-25,2024-11-24,SAC,BKN,0,0.75659
22400277,2024-25,2024-11-25,CHA,ORL,0,0.33537
22400278,2024-25,2024-11-25,DET,TOR,1,0.67679
22400279,2024-25,2024-11-25,IND,NOP,1,0.79324
22400280,2024-25,2024-11-25,ATL,DAL,0,0.47368
22400281,2024-25,2024-11-25,BOS,LAC,1,0.78694
22400282,2024-25,2024-11-25,MEM,POR,1,0.79633
22400283,2024-25,2024-11-25,DEN,NYK,0,0.52069
22400284,2024-25,2024-11-25,GSW,BKN,0,0.88948
22400285,2024-25,2024-11-25,SAC,OKC,0,0.27423
22400035,2024-25,2024-11-26,WAS,CHI,0,0.38492
22400036,2024-25,2024-11-26,MIA,MIL,0,0.50891
22400037,2024-25,2024-11-26,MIN,HOU,0,0.46376
22400038,2024-25,2024-11-26,UTA,SAS,0,0.34285
22400039,2024-25,2024-11-26,PHX,LAL,1,0.66179
22400286,2024-25,2024-11-27,CHA,MIA,0,0.43542
22400287,2024-25,2024-11-27,CLE,ATL,0,0.71824
22400288,2024-25,2024-11-27,IND,POR,1,0.77003
22400289,2024-25,2024-11-27,ORL,CHI,1,0.8129
22400290,2024-25,2024-11-27,PHI,HOU,0,0.35393
22400291,2024-25,2024-11-27,WAS,LAC,0,0.20325
22400292,2024-25,2024-11-27,DAL,NYK,1,0.51109
22400293,2024-25,2024-11-27,MEM,DET,1,0.77268
22400294,2024-25,2024-11-27,MIN,SAC,0,0.41088
22400295,2024-25,2024-11-27,NOP,TOR,0,0.38717
22400296,2024-25,2024-11-27,SAS,LAL,0,0.62285
22400297,2024-25,2024-11-27,PHX,BKN,0,0.72252
22400298,2024-25,2024-11-27,UTA,DEN,0,0.16004
22400299,2024-25,2024-11-27,GSW,OKC,0,0.47636
22400040,2024-25,2024-11-29,CHA,NYK,0,0.21195
22400041,2024-25,2024-11-29,ATL,CLE,1,0.43123
22400042,2024-25,2024-11-29,MEM,NOP,1,0.87695
22400043,2024-25,2024-11-29,BKN,ORL,0,0.41628
22400044,2024-25,2024-11-29,MIN,LAC,1,0.64066
22400045,2024-25,2024-11-29,IND,DET,0,0.73078
22400046,2024-25,2024-11-29,MIA,TOR,1,0.70713
22400047,2024-25,2024-11-29,CHI,BOS,0,0.16788
22400048,2024-25,2024-11-29,LAL,OKC,0,0.28604
22400049,2024-25,2024-11-29,POR,SAC,1,0.24552
22400300,2024-25,2024-11-30,CHA,ATL,0,0.37508
22400301,2024-25,2024-11-30,DET,PHI,0,0.53205
22400302,2024-25,2024-11-30,MIL,WAS,1,0.83846
22400303,2024-25,2024-11-30,PHX,GSW,1,0.56733
22400304,2024-25,2024-11-30,UTA,DAL,0,0.13197
22400305,2024-25,2024-12-01,BKN,ORL,0,0.28485
22400306,2024-25,2024-12-01,MEM,IND,1,0.7103
22400307,2024-25,2024-12-01,CLE,BOS,1,0.3905
22400308,2024-25,2024-12-01,NYK,NOP,1,0.9147
22400309,2024-25,2024-12-01,TOR,MIA,1,0.40065
22400310,2024-25,2024-12-01,HOU,OKC,1,0.46929
22400311,2024-25,2024-12-01,UTA,LAL,0,0.2512
22400312,2024-25,2024-12-01,POR,DAL,0,0.26591
22400313,2024-25,2024-12-01,SAC,SAS,0,0.60904
22400314,2024-25,2024-12-01,LAC,DEN,1,0.40871
22400315,2024-25,2024-12-02,ATL,NOP,1,0.8588
22400316,2024-25,2024-12-02,BOS,MIA,1,0.754
22400317,2024-25,2024-12-02,CHI,BKN,1,0.67817
22400318,2024-25,2024-12-02,MIN,LAL,1,0.76735
22400050,2024-25,2024-12-03,CHA,PHI,0,0.41336
22400051,2024-25,2024-12-03,CLE,WAS,1,0.86703
22400052,2024-25,2024-12-03,DET,MIL,0,0.36916
22400053,2024-25,2024-12-03,NYK,ORL,1,0.60144
22400054,2024-25,2024-12-03,TOR,IND,1,0.47293
22400055,2024-25,2024-12-03,OKC,UTA,1,0.92157
22400056,2024-25,2024-12-03,DAL,MEM,1,0.61114
22400057,2024-25,2024-12-03,PHX,SAS,1,0.64093
22400058,2024-25,2024-12-03,DEN,GSW,1,0.54441
22400059,2024-25,2024-12-03,SAC,HOU,1,0.48687
22400060,2024-25,2024-12-03,LAC,POR,1,0.73341
22400319,2024-25,2024-12-04,BOS,DET,1,0.88013
22400320,2024-25,2024-12-04,BKN,IND,1,0.34691
22400321,2024-25,2024-12-04,MIA,LAL,1,0.54771
22400322,2024-25,2024-12-04,PHI,ORL,0,0.32234
22400323,2024-25,2024-12-04,MIL,ATL,0,0.5333
22400324,2024-25,2024-12-04,LAC,MIN,0,0.38047
22400325,2024-25,2024-12-05,CLE,DEN,1,0.59039
22400326,2024-25,2024-12-05,WAS,DAL,0,0.15185
22400327,2024-25,2024-12-05,NYK,CHA,1,0.89162
22400328,2024-25,2024-12-05,TOR,OKC,0,0.22208
22400329,2024-25,2024-12-05,MEM,SAC,1,0.62418
22400330,2024-25,2024-12-05,NOP,PHX,1,0.24041
22400331,2024-25,2024-12-05,SAS,CHI,0,0.65952
22400332,2024-25,2024-12-05,GSW,HOU,1,0.54878
22400333,2024-25,2024-12-06,PHI,ORL,1,0.26296
22400334,2024-25,2024-12-06,ATL,LAL,1,0.64277
22400335,2024-25,2024-12-06,BOS,MIL,1,0.72628
22400336,2024-25,2024-12-06,CHI,IND,0,0.36167
22400337,2024-25,2024-12-06,SAS,SAC,0,0.41712
22400338,2024-25,2024-12-06,GSW,MIN,0,0.44871
22400339,2024-25,2024-12-06,POR,UTA,0,0.59477
22400340,2024-25,2024-12-07,CHA,CLE,0,0.15416
22400341,2024-25,2024-12-07,WAS,DEN,1,0.14341
22400342,2024-25,2024-12-07,NOP,OKC,0,0.13015
22400343,2024-25,2024-12-07,NYK,DET,0,0.81268
22400344,2024-25,2024-12-07,TOR,DAL,0,0.20743
22400345,2024-25,2024-12-07,BOS,MEM,0,0.58998
22400346,2024-25,2024-12-07,MIA,PHX,1,0.57713
22400347,2024-25,2024-12-08,CHI,PHI,0,0.53893
22400348,2024-25,2024-12-08,BKN,MIL,0,0.32533
22400349,2024-25,2024-12-08,IND,CHA,0,0.85769
22400350,2024-25,2024-12-08,ATL,DEN,0,0.54675
22400351,2024-25,2024-12-08,MIA,CLE,1,0.40133
22400352,2024-25,2024-12-08,ORL,PHX,1,0.74574
22400353,2024-25,2024-12-08,WAS,MEM,0,0.163
22400354,2024-25,2024-12-08,SAS,NOP,1,0.75608
22400355,2024-25,2024-12-08,GSW,MIN,1,0.60483
22400356,2024-25,2024-12-08,LAC,HOU,0,0.36016
22400357,2024-25,2024-12-08,SAC,UTA,1,0.84967
22400358,2024-25,2024-12-08,LAL,POR,1,0.74509
22400359,2024-25,2024-12-09,TOR,NYK,0,0.25219
22401201,2024-25,2024-12-10,MIL,ORL,1,0.545
22401203,2024-25,2024-12-10,OKC,DAL,1,0.66987
22401202,2024-25,2024-12-11,NYK,ATL,0,0.74195
22401204,2024-25,2024-12-11,HOU,GSW,1,0.46896
22401205,2024-25,2024-12-12,BOS,DET,1,0.86246
22401206,2024-25,2024-12-12,MIA,TOR,1,0.76133
22401207,2024-25,2024-12-12,NOP,SAC,0,0.21038
22401208,2024-25,2024-12-13,CLE,WAS,1,0.91155
22401209,2024-25,2024-12-13,PHI,IND,0,0.56412
22401210,2024-25,2024-12-13,MIN,LAL,1,0.75415
22401211,2024-25,2024-12-13,MEM,BKN,1,0.79322
22401212,2024-25,2024-12-13,CHI,CHA,1,0.73142
22401213,2024-25,2024-12-13,DEN,LAC,1,0.73478
22401214,2024-25,2024-12-13,UTA,PHX,0,0.28399
22401215,2024-25,2024-12-13,POR,SAS,0,0.34711
22401216,2024-25,2024-12-15,IND,NOP,1,0.74513
22401217,2024-25,2024-12-15,WAS,BOS,0,0.10348
22401218,2024-25,2024-12-15,SAS,MIN,0,0.40083
22401219,2024-25,2024-12-15,PHX,POR,1,0.86336
22401220,2024-25,2024-12-15,LAL,MEM,1,0.30555
22401227,2024-25,2024-12-15,ORL,NYK,0,0.47153
22401228,2024-25,2024-12-15,GSW,DAL,0,0.48487
22401221,2024-25,2024-12-16,DET,MIA,1,0.386
22401222,2024-25,2024-12-16,CHA,PHI,0,0.29261
22401223,2024-25,2024-12-16,TOR,CHI,0,0.51822
22401224,2024-25,2024-12-16,BKN,CLE,0,0.23683
22401225,2024-25,2024-12-16,SAC,DEN,0,0.56433
22401226,2024-25,2024-12-16,LAC,UTA,1,0.6978
22400360,2024-25,2024-12-19,DET,UTA,0,0.67679
22400361,2024-25,2024-12-19,ORL,OKC,0,0.26277
22400362,2024-25,2024-12-19,WAS,CHA,1,0.50001
22400363,2024-25,2024-12-19,BOS,CHI,0,0.85919
22400364,2024-25,2024-12-19,TOR,BKN,0,0.61569
22400365,2024-25,2024-12-19,HOU,NOP,1,0.87229
22400366,2024-25,2024-12-19,MEM,GSW,1,0.54463
22400367,2024-25,2024-12-19,MIN,NYK,0,0.44843
22400368,2024-25,2024-12-19,DAL,LAC,0,0.81565
22400369,2024-25,2024-12-19,PHX,IND,0,0.66026
22400370,2024-25,2024-12-19,SAS,ATL,1,0.40682
22400371,2024-25,2024-12-19,POR,DEN,1,0.20242
22400372,2024-25,2024-12-19,SAC,LAL,0,0.74993
22400373,2024-25,2024-12-20,PHI,CHA,1,0.81364
22400374,2024-25,2024-12-20,CLE,MIL,1,0.63094
22400375,2024-25,2024-12-20,MIA,OKC,0,0.38661
22400376,2024-25,2024-12-21,SAC,LAL,0,0.73887
22400377,2024-25,2024-12-21,ORL,MIA,1,0.6861
22400378,2024-25,2024-12-21,ATL,MEM,0,0.43798
22400379,2024-25,2024-12-21,BKN,UTA,0,0.61647
22400380,2024-25,2024-12-21,CLE,PHI,1,0.70813
22400381,2024-25,2024-12-21,CHI,BOS,0,0.2294
22400382,2024-25,2024-12-21,MIL,WAS,1,0.76623
22400383,2024-25,2024-12-21,MIN,GSW,0,0.53667
22400384,2024-25,2024-12-21,NOP,NYK,0,0.1648
22400385,2024-25,2024-12-21,DAL,LAC,1,0.69265
22400386,2024-25,2024-12-21,SAS,POR,1,0.71975
22400387,2024-25,2024-12-21,PHX,DET,0,0.76057
22400388,2024-25,2024-12-22,TOR,HOU,0,0.24592
22400389,2024-25,2024-12-22,SAC,IND,0,0.57315
22400390,2024-25,2024-12-22,NOP,DEN,0,0.12826
22400391,2024-25,2024-12-23,CHA,HOU,0,0.29223
22400392,2024-25,2024-12-23,CLE,UTA,1,0.885
22400393,2024-25,2024-12-23,ORL,BOS,1,0.31552
22400394,2024-25,2024-12-23,PHI,SAS,1,0.54576
22400395,2024-25,2024-12-23,ATL,MIN,1,0.39834
22400396,2024-25,2024-12-23,MIA,BKN,1,0.73934
22400397,2024-25,2024-12-23,NYK,TOR,1,0.9064
22400398,2024-25,2024-12-23,CHI,MIL,0,0.516
22400399,2024-25,2024-12-23,MEM,LAC,0,0.6879
22400400,2024-25,2024-12-23,OKC,WAS,1,0.95452
22400401,2024-25,2024-12-23,DAL,POR,1,0.86688
22400402,2024-25,2024-12-23,DEN,PHX,1,0.57596
22400403,2024-25,2024-12-23,GSW,IND,0,0.69443
22400404,2024-25,2024-12-23,LAL,DET,0,0.62163
22400405,2024-25,2024-12-25,NYK,SAS,1,0.75416
22400406,2024-25,2024-12-25,DAL,MIN,0,0.69857
22400407,2024-25,2024-12-25,BOS,PHI,0,0.79944
22400408,2024-25,2024-12-25,GSW,LAL,0,0.71238
22400409,2024-25,2024-12-25,PHX,DEN,1,0.46464
22400410,2024-25,2024-12-26,IND,OKC,0,0.30807
22400411,2024-25,2024-12-26,ORL,MIA,0,0.66121
22400412,2024-25,2024-12-26,WAS,CHA,1,0.53134
22400413,2024-25,2024-12-26,ATL,CHI,1,0.62822
22400414,2024-25,2024-12-26,MEM,TOR,1,0.82389
22400415,2024-25,2024-12-26,MIL,BKN,0,0.75397
22400416,2024-25,2024-12-26,NOP,HOU,0,0.28348
22400417,2024-25,2024-12-26,POR,UTA,1,0.51123
22400418,2024-25,2024-12-26,SAC,DET,0,0.76466
22400419,2024-25,2024-12-27,ORL,NYK,0,0.3351
22400420,2024-25,2024-12-27,BOS,IND,1,0.80188
22400421,2024-25,2024-12-27,BKN,SAS,0,0.23419
22400422,2024-25,2024-12-27,HOU,MIN,0,0.47555
22400423,2024-25,2024-12-27,NOP,MEM,0,0.2014
22400424,2024-25,2024-12-27,DEN,CLE,0,0.53339
22400425,2024-25,2024-12-27,PHX,DAL,0,0.40766
22400426,2024-25,2024-12-27,LAC,GSW,1,0.48407
22400427,2024-25,2024-12-28,ATL,MIA,1,0.55092
22400428,2024-25,2024-12-28,CHA,OKC,0,0.11756
22400429,2024-25,2024-12-28,WAS,NYK,0,0.18882
22400430,2024-25,2024-12-28,CHI,MIL,1,0.47065
22400431,2024-25,2024-12-28,GSW,PHX,1,0.50774
22400432,2024-25,2024-12-28,DEN,DET,1,0.74791
22400433,2024-25,2024-12-28,UTA,PHI,0,0.24374
22400434,2024-25,2024-12-28,POR,DAL,1,0.23095
22400435,2024-25,2024-12-28,LAL,SAC,1,0.44948
22400436,2024-25,2024-12-29,ORL,BKN,1,0.80707
22400437,2024-25,2024-12-29,BOS,IND,0,0.78979
22400438,2024-25,2024-12-29,TOR,ATL,0,0.55852
22400439,2024-25,2024-12-29,HOU,MIA,0,0.745
22400440,2024-25,2024-12-29,OKC,MEM,1,0.63981
22400441,2024-25,2024-12-29,MIN,SAS,1,0.60275
22400442,2024-25,2024-12-30,CHA,CHI,0,0.41306
22400443,2024-25,2024-12-30,WAS,NYK,0,0.13604
22400444,2024-25,2024-12-30,NOP,LAC,0,0.32454
22400445,2024-25,2024-12-30,UTA,DEN,0,0.18996
22400446,2024-25,2024-12-30,GSW,CLE,0,0.39718
22400447,2024-25,2024-12-30,POR,PHI,0,0.28385
22400448,2024-25,2024-12-30,SAC,DAL,1,0.54504
22400449,2024-25,2024-12-31,BOS,TOR,1,0.87961
22400450,2024-25,2024-12-31,IND,MIL,0,0.55949
22400451,2024-25,2024-12-31,SAS,LAC,1,0.66181
22400452,2024-25,2024-12-31,OKC,MIN,1,0.75074
22400453,2024-25,2024-12-31,PHX,MEM,0,0.49913
22400454,2024-25,2024-12-31,LAL,CLE,0,0.36512
22400455,2024-25,2025-01-01,DET,ORL,1,0.43384
22400456,2024-25,2025-01-01,WAS,CHI,1,0.33727
22400457,2024-25,2025-01-01,MIA,NOP,1,0.72703
22400458,2024-25,2025-01-01,NYK,UTA,1,0.89589
22400459,2024-25,2025-01-01,TOR,BKN,1,0.53593
22400460,2024-25,2025-01-01,HOU,DAL,1,0.67325
22400461,2024-25,2025-01-01,DEN,ATL,1,0.76618
22400462,2024-25,2025-01-01,SAC,PHI,1,0.61639
22400463,2024-25,2025-01-02,MIA,IND,0,0.47686
22400464,2024-25,2025-01-02,MIN,BOS,0,0.3365
22400465,2024-25,2025-01-02,MIL,BKN,0,0.85481
22400466,2024-25,2025-01-02,OKC,LAC,1,0.83732
22400467,2024-25,2025-01-02,GSW,PHI,1,0.69437
22400468,2024-25,2025-01-02,LAL,POR,1,0.72835
22400469,2024-25,2025-01-03,DET,CHA,1,0.6811
22400470,2024-25,2025-01-03,TOR,ORL,0,0.39071
22400471,2024-25,2025-01-03,HOU,BOS,0,0.45584
22400472,2024-25,2025-01-03,NOP,WAS,1,0.64857
22400473,2024-25,2025-01-03,OKC,NYK,1,0.55475
22400474,2024-25,2025-01-03,DAL,CLE,0,0.34421
22400475,2024-25,2025-01-03,DEN,SAS,0,0.6688
22400476,2024-25,2025-01-03,SAC,MEM,1,0.55191
22400477,2024-25,2025-01-03,LAL,ATL,1,0.46626
22400478,2024-25,2025-01-04,BKN,PHI,0,0.30365
22400479,2024-25,2025-01-04,DET,MIN,1,0.29016
22400480,2024-25,2025-01-04,IND,PHX,1,0.51809
22400481,2024-25,2025-01-04,MIA,UTA,0,0.75735
22400482,2024-25,2025-01-04,CHI,NYK,1,0.33057
22400483,2024-25,2025-01-04,MIL,POR,0,0.83171
22400484,2024-25,2025-01-04,SAS,DEN,0,0.44203
22400485,2024-25,2025-01-04,GSW,MEM,1,0.62679
22400486,2024-25,2025-01-04,LAC,ATL,1,0.61135
22400487,2024-25,2025-01-05,OKC,BOS,1,0.52546
22400488,2024-25,2025-01-05,CLE,CHA,1,0.90799
22400489,2024-25,2025-01-05,WAS,NOP,0,0.47456
22400490,2024-25,2025-01-05,ORL,UTA,0,0.815
22400491,2024-25,2025-01-05,HOU,LAL,1,0.70715
22400492,2024-25,2025-01-05,GSW,SAC,0,0.41996
22400493,2024-25,2025-01-06,DET,POR,1,0.70579
22400494,2024-25,2025-01-06,PHI,PHX,0,0.58811
22400495,2024-25,2025-01-06,BKN,IND,0,0.19261
22400496,2024-25,2025-01-06,NYK,ORL,0,0.83728
22400497,2024-25,2025-01-06,TOR,MIL,0,0.36042
22400498,2024-25,2025-01-06,CHI,SAS,1,0.42482
22400499,2024-25,2025-01-06,MEM,DAL,1,0.65375
22400500,2024-25,2025-01-06,MIN,LAC,1,0.61601
22400501,2024-25,2025-01-06,SAC,MIA,1,0.5987
22400502,2024-25,2025-01-07,CHA,PHX,1,0.39982
22400503,2024-25,2025-01-07,WAS,HOU,0,0.18516
22400504,2024-25,2025-01-07,DAL,LAL,1,0.47462
22400505,2024-25,2025-01-07,NOP,MIN,0,0.37887
22400506,2024-25,2025-01-07,UTA,ATL,0,0.37893
22400507,2024-25,2025-01-07,DEN,BOS,0,0.43415
22400508,2024-25,2025-01-07,GSW,MIA,0,0.76319
22400509,2024-25,2025-01-08,CLE,OKC,1,0.48029
22400510,2024-25,2025-01-08,IND,CHI,1,0.69048
22400511,2024-25,2025-01-08,NYK,TOR,1,0.84648
22400512,2024-25,2025-01-08,PHI,WAS,1,0.87586
22400513,2024-25,2025-01-08,BKN,DET,0,0.27104
22400514,2024-25,2025-01-08,NOP,POR,0,0.59106
22400515,2024-25,2025-01-08,DEN,LAC,1,0.51355
22400516,2024-25,2025-01-08,MIL,SAS,1,0.55749
22400517,2024-25,2025-01-09,CLE,TOR,1,0.87088
22400518,2024-25,2025-01-09,DET,GSW,0,0.30295
22400519,2024-25,2025-01-09,ORL,MIN,0,0.47313
22400520,2024-25,2025-01-09,MEM,HOU,0,0.5449
22400521,2024-25,2025-01-09,DAL,POR,1,0.80566
22400522,2024-25,2025-01-09,PHX,ATL,1,0.67458
22400523,2024-25,2025-01-09,UTA,MIA,0,0.36371
22400525,2024-25,2025-01-10,IND,GSW,1,0.5783
22400526,2024-25,2025-01-10,ORL,MIL,0,0.3542
22400527,2024-25,2025-01-10,PHI,NOP,0,0.66333
22400528,2024-25,2025-01-10,BOS,SAC,0,0.74835
22400529,2024-25,2025-01-10,NYK,OKC,0,0.40878
22400530,2024-25,2025-01-10,CHI,WAS,1,0.79968
22400531,2024-25,2025-01-10,DEN,BKN,1,0.89773
22400533,2024-25,2025-01-11,PHX,UTA,1,0.8044
22400534,2024-25,2025-01-11,DET,TOR,1,0.59652
22400535,2024-25,2025-01-11,MIN,MEM,0,0.50703
22400536,2024-25,2025-01-11,POR,MIA,0,0.37878
22400539,2024-25,2025-01-12,NYK,MIL,1,0.61123
22400540,2024-25,2025-01-12,DAL,DEN,0,0.41043
22400541,2024-25,2025-01-12,CHI,SAC,0,0.38865
22400542,2024-25,2025-01-12,BOS,NOP,1,0.91848
22400543,2024-25,2025-01-12,CLE,IND,0,0.71187
22400544,2024-25,2025-01-12,ORL,PHI,1,0.55111
22400545,2024-25,2025-01-12,WAS,OKC,0,0.07388
22400546,2024-25,2025-01-12,UTA,BKN,1,0.62037
22400547,2024-25,2025-01-12,PHX,CHA,1,0.63498
22400548,2024-25,2025-01-13,WAS,MIN,0,0.13954
22400549,2024-25,2025-01-13,NYK,DET,0,0.74194
22400550,2024-25,2025-01-13,TOR,GSW,1,0.44178
22400551,2024-25,2025-01-13,HOU,MEM,1,0.60382
22400552,2024-25,2025-01-13,LAL,SAS,0,0.51694
22400553,2024-25,2025-01-13,LAC,MIA,1,0.64393
22400554,2024-25,2025-01-14,IND,CLE,0,0.37902
22400555,2024-25,2025-01-14,PHI,OKC,0,0.21999
22400556,2024-25,2025-01-14,ATL,PHX,1,0.52338
22400557,2024-25,2025-01-14,CHI,NOP,0,0.62501
22400558,2024-25,2025-01-14,MIL,SAC,1,0.52781
22400559,2024-25,2025-01-14,DAL,DEN,0,0.39091
22400560,2024-25,2025-01-14,POR,BKN,0,0.67695
22400561,2024-25,2025-01-15,PHI,NYK,0,0.18052
22400562,2024-25,2025-01-15,TOR,BOS,1,0.15088
22400563,2024-25,2025-01-15,CHI,ATL,0,0.59078
22400564,2024-25,2025-01-15,MIL,ORL,1,0.57232
22400565,2024-25,2025-01-15,MIN,GSW,0,0.64816
22400566,2024-25,2025-01-15,NOP,DAL,1,0.38455
22400567,2024-25,2025-01-15,SAS,MEM,0,0.48528
22400568,2024-25,2025-01-15,DEN,HOU,0,0.5231
22400569,2024-25,2025-01-15,UTA,CHA,0,0.45451
22400570,2024-25,2025-01-15,LAL,MIA,1,0.5543
22400571,2024-25,2025-01-15,LAC,BKN,1,0.85013
22400572,2024-25,2025-01-16,DET,IND,0,0.4592
22400573,2024-25,2025-01-16,WAS,PHX,0,0.22351
22400574,2024-25,2025-01-16,OKC,CLE,1,0.65113
22400575,2024-25,2025-01-16,POR,LAC,0,0.33358
22400576,2024-25,2025-01-16,SAC,HOU,1,0.59767
22400577,2024-25,2025-01-17,BOS,ORL,1,0.85928
22400578,2024-25,2025-01-17,NYK,MIN,0,0.67117
22400579,2024-25,2025-01-17,MIA,DEN,0,0.45243
22400580,2024-25,2025-01-17,MIL,TOR,1,0.75084
22400581,2024-25,2025-01-17,NOP,UTA,1,0.739
22400582,2024-25,2025-01-17,SAS,MEM,0,0.49814
22400583,2024-25,2025-01-17,DAL,OKC,1,0.34626
22400584,2024-25,2025-01-17,CHI,CHA,0,0.61326
22400585,2024-25,2025-01-17,LAL,BKN,1,0.85543
22400586,2024-25,2025-01-18,DET,PHX,0,0.44944
22400587,2024-25,2025-01-18,BOS,ATL,0,0.84204
22400588,2024-25,2025-01-18,IND,PHI,1,0.705
22400589,2024-25,2025-01-18,GSW,WAS,1,0.87204
22400590,2024-25,2025-01-18,MIN,CLE,0,0.31262
22400591,2024-25,2025-01-18,POR,HOU,0,0.22047
22400592,2024-25,2025-01-19,MIA,SAS,1,0.53028
22400593,2024-25,2025-01-19,ORL,DEN,0,0.2975
22400594,2024-25,2025-01-19,MIL,PHI,1,0.81609
22400595,2024-25,2025-01-19,OKC,BKN,1,0.92893
22400596,2024-25,2025-01-19,LAC,LAL,1,0.69299
22400597,2024-25,2025-01-19,POR,CHI,1,0.2855
22400598,2024-25,2025-01-19,SAC,WAS,1,0.93932
22400599,2024-25,2025-01-20,CHA,DAL,1,0.35325
22400600,2024-25,2025-01-20,HOU,DET,0,0.79039
22400601,2024-25,2025-01-20,MEM,MIN,1,0.66391
22400602,2024-25,2025-01-20,NYK,ATL,1,0.75015
22400603,2024-25,2025-01-20,CLE,PHX,1,0.82942
22400604,2024-25,2025-01-20,GSW,BOS,0,0.27944
22400605,2024-25,2025-01-20,NOP,UTA,1,0.75483
22400611,2024-25,2025-01-20,LAC,CHI,0,0.72757
22400606,2024-25,2025-01-21,BKN,NYK,0,0.18946
22400607,2024-25,2025-01-21,MIA,POR,0,0.78634
22400608,2024-25,2025-01-21,TOR,ORL,1,0.5589
22400609,2024-25,2025-01-21,DEN,PHI,1,0.83596
22400610,2024-25,2025-01-21,LAL,WAS,1,0.83247
22400612,2024-25,2025-01-22,ATL,DET,0,0.61528
22400613,2024-25,2025-01-22,BKN,PHX,0,0.25161
22400614,2024-25,2025-01-22,DAL,MIN,0,0.60776
22400615,2024-25,2025-01-22,HOU,CLE,1,0.48024
22400616,2024-25,2025-01-22,MEM,CHA,1,0.78053
22400618,2024-25,2025-01-22,OKC,UTA,1,0.93766
22400619,2024-25,2025-01-22,SAC,GSW,1,0.74414
22400620,2024-25,2025-01-22,LAC,BOS,0,0.27521
22400622,2024-25,2025-01-23,ORL,POR,0,0.61961
22400623,2024-25,2025-01-23,ATL,TOR,0,0.61214
22400624,2024-25,2025-01-23,MIL,MIA,1,0.67658
22400625,2024-25,2025-01-23,OKC,DAL,0,0.75308
22400626,2024-25,2025-01-23,DEN,SAC,1,0.68363
22400628,2024-25,2025-01-23,GSW,CHI,1,0.45548
22400629,2024-25,2025-01-23,LAL,BOS,1,0.32289
22400983,2024-25,2025-01-23,LAC,WAS,1,0.79252
22400630,2024-25,2025-01-24,CHA,POR,0,0.6997
22400631,2024-25,2025-01-24,PHI,CLE,1,0.21566
22400632,2024-25,2025-01-24,MEM,NOP,1,0.7757
22400634,2024-25,2025-01-25,MIN,DEN,1,0.4559
22400635,2024-25,2025-01-25,DAL,BOS,0,0.3513
22400636,2024-25,2025-01-25,BKN,MIA,0,0.20939
22400637,2024-25,2025-01-25,CHA,NOP,1,0.52365
22400638,2024-25,2025-01-25,ORL,DET,1,0.52094
22400639,2024-25,2025-01-25,ATL,TOR,0,0.65504
22400640,2024-25,2025-01-25,CLE,HOU,0,0.51251
22400641,2024-25,2025-01-25,NYK,SAC,1,0.63557
22400642,2024-25,2025-01-25,CHI,PHI,0,0.68859
22400643,2024-25,2025-01-25,MEM,UTA,1,0.79375
22400644,2024-25,2025-01-25,GSW,LAL,0,0.5419
22400645,2024-25,2025-01-25,PHX,WAS,1,0.8308
22400646,2024-25,2025-01-25,LAC,MIL,1,0.53684
22400647,2024-25,2025-01-26,POR,OKC,0,0.13606
22400648,2024-25,2025-01-27,CHA,LAL,0,0.41973
22400649,2024-25,2025-01-27,CLE,DET,1,0.79163
22400650,2024-25,2025-01-27,BOS,HOU,0,0.68763
22400651,2024-25,2025-01-27,BKN,SAC,0,0.13386
22400652,2024-25,2025-01-27,MIA,ORL,1,0.5453
22400653,2024-25,2025-01-27,NYK,MEM,1,0.52414
22400654,2024-25,2025-01-27,TOR,NOP,1,0.58605
22400655,2024-25,2025-01-27,CHI,DEN,1,0.30191
22400656,2024-25,2025-01-27,MIN,ATL,1,0.69329
22400657,2024-25,2025-01-27,DAL,WAS,1,0.8668
22400658,2024-25,2025-01-27,UTA,MIL,0,0.24616
22400659,2024-25,2025-01-27,PHX,LAC,1,0.42331
22400532,2024-25,2025-01-28,ATL,HOU,0,0.23442
22400660,2024-25,2025-01-28,PHI,LAL,1,0.54595
22400661,2024-25,2025-01-28,GSW,UTA,1,0.81434
22400662,2024-25,2025-01-28,POR,MIL,1,0.33751
22400663,2024-25,2025-01-29,CHA,BKN,0,0.77714
22400664,2024-25,2025-01-29,IND,DET,1,0.78484
22400665,2024-25,2025-01-29,WAS,TOR,0,0.3197
22400666,2024-25,2025-01-29,BOS,CHI,1,0.85074
22400667,2024-25,2025-01-29,MIA,CLE,0,0.34108
22400668,2024-25,2025-01-29,NYK,DEN,1,0.51767
22400669,2024-25,2025-01-29,PHI,SAC,1,0.2175
22400670,2024-25,2025-01-29,NOP,DAL,0,0.45065
22400671,2024-25,2025-01-29,SAS,LAC,0,0.60078
22400672,2024-25,2025-01-29,PHX,MIN,0,0.42852
22400673,2024-25,2025-01-29,GSW,OKC,1,0.15055
22400674,2024-25,2025-01-30,WAS,LAL,0,0.18593
22400675,2024-25,2025-01-30,CLE,ATL,1,0.75202
22400676,2024-25,2025-01-30,MEM,HOU,1,0.54885
22400677,2024-25,2025-01-30,UTA,MIN,0,0.31269
22400678,2024-25,2025-01-30,POR,ORL,1,0.32399
22400679,2024-25,2025-01-31,CHA,LAC,0,0.27083
22400680,2024-25,2025-01-31,DET,DAL,1,0.4385
22400681,2024-25,2025-01-31,PHI,DEN,0,0.23523
22400682,2024-25,2025-01-31,TOR,CHI,0,0.54469
22400683,2024-25,2025-01-31,NOP,BOS,0,0.17928
22400684,2024-25,2025-01-31,SAS,MIL,1,0.45455
22400685,2024-25,2025-01-31,GSW,PHX,0,0.63059
22400686,2024-25,2025-02-01,IND,ATL,1,0.78614
22400687,2024-25,2025-02-01,UTA,ORL,1,0.4003
22400688,2024-25,2025-02-01,CHA,DEN,0,0.16204
22400689,2024-25,2025-02-01,HOU,BKN,0,0.87948
22400690,2024-25,2025-02-01,MIN,WAS,0,0.89258
22400691,2024-25,2025-02-01,OKC,SAC,1,0.75115
22400692,2024-25,2025-02-01,NYK,LAL,0,0.79283
22400693,2024-25,2025-02-01,SAS,MIA,0,0.565
22400694,2024-25,2025-02-01,POR,PHX,1,0.48832
22400695,2024-25,2025-02-02,DET,CHI,1,0.57593
22400696,2024-25,2025-02-02,CLE,DAL,1,0.69829
22400697,2024-25,2025-02-02,TOR,LAC,1,0.32854
22400698,2024-25,2025-02-02,PHI,BOS,0,0.19233
22400699,2024-25,2025-02-02,MIL,MEM,0,0.47706
22400700,2024-25,2025-02-03,CHA,WAS,0,0.67193
22400701,2024-25,2025-02-03,DET,ATL,0,0.52138
22400702,2024-25,2025-02-03,NYK,HOU,1,0.61615
22400703,2024-25,2025-02-03,MEM,SAS,1,0.62054
22400704,2024-25,2025-02-03,MIN,SAC,0,0.53132
22400705,2024-25,2025-02-03,OKC,MIL,1,0.85676
22400706,2024-25,2025-02-03,DEN,NOP,1,0.86307
22400707,2024-25,2025-02-03,UTA,IND,0,0.29007
22400708,2024-25,2025-02-03,GSW,ORL,1,0.59259
22400709,2024-25,2025-02-03,POR,PHX,1,0.42705
22400710,2024-25,2025-02-04,CLE,BOS,0,0.44501
22400711,2024-25,2025-02-04,BKN,HOU,1,0.3232
22400712,2024-25,2025-02-04,PHI,DAL,1,0.53873
22400713,2024-25,2025-02-04,TOR,NYK,0,0.39119
22400714,2024-25,2025-02-04,CHI,MIA,1,0.51873
22400715,2024-25,2025-02-04,LAC,LAL,0,0.71577
22400716,2024-25,2025-02-04,POR,IND,1,0.33601
22400717,2024-25,2025-02-05,CHA,MIL,0,0.41712
22400718,2024-25,2025-02-05,DET,CLE,0,0.37629
22400719,2024-25,2025-02-05,ATL,SAS,0,0.5017
22400720,2024-25,2025-02-05,BKN,WAS,0,0.49063
22400721,2024-25,2025-02-05,PHI,MIA,0,0.61458
22400722,2024-25,2025-02-05,TOR,MEM,0,0.23536
22400723,2024-25,2025-02-05,MIN,CHI,1,0.7672
22400724,2024-25,2025-02-05,OKC,PHX,1,0.83324
22400725,2024-25,2025-02-05,UTA,GSW,1,0.35031
22400726,2024-25,2025-02-05,DEN,NOP,1,0.87098
22400727,2024-25,2025-02-05,SAC,ORL,0,0.64933
22400728,2024-25,2025-02-06,BOS,DAL,0,0.85877
22400729,2024-25,2025-02-06,MIN,HOU,1,0.45113
22400730,2024-25,2025-02-06,DEN,ORL,1,0.75895
22400731,2024-25,2025-02-06,LAL,GSW,1,0.6443
22400732,2024-25,2025-02-06,POR,SAC,1,0.50082
22400733,2024-25,2025-02-06,LAC,IND,0,0.58564
22400734,2024-25,2025-02-07,CHA,SAS,1,0.27903
22400735,2024-25,2025-02-07,WAS,CLE,0,0.14323
22400736,2024-25,2025-02-07,ATL,MIL,1,0.50222
22400737,2024-25,2025-02-07,BKN,MIA,1,0.38335
22400738,2024-25,2025-02-07,DET,PHI,1,0.52508
22400739,2024-25,2025-02-07,OKC,TOR,1,0.92598
22400740,2024-25,2025-02-07,PHX,UTA,1,0.65414
22400741,2024-25,2025-02-08,DAL,HOU,1,0.45433
22400742,2024-25,2025-02-08,LAL,IND,1,0.55746
22400743,2024-25,2025-02-08,ORL,SAS,1,0.6269
22400744,2024-25,2025-02-08,WAS,ATL,0,0.2915
22400745,2024-25,2025-02-08,CHI,GSW,0,0.37392
22400746,2024-25,2025-02-08,MEM,OKC,0,0.49403
22400747,2024-25,2025-02-08,MIN,POR,1,0.74972
22400748,2024-25,2025-02-08,NYK,BOS,0,0.48297
22400749,2024-25,2025-02-08,PHX,DEN,0,0.24374
22400750,2024-25,2025-02-08,SAC,NOP,1,0.77113
22400751,2024-25,2025-02-08,LAC,UTA,1,0.84835
22400752,2024-25,2025-02-09,DET,CHA,1,0.68059
22400753,2024-25,2025-02-09,HOU,TOR,1,0.76106
22400754,2024-25,2025-02-09,MIL,PHI,1,0.46291
22400755,2024-25,2025-02-10,CLE,MIN,1,0.70611
22400756,2024-25,2025-02-10,ORL,ATL,0,0.62345
22400757,2024-25,2025-02-10,WAS,SAS,0,0.21746
22400758,2024-25,2025-02-10,BKN,CHA,1,0.60397
22400759,2024-25,2025-02-10,MIA,BOS,0,0.24608
22400760,2024-25,2025-02-10,MIL,GSW,0,0.25714
22400761,2024-25,2025-02-10,OKC,NOP,1,0.92006
22400762,2024-25,2025-02-10,DAL,SAC,0,0.573
22400763,2024-25,2025-02-10,DEN,POR,1,0.81853
22400768,2024-25,2025-02-10,LAL,UTA,1,0.77248
22400764,2024-25,2025-02-11,PHI,TOR,0,0.7847
22400765,2024-25,2025-02-11,IND,NYK,0,0.51603
22400766,2024-25,2025-02-11,CHI,DET,0,0.56248
22400767,2024-25,2025-02-11,PHX,MEM,0,0.29273
22400769,2024-25,2025-02-12,BOS,SAS,1,0.76868
22400770,2024-25,2025-02-12,ORL,CHA,1,0.79659
22400771,2024-25,2025-02-12,WAS,IND,0,0.26141
22400772,2024-25,2025-02-12,BKN,PHI,1,0.31786
22400773,2024-25,2025-02-12,NYK,ATL,1,0.63572
22400774,2024-25,2025-02-12,TOR,CLE,0,0.1637
22400775,2024-25,2025-02-12,CHI,DET,0,0.51638
22400776,2024-25,2025-02-12,MIN,MIL,0,0.6459
22400777,2024-25,2025-02-12,NOP,SAC,0,0.28071
22400778,2024-25,2025-02-12,OKC,MIA,1,0.89404
22400779,2024-25,2025-02-12,HOU,PHX,1,0.71772
22400780,2024-25,2025-02-12,DEN,POR,1,0.84383
22400781,2024-25,2025-02-12,UTA,LAL,1,0.26868
22400782,2024-25,2025-02-12,DAL,GSW,1,0.34068
22400783,2024-25,2025-02-12,LAC,MEM,1,0.64298
22400784,2024-25,2025-02-13,HOU,GSW,0,0.41053
22400785,2024-25,2025-02-13,NOP,SAC,1,0.31842
22400786,2024-25,2025-02-13,DAL,MIA,1,0.62134
22400787,2024-25,2025-02-13,MIN,OKC,1,0.20243
22401004,2024-25,2025-02-13,UTA,LAC,0,0.25615
22400524,2024-25,2025-02-19,LAL,CHA,0,0.83201
22400788,2024-25,2025-02-20,IND,MEM,1,0.48587
22400789,2024-25,2025-02-20,PHI,BOS,0,0.26261
22400790,2024-25,2025-02-20,ATL,ORL,0,0.54183
22400791,2024-25,2025-02-20,BKN,CLE,0,0.15462
22400792,2024-25,2025-02-20,NYK,CHI,1,0.74982
22400793,2024-25,2025-02-20,MIL,LAC,1,0.26155
22400794,2024-25,2025-02-20,DEN,CHA,1,0.90837
22400795,2024-25,2025-02-20,SAS,PHX,1,0.70361
22400796,2024-25,2025-02-20,POR,LAL,0,0.41024
22400797,2024-25,2025-02-21,CLE,NYK,1,0.62937
22400798,2024-25,2025-02-21,ORL,MEM,0,0.44174
22400799,2024-25,2025-02-21,WAS,MIL,0,0.39683
22400800,2024-25,2025-02-21,TOR,MIA,0,0.4377
22400801,2024-25,2025-02-21,HOU,MIN,1,0.5704
22400802,2024-25,2025-02-21,SAS,DET,0,0.45139
22400803,2024-25,2025-02-21,DAL,NOP,1,0.67107
22400804,2024-25,2025-02-21,UTA,OKC,0,0.11492
22400805,2024-25,2025-02-21,SAC,GSW,0,0.42897
22400806,2024-25,2025-02-22,CHI,PHX,0,0.54416
22400807,2024-25,2025-02-22,PHI,BKN,0,0.80928
22400808,2024-25,2025-02-22,DEN,LAL,0,0.68399
22400809,2024-25,2025-02-22,UTA,HOU,1,0.379
22400810,2024-25,2025-02-22,POR,CHA,1,0.61413
22400811,2024-25,2025-02-23,BOS,NYK,1,0.75266
22400812,2024-25,2025-02-23,GSW,DAL,1,0.77894
22400813,2024-25,2025-02-23,IND,LAC,1,0.43349
22400814,2024-25,2025-02-23,ATL,DET,0,0.60146
22400815,2024-25,2025-02-23,ORL,WAS,1,0.83291
22400816,2024-25,2025-02-23,TOR,PHX,1,0.47765
22400817,2024-25,2025-02-23,MIL,MIA,1,0.54234
22400818,2024-25,2025-02-23,NOP,SAS,1,0.42673
22400819,2024-25,2025-02-23,CLE,MEM,1,0.60854
22400820,2024-25,2025-02-23,MIN,OKC,0,0.25884
22400821,2024-25,2025-02-24,DET,LAC,1,0.39918
22400822,2024-25,2025-02-24,IND,DEN,0,0.41146
22400823,2024-25,2025-02-24,PHI,CHI,0,0.66893
22400824,2024-25,2025-02-24,WAS,BKN,1,0.42406
22400825,2024-25,2025-02-24,ATL,MIA,1,0.64869
22400826,2024-25,2025-02-24,OKC,MIN,0,0.8354
22400827,2024-25,2025-02-24,UTA,POR,0,0.49885
22400828,2024-25,2025-02-24,SAC,CHA,1,0.7974
22400829,2024-25,2025-02-25,TOR,BOS,0,0.16324
22400830,2024-25,2025-02-25,ORL,CLE,0,0.346
22400831,2024-25,2025-02-25,HOU,MIL,1,0.59204
22400832,2024-25,2025-02-25,MEM,PHX,1,0.74142
22400833,2024-25,2025-02-25,NOP,SAS,1,0.44546
22400834,2024-25,2025-02-25,GSW,CHA,1,0.92286
22400835,2024-25,2025-02-25,LAL,DAL,1,0.7768
22400836,2024-25,2025-02-26,DET,BOS,1,0.39599
22400837,2024-25,2025-02-26,IND,TOR,1,0.85082
22400838,2024-25,2025-02-26,NYK,PHI,1,0.73174
22400839,2024-25,2025-02-26,WAS,POR,0,0.43973
22400840,2024-25,2025-02-26,BKN,OKC,0,0.07614
22400841,2024-25,2025-02-26,MIA,ATL,1,0.47534
22400842,2024-25,2025-02-26,CHI,LAC,0,0.40657
22400843,2024-25,2025-02-26,UTA,SAC,0,0.23966
22400844,2024-25,2025-02-26,HOU,SAS,1,0.56626
22400845,2024-25,2025-02-27,ORL,GSW,0,0.34745
22400846,2024-25,2025-02-27,MIL,DEN,1,0.29435
22400847,2024-25,2025-02-27,DAL,CHA,1,0.8125
22400848,2024-25,2025-02-27,PHX,NOP,0,0.66044
22400849,2024-25,2025-02-27,LAL,MIN,1,0.64673
22400850,2024-25,2025-02-28,DET,DEN,0,0.38372
22400851,2024-25,2025-02-28,ATL,OKC,0,0.21707
22400852,2024-25,2025-02-28,BOS,CLE,0,0.55171
22400853,2024-25,2025-02-28,BKN,POR,0,0.46762
22400854,2024-25,2025-02-28,MIA,IND,1,0.39282
22400855,2024-25,2025-02-28,CHI,TOR,1,0.68469
22400856,2024-25,2025-02-28,MEM,NYK,0,0.63203
22400857,2024-25,2025-02-28,PHX,NOP,1,0.69346
22400858,2024-25,2025-02-28,UTA,MIN,1,0.33879
22400859,2024-25,2025-02-28,LAL,LAC,1,0.46396
22400860,2024-25,2025-03-01,CHA,WAS,0,0.51775
22400861,2024-25,2025-03-01,DET,BKN,1,0.81308
22400862,2024-25,2025-03-01,HOU,SAC,0,0.45448
22400863,2024-25,2025-03-01,MEM,SAS,0,0.6671
22400864,2024-25,2025-03-01,PHI,GSW,1,0.28956
22400865,2024-25,2025-03-01,DAL,MIL,0,0.5398
22400866,2024-25,2025-03-02,BOS,DEN,1,0.57094
22400867,2024-25,2025-03-02,CLE,POR,1,0.90058
22400868,2024-25,2025-03-02,IND,CHI,1,0.76462
22400869,2024-25,2025-03-02,MIA,NYK,0,0.38265
22400870,2024-25,2025-03-02,ORL,TOR,0,0.72135
22400871,2024-25,2025-03-02,SAS,OKC,0,0.14734
22400872,2024-25,2025-03-02,UTA,NOP,0,0.56891
22400873,2024-25,2025-03-02,PHX,MIN,0,0.4875
22400874,2024-25,2025-03-02,LAL,LAC,1,0.5378
22400875,2024-25,2025-03-03,CHA,GSW,0,0.15484
22400876,2024-25,2025-03-03,PHI,POR,0,0.73438
22400877,2024-25,2025-03-03,MIA,WAS,1,0.73135
22400878,2024-25,2025-03-03,MEM,ATL,0,0.65374
22400879,2024-25,2025-03-03,OKC,HOU,1,0.73226
22400880,2024-25,2025-03-03,DAL,SAC,0,0.45322
22400881,2024-25,2025-03-03,UTA,DET,0,0.1999
22400882,2024-25,2025-03-04,IND,HOU,1,0.82536
22400883,2024-25,2025-03-04,ORL,TOR,0,0.71138
22400884,2024-25,2025-03-04,ATL,MIL,0,0.43438
22400885,2024-25,2025-03-04,NYK,GSW,0,0.59692
22400886,2024-25,2025-03-04,CHI,CLE,0,0.2634
22400887,2024-25,2025-03-04,MIN,PHI,1,0.80965
22400888,2024-25,2025-03-04,SAS,BKN,1,0.76176
22400889,2024-25,2025-03-04,PHX,LAC,1,0.33786
22400890,2024-25,2025-03-04,LAL,NOP,1,0.84721
22400891,2024-25,2025-03-05,BOS,POR,1,0.88215
22400892,2024-25,2025-03-05,CHA,MIN,0,0.34945
22400893,2024-25,2025-03-05,CLE,MIA,1,0.73644
22400894,2024-25,2025-03-05,WAS,UTA,1,0.51396
22400895,2024-25,2025-03-05,MEM,OKC,0,0.31377
22400896,2024-25,2025-03-05,DEN,SAC,1,0.75614
22400897,2024-25,2025-03-05,MIL,DAL,1,0.63517
22400898,2024-25,2025-03-05,LAC,DET,1,0.61962
22400899,2024-25,2025-03-06,ATL,IND,1,0.34554
22400900,2024-25,2025-03-06,BOS,PHI,1,0.80178
22400901,2024-25,2025-03-06,BKN,GSW,0,0.15955
22400902,2024-25,2025-03-06,NOP,HOU,0,0.39646
22400903,2024-25,2025-03-06,LAL,NYK,1,0.62024
22400944,2024-25,2025-03-06,ORL,CHI,0,0.63658
22400904,2024-25,2025-03-07,CHA,CLE,0,0.14051
22400905,2024-25,2025-03-07,TOR,UTA,1,0.71747
22400906,2024-25,2025-03-07,DAL,MEM,0,0.24124
22400907,2024-25,2025-03-07,MIA,MIN,0,0.5057
22400908,2024-25,2025-03-07,OKC,POR,1,0.91571
22400909,2024-25,2025-03-07,DEN,PHX,1,0.80971
22400910,2024-25,2025-03-07,SAC,SAS,1,0.6395
22400911,2024-25,2025-03-07,LAC,NYK,1,0.59351
22400912,2024-25,2025-03-08,CHA,BKN,1,0.50738
22400913,2024-25,2025-03-08,HOU,NOP,1,0.71867
22400914,2024-25,2025-03-08,ATL,IND,1,0.39332
22400915,2024-25,2025-03-08,TOR,WAS,0,0.57808
22400916,2024-25,2025-03-08,MIA,CHI,0,0.54502
22400917,2024-25,2025-03-08,MIL,ORL,0,0.60423
22400918,2024-25,2025-03-08,BOS,LAL,1,0.60169
22400919,2024-25,2025-03-08,GSW,DET,1,0.73474
22400920,2024-25,2025-03-09,OKC,DEN,1,0.59765
22400921,2024-25,2025-03-09,DAL,PHX,0,0.38402
22400922,2024-25,2025-03-09,MIL,CLE,0,0.23834
22400923,2024-25,2025-03-09,NOP,MEM,0,0.20692
22400924,2024-25,2025-03-09,PHI,UTA,1,0.66213
22400925,2024-25,2025-03-09,MIN,SAS,1,0.71572
22400926,2024-25,2025-03-09,POR,DET,0,0.41019
22400927,2024-25,2025-03-09,LAC,SAC,1,0.69539
22400928,2024-25,2025-03-10,ATL,PHI,1,0.82295
22400929,2024-25,2025-03-10,BOS,UTA,1,0.95037
22400930,2024-25,2025-03-10,BKN,LAL,1,0.16826
22400931,2024-25,2025-03-10,MIA,CHA,0,0.79695
22400932,2024-25,2025-03-10,TOR,WAS,1,0.64934
22400933,2024-25,2025-03-10,CHI,IND,1,0.46408
22400934,2024-25,2025-03-10,HOU,ORL,1,0.58953
22400935,2024-25,2025-03-10,MEM,PHX,1,0.67691
22400936,2024-25,2025-03-10,OKC,DEN,0,0.65978
22400937,2024-25,2025-03-10,SAS,DAL,0,0.71244
22400938,2024-25,2025-03-10,GSW,POR,1,0.91109
22400939,2024-25,2025-03-10,SAC,NYK,0,0.38262
22400940,2024-25,2025-03-11,CLE,BKN,1,0.94016
22400941,2024-25,2025-03-11,DET,WAS,1,0.89996
22400942,2024-25,2025-03-11,IND,MIL,1,0.50441
22400943,2024-25,2025-03-11,NOP,LAC,1,0.16962
22400945,2024-25,2025-03-12,ATL,CHA,1,0.6995
22400946,2024-25,2025-03-12,BOS,OKC,0,0.46357
22400947,2024-25,2025-03-12,TOR,PHI,1,0.60216
22400948,2024-25,2025-03-12,MIA,LAC,0,0.39554
22400949,2024-25,2025-03-12,HOU,PHX,1,0.62642
22400950,2024-25,2025-03-12,MEM,UTA,1,0.79766
22400951,2024-25,2025-03-12,SAS,DAL,1,0.67983
22400952,2024-25,2025-03-12,DEN,MIN,0,0.66754
22400953,2024-25,2025-03-12,POR,NYK,0,0.29177
22400954,2024-25,2025-03-13,DET,WAS,0,0.82865
22400955,2024-25,2025-03-13,MIL,LAL,1,0.42521
22400956,2024-25,2025-03-13,CHI,BKN,1,0.77642
22400957,2024-25,2025-03-13,GSW,SAC,1,0.74186
22401141,2024-25,2025-03-13,NOP,ORL,0,0.39462
22400958,2024-25,2025-03-14,MIA,BOS,0,0.24838
22400959,2024-25,2025-03-14,PHI,IND,0,0.20806
22400960,2024-25,2025-03-14,ATL,LAC,0,0.37829
22400961,2024-25,2025-03-14,HOU,DAL,1,0.84128
22400962,2024-25,2025-03-14,MEM,CLE,0,0.39444
22400963,2024-25,2025-03-14,MIN,ORL,1,0.76307
22400964,2024-25,2025-03-14,SAS,CHA,0,0.69144
22400965,2024-25,2025-03-14,DEN,LAL,1,0.76368
22400966,2024-25,2025-03-14,UTA,TOR,0,0.64727
22400967,2024-25,2025-03-14,PHX,SAC,1,0.61767
22400968,2024-25,2025-03-15,BKN,BOS,0,0.21566
22400969,2024-25,2025-03-15,DET,OKC,0,0.25146
22400970,2024-25,2025-03-15,HOU,CHI,1,0.64098
22400971,2024-25,2025-03-15,MEM,MIA,1,0.71545
22400972,2024-25,2025-03-15,MIL,IND,1,0.55344
22400973,2024-25,2025-03-15,SAS,NOP,1,0.55866
22400974,2024-25,2025-03-15,GSW,NYK,1,0.62638
22400975,2024-25,2025-03-15,DEN,WAS,0,0.86175
22400538,2024-25,2025-03-16,LAC,CHA,1,0.87196
22400976,2024-25,2025-03-16,DAL,PHI,0,0.60223
22400977,2024-25,2025-03-16,LAL,PHX,1,0.55322
22400978,2024-25,2025-03-16,BKN,ATL,1,0.35666
22400979,2024-25,2025-03-16,CLE,ORL,0,0.78199
22400980,2024-25,2025-03-16,POR,TOR,1,0.6752
22400981,2024-25,2025-03-16,MIN,UTA,1,0.83231
22400982,2024-25,2025-03-16,MIL,OKC,0,0.24023
22400537,2024-25,2025-03-17,LAL,SAS,1,0.68461
22400984,2024-25,2025-03-17,NYK,MIA,1,0.7742
22400985,2024-25,2025-03-17,HOU,PHI,1,0.91618
22400986,2024-25,2025-03-17,MIN,IND,0,0.44061
22400987,2024-25,2025-03-17,NOP,DET,0,0.30793
22400989,2024-25,2025-03-17,UTA,CHI,0,0.29367
22400990,2024-25,2025-03-17,GSW,DEN,0,0.57603
22400991,2024-25,2025-03-17,PHX,TOR,1,0.71785
22400992,2024-25,2025-03-17,SAC,MEM,1,0.52049
22400995,2024-25,2025-03-17,POR,WAS,1,0.60644
22400993,2024-25,2025-03-18,CHA,ATL,0,0.41508
22400994,2024-25,2025-03-18,BOS,BKN,1,0.90789
22400997,2024-25,2025-03-18,LAC,CLE,1,0.4903
22401012,2024-25,2025-03-18,GSW,MIL,1,0.67385
22400627,2024-25,2025-03-19,UTA,WAS,1,0.59882
22400998,2024-25,2025-03-19,IND,DAL,1,0.79751
22400999,2024-25,2025-03-19,ORL,HOU,0,0.4363
22401000,2024-25,2025-03-19,MIA,DET,0,0.41666
22401001,2024-25,2025-03-19,MIN,NOP,0,0.8416
22401002,2024-25,2025-03-19,OKC,PHI,1,0.95149
22401003,2024-25,2025-03-19,SAS,NYK,1,0.27138
22401006,2024-25,2025-03-19,LAL,DEN,1,0.50003
22401007,2024-25,2025-03-19,PHX,CHI,1,0.53643
22401008,2024-25,2025-03-19,POR,MEM,1,0.36461
22401009,2024-25,2025-03-19,SAC,CLE,1,0.40336
22400996,2024-25,2025-03-20,LAL,MIL,0,0.53042
22401005,2024-25,2025-03-20,GSW,TOR,1,0.89787
22401010,2024-25,2025-03-20,CHA,NYK,1,0.21634
22401011,2024-25,2025-03-20,IND,BKN,1,0.71887
22401013,2024-25,2025-03-20,SAC,CHI,0,0.61359
22401014,2024-25,2025-03-21,WAS,ORL,0,0.27199
22401015,2024-25,2025-03-21,MIA,HOU,0,0.35991
22401016,2024-25,2025-03-21,MIN,NOP,1,0.82939
22401017,2024-25,2025-03-21,OKC,CHA,1,0.92565
22401018,2024-25,2025-03-21,SAS,PHI,1,0.7282
22401019,2024-25,2025-03-21,DAL,DET,1,0.25769
22401020,2024-25,2025-03-21,UTA,BOS,0,0.14137
22401021,2024-25,2025-03-21,PHX,CLE,1,0.26159
22401022,2024-25,2025-03-21,POR,DEN,1,0.39785
22401023,2024-25,2025-03-21,LAC,MEM,1,0.71108
22401024,2024-25,2025-03-22,IND,BKN,1,0.78833
22401025,2024-25,2025-03-22,ATL,GSW,1,0.32679
22401026,2024-25,2025-03-22,NYK,WAS,1,0.91415
22401027,2024-25,2025-03-22,SAC,MIL,0,0.55733
22401028,2024-25,2025-03-22,LAL,CHI,0,0.49337
22401029,2024-25,2025-03-23,DET,NOP,1,0.86808
22401030,2024-25,2025-03-23,UTA,CLE,0,0.12126
22401031,2024-25,2025-03-23,ATL,PHI,1,0.71262
22401032,2024-25,2025-03-23,MIA,CHA,1,0.76693
22401033,2024-25,2025-03-23,TOR,SAS,0,0.47793
22401034,2024-25,2025-03-23,POR,BOS,0,0.24215
22401035,2024-25,2025-03-23,HOU,DEN,0,0.65768
22401036,2024-25,2025-03-23,LAC,OKC,0,0.45139
22401037,2024-25,2025-03-24,IND,MIN,1,0.50784
22401038,2024-25,2025-03-24,ORL,LAL,1,0.48777
22401039,2024-25,2025-03-24,WAS,TOR,0,0.60767
22401040,2024-25,2025-03-24,BKN,DAL,0,0.53331
22401041,2024-25,2025-03-24,NOP,PHI,1,0.57218
22401042,2024-25,2025-03-24,DEN,CHI,0,0.56286
22401043,2024-25,2025-03-24,PHX,MIL,1,0.57609
22401044,2024-25,2025-03-24,SAC,BOS,0,0.39767
22401045,2024-25,2025-03-25,CHA,ORL,0,0.3938
22401046,2024-25,2025-03-25,DET,SAS,1,0.69549
22401047,2024-25,2025-03-25,MIA,GSW,1,0.29649
22401048,2024-25,2025-03-25,NYK,DAL,1,0.87485
22401049,2024-25,2025-03-25,HOU,ATL,1,0.74559
22401050,2024-25,2025-03-25,UTA,MEM,0,0.19939
22401051,2024-25,2025-03-25,POR,CLE,0,0.21194
22401052,2024-25,2025-03-25,SAC,OKC,0,0.17128
22401053,2024-25,2025-03-26,PHI,WAS,0,0.47493
22401054,2024-25,2025-03-26,BKN,TOR,0,0.50011
22401055,2024-25,2025-03-26,IND,LAL,0,0.54033
22401056,2024-25,2025-03-26,NYK,LAC,0,0.36742
22401057,2024-25,2025-03-26,DEN,MIL,1,0.56427
22401058,2024-25,2025-03-26,PHX,BOS,0,0.30242
22401059,2024-25,2025-03-27,CLE,SAS,1,0.84799
22401060,2024-25,2025-03-27,ORL,DAL,0,0.78989
22401061,2024-25,2025-03-27,WAS,IND,0,0.17812
22401062,2024-25,2025-03-27,MIA,ATL,1,0.57008
22401063,2024-25,2025-03-27,CHI,LAL,1,0.52451
22401064,2024-25,2025-03-27,OKC,MEM,1,0.79427
22401065,2024-25,2025-03-27,UTA,HOU,0,0.1547
22401066,2024-25,2025-03-27,SAC,POR,1,0.63691
22401067,2024-25,2025-03-28,DET,CLE,1,0.40885
22401068,2024-25,2025-03-28,BKN,LAC,0,0.11877
22401069,2024-25,2025-03-28,TOR,CHA,1,0.5408
22401070,2024-25,2025-03-28,MIL,NYK,0,0.39651
22401071,2024-25,2025-03-28,MIN,PHX,1,0.73387
22401072,2024-25,2025-03-28,NOP,GSW,0,0.13702
22401073,2024-25,2025-03-28,DEN,UTA,1,0.93181
22401074,2024-25,2025-03-29,ORL,SAC,1,0.5355
22401075,2024-25,2025-03-29,WAS,BKN,0,0.57481
22401076,2024-25,2025-03-29,PHI,MIA,0,0.24924
22401077,2024-25,2025-03-29,CHI,DAL,0,0.71775
22401078,2024-25,2025-03-29,MEM,LAL,0,0.49694
22401079,2024-25,2025-03-29,OKC,IND,1,0.75232
22401080,2024-25,2025-03-29,SAS,BOS,0,0.23267
22401081,2024-25,2025-03-30,CLE,LAC,1,0.56822
22401082,2024-25,2025-03-30,NYK,POR,1,0.75359
22401083,2024-25,2025-03-30,MIL,ATL,0,0.56428
22401084,2024-25,2025-03-30,MIN,DET,1,0.67079
22401085,2024-25,2025-03-30,NOP,CHA,1,0.46003
22401086,2024-25,2025-03-30,SAS,GSW,0,0.21748
22401087,2024-25,2025-03-30,PHI,TOR,0,0.30289
22401088,2024-25,2025-03-30,PHX,HOU,0,0.36469
22401089,2024-25,2025-03-31,CHA,UTA,1,0.49747
22401090,2024-25,2025-03-31,IND,SAC,1,0.65994
22401091,2024-25,2025-03-31,ORL,LAC,0,0.41602
22401092,2024-25,2025-03-31,WAS,MIA,0,0.23582
22401093,2024-25,2025-03-31,MEM,BOS,0,0.43824
22401094,2024-25,2025-03-31,OKC,CHI,1,0.85614
22401095,2024-25,2025-03-31,DAL,BKN,0,0.77313
22401096,2024-25,2025-03-31,LAL,HOU,1,0.68407
22400988,2024-25,2025-04-01,SAS,ORL,0,0.4484
22401097,2024-25,2025-04-01,ATL,POR,0,0.65216
22401098,2024-25,2025-04-01,NYK,PHI,1,0.92373
22401099,2024-25,2025-04-01,CHI,TOR,1,0.60556
22401100,2024-25,2025-04-01,MEM,GSW,0,0.42371
22401101,2024-25,2025-04-01,MIL,PHX,1,0.60834
22401102,2024-25,2025-04-01,DEN,MIN,0,0.61995
22401103,2024-25,2025-04-02,CLE,NYK,1,0.78083
22401104,2024-25,2025-04-02,IND,CHA,1,0.87448
22401105,2024-25,2025-04-02,WAS,SAC,1,0.20913
22401106,2024-25,2025-04-02,BOS,MIA,0,0.80102
22401107,2024-25,2025-04-02,HOU,UTA,1,0.91826
22401108,2024-25,2025-04-02,OKC,DET,1,0.84693
22401109,2024-25,2025-04-02,DAL,ATL,1,0.57956
22401110,2024-25,2025-04-02,DEN,SAS,0,0.83243
22401111,2024-25,2025-04-02,LAC,NOP,1,0.94391
22401112,2024-25,2025-04-03,WAS,ORL,0,0.13844
22401113,2024-25,2025-04-03,BKN,MIN,0,0.17963
22401114,2024-25,2025-04-03,MIA,MEM,0,0.37266
22401115,2024-25,2025-04-03,PHI,MIL,0,0.25478
22401116,2024-25,2025-04-03,TOR,POR,0,0.45739
22401117,2024-25,2025-04-03,LAL,GSW,0,0.59125
22401118,2024-25,2025-04-04,CHA,SAC,0,0.28134
22401119,2024-25,2025-04-04,IND,UTA,1,0.90971
22401120,2024-25,2025-04-04,BOS,PHX,1,0.82763
22401121,2024-25,2025-04-04,TOR,DET,0,0.26167
22401122,2024-25,2025-04-04,CHI,POR,1,0.69842
22401123,2024-25,2025-04-04,HOU,OKC,1,0.28952
22401124,2024-25,2025-04-04,SAS,CLE,0,0.21839
22401125,2024-25,2025-04-04,GSW,DEN,1,0.6048
22401126,2024-25,2025-04-04,LAL,NOP,1,0.89483
22401127,2024-25,2025-04-04,LAC,DAL,1,0.8479
22401128,2024-25,2025-04-05,ATL,NYK,0,0.439
22401129,2024-25,2025-04-05,DET,MEM,0,0.3476
22401130,2024-25,2025-04-05,PHI,MIN,0,0.14185
22401131,2024-25,2025-04-05,MIA,MIL,0,0.6293
22401132,2024-25,2025-04-05,LAC,DAL,1,0.84059
22400617,2024-25,2025-04-06,NOP,MIL,0,0.3573
22401133,2024-25,2025-04-06,CHA,CHI,0,0.32231
22401134,2024-25,2025-04-06,BKN,TOR,0,0.43483
22401135,2024-25,2025-04-06,OKC,LAL,0,0.73522
22401136,2024-25,2025-04-06,ATL,UTA,1,0.78613
22401137,2024-25,2025-04-06,BOS,WAS,1,0.95137
22401138,2024-25,2025-04-06,CLE,SAC,0,0.75597
22401139,2024-25,2025-04-06,POR,SAS,1,0.61302
22401140,2024-25,2025-04-06,NYK,PHX,1,0.733
22401142,2024-25,2025-04-06,DEN,IND,0,0.59945
22401143,2024-25,2025-04-06,GSW,HOU,0,0.59657
22401144,2024-25,2025-04-07,DET,SAC,0,0.62003
22401145,2024-25,2025-04-07,MIA,PHI,1,0.82929
22401146,2024-25,2025-04-08,CHA,MEM,0,0.19233
22401147,2024-25,2025-04-08,CLE,CHI,1,0.81893
22401148,2024-25,2025-04-08,IND,WAS,1,0.92032
22401149,2024-25,2025-04-08,ORL,ATL,1,0.66938
22401150,2024-25,2025-04-08,BKN,NOP,1,0.56623
22401151,2024-25,2025-04-08,NYK,BOS,0,0.43568
22401152,2024-25,2025-04-08,MIL,MIN,1,0.30372
22401153,2024-25,2025-04-08,OKC,LAL,1,0.73891
22401154,2024-25,2025-04-08,PHX,GSW,0,0.23667
22401155,2024-25,2025-04-08,LAC,SAS,1,0.89153
22401156,2024-25,2025-04-09,ORL,BOS,1,0.30325
22401157,2024-25,2025-04-09,WAS,PHI,0,0.38306
22401158,2024-25,2025-04-09,TOR,CHA,1,0.75832
22401159,2024-25,2025-04-09,DAL,LAL,0,0.40488
22401160,2024-25,2025-04-09,CHI,MIA,1,0.35755
22401162,2024-25,2025-04-09,UTA,POR,1,0.33466
22401163,2024-25,2025-04-09,GSW,SAS,0,0.86319
22401164,2024-25,2025-04-09,PHX,OKC,0,0.13286
22401165,2024-25,2025-04-09,SAC,DEN,0,0.45566
22401166,2024-25,2025-04-09,LAC,HOU,1,0.51653
22401161,2024-25,2025-04-10,MIL,NOP,1,0.8322
22401167,2024-25,2025-04-10,DET,NYK,1,0.4378
22401168,2024-25,2025-04-10,IND,CLE,1,0.47402
22401169,2024-25,2025-04-10,BKN,ATL,0,0.21342
22401170,2024-25,2025-04-10,MEM,MIN,0,0.51041
22401171,2024-25,2025-04-11,DET,MIL,0,0.64944
22401172,2024-25,2025-04-11,IND,ORL,0,0.59177
22401173,2024-25,2025-04-11,PHI,ATL,0,0.3505
22401174,2024-25,2025-04-11,BOS,CHA,1,0.92259
22401175,2024-25,2025-04-11,NYK,CLE,0,0.48572
22401176,2024-25,2025-04-11,CHI,WAS,1,0.85494
22401177,2024-25,2025-04-11,NOP,MIA,0,0.12996
22401178,2024-25,2025-04-11,DAL,TOR,1,0.67749
22401179,2024-25,2025-04-11,MIN,BKN,1,0.93359
22401180,2024-25,2025-04-11,DEN,MEM,1,0.68829
22401181,2024-25,2025-04-11,UTA,OKC,0,0.0723
22401182,2024-25,2025-04-11,PHX,SAS,1,0.55036
22401183,2024-25,2025-04-11,POR,GSW,0,0.17469
22401184,2024-25,2025-04-11,SAC,LAC,0,0.3038
22401185,2024-25,2025-04-11,LAL,HOU,1,0.73685
22401186,2024-25,2025-04-13,ATL,ORL,1,0.6211
22401187,2024-25,2025-04-13,BOS,CHA,1,0.94291
22401188,2024-25,2025-04-13,BKN,NYK,0,0.11088
22401189,2024-25,2025-04-13,CLE,IND,0,0.72797
22401190,2024-25,2025-04-13,MIA,WAS,0,0.89499
22401191,2024-25,2025-04-13,PHI,CHI,0,0.28786
22401192,2024-25,2025-04-13,MIL,DET,1,0.49342
22401193,2024-25,2025-04-13,HOU,DEN,0,0.28504
22401194,2024-25,2025-04-13,MEM,DAL,1,0.76652
22401195,2024-25,2025-04-13,MIN,UTA,1,0.9258
22401196,2024-25,2025-04-13,NOP,OKC,0,0.06674
22401197,2024-25,2025-04-13,SAS,TOR,1,0.64935
22401198,2024-25,2025-04-13,GSW,LAC,0,0.49876
22401199,2024-25,2025-04-13,POR,LAL,1,0.17838
22401200,2024-25,2025-04-13,SAC,PHX,1,0.66745
52400101,2024-25,2025-04-15,ORL,ATL,1,0.61468
52400121,2024-25,2025-04-15,GSW,MEM,1,0.76691
52400111,2024-25,2025-04-16,CHI,MIA,0,0.53028
52400131,2024-25,2025-04-16,SAC,DAL,0,0.73819
52400201,2024-25,2025-04-18,ATL,MIA,0,0.51888
52400211,2024-25,2025-04-18,MEM,DAL,1,0.76747
42400121,2024-25,2025-04-19,NYK,DET,1,0.67155
42400131,2024-25,2025-04-19,IND,MIL,1,0.67413
42400161,2024-25,2025-04-19,LAL,MIN,0,0.35555
42400171,2024-25,2025-04-19,DEN,LAC,1,0.45397
42400101,2024-25,2025-04-20,CLE,MIA,1,0.59926
42400111,2024-25,2025-04-20,BOS,ORL,1,0.72878
42400141,2024-25,2025-04-20,OKC,MEM,1,0.70305
42400151,2024-25,2025-04-20,HOU,GSW,0,0.40406
42400122,2024-25,2025-04-21,NYK,DET,0,0.69574
42400172,2024-25,2025-04-21,DEN,LAC,0,0.4675
42400132,2024-25,2025-04-22,IND,MIL,1,0.64919
42400142,2024-25,2025-04-22,OKC,MEM,1,0.75987
42400162,2024-25,2025-04-22,LAL,MIN,1,0.50525
42400102,2024-25,2025-04-23,CLE,MIA,1,0.71146
42400112,2024-25,2025-04-23,BOS,ORL,1,0.78645
42400152,2024-25,2025-04-23,HOU,GSW,1,0.38964
42400123,2024-25,2025-04-24,DET,NYK,0,0.44093
42400143,2024-25,2025-04-24,MEM,OKC,0,0.30478
42400173,2024-25,2025-04-24,LAC,DEN,1,0.6368
42400113,2024-25,2025-04-25,ORL,BOS,1,0.30686
42400133,2024-25,2025-04-25,MIL,IND,1,0.52402
42400163,2024-25,2025-04-25,MIN,LAL,1,0.5753
42400103,2024-25,2025-04-26,MIA,CLE,0,0.34902
42400144,2024-25,2025-04-26,MEM,OKC,0,0.31264
42400153,2024-25,2025-04-26,GSW,HOU,1,0.69851
42400174,2024-25,2025-04-26,LAC,DEN,0,0.64903
42400114,2024-25,2025-04-27,ORL,BOS,0,0.31795
42400124,2024-25,2025-04-27,DET,NYK,0,0.44335
42400134,2024-25,2025-04-27,MIL,IND,0,0.54352
42400164,2024-25,2025-04-27,MIN,LAL,1,0.59404
42400104,2024-25,2025-04-28,MIA,CLE,0,0.33781
42400154,2024-25,2025-04-28,GSW,HOU,1,0.6602
42400115,2024-25,2025-04-29,BOS,ORL,1,0.75338
42400125,2024-25,2025-04-29,NYK,DET,0,0.67428
42400135,2024-25,2025-04-29,IND,MIL,1,0.65903
42400175,2024-25,2025-04-29,DEN,LAC,1,0.47976
42400155,2024-25,2025-04-30,HOU,GSW,1,0.4438
42400165,2024-25,2025-04-30,LAL,MIN,0,0.55271
42400126,2024-25,2025-05-01,DET,NYK,0,0.4543
42400176,2024-25,2025-05-01,LAC,DEN,1,0.60503
42400156,2024-25,2025-05-02,GSW,HOU,0,0.675
42400177,2024-25,2025-05-03,DEN,LAC,1,0.51119
42400157,2024-25,2025-05-04,HOU,GSW,0,0.462
42400201,2024-25,2025-05-04,CLE,IND,0,0.66071
42400211,2024-25,2025-05-05,BOS,NYK,0,0.62717
42400221,2024-25,2025-05-05,OKC,DEN,0,0.77633
42400202,2024-25,2025-05-06,CLE,IND,0,0.67541
42400231,2024-25,2025-05-06,MIN,GSW,0,0.58511
42400212,2024-25,2025-05-07,BOS,NYK,0,0.70612
42400222,2024-25,2025-05-07,OKC,DEN,1,0.68964
42400232,2024-25,2025-05-08,MIN,GSW,1,0.48838
42400203,2024-25,2025-05-09,IND,CLE,0,0.46266
42400223,2024-25,2025-05-09,DEN,OKC,1,0.41691
42400213,2024-25,2025-05-10,NYK,BOS,0,0.41386
42400233,2024-25,2025-05-10,GSW,MIN,0,0.58761
42400204,2024-25,2025-05-11,IND,CLE,1,0.45105
42400224,2024-25,2025-05-11,DEN,OKC,0,0.40863
42400214,2024-25,2025-05-12,NYK,BOS,1,0.39599
42400234,2024-25,2025-05-12,GSW,MIN,0,0.59171
42400205,2024-25,2025-05-13,CLE,IND,0,0.60062
42400225,2024-25,2025-05-13,OKC,DEN,1,0.69364
42400215,2024-25,2025-05-14,BOS,NYK,1,0.69225
42400235,2024-25,2025-05-14,MIN,GSW,1,0.54308
42400226,2024-25,2025-05-15,DEN,OKC,1,0.42767
42400216,2024-25,2025-05-16,NYK,BOS,1,0.37192
42400227,2024-25,2025-05-18,OKC,DEN,1,0.69652
42400311,2024-25,2025-05-20,OKC,MIN,1,0.68599
42400301,2024-25,2025-05-21,NYK,IND,0,0.52187
42400312,2024-25,2025-05-22,OKC,MIN,1,0.77274
42400302,2024-25,2025-05-23,NYK,IND,0,0.56447
42400313,2024-25,2025-05-24,MIN,OKC,1,0.32024
42400303,2024-25,2025-05-25,IND,NYK,0,0.56656
42400314,2024-25,2025-05-26,MIN,OKC,0,0.34705
42400304,2024-25,2025-05-27,IND,NYK,1,0.59951
42400315,2024-25,2025-05-28,OKC,MIN,1,0.763
42400305,2024-25,2025-05-29,NYK,IND,1,0.52679
42400306,2024-25,2025-05-31,IND,NYK,1,0.56489
42400401,2024-25,2025-06-05,OKC,IND,0,0.78056
42400402,2024-25,2025-06-08,OKC,IND,1,0.7523
42400403,2024-25,2025-06-11,IND,OKC,1,0.34065
42400404,2024-25,2025-06-13,IND,OKC,0,0.34649
42400405,2024-25,2025-06-16,OKC,IND,1,0.75139
42400406,2024-25,2025-06-19,IND,OKC,1,0.3415
42400407,2024-25,2025-06-22,OKC,IND,1,0.74985
22500001,2025-26,2025-10-21,OKC,HOU,1,0.74482
22500002,2025-26,2025-10-21,LAL,GSW,0,0.58559
22500003,2025-26,2025-10-22,NYK,CLE,1,0.56806
22500004,2025-26,2025-10-22,DAL,SAS,0,0.64517
22500080,2025-26,2025-10-22,CHA,BKN,1,0.60368
22500081,2025-26,2025-10-22,ORL,MIA,1,0.65146
22500082,2025-26,2025-10-22,ATL,TOR,0,0.7643
22500083,2025-26,2025-10-22,BOS,PHI,0,0.92775
22500084,2025-26,2025-10-22,CHI,DET,1,0.43717
22500085,2025-26,2025-10-22,MEM,NOP,1,0.91878
22500087,2025-26,2025-10-22,UTA,LAC,1,0.10406
22500088,2025-26,2025-10-22,PHX,SAC,1,0.40904
22500089,2025-26,2025-10-22,POR,MIN,0,0.25754
22500005,2025-26,2025-10-23,IND,OKC,0,0.40024
22500006,2025-26,2025-10-23,GSW,DEN,1,0.43804
22500018,2025-26,2025-10-24,NYK,BOS,1,0.56574
22500019,2025-26,2025-10-24,LAL,MIN,1,0.59977
22500090,2025-26,2025-10-24,ORL,ATL,0,0.54145
22500091,2025-26,2025-10-24,BKN,CLE,0,0.11184
22500092,2025-26,2025-10-24,TOR,MIL,0,0.44276
22500093,2025-26,2025-10-24,HOU,DET,0,0.72124
22500094,2025-26,2025-10-24,MEM,MIA,0,0.62465
22500095,2025-26,2025-10-24,NOP,SAS,0,0.3806
22500096,2025-26,2025-10-24,DAL,WAS,0,0.68721
22500097,2025-26,2025-10-24,POR,GSW,1,0.37298
22500098,2025-26,2025-10-24,SAC,UTA,1,0.63073
22500099,2025-26,2025-10-24,LAC,PHX,1,0.85554
22500100,2025-26,2025-10-25,ORL,CHI,0,0.44054
22500101,2025-26,2025-10-25,ATL,OKC,0,0.19718
22500102,2025-26,2025-10-25,PHI,CHA,1,0.65974
22500103,2025-26,2025-10-25,MEM,IND,1,0.36332
22500104,2025-26,2025-10-25,DEN,PHX,1,0.91268
22500105,2025-26,2025-10-26,SAS,BKN,1,0.80845
22500106,2025-26,2025-10-26,DET,BOS,1,0.56939
22500107,2025-26,2025-10-26,CLE,MIL,1,0.74953
22500108,2025-26,2025-10-26,MIA,NYK,1,0.36665
22500109,2025-26,2025-10-26,WAS,CHA,0,0.59338
22500110,2025-26,2025-10-26,MIN,IND,1,0.85697
22500111,2025-26,2025-10-26,DAL,TOR,1,0.48134
22500112,2025-26,2025-10-26,LAC,POR,1,0.79616
22500113,2025-26,2025-10-26,SAC,LAL,0,0.35062
22500007,2025-26,2025-10-27,DET,CLE,0,0.39806
22500008,2025-26,2025-10-27,MIN,DEN,0,0.29911
22500114,2025-26,2025-10-27,PHI,ORL,1,0.48828
22500115,2025-26,2025-10-27,CHI,ATL,1,0.62157
22500116,2025-26,2025-10-27,HOU,BKN,1,0.93843
22500117,2025-26,2025-10-27,NOP,BOS,0,0.4956
22500118,2025-26,2025-10-27,SAS,TOR,1,0.63569
22500119,2025-26,2025-10-27,DAL,OKC,0,0.14961
22500120,2025-26,2025-10-27,UTA,PHX,1,0.676
22500121,2025-26,2025-10-27,GSW,MEM,1,0.78044
22500122,2025-26,2025-10-27,LAL,POR,0,0.66127
22500123,2025-26,2025-10-28,WAS,PHI,0,0.45494
22500124,2025-26,2025-10-28,MIA,CHA,1,0.61562
22500125,2025-26,2025-10-28,MIL,NYK,1,0.4625
22500126,2025-26,2025-10-28,OKC,SAC,1,0.79119
22500127,2025-26,2025-10-28,GSW,LAC,1,0.36405
22500128,2025-26,2025-10-29,BOS,CLE,1,0.43374
22500129,2025-26,2025-10-29,DET,ORL,1,0.62009
22500130,2025-26,2025-10-29,BKN,ATL,0,0.25308
22500131,2025-26,2025-10-29,TOR,HOU,0,0.26593
22500132,2025-26,2025-10-29,CHI,SAC,1,0.68976
22500133,2025-26,2025-10-29,DAL,IND,1,0.63644
22500134,2025-26,2025-10-29,DEN,NOP,1,0.90032
22500135,2025-26,2025-10-29,UTA,POR,0,0.47762
22500136,2025-26,2025-10-29,MIN,LAL,0,0.61416
22500137,2025-26,2025-10-29,PHX,MEM,0,0.40001
22500138,2025-26,2025-10-30,CHA,ORL,0,0.54036
22500139,2025-26,2025-10-30,MIL,GSW,1,0.36873
22500140,2025-26,2025-10-30,OKC,WAS,1,0.91522
22500141,2025-26,2025-10-30,SAS,MIA,1,0.60678
22500020,2025-26,2025-10-31,IND,ATL,0,0.38446
22500021,2025-26,2025-10-31,PHI,BOS,0,0.41142
22500022,2025-26,2025-10-31,CLE,TOR,0,0.80996
22500023,2025-26,2025-10-31,CHI,NYK,1,0.47715
22500024,2025-26,2025-10-31,MEM,LAL,0,0.50691
22500025,2025-26,2025-10-31,PHX,UTA,1,0.47724
22500026,2025-26,2025-10-31,POR,DEN,1,0.31026
22500027,2025-26,2025-10-31,LAC,NOP,1,0.90308
22500142,2025-26,2025-11-01,MIL,SAC,0,0.61403
22500143,2025-26,2025-11-01,CHA,MIN,0,0.35868
22500144,2025-26,2025-11-01,IND,GSW,1,0.13205
22500145,2025-26,2025-11-01,WAS,ORL,0,0.34366
22500146,2025-26,2025-11-01,BOS,HOU,0,0.35366
22500148,2025-26,2025-11-02,OKC,NOP,1,0.89548
22500149,2025-26,2025-11-02,BKN,PHI,0,0.30406
22500150,2025-26,2025-11-02,CHA,UTA,1,0.3742
22500151,2025-26,2025-11-02,CLE,ATL,1,0.61658
22500152,2025-26,2025-11-02,TOR,MEM,1,0.50436
22500153,2025-26,2025-11-02,NYK,CHI,1,0.58324
22500154,2025-26,2025-11-02,PHX,SAS,1,0.38791
22500155,2025-26,2025-11-02,LAL,MIA,1,0.70394
22500156,2025-26,2025-11-03,BKN,MIN,0,0.16896
22500157,2025-26,2025-11-03,IND,MIL,0,0.30503
22500158,2025-26,2025-11-03,BOS,UTA,0,0.78143
22500159,2025-26,2025-11-03,NYK,WAS,1,0.82089
22500160,2025-26,2025-11-03,HOU,DAL,1,0.82824
22500161,2025-26,2025-11-03,MEM,DET,0,0.27456
22500162,2025-26,2025-11-03,DEN,SAC,1,0.84566
22500163,2025-26,2025-11-03,POR,LAL,0,0.57117
22500164,2025-26,2025-11-03,LAC,MIA,0,0.83165
22500165,2025-26,2025-11-04,TOR,MIL,1,0.55121
22500166,2025-26,2025-11-04,ATL,ORL,1,0.54173
22500167,2025-26,2025-11-04,CHI,PHI,1,0.65568
22500168,2025-26,2025-11-04,NOP,CHA,1,0.57366
22500169,2025-26,2025-11-04,GSW,PHX,1,0.83168
22500170,2025-26,2025-11-04,LAC,OKC,0,0.36001
22500171,2025-26,2025-11-05,CLE,PHI,1,0.75892
22500172,2025-26,2025-11-05,DET,UTA,1,0.71055
22500173,2025-26,2025-11-05,IND,BKN,0,0.7071
22500174,2025-26,2025-11-05,BOS,WAS,1,0.85496
22500175,2025-26,2025-11-05,NYK,MIN,1,0.59864
22500176,2025-26,2025-11-05,MEM,HOU,0,0.24228
22500177,2025-26,2025-11-05,DAL,NOP,0,0.71617
22500178,2025-26,2025-11-05,DEN,MIA,1,0.81272
22500179,2025-26,2025-11-05,LAL,SAS,1,0.6003
22500180,2025-26,2025-11-05,POR,OKC,1,0.38282
22500181,2025-26,2025-11-05,SAC,GSW,1,0.43975
22500182,2025-26,2025-11-06,PHX,LAC,1,0.31165
22500028,2025-26,2025-11-07,ORL,BOS,1,0.49332
22500029,2025-26,2025-11-07,WAS,CLE,0,0.15156
22500030,2025-26,2025-11-07,ATL,TOR,0,0.60512
22500031,2025-26,2025-11-07,BKN,DET,0,0.20581
22500032,2025-26,2025-11-07,SAS,HOU,1,0.32243
22500033,2025-26,2025-11-07,MIA,CHA,1,0.71263
22500034,2025-26,2025-11-07,MEM,DAL,1,0.55959
22500035,2025-26,2025-11-07,MIL,CHI,1,0.48909
22500036,2025-26,2025-11-07,MIN,UTA,1,0.69312
22500037,2025-26,2025-11-07,DEN,GSW,1,0.78822
22500038,2025-26,2025-11-07,SAC,OKC,0,0.23213
22500183,2025-26,2025-11-08,WAS,DAL,0,0.38039
22500184,2025-26,2025-11-08,PHI,TOR,1,0.58022
22500185,2025-26,2025-11-08,ATL,LAL,1,0.37334
22500186,2025-26,2025-11-08,CLE,CHI,1,0.67812
22500187,2025-26,2025-11-08,MIA,POR,1,0.3879
22500188,2025-26,2025-11-08,SAS,NOP,1,0.68729
22500189,2025-26,2025-11-08,DEN,IND,1,0.87718
22500190,2025-26,2025-11-08,LAC,PHX,0,0.71289
22500191,2025-26,2025-11-09,MIL,HOU,0,0.36563
22500192,2025-26,2025-11-09,NYK,BKN,1,0.90398
22500193,2025-26,2025-11-09,ORL,BOS,0,0.52743
22500194,2025-26,2025-11-09,MEM,OKC,0,0.19544
22500195,2025-26,2025-11-09,PHI,DET,0,0.39672
22500196,2025-26,2025-11-09,GSW,IND,1,0.82723
22500197,2025-26,2025-11-09,SAC,MIN,0,0.34451
22500198,2025-26,2025-11-10,CHA,LAL,0,0.31437
22500199,2025-26,2025-11-10,DET,WAS,1,0.85865
22500200,2025-26,2025-11-10,ORL,POR,1,0.43854
22500201,2025-26,2025-11-10,MIA,CLE,1,0.36195
22500202,2025-26,2025-11-10,CHI,SAS,0,0.56283
22500203,2025-26,2025-11-10,DAL,MIL,0,0.47843
22500204,2025-26,2025-11-10,PHX,NOP,1,0.67757
22500205,2025-26,2025-11-10,UTA,MIN,0,0.41145
22500206,2025-26,2025-11-10,LAC,ATL,0,0.59429
22500207,2025-26,2025-11-11,BKN,TOR,0,0.20351
22500208,2025-26,2025-11-11,NYK,MEM,1,0.7763
22500209,2025-26,2025-11-11,PHI,BOS,1,0.51741
22500210,2025-26,2025-11-11,OKC,GSW,1,0.79928
22500211,2025-26,2025-11-11,UTA,IND,1,0.60428
22500212,2025-26,2025-11-11,SAC,DEN,0,0.18544
22500213,2025-26,2025-11-12,CHA,MIL,1,0.34384
22500214,2025-26,2025-11-12,DET,CHI,1,0.60518
22500215,2025-26,2025-11-12,NYK,ORL,0,0.62101
22500216,2025-26,2025-11-12,BOS,MEM,1,0.68015
22500217,2025-26,2025-11-12,MIA,CLE,0,0.3644
22500218,2025-26,2025-11-12,HOU,WAS,1,0.92079
22500219,2025-26,2025-11-12,NOP,POR,0,0.28876
22500220,2025-26,2025-11-12,SAS,GSW,0,0.6673
22500221,2025-26,2025-11-12,DAL,PHX,0,0.46102
22500222,2025-26,2025-11-12,OKC,LAL,1,0.72129
22500223,2025-26,2025-11-12,SAC,ATL,0,0.33958
22500224,2025-26,2025-11-12,LAC,DEN,0,0.36727
22500225,2025-26,2025-11-13,CLE,TOR,0,0.57321
22500226,2025-26,2025-11-13,PHX,IND,1,0.64667
22500227,2025-26,2025-11-13,UTA,ATL,0,0.48175
22500039,2025-26,2025-11-14,NYK,MIA,1,0.72082
22500040,2025-26,2025-11-14,ORL,BKN,1,0.86849
22500041,2025-26,2025-11-14,DET,PHI,1,0.5716
22500042,2025-26,2025-11-14,HOU,POR,1,0.6931
22500043,2025-26,2025-11-14,MIL,CHA,1,0.68093
22500044,2025-26,2025-11-14,MIN,SAC,1,0.83
22500045,2025-26,2025-11-14,NOP,LAL,0,0.29289
22500046,2025-26,2025-11-14,DAL,LAC,0,0.39174
22500047,2025-26,2025-11-14,SAS,GSW,0,0.5448
22500228,2025-26,2025-11-15,CLE,MEM,1,0.82382
22500229,2025-26,2025-11-15,CHA,OKC,0,0.10723
22500230,2025-26,2025-11-15,IND,TOR,0,0.22619
22500231,2025-26,2025-11-15,MIL,LAL,0,0.48042
22500232,2025-26,2025-11-15,MIN,DEN,0,0.30631
22500233,2025-26,2025-11-16,BOS,LAC,1,0.66284
22500234,2025-26,2025-11-16,SAS,SAC,1,0.79677
22500235,2025-26,2025-11-16,WAS,BKN,0,0.61167
22500236,2025-26,2025-11-16,HOU,ORL,1,0.71498
22500237,2025-26,2025-11-16,NOP,GSW,0,0.19228
22500238,2025-26,2025-11-16,DAL,POR,1,0.33527
22500239,2025-26,2025-11-16,PHX,ATL,0,0.47439
22500240,2025-26,2025-11-16,UTA,CHI,1,0.43264
22500241,2025-26,2025-11-17,CLE,MIL,1,0.73445
22500242,2025-26,2025-11-17,DET,IND,1,0.81093
22500243,2025-26,2025-11-17,PHI,LAC,1,0.59944
22500244,2025-26,2025-11-17,MIA,NYK,1,0.39094
22500245,2025-26,2025-11-17,TOR,CHA,1,0.77283
22500246,2025-26,2025-11-17,MIN,DAL,1,0.86057
22500247,2025-26,2025-11-17,NOP,OKC,0,0.07056
22500248,2025-26,2025-11-17,DEN,CHI,0,0.86338
22500249,2025-26,2025-11-18,ORL,GSW,1,0.47204
22500250,2025-26,2025-11-18,BKN,BOS,0,0.2189
22500251,2025-26,2025-11-18,ATL,DET,0,0.70078
22500252,2025-26,2025-11-18,SAS,MEM,1,0.73089
22500253,2025-26,2025-11-18,LAL,UTA,1,0.72141
22500254,2025-26,2025-11-18,POR,PHX,0,0.59783
22500255,2025-26,2025-11-19,CLE,HOU,0,0.50086
22500256,2025-26,2025-11-19,IND,CHA,1,0.31281
22500257,2025-26,2025-11-19,MIA,GSW,1,0.40978
22500258,2025-26,2025-11-19,PHI,TOR,0,0.4904
22500259,2025-26,2025-11-19,MIN,WAS,1,0.89491
22500260,2025-26,2025-11-19,NOP,DEN,0,0.11954
22500261,2025-26,2025-11-19,OKC,SAC,1,0.90522
22500262,2025-26,2025-11-19,DAL,NYK,0,0.26638
22500263,2025-26,2025-11-19,POR,CHI,0,0.44201
22500264,2025-26,2025-11-20,ORL,LAC,1,0.62234
22500265,2025-26,2025-11-20,MEM,SAC,1,0.67747
22500266,2025-26,2025-11-20,MIL,PHI,0,0.66244
22500267,2025-26,2025-11-20,SAS,ATL,1,0.57102
22500048,2025-26,2025-11-21,CLE,IND,1,0.9069
22500049,2025-26,2025-11-21,BOS,BKN,0,0.86539
22500050,2025-26,2025-11-21,TOR,WAS,1,0.86774
22500051,2025-26,2025-11-21,CHI,MIA,0,0.54559
22500052,2025-26,2025-11-21,DAL,NOP,1,0.59353
22500053,2025-26,2025-11-21,PHX,MIN,1,0.42703
22500054,2025-26,2025-11-21,HOU,DEN,0,0.53188
22500055,2025-26,2025-11-21,UTA,OKC,0,0.17992
22500056,2025-26,2025-11-21,GSW,POR,0,0.63242
22500268,2025-26,2025-11-22,CHA,LAC,0,0.45192
22500269,2025-26,2025-11-22,ORL,NYK,1,0.54869
22500270,2025-26,2025-11-22,NOP,ATL,0,0.25226
22500271,2025-26,2025-11-22,CHI,WAS,1,0.82025
22500272,2025-26,2025-11-22,MIL,DET,0,0.37539
22500273,2025-26,2025-11-22,DAL,MEM,0,0.41769
22500274,2025-26,2025-11-22,DEN,SAC,0,0.89244
22500275,2025-26,2025-11-23,PHI,MIA,0,0.55232
22500276,2025-26,2025-11-23,ATL,CHA,1,0.77227
22500277,2025-26,2025-11-23,BOS,ORL,1,0.6164
22500278,2025-26,2025-11-23,CLE,LAC,1,0.7749
22500279,2025-26,2025-11-23,TOR,BKN,1,0.83578
22500280,2025-26,2025-11-23,OKC,POR,1,0.87956
22500281,2025-26,2025-11-23,PHX,SAS,1,0.4669
22500282,2025-26,2025-11-23,UTA,LAL,0,0.26335
22500283,2025-26,2025-11-24,IND,DET,0,0.2066
22500284,2025-26,2025-11-24,TOR,CLE,1,0.48446
22500285,2025-26,2025-11-24,BKN,NYK,0,0.18743
22500286,2025-26,2025-11-24,MIA,DAL,1,0.71404
22500287,2025-26,2025-11-24,MEM,DEN,0,0.22213
22500288,2025-26,2025-11-24,MIL,POR,0,0.62564
22500289,2025-26,2025-11-24,NOP,CHI,1,0.33079
22500290,2025-26,2025-11-24,PHX,HOU,0,0.26298
22500291,2025-26,2025-11-24,GSW,UTA,1,0.87097
22500292,2025-26,2025-11-24,SAC,MIN,1,0.20374
22500057,2025-26,2025-11-25,WAS,ATL,1,0.20966
22500058,2025-26,2025-11-25,PHI,ORL,0,0.50982
22500059,2025-26,2025-11-25,LAL,LAC,1,0.64984
22500060,2025-26,2025-11-26,BOS,DET,1,0.57634
22500061,2025-26,2025-11-26,CHA,NYK,0,0.30022
22500062,2025-26,2025-11-26,MIA,MIL,1,0.69781
22500063,2025-26,2025-11-26,TOR,IND,1,0.84747
22500064,2025-26,2025-11-26,OKC,MIN,1,0.79631
22500065,2025-26,2025-11-26,NOP,MEM,0,0.44819
22500066,2025-26,2025-11-26,GSW,HOU,0,0.43195
22500067,2025-26,2025-11-26,POR,SAS,0,0.41384
22500068,2025-26,2025-11-26,SAC,PHX,0,0.37433
22500069,2025-26,2025-11-28,ATL,CLE,1,0.52277
22500070,2025-26,2025-11-28,BKN,PHI,0,0.38978
22500071,2025-26,2025-11-28,CHA,CHI,1,0.43811
22500072,2025-26,2025-11-28,DET,ORL,0,0.52901
22500073,2025-26,2025-11-28,IND,WAS,1,0.58871
22500074,2025-26,2025-11-28,NYK,MIL,1,0.79714
22500075,2025-26,2025-11-28,OKC,PHX,1,0.8728
22500076,2025-26,2025-11-28,DEN,SAS,0,0.75298
22500077,2025-26,2025-11-28,UTA,SAC,1,0.69686
22500078,2025-26,2025-11-28,LAL,DAL,1,0.80806
22500079,2025-26,2025-11-28,LAC,MEM,0,0.69285
22500293,2025-26,2025-11-29,MIN,BOS,1,0.61312
22500294,2025-26,2025-11-29,CHA,TOR,1,0.26839
22500295,2025-26,2025-11-29,IND,CHI,1,0.35654
22500296,2025-26,2025-11-29,MIA,DET,0,0.57109
22500297,2025-26,2025-11-29,MIL,BKN,1,0.76502
22500298,2025-26,2025-11-29,GSW,NOP,1,0.86501
22500299,2025-26,2025-11-29,PHX,DEN,0,0.38447
22500300,2025-26,2025-11-29,LAC,DAL,0,0.71542
22500301,2025-26,2025-11-30,UTA,HOU,0,0.23447
22500302,2025-26,2025-11-30,CLE,BOS,0,0.69362
22500303,2025-26,2025-11-30,NYK,TOR,1,0.73039
22500304,2025-26,2025-11-30,PHI,ATL,0,0.44921
22500305,2025-26,2025-11-30,POR,OKC,0,0.18282
22500306,2025-26,2025-11-30,MIN,SAS,1,0.53003
22500307,2025-26,2025-11-30,SAC,MEM,0,0.39924
22500308,2025-26,2025-11-30,LAL,NOP,1,0.88709
22500309,2025-26,2025-12-01,DET,ATL,1,0.69111
22500310,2025-26,2025-12-01,IND,CLE,0,0.34764
22500311,2025-26,2025-12-01,WAS,MIL,1,0.27921
22500312,2025-26,2025-12-01,BKN,CHA,1,0.37681
22500313,2025-26,2025-12-01,MIA,LAC,1,0.55334
22500314,2025-26,2025-12-01,ORL,CHI,1,0.77875
22500315,2025-26,2025-12-01,DEN,DAL,0,0.86676
22500316,2025-26,2025-12-01,UTA,HOU,1,0.18514
22500317,2025-26,2025-12-01,LAL,PHX,0,0.60777
22500318,2025-26,2025-12-02,PHI,WAS,1,0.86835
22500319,2025-26,2025-12-02,TOR,POR,1,0.63687
22500320,2025-26,2025-12-02,BOS,NYK,1,0.45756
22500321,2025-26,2025-12-02,NOP,MIN,0,0.19805
22500322,2025-26,2025-12-02,SAS,MEM,1,0.7046
22500323,2025-26,2025-12-02,GSW,OKC,0,0.31364
22500324,2025-26,2025-12-03,CLE,POR,0,0.76574
22500325,2025-26,2025-12-03,IND,DEN,0,0.19394
22500326,2025-26,2025-12-03,ORL,SAS,0,0.70078
22500327,2025-26,2025-12-03,ATL,LAC,0,0.64066
22500328,2025-26,2025-12-03,NYK,CHA,1,0.80553
22500329,2025-26,2025-12-03,CHI,BKN,0,0.73615
22500330,2025-26,2025-12-03,HOU,SAC,1,0.89396
22500331,2025-26,2025-12-03,MIL,DET,1,0.38676
22500332,2025-26,2025-12-03,DAL,MIA,1,0.42019
22500333,2025-26,2025-12-04,PHI,GSW,1,0.46323
22500334,2025-26,2025-12-04,WAS,BOS,0,0.17535
22500335,2025-26,2025-12-04,BKN,UTA,0,0.33823
22500336,2025-26,2025-12-04,TOR,LAL,0,0.47623
22500337,2025-26,2025-12-04,NOP,MIN,0,0.19181
22500338,2025-26,2025-12-05,BOS,LAL,1,0.61719
22500339,2025-26,2025-12-05,ORL,MIA,1,0.68203
22500340,2025-26,2025-12-05,ATL,DEN,0,0.40284
22500341,2025-26,2025-12-05,CLE,SAS,1,0.57544
22500342,2025-26,2025-12-05,DET,POR,1,0.72492
22500343,2025-26,2025-12-05,NYK,UTA,1,0.87838
22500344,2025-26,2025-12-05,TOR,CHA,0,0.69569
22500345,2025-26,2025-12-05,CHI,IND,0,0.65137
22500346,2025-26,2025-12-05,HOU,PHX,1,0.76442
22500347,2025-26,2025-12-05,MEM,LAC,1,0.45075
22500348,2025-26,2025-12-05,MIL,PHI,0,0.57318
22500349,2025-26,2025-12-05,OKC,DAL,1,0.89202
22500350,2025-26,2025-12-06,BKN,NOP,1,0.53214
22500351,2025-26,2025-12-06,WAS,ATL,0,0.24848
22500352,2025-26,2025-12-06,CLE,GSW,0,0.50346
22500353,2025-26,2025-12-06,DET,MIL,1,0.76333
22500354,2025-26,2025-12-06,MIA,SAC,0,0.74579
22500355,2025-26,2025-12-06,MIN,LAC,1,0.74438
22500356,2025-26,2025-12-06,DAL,HOU,1,0.21585
22500357,2025-26,2025-12-07,NYK,ORL,1,0.65343
22500358,2025-26,2025-12-07,TOR,BOS,0,0.42227
22500359,2025-26,2025-12-07,CHA,DEN,0,0.21163
22500360,2025-26,2025-12-07,MEM,POR,1,0.54047
22500361,2025-26,2025-12-07,CHI,GSW,0,0.53434
22500362,2025-26,2025-12-07,PHI,LAL,0,0.58214
22500363,2025-26,2025-12-07,UTA,OKC,0,0.1411
22500364,2025-26,2025-12-08,IND,SAC,1,0.58738
22500365,2025-26,2025-12-08,MIN,PHX,0,0.72533
22500366,2025-26,2025-12-08,NOP,SAS,0,0.25317
22501201,2025-26,2025-12-09,ORL,MIA,1,0.63191
22501202,2025-26,2025-12-09,TOR,NYK,0,0.32097
22501203,2025-26,2025-12-10,OKC,PHX,1,0.84454
22501204,2025-26,2025-12-10,LAL,SAS,0,0.62738
22501205,2025-26,2025-12-11,HOU,LAC,1,0.69232
22501206,2025-26,2025-12-11,MIL,BOS,1,0.31494
22501207,2025-26,2025-12-11,NOP,POR,1,0.37996
22501208,2025-26,2025-12-11,SAC,DEN,0,0.18871
22501209,2025-26,2025-12-12,CHA,CHI,0,0.54458
22501210,2025-26,2025-12-12,DET,ATL,1,0.61161
22501211,2025-26,2025-12-12,PHI,IND,1,0.78799
22501212,2025-26,2025-12-12,WAS,CLE,0,0.17013
22501213,2025-26,2025-12-12,MEM,UTA,0,0.71903
22501214,2025-26,2025-12-12,DAL,BKN,1,0.73435
22501215,2025-26,2025-12-12,GSW,MIN,0,0.49397
22501216,2025-26,2025-12-14,IND,WAS,0,0.75669
22501217,2025-26,2025-12-14,ATL,PHI,1,0.54218
22501218,2025-26,2025-12-14,CLE,CHA,0,0.81634
22501219,2025-26,2025-12-14,BKN,MIL,1,0.38891
22501220,2025-26,2025-12-14,MIN,SAC,1,0.85344
22501221,2025-26,2025-12-14,POR,GSW,1,0.33386
22501223,2025-26,2025-12-14,CHI,NOP,0,0.65323
22501228,2025-26,2025-12-14,PHX,LAL,0,0.35299
22501222,2025-26,2025-12-15,BOS,DET,0,0.57038
22501224,2025-26,2025-12-15,UTA,DAL,1,0.47722
22501225,2025-26,2025-12-15,DEN,HOU,1,0.49864
22501226,2025-26,2025-12-15,LAC,MEM,0,0.71568
22501227,2025-26,2025-12-15,MIA,TOR,0,0.62236
22500367,2025-26,2025-12-17,CHI,CLE,1,0.4123
22500368,2025-26,2025-12-17,MIN,MEM,0,0.70821
22500369,2025-26,2025-12-18,OKC,LAC,1,0.88286
22500370,2025-26,2025-12-18,SAS,WAS,1,0.90486
22500371,2025-26,2025-12-18,CHA,ATL,1,0.34049
22500372,2025-26,2025-12-18,IND,NYK,0,0.14178
22500373,2025-26,2025-12-18,BKN,MIA,0,0.35316
22500374,2025-26,2025-12-18,MIL,TOR,0,0.42534
22500375,2025-26,2025-12-18,NOP,HOU,1,0.21567
22500376,2025-26,2025-12-18,DAL,DET,1,0.31505
22500377,2025-26,2025-12-18,DEN,ORL,1,0.66934
22500378,2025-26,2025-12-18,PHX,GSW,1,0.35923
22500379,2025-26,2025-12-18,UTA,LAL,0,0.23698
22500380,2025-26,2025-12-18,POR,SAC,1,0.72146
22500381,2025-26,2025-12-19,BOS,MIA,1,0.73245
22500382,2025-26,2025-12-19,NYK,PHI,0,0.5961
22500383,2025-26,2025-12-19,ATL,SAS,0,0.4793
22500384,2025-26,2025-12-19,CLE,CHI,0,0.67362
22500385,2025-26,2025-12-19,MIN,OKC,1,0.3483
22500386,2025-26,2025-12-20,DEN,HOU,0,0.52904
22500387,2025-26,2025-12-20,PHI,DAL,1,0.59169
22500388,2025-26,2025-12-20,TOR,BOS,0,0.48427
22500389,2025-26,2025-12-20,NOP,IND,1,0.66021
22500390,2025-26,2025-12-20,DET,CHA,1,0.814
22500391,2025-26,2025-12-20,MEM,WAS,0,0.87812
22500392,2025-26,2025-12-20,GSW,PHX,1,0.72015
22500393,2025-26,2025-12-20,UTA,ORL,0,0.30719
22500394,2025-26,2025-12-20,SAC,POR,0,0.39959
22500395,2025-26,2025-12-20,LAC,LAL,1,0.47286
22500396,2025-26,2025-12-21,ATL,CHI,0,0.60795
22500397,2025-26,2025-12-21,BKN,TOR,1,0.49656
22500398,2025-26,2025-12-21,NYK,MIA,1,0.75674
22500399,2025-26,2025-12-21,WAS,SAS,0,0.1293
22500400,2025-26,2025-12-21,MIN,MIL,1,0.77972
22500401,2025-26,2025-12-21,SAC,HOU,1,0.14066
22500402,2025-26,2025-12-22,CLE,CHA,1,0.75932
22500403,2025-26,2025-12-22,BOS,IND,1,0.86811
22500404,2025-26,2025-12-22,NOP,DAL,1,0.54988
22500405,2025-26,2025-12-22,DEN,UTA,1,0.88343
22500406,2025-26,2025-12-22,OKC,MEM,1,0.8984
22500407,2025-26,2025-12-22,GSW,ORL,1,0.67779
22500408,2025-26,2025-12-22,POR,DET,0,0.33053
22500409,2025-26,2025-12-23,CHA,WAS,1,0.66515
22500410,2025-26,2025-12-23,PHI,BKN,0,0.76168
22500411,2025-26,2025-12-23,ATL,CHI,0,0.61019
22500412,2025-26,2025-12-23,CLE,NOP,1,0.72778
22500413,2025-26,2025-12-23,IND,MIL,0,0.37308
22500414,2025-26,2025-12-23,MIA,TOR,0,0.6074
22500415,2025-26,2025-12-23,DAL,DEN,1,0.32643
22500416,2025-26,2025-12-23,MIN,NYK,1,0.4497
22500417,2025-26,2025-12-23,SAS,OKC,1,0.41029
22500418,2025-26,2025-12-23,PHX,LAL,1,0.46461
22500419,2025-26,2025-12-23,UTA,MEM,0,0.42819
22500420,2025-26,2025-12-23,POR,ORL,0,0.51744
22500421,2025-26,2025-12-23,SAC,DET,0,0.26836
22500422,2025-26,2025-12-23,LAC,HOU,1,0.40695
22500009,2025-26,2025-12-25,NYK,CLE,1,0.57177
22500010,2025-26,2025-12-25,OKC,SAS,0,0.7813
22500011,2025-26,2025-12-25,GSW,DAL,1,0.75813
22500012,2025-26,2025-12-25,LAL,HOU,0,0.35125
22500013,2025-26,2025-12-25,DEN,MIN,1,0.61358
22500423,2025-26,2025-12-26,ATL,MIA,0,0.56917
22500424,2025-26,2025-12-26,ORL,CHA,0,0.6607
22500425,2025-26,2025-12-26,WAS,TOR,1,0.26206
22500426,2025-26,2025-12-26,IND,BOS,0,0.20697
22500427,2025-26,2025-12-26,CHI,PHI,1,0.44944
22500428,2025-26,2025-12-26,MEM,MIL,1,0.57948
22500429,2025-26,2025-12-26,NOP,PHX,0,0.41888
22500430,2025-26,2025-12-26,UTA,DET,1,0.17769
22500431,2025-26,2025-12-26,POR,LAC,0,0.3543
22500432,2025-26,2025-12-27,SAC,DAL,1,0.48139
22500433,2025-26,2025-12-27,ORL,DEN,1,0.22931
22500434,2025-26,2025-12-27,NOP,PHX,0,0.41255
22500435,2025-26,2025-12-27,ATL,NYK,0,0.29541
22500436,2025-26,2025-12-27,MIA,IND,1,0.72168
22500437,2025-26,2025-12-27,CHI,MIL,0,0.67741
22500438,2025-26,2025-12-27,HOU,CLE,1,0.65559
22500439,2025-26,2025-12-27,MIN,BKN,0,0.80308
22500440,2025-26,2025-12-27,SAS,UTA,0,0.87396
22500441,2025-26,2025-12-28,TOR,GSW,1,0.29842
22500442,2025-26,2025-12-28,OKC,PHI,1,0.8372
22500443,2025-26,2025-12-28,WAS,MEM,1,0.29238
22500444,2025-26,2025-12-28,POR,BOS,1,0.36522
22500445,2025-26,2025-12-28,LAC,DET,1,0.5431
22500446,2025-26,2025-12-28,LAL,SAC,1,0.84009
22500447,2025-26,2025-12-29,CHA,MIL,0,0.51632
22500448,2025-26,2025-12-29,WAS,PHX,0,0.18805
22500449,2025-26,2025-12-29,BKN,GSW,0,0.30897
22500450,2025-26,2025-12-29,MIA,DEN,1,0.37611
22500451,2025-26,2025-12-29,TOR,ORL,1,0.58229
22500452,2025-26,2025-12-29,CHI,MIN,0,0.42446
22500453,2025-26,2025-12-29,HOU,IND,1,0.90854
22500454,2025-26,2025-12-29,NOP,NYK,0,0.27647
22500455,2025-26,2025-12-29,OKC,ATL,1,0.82777
22500456,2025-26,2025-12-29,SAS,CLE,0,0.57936
22500457,2025-26,2025-12-29,POR,DAL,1,0.48659
22500458,2025-26,2025-12-30,MEM,PHI,0,0.4635
22500459,2025-26,2025-12-30,UTA,BOS,0,0.28057
22500460,2025-26,2025-12-30,LAL,DET,0,0.42722
22500461,2025-26,2025-12-30,LAC,SAC,1,0.87453
22500462,2025-26,2025-12-31,CHA,GSW,0,0.23904
22500463,2025-26,2025-12-31,ATL,MIN,1,0.39427
22500464,2025-26,2025-12-31,IND,ORL,0,0.42103
22500465,2025-26,2025-12-31,CLE,PHX,1,0.6894
22500466,2025-26,2025-12-31,CHI,NOP,1,0.55349
22500467,2025-26,2025-12-31,SAS,NYK,1,0.56452
22500468,2025-26,2025-12-31,TOR,DEN,0,0.45722
22500469,2025-26,2025-12-31,MIL,WAS,0,0.81001
22500470,2025-26,2025-12-31,OKC,POR,1,0.90148
22500471,2025-26,2026-01-01,BKN,HOU,0,0.22074
22500472,2025-26,2026-01-01,DET,MIA,0,0.71431
22500473,2025-26,2026-01-01,DAL,PHI,0,0.36712
22500474,2025-26,2026-01-01,SAC,BOS,0,0.19011
22500475,2025-26,2026-01-01,LAC,UTA,1,0.86147
22500476,2025-26,2026-01-02,IND,SAS,0,0.23566
22500477,2025-26,2026-01-02,WAS,BKN,1,0.56738
22500478,2025-26,2026-01-02,CLE,DEN,1,0.70512
22500479,2025-26,2026-01-02,NYK,ATL,0,0.68803
22500480,2025-26,2026-01-02,CHI,ORL,1,0.55638
22500481,2025-26,2026-01-02,MIL,CHA,1,0.66931
22500482,2025-26,2026-01-02,NOP,POR,0,0.59235
22500483,2025-26,2026-01-02,PHX,SAC,1,0.85308
22500484,2025-26,2026-01-02,GSW,OKC,0,0.38014
22500485,2025-26,2026-01-02,LAL,MEM,1,0.61928
22500486,2025-26,2026-01-03,MIA,MIN,0,0.42399
22500487,2025-26,2026-01-03,NYK,PHI,0,0.48921
22500488,2025-26,2026-01-03,TOR,ATL,1,0.62608
22500489,2025-26,2026-01-03,CHI,CHA,0,0.65669
22500490,2025-26,2026-01-03,SAS,POR,0,0.77186
22500491,2025-26,2026-01-03,DAL,HOU,1,0.22453
22500492,2025-26,2026-01-03,GSW,UTA,1,0.7418
22500493,2025-26,2026-01-03,LAC,BOS,0,0.64268
22500494,2025-26,2026-01-04,CLE,DET,0,0.5135
22500495,2025-26,2026-01-04,ORL,IND,1,0.71218
22500496,2025-26,2026-01-04,BKN,DEN,1,0.38405
22500497,2025-26,2026-01-04,MIA,NOP,1,0.59165
22500498,2025-26,2026-01-04,WAS,MIN,0,0.24882
22500499,2025-26,2026-01-04,PHX,OKC,1,0.23233
22500500,2025-26,2026-01-04,SAC,MIL,0,0.31033
22500501,2025-26,2026-01-04,LAL,MEM,1,0.61579
22500502,2025-26,2026-01-05,DET,NYK,1,0.48486
22500503,2025-26,2026-01-05,BOS,CHI,1,0.77463
22500504,2025-26,2026-01-05,TOR,ATL,1,0.59029
22500505,2025-26,2026-01-05,HOU,PHX,1,0.78926
22500506,2025-26,2026-01-05,OKC,CHA,0,0.87015
22500507,2025-26,2026-01-05,PHI,DEN,0,0.78634
22500508,2025-26,2026-01-05,LAC,GSW,1,0.52274
22500509,2025-26,2026-01-05,POR,UTA,1,0.62366
22500510,2025-26,2026-01-06,IND,CLE,0,0.31059
22500511,2025-26,2026-01-06,WAS,ORL,1,0.29972
22500512,2025-26,2026-01-06,MEM,SAS,1,0.37741
22500513,2025-26,2026-01-06,MIN,MIA,1,0.68756
22500514,2025-26,2026-01-06,NOP,LAL,0,0.3689
22500515,2025-26,2026-01-06,SAC,DAL,0,0.35863
22500516,2025-26,2026-01-07,CHA,TOR,0,0.41423
22500517,2025-26,2026-01-07,DET,CHI,1,0.78289
22500518,2025-26,2026-01-07,PHI,WAS,1,0.91028
22500519,2025-26,2026-01-07,ATL,NOP,1,0.74986
22500520,2025-26,2026-01-07,BOS,DEN,0,0.79466
22500521,2025-26,2026-01-07,BKN,ORL,0,0.57129
22500522,2025-26,2026-01-07,NYK,LAC,1,0.53395
22500523,2025-26,2026-01-07,SAS,LAL,1,0.66101
22500524,2025-26,2026-01-07,MEM,PHX,0,0.38252
22500525,2025-26,2026-01-07,OKC,UTA,1,0.91707
22500526,2025-26,2026-01-07,GSW,MIL,1,0.74678
22500527,2025-26,2026-01-07,POR,HOU,1,0.25381
22500528,2025-26,2026-01-08,CHA,IND,0,0.50659
22500530,2025-26,2026-01-08,MIN,CLE,1,0.60028
22500531,2025-26,2026-01-08,UTA,DAL,1,0.41226
22500532,2025-26,2026-01-09,BOS,TOR,1,0.6937
22500533,2025-26,2026-01-09,ORL,PHI,0,0.38679
22500534,2025-26,2026-01-09,WAS,NOP,0,0.34857
22500535,2025-26,2026-01-09,BKN,LAC,0,0.31462
22500536,2025-26,2026-01-09,MEM,OKC,0,0.16377
22500537,2025-26,2026-01-09,DEN,ATL,0,0.50863
22500538,2025-26,2026-01-09,PHX,NYK,1,0.45825
22500539,2025-26,2026-01-09,GSW,SAC,1,0.90529
22500540,2025-26,2026-01-09,POR,HOU,1,0.28604
22500541,2025-26,2026-01-09,LAL,MIL,0,0.60105
22500542,2025-26,2026-01-10,CLE,MIN,1,0.53338
22500543,2025-26,2026-01-10,IND,MIA,1,0.41508
22500544,2025-26,2026-01-10,DET,LAC,0,0.68736
22500545,2025-26,2026-01-10,BOS,SAS,0,0.47336
22500546,2025-26,2026-01-10,CHI,DAL,1,0.58101
22500547,2025-26,2026-01-10,UTA,CHA,0,0.50453
22500548,2025-26,2026-01-11,ORL,NOP,1,0.67531
22500549,2025-26,2026-01-11,MEM,BKN,1,0.62368
22500550,2025-26,2026-01-11,TOR,PHI,1,0.40272
22500551,2025-26,2026-01-11,POR,NYK,0,0.37083
22500552,2025-26,2026-01-11,MIN,SAS,1,0.53008
22500553,2025-26,2026-01-11,OKC,MIA,1,0.87466
22500554,2025-26,2026-01-11,DEN,MIL,1,0.47143
22500555,2025-26,2026-01-11,PHX,WAS,1,0.8892
22500556,2025-26,2026-01-11,GSW,ATL,0,0.72512
22500557,2025-26,2026-01-11,SAC,HOU,1,0.15072
22500558,2025-26,2026-01-12,CLE,UTA,0,0.86305
22500559,2025-26,2026-01-12,IND,BOS,1,0.28622
22500560,2025-26,2026-01-12,TOR,PHI,0,0.44644
22500561,2025-26,2026-01-12,DAL,BKN,1,0.7018
22500562,2025-26,2026-01-12,SAC,LAL,1,0.19324
22500563,2025-26,2026-01-12,LAC,CHA,1,0.70729
22500564,2025-26,2026-01-13,MIA,PHX,1,0.44674
22500565,2025-26,2026-01-13,HOU,CHI,1,0.8061
22500566,2025-26,2026-01-13,MIL,MIN,0,0.42735
22500567,2025-26,2026-01-13,NOP,DEN,0,0.46396
22500568,2025-26,2026-01-13,OKC,SAS,1,0.7524
22500569,2025-26,2026-01-13,LAL,ATL,1,0.46354
22500570,2025-26,2026-01-13,GSW,POR,1,0.77914
22500571,2025-26,2026-01-14,IND,TOR,0,0.47852
22500572,2025-26,2026-01-14,PHI,CLE,0,0.56992
22500573,2025-26,2026-01-14,CHI,UTA,1,0.56514
22500574,2025-26,2026-01-14,NOP,BKN,1,0.49047
22500575,2025-26,2026-01-14,DAL,DEN,0,0.51052
22500576,2025-26,2026-01-14,SAC,NYK,1,0.17895
22500577,2025-26,2026-01-14,LAC,WAS,1,0.8941
22500579,2025-26,2026-01-15,DET,PHX,1,0.66078
22500580,2025-26,2026-01-15,MIA,BOS,0,0.36254
22500581,2025-26,2026-01-15,HOU,OKC,0,0.39597
22500582,2025-26,2026-01-15,SAS,MIL,1,0.74501
22500583,2025-26,2026-01-15,DAL,UTA,1,0.67581
22500584,2025-26,2026-01-15,GSW,NYK,1,0.72059
22500585,2025-26,2026-01-15,POR,ATL,1,0.44533
22500586,2025-26,2026-01-15,LAL,CHA,0,0.66006
22500587,2025-26,2026-01-16,BKN,CHI,1,0.4654
22500588,2025-26,2026-01-16,IND,NOP,1,0.63499
22500589,2025-26,2026-01-16,PHI,CLE,0,0.5423
22500590,2025-26,2026-01-16,TOR,LAC,0,0.40485
22500591,2025-26,2026-01-16,HOU,MIN,1,0.51769
22500592,2025-26,2026-01-16,SAC,WAS,1,0.7133
22500593,2025-26,2026-01-17,DAL,UTA,1,0.65396
22500594,2025-26,2026-01-17,ATL,BOS,0,0.45101
22500595,2025-26,2026-01-17,DET,IND,1,0.84917
22500596,2025-26,2026-01-17,NYK,PHX,0,0.6476
22500597,2025-26,2026-01-17,MIA,OKC,1,0.18389
22500598,2025-26,2026-01-17,SAS,MIN,1,0.61786
22500599,2025-26,2026-01-17,GSW,CHA,1,0.80933
22500600,2025-26,2026-01-17,DEN,WAS,1,0.87841
22500601,2025-26,2026-01-17,POR,LAL,1,0.43192
22500603,2025-26,2026-01-18,CHI,BKN,1,0.64239
22500604,2025-26,2026-01-18,HOU,NOP,1,0.86407
22500605,2025-26,2026-01-18,DEN,CHA,0,0.54074
22500606,2025-26,2026-01-18,SAC,POR,0,0.54655
22500607,2025-26,2026-01-18,LAL,TOR,1,0.52707
22500014,2025-26,2026-01-19,ATL,MIL,0,0.55702
22500015,2025-26,2026-01-19,CLE,OKC,0,0.30855
22500016,2025-26,2026-01-19,NYK,DAL,0,0.86072
22500017,2025-26,2026-01-19,DET,BOS,1,0.64137
22500608,2025-26,2026-01-19,WAS,LAC,0,0.22616
22500609,2025-26,2026-01-19,PHI,IND,1,0.86223
22500610,2025-26,2026-01-19,BKN,PHX,0,0.18505
22500611,2025-26,2026-01-19,SAS,UTA,1,0.91296
22500612,2025-26,2026-01-19,GSW,MIA,1,0.79123
22500613,2025-26,2026-01-20,PHI,PHX,0,0.57574
22500614,2025-26,2026-01-20,CHI,LAC,1,0.61219
22500615,2025-26,2026-01-20,HOU,SAS,1,0.70721
22500616,2025-26,2026-01-20,UTA,MIN,1,0.15029
22500617,2025-26,2026-01-20,DEN,LAL,0,0.35904
22500618,2025-26,2026-01-20,GSW,TOR,0,0.71499
22500619,2025-26,2026-01-20,SAC,MIA,0,0.49982
22500620,2025-26,2026-01-21,CHA,CLE,0,0.4156
22500621,2025-26,2026-01-21,BOS,IND,1,0.81716
22500622,2025-26,2026-01-21,NYK,BKN,1,0.81367
22500623,2025-26,2026-01-21,MEM,ATL,0,0.62217
22500624,2025-26,2026-01-21,NOP,DET,0,0.23246
22500625,2025-26,2026-01-21,MIL,OKC,0,0.16003
22500626,2025-26,2026-01-21,SAC,TOR,0,0.40743
22500627,2025-26,2026-01-22,ORL,CHA,0,0.73382
22500628,2025-26,2026-01-22,PHI,HOU,1,0.41962
22500629,2025-26,2026-01-22,WAS,DEN,0,0.36159
22500630,2025-26,2026-01-22,DAL,GSW,1,0.22291
22500631,2025-26,2026-01-22,MIN,CHI,0,0.73001
22500632,2025-26,2026-01-22,UTA,SAS,0,0.20206
22500633,2025-26,2026-01-22,LAC,LAL,1,0.4358
22500634,2025-26,2026-01-22,POR,MIA,1,0.5576
22500635,2025-26,2026-01-23,DET,HOU,0,0.60842
22500636,2025-26,2026-01-23,ATL,PHX,1,0.4625
22500637,2025-26,2026-01-23,BKN,BOS,0,0.22335
22500638,2025-26,2026-01-23,CLE,SAC,1,0.82327
22500639,2025-26,2026-01-23,MEM,NOP,0,0.71581
22500640,2025-26,2026-01-23,MIL,DEN,0,0.57137
22500641,2025-26,2026-01-23,OKC,IND,0,0.92888
22500642,2025-26,2026-01-23,POR,TOR,0,0.47445
22500643,2025-26,2026-01-24,PHI,NYK,0,0.5412
22500645,2025-26,2026-01-24,CHA,WAS,1,0.81017
22500646,2025-26,2026-01-24,ORL,CLE,0,0.49496
22500647,2025-26,2026-01-24,CHI,BOS,1,0.51058
22500648,2025-26,2026-01-24,DAL,LAL,0,0.32015
22500649,2025-26,2026-01-24,UTA,MIA,0,0.34282
22500644,2025-26,2026-01-25,MIN,GSW,0,0.54831
22500650,2025-26,2026-01-25,DET,SAC,1,0.82722
22500653,2025-26,2026-01-25,OKC,TOR,0,0.85743
22500654,2025-26,2026-01-25,SAS,NOP,0,0.79074
22500655,2025-26,2026-01-25,PHX,MIA,0,0.73017
22500656,2025-26,2026-01-25,LAC,BKN,1,0.77538
22500657,2025-26,2026-01-26,CHA,PHI,1,0.38531
22500658,2025-26,2026-01-26,CLE,ORL,1,0.68942
22500659,2025-26,2026-01-26,ATL,IND,1,0.70258
22500660,2025-26,2026-01-26,BOS,POR,1,0.71102
22500661,2025-26,2026-01-26,CHI,LAL,0,0.43259
22500662,2025-26,2026-01-26,HOU,MEM,1,0.77186
22500663,2025-26,2026-01-26,MIN,GSW,1,0.52632
22500664,2025-26,2026-01-27,WAS,POR,1,0.35631
22500665,2025-26,2026-01-27,NYK,SAC,1,0.8351
22500666,2025-26,2026-01-27,PHI,MIL,1,0.57156
22500667,2025-26,2026-01-27,OKC,NOP,1,0.917
22500668,2025-26,2026-01-27,DEN,DET,0,0.2995
22500669,2025-26,2026-01-27,PHX,BKN,1,0.77243
22500670,2025-26,2026-01-27,UTA,LAC,0,0.28519
22500671,2025-26,2026-01-28,CLE,LAL,1,0.6013
22500672,2025-26,2026-01-28,IND,CHI,1,0.42749
22500673,2025-26,2026-01-28,BOS,ATL,0,0.67984
22500674,2025-26,2026-01-28,MIA,ORL,0,0.59376
22500675,2025-26,2026-01-28,TOR,NYK,0,0.52203
22500676,2025-26,2026-01-28,MEM,CHA,0,0.50152
22500677,2025-26,2026-01-28,DAL,MIN,0,0.30979
22500678,2025-26,2026-01-28,UTA,GSW,0,0.2337
22500679,2025-26,2026-01-28,HOU,SAS,0,0.60583
22500529,2025-26,2026-01-29,CHI,MIA,0,0.51063
22500680,2025-26,2026-01-29,PHI,SAC,1,0.79711
22500681,2025-26,2026-01-29,WAS,MIL,1,0.39245
22500682,2025-26,2026-01-29,ATL,HOU,0,0.41338
22500683,2025-26,2026-01-29,DAL,CHA,0,0.41867
22500684,2025-26,2026-01-29,DEN,BKN,1,0.66659
22500685,2025-26,2026-01-29,PHX,DET,1,0.38517
22500686,2025-26,2026-01-29,MIN,OKC,1,0.23492
22500687,2025-26,2026-01-30,ORL,TOR,1,0.54376
22500688,2025-26,2026-01-30,WAS,LAL,0,0.17203
22500689,2025-26,2026-01-30,BOS,SAC,1,0.86632
22500690,2025-26,2026-01-30,NYK,POR,1,0.71065
22500691,2025-26,2026-01-30,NOP,MEM,1,0.56014
22500693,2025-26,2026-01-30,PHX,CLE,1,0.32554
22500694,2025-26,2026-01-30,UTA,BKN,0,0.6718
22500695,2025-26,2026-01-30,DEN,LAC,1,0.33901
22500696,2025-26,2026-01-30,GSW,DET,0,0.63789
22500692,2025-26,2026-01-31,MIA,CHI,0,0.6266
22500697,2025-26,2026-01-31,CHA,SAS,1,0.3958
22500698,2025-26,2026-01-31,IND,ATL,1,0.39166
22500699,2025-26,2026-01-31,PHI,NOP,1,0.77771
22500700,2025-26,2026-01-31,MEM,MIN,0,0.27547
22500701,2025-26,2026-01-31,HOU,DAL,1,0.84157
22500702,2025-26,2026-02-01,BOS,MIL,1,0.82627
22500703,2025-26,2026-02-01,SAS,ORL,1,0.63501
22500704,2025-26,2026-02-01,DET,BKN,1,0.86831
22500705,2025-26,2026-02-01,MIA,CHI,1,0.636
22500706,2025-26,2026-02-01,TOR,UTA,1,0.81588
22500707,2025-26,2026-02-01,WAS,SAC,1,0.42366
22500708,2025-26,2026-02-01,NYK,LAL,1,0.66196
22500709,2025-26,2026-02-01,PHX,LAC,0,0.54009
22500710,2025-26,2026-02-01,POR,CLE,0,0.40225
22500711,2025-26,2026-02-01,DEN,OKC,0,0.22232
22500712,2025-26,2026-02-02,CHA,NOP,1,0.66475
22500713,2025-26,2026-02-02,IND,HOU,0,0.23873
22500714,2025-26,2026-02-02,MEM,MIN,1,0.30831
22500715,2025-26,2026-02-02,LAC,PHI,0,0.46493
22500716,2025-26,2026-02-03,DET,DEN,1,0.69668
22500717,2025-26,2026-02-03,IND,UTA,0,0.4694
22500718,2025-26,2026-02-03,WAS,NYK,0,0.13526
22500719,2025-26,2026-02-03,BKN,LAL,0,0.21527
22500720,2025-26,2026-02-03,MIA,ATL,0,0.53967
22500721,2025-26,2026-02-03,DAL,BOS,0,0.29114
22500722,2025-26,2026-02-03,MIL,CHI,1,0.5497
22500723,2025-26,2026-02-03,OKC,ORL,1,0.86384
22500724,2025-26,2026-02-03,GSW,PHI,0,0.74661
22500725,2025-26,2026-02-03,POR,PHX,0,0.47434
22500726,2025-26,2026-02-04,NYK,DEN,1,0.65895
22500727,2025-26,2026-02-04,TOR,MIN,0,0.44898
22500728,2025-26,2026-02-04,HOU,BOS,0,0.64069
22500729,2025-26,2026-02-04,MIL,NOP,1,0.33376
22500730,2025-26,2026-02-04,SAS,OKC,1,0.37469
22500731,2025-26,2026-02-04,SAC,MEM,0,0.40877
22500732,2025-26,2026-02-04,LAC,CLE,0,0.45932
22500733,2025-26,2026-02-05,DET,WAS,0,0.92087
22500734,2025-26,2026-02-05,ORL,BKN,1,0.7388
22500735,2025-26,2026-02-05,ATL,UTA,1,0.72315
22500736,2025-26,2026-02-05,TOR,CHI,1,0.73472
22500737,2025-26,2026-02-05,HOU,CHA,0,0.57863
22500738,2025-26,2026-02-05,DAL,SAS,0,0.32804
22500739,2025-26,2026-02-05,PHX,GSW,0,0.46178
22500740,2025-26,2026-02-05,LAL,PHI,1,0.61119
22500741,2025-26,2026-02-06,BOS,MIA,1,0.7657
22500742,2025-26,2026-02-06,DET,NYK,1,0.49927
22500743,2025-26,2026-02-06,MIL,IND,1,0.62283
22500744,2025-26,2026-02-06,MIN,NOP,0,0.76121
22500745,2025-26,2026-02-06,POR,MEM,1,0.63989
22500746,2025-26,2026-02-06,SAC,LAC,0,0.34158
22500747,2025-26,2026-02-07,BKN,WAS,1,0.67637
22500748,2025-26,2026-02-07,OKC,HOU,0,0.76825
22500749,2025-26,2026-02-07,SAS,DAL,1,0.8141
22500750,2025-26,2026-02-07,ORL,UTA,1,0.7488
22500751,2025-26,2026-02-07,ATL,CHA,0,0.4641
22500752,2025-26,2026-02-07,CHI,DEN,0,0.2592
22500753,2025-26,2026-02-07,LAL,GSW,1,0.53873
22500754,2025-26,2026-02-07,PHX,PHI,0,0.48451
22500755,2025-26,2026-02-07,POR,MEM,1,0.70942
22500756,2025-26,2026-02-07,SAC,CLE,0,0.17805
22500757,2025-26,2026-02-08,BOS,NYK,0,0.65421
22500758,2025-26,2026-02-08,WAS,MIA,0,0.15421
22500759,2025-26,2026-02-08,TOR,IND,1,0.7586
22500760,2025-26,2026-02-08,MIN,LAC,0,0.65539
22500761,2025-26,2026-02-09,CHA,DET,0,0.39724
22500762,2025-26,2026-02-09,BKN,CHI,1,0.58492
22500763,2025-26,2026-02-09,MIA,UTA,0,0.63483
22500764,2025-26,2026-02-09,ORL,MIL,1,0.70235
22500765,2025-26,2026-02-09,MIN,ATL,1,0.60048
22500766,2025-26,2026-02-09,NOP,SAC,1,0.6913
22500767,2025-26,2026-02-09,DEN,CLE,0,0.55987
22500768,2025-26,2026-02-09,GSW,MEM,1,0.84679
22500769,2025-26,2026-02-09,LAL,OKC,0,0.35212
22500770,2025-26,2026-02-09,POR,PHI,1,0.37576
22500771,2025-26,2026-02-10,NYK,IND,0,0.79382
22500772,2025-26,2026-02-10,HOU,LAC,1,0.65422
22500773,2025-26,2026-02-10,PHX,DAL,1,0.7781
22500774,2025-26,2026-02-10,LAL,SAS,0,0.40443
22500775,2025-26,2026-02-11,CHA,ATL,1,0.70151
22500776,2025-26,2026-02-11,CLE,WAS,1,0.92614
22500777,2025-26,2026-02-11,ORL,MIL,0,0.76784
22500778,2025-26,2026-02-11,BOS,CHI,1,0.86484
22500779,2025-26,2026-02-11,BKN,IND,0,0.53456
22500780,2025-26,2026-02-11,PHI,NYK,0,0.54378
22500781,2025-26,2026-02-11,TOR,DET,0,0.38812
22500782,2025-26,2026-02-11,HOU,LAC,0,0.68075
22500783,2025-26,2026-02-11,MIN,POR,1,0.62378
22500784,2025-26,2026-02-11,NOP,MIA,0,0.48489
22500785,2025-26,2026-02-11,PHX,OKC,0,0.29111
22500786,2025-26,2026-02-11,UTA,SAC,1,0.68586
22500787,2025-26,2026-02-11,DEN,MEM,1,0.83762
22500788,2025-26,2026-02-11,GSW,SAS,0,0.61008
22500789,2025-26,2026-02-12,OKC,MIL,0,0.90068
22500790,2025-26,2026-02-12,UTA,POR,0,0.4465
22500791,2025-26,2026-02-12,LAL,DAL,1,0.60723
22500792,2025-26,2026-02-19,CHA,HOU,0,0.43142
22500793,2025-26,2026-02-19,CLE,BKN,1,0.88541
22500794,2025-26,2026-02-19,PHI,ATL,0,0.51337
22500795,2025-26,2026-02-19,WAS,IND,1,0.41024
22500796,2025-26,2026-02-19,NYK,DET,0,0.44515
22500797,2025-26,2026-02-19,CHI,TOR,0,0.24096
22500798,2025-26,2026-02-19,SAS,PHX,1,0.69391
22500799,2025-26,2026-02-19,GSW,BOS,0,0.51456
22500800,2025-26,2026-02-19,SAC,ORL,0,0.22905
22500801,2025-26,2026-02-19,LAC,DEN,1,0.41977
22500802,2025-26,2026-02-20,CHA,CLE,0,0.35517
22500803,2025-26,2026-02-20,WAS,IND,1,0.41007
22500804,2025-26,2026-02-20,MEM,UTA,1,0.57106
22500805,2025-26,2026-02-20,ATL,MIA,0,0.40694
22500806,2025-26,2026-02-20,MIN,DAL,1,0.75239
22500807,2025-26,2026-02-20,NOP,MIL,0,0.64737
22500808,2025-26,2026-02-20,OKC,BKN,1,0.93692
22500809,2025-26,2026-02-20,LAL,LAC,1,0.64223
22500810,2025-26,2026-02-20,POR,DEN,0,0.50349
22500811,2025-26,2026-02-21,PHX,ORL,1,0.51814
22500812,2025-26,2026-02-21,NOP,PHI,1,0.41378
22500813,2025-26,2026-02-21,MIA,MEM,1,0.78598
22500814,2025-26,2026-02-21,CHI,DET,0,0.18598
22500815,2025-26,2026-02-21,SAS,SAC,1,0.90993
22500816,2025-26,2026-02-21,NYK,HOU,1,0.58577
22500817,2025-26,2026-02-22,OKC,CLE,1,0.61127
22500818,2025-26,2026-02-22,ATL,BKN,1,0.73877
22500819,2025-26,2026-02-22,MIL,TOR,0,0.2989
22500820,2025-26,2026-02-22,GSW,DEN,1,0.49324
22500821,2025-26,2026-02-22,IND,DAL,0,0.35547
22500822,2025-26,2026-02-22,WAS,CHA,0,0.23167
22500823,2025-26,2026-02-22,LAL,BOS,0,0.47203
22500824,2025-26,2026-02-22,MIN,PHI,0,0.76077
22500825,2025-26,2026-02-22,CHI,NYK,0,0.23844
22500826,2025-26,2026-02-22,PHX,POR,0,0.48873
22500827,2025-26,2026-02-22,LAC,ORL,0,0.68904
22500828,2025-26,2026-02-23,DET,SAS,0,0.66607
22500829,2025-26,2026-02-23,MEM,SAC,0,0.6627
22500830,2025-26,2026-02-23,HOU,UTA,1,0.84923
22500831,2025-26,2026-02-24,IND,PHI,0,0.35801
22500832,2025-26,2026-02-24,ATL,WAS,1,0.85046
22500833,2025-26,2026-02-24,BKN,DAL,0,0.47186
22500834,2025-26,2026-02-24,TOR,OKC,0,0.37859
22500835,2025-26,2026-02-24,CLE,NYK,1,0.60114
22500836,2025-26,2026-02-24,CHI,CHA,0,0.40074
22500837,2025-26,2026-02-24,MIL,MIA,1,0.41107
22500838,2025-26,2026-02-24,NOP,GSW,1,0.41286
22500839,2025-26,2026-02-24,PHX,BOS,0,0.3183
22500840,2025-26,2026-02-24,LAL,ORL,0,0.63702
22500841,2025-26,2026-02-24,POR,MIN,0,0.51586
22500842,2025-26,2026-02-25,DET,OKC,1,0.62405
22500843,2025-26,2026-02-25,TOR,SAS,0,0.40899
22500844,2025-26,2026-02-25,MEM,GSW,0,0.27186
22500845,2025-26,2026-02-25,HOU,SAC,1,0.894
22500846,2025-26,2026-02-25,MIL,CLE,1,0.24228
22500847,2025-26,2026-02-25,DEN,BOS,1,0.63266
22500848,2025-26,2026-02-26,IND,CHA,0,0.2614
22500849,2025-26,2026-02-26,PHI,MIA,1,0.58545
22500850,2025-26,2026-02-26,ATL,WAS,1,0.83662
22500851,2025-26,2026-02-26,BKN,SAS,0,0.25914
22500852,2025-26,2026-02-26,ORL,HOU,0,0.46393
22500853,2025-26,2026-02-26,CHI,POR,0,0.3582
22500854,2025-26,2026-02-26,DAL,SAC,0,0.80735
22500855,2025-26,2026-02-26,PHX,LAL,1,0.39378
22500856,2025-26,2026-02-26,UTA,NOP,0,0.46125
22500857,2025-26,2026-02-26,LAC,MIN,0,0.55701
22500858,2025-26,2026-02-27,DET,CLE,1,0.66156
22500859,2025-26,2026-02-27,BOS,BKN,1,0.89619
22500860,2025-26,2026-02-27,MIL,NYK,0,0.2805
22500861,2025-26,2026-02-27,DAL,MEM,0,0.60884
22500862,2025-26,2026-02-27,OKC,DEN,1,0.5733
22500863,2025-26,2026-02-28,CHA,POR,1,0.63441
22500864,2025-26,2026-02-28,MIA,HOU,1,0.41099
22500865,2025-26,2026-02-28,WAS,TOR,0,0.10711
22500866,2025-26,2026-02-28,GSW,LAL,0,0.5606
22500867,2025-26,2026-02-28,UTA,NOP,0,0.39614
22500868,2025-26,2026-03-01,NYK,SAS,1,0.55746
22500869,2025-26,2026-03-01,BKN,CLE,0,0.22954
22500870,2025-26,2026-03-01,CHI,MIL,1,0.48102
22500871,2025-26,2026-03-01,DEN,MIN,0,0.65889
22500872,2025-26,2026-03-01,IND,MEM,0,0.54965
22500873,2025-26,2026-03-01,ATL,POR,1,0.6372
22500874,2025-26,2026-03-01,BOS,PHI,1,0.66006
22500875,2025-26,2026-03-01,ORL,DET,0,0.3292
22500876,2025-26,2026-03-01,DAL,OKC,0,0.1373
22500877,2025-26,2026-03-01,LAC,NOP,1,0.72336
22500878,2025-26,2026-03-01,LAL,SAC,1,0.83518
22500879,2025-26,2026-03-02,WAS,HOU,0,0.10853
22500880,2025-26,2026-03-02,MIL,BOS,0,0.21651
22500881,2025-26,2026-03-02,UTA,DEN,0,0.20191
22500882,2025-26,2026-03-02,GSW,LAC,0,0.62428
22500883,2025-26,2026-03-03,CHA,DAL,1,0.79936
22500884,2025-26,2026-03-03,CLE,DET,1,0.41665
22500885,2025-26,2026-03-03,ORL,WAS,1,0.90039
22500886,2025-26,2026-03-03,MIA,BKN,1,0.75102
22500887,2025-26,2026-03-03,TOR,NYK,0,0.50875
22500888,2025-26,2026-03-03,PHI,SAS,0,0.42431
22500889,2025-26,2026-03-03,CHI,OKC,0,0.11486
22500890,2025-26,2026-03-03,MIN,MEM,1,0.85254
22500891,2025-26,2026-03-03,LAL,NOP,1,0.73865
22500892,2025-26,2026-03-03,SAC,PHX,0,0.28674
22500893,2025-26,2026-03-04,NYK,OKC,0,0.48318
22500894,2025-26,2026-03-04,BOS,CHA,0,0.77179
22500895,2025-26,2026-03-04,PHI,UTA,1,0.68479
22500896,2025-26,2026-03-04,MEM,POR,0,0.33437
22500897,2025-26,2026-03-04,MIL,ATL,0,0.46696
22500898,2025-26,2026-03-04,LAC,IND,1,0.85106
22500899,2025-26,2026-03-05,ORL,DAL,1,0.7592
22500900,2025-26,2026-03-05,WAS,UTA,0,0.45444
22500901,2025-26,2026-03-05,MIA,BKN,1,0.74739
22500902,2025-26,2026-03-05,HOU,GSW,0,0.68489
22500903,2025-26,2026-03-05,MIN,TOR,1,0.52257
22500904,2025-26,2026-03-05,SAS,DET,1,0.48921
22500905,2025-26,2026-03-05,PHX,CHI,0,0.7207
22500906,2025-26,2026-03-05,DEN,LAL,1,0.65665
22500907,2025-26,2026-03-05,SAC,NOP,0,0.31231
22500908,2025-26,2026-03-06,BOS,DAL,1,0.859
22500909,2025-26,2026-03-06,CHA,MIA,0,0.70454
22500910,2025-26,2026-03-06,HOU,POR,1,0.68237
22500911,2025-26,2026-03-06,DEN,NYK,0,0.4438
22500912,2025-26,2026-03-06,PHX,NOP,1,0.6425
22500913,2025-26,2026-03-06,SAS,LAC,1,0.62822
22500914,2025-26,2026-03-06,LAL,IND,1,0.80624
22500915,2025-26,2026-03-07,MIN,ORL,0,0.61492
22500916,2025-26,2026-03-07,DET,BKN,0,0.89454
22500917,2025-26,2026-03-07,ATL,PHI,1,0.61927
22500918,2025-26,2026-03-07,MEM,LAC,0,0.32032
22500919,2025-26,2026-03-07,MIL,UTA,1,0.69145
22500920,2025-26,2026-03-07,OKC,GSW,1,0.84668
22500921,2025-26,2026-03-08,CLE,BOS,0,0.48281
22500922,2025-26,2026-03-08,LAL,NYK,1,0.44898
22500923,2025-26,2026-03-08,MIA,DET,1,0.45784
22500924,2025-26,2026-03-08,TOR,DAL,1,0.83161
22500925,2025-26,2026-03-08,NOP,WAS,1,0.83705
22500926,2025-26,2026-03-08,MIL,ORL,0,0.39696
22500927,2025-26,2026-03-08,SAS,HOU,1,0.57879
22500928,2025-26,2026-03-08,PHX,CHA,1,0.43049
22500929,2025-26,2026-03-08,POR,IND,1,0.71275
22500930,2025-26,2026-03-08,SAC,CHI,1,0.40397
22500931,2025-26,2026-03-09,CLE,PHI,1,0.68864
22500932,2025-26,2026-03-09,BKN,MEM,1,0.59532
22500933,2025-26,2026-03-09,OKC,DEN,1,0.73088
22500934,2025-26,2026-03-09,UTA,GSW,1,0.27405
22500935,2025-26,2026-03-09,LAC,NYK,1,0.42356
22500936,2025-26,2026-03-10,PHI,MEM,1,0.69854
22500937,2025-26,2026-03-10,BKN,DET,0,0.12155
22500938,2025-26,2026-03-10,MIA,WAS,1,0.89829
22500939,2025-26,2026-03-10,ATL,DAL,1,0.74733
22500940,2025-26,2026-03-10,HOU,TOR,1,0.53158
22500941,2025-26,2026-03-10,MIL,PHX,0,0.34686
22500942,2025-26,2026-03-10,SAS,BOS,1,0.50166
22500943,2025-26,2026-03-10,GSW,CHI,0,0.68464
22500944,2025-26,2026-03-10,POR,CHA,0,0.41465
22500945,2025-26,2026-03-10,SAC,IND,1,0.48897
22500946,2025-26,2026-03-10,LAL,MIN,1,0.59678
22500947,2025-26,2026-03-11,ORL,CLE,1,0.47227
22500948,2025-26,2026-03-11,NOP,TOR,1,0.44008
22500949,2025-26,2026-03-11,UTA,NYK,0,0.1472
22500950,2025-26,2026-03-11,DEN,HOU,1,0.66421
22500951,2025-26,2026-03-11,SAC,CHA,0,0.19036
22500952,2025-26,2026-03-11,LAC,MIN,1,0.62517
22500953,2025-26,2026-03-12,DET,PHI,1,0.83455
22500954,2025-26,2026-03-12,IND,PHX,0,0.23891
22500955,2025-26,2026-03-12,ORL,WAS,1,0.87562
22500956,2025-26,2026-03-12,ATL,BKN,1,0.82056
22500957,2025-26,2026-03-12,MIA,MIL,1,0.74416
22500958,2025-26,2026-03-12,SAS,DEN,0,0.65344
22500959,2025-26,2026-03-12,OKC,BOS,1,0.70446
22500960,2025-26,2026-03-12,LAL,CHI,1,0.79881
22501111,2025-26,2026-03-12,MEM,DAL,0,0.48046
22500961,2025-26,2026-03-13,DET,MEM,1,0.92103
22500962,2025-26,2026-03-13,IND,NYK,0,0.09177
22500963,2025-26,2026-03-13,TOR,PHX,1,0.73572
22500964,2025-26,2026-03-13,HOU,NOP,1,0.68272
22500965,2025-26,2026-03-13,DAL,CLE,0,0.19477
22500966,2025-26,2026-03-13,GSW,MIN,0,0.51516
22500967,2025-26,2026-03-13,POR,UTA,1,0.83592
22500968,2025-26,2026-03-13,LAC,CHI,1,0.80663
22500969,2025-26,2026-03-14,PHI,BKN,1,0.68164
22500970,2025-26,2026-03-14,ATL,MIL,1,0.68628
22500971,2025-26,2026-03-14,BOS,WAS,1,0.9255
22500972,2025-26,2026-03-14,MIA,ORL,0,0.54215
22500973,2025-26,2026-03-14,SAS,CHA,1,0.59782
22500974,2025-26,2026-03-14,LAL,DEN,1,0.49073
22500975,2025-26,2026-03-14,LAC,SAC,0,0.82897
22500976,2025-26,2026-03-15,OKC,MIN,1,0.80638
22500977,2025-26,2026-03-15,CLE,DAL,0,0.85776
22500978,2025-26,2026-03-15,TOR,DET,1,0.48884
22500979,2025-26,2026-03-15,MIL,IND,1,0.54528
22500980,2025-26,2026-03-15,PHI,POR,1,0.33637
22500981,2025-26,2026-03-15,NYK,GSW,1,0.70188
22500982,2025-26,2026-03-15,SAC,UTA,1,0.56756
22500983,2025-26,2026-03-16,ATL,ORL,1,0.55182
22500984,2025-26,2026-03-16,WAS,GSW,0,0.29965
22500985,2025-26,2026-03-16,BKN,POR,0,0.29764
22500986,2025-26,2026-03-16,BOS,PHX,1,0.73918
22500987,2025-26,2026-03-16,CHI,MEM,1,0.64953
22500988,2025-26,2026-03-16,NOP,DAL,1,0.79144
22500989,2025-26,2026-03-16,HOU,LAL,0,0.53248
22500990,2025-26,2026-03-16,LAC,SAS,0,0.37326
22500991,2025-26,2026-03-17,CHA,MIA,1,0.63349
22500992,2025-26,2026-03-17,ORL,OKC,0,0.19915
22500993,2025-26,2026-03-17,WAS,DET,0,0.06412
22500994,2025-26,2026-03-17,NYK,IND,1,0.90714
22500995,2025-26,2026-03-17,MIL,CLE,0,0.23492
22500996,2025-26,2026-03-17,MIN,PHX,1,0.63604
22500997,2025-26,2026-03-17,DEN,PHI,1,0.86119
22500998,2025-26,2026-03-17,SAC,SAS,0,0.17982
22500651,2025-26,2026-03-18,MEM,DEN,1,0.16588
22500999,2025-26,2026-03-18,BOS,GSW,1,0.73828
22501000,2025-26,2026-03-18,BKN,OKC,0,0.08735
22501001,2025-26,2026-03-18,IND,POR,0,0.20488
22501002,2025-26,2026-03-18,CHI,TOR,0,0.26727
22501004,2025-26,2026-03-18,MIN,UTA,1,0.8486
22501005,2025-26,2026-03-18,NOP,LAC,1,0.53669
22501006,2025-26,2026-03-18,DAL,ATL,0,0.29096
22501007,2025-26,2026-03-18,HOU,LAL,0,0.50207
22501008,2025-26,2026-03-19,CHA,ORL,1,0.63998
22501009,2025-26,2026-03-19,WAS,DET,0,0.09416
22501010,2025-26,2026-03-19,MIA,LAL,0,0.48705
22501011,2025-26,2026-03-19,CHI,CLE,0,0.19877
22501012,2025-26,2026-03-19,NOP,LAC,1,0.49165
22501013,2025-26,2026-03-19,SAS,PHX,1,0.7095
22501014,2025-26,2026-03-19,UTA,MIL,1,0.32929
22501015,2025-26,2026-03-19,SAC,PHI,0,0.45895
22501016,2025-26,2026-03-20,BKN,NYK,0,0.11163
22501017,2025-26,2026-03-20,DET,GSW,1,0.66915
22501018,2025-26,2026-03-20,HOU,ATL,1,0.6104
22501019,2025-26,2026-03-20,MEM,BOS,0,0.13273
22501020,2025-26,2026-03-20,MIN,POR,0,0.57724
22501021,2025-26,2026-03-20,DEN,TOR,1,0.60403
22501022,2025-26,2026-03-21,WAS,OKC,0,0.05556
22501023,2025-26,2026-03-21,CHA,MEM,1,0.88284
22501024,2025-26,2026-03-21,ORL,LAL,0,0.38436
22501025,2025-26,2026-03-21,NOP,CLE,0,0.39504
22501026,2025-26,2026-03-21,ATL,GSW,1,0.60343
22501027,2025-26,2026-03-21,HOU,MIA,1,0.56297
22501028,2025-26,2026-03-21,SAS,IND,1,0.90953
22501029,2025-26,2026-03-21,DAL,LAC,0,0.36489
22501030,2025-26,2026-03-21,UTA,PHI,0,0.42092
22501031,2025-26,2026-03-21,PHX,MIL,0,0.803
22501032,2025-26,2026-03-22,DEN,POR,1,0.70605
22501033,2025-26,2026-03-22,SAC,BKN,1,0.60847
22501034,2025-26,2026-03-22,NYK,WAS,1,0.94883
22501035,2025-26,2026-03-22,BOS,MIN,0,0.74682
22501036,2025-26,2026-03-22,PHX,TOR,1,0.35828
22501037,2025-26,2026-03-23,ATL,MEM,1,0.83147
22501038,2025-26,2026-03-23,DET,LAL,1,0.61737
22501039,2025-26,2026-03-23,ORL,IND,0,0.7662
22501040,2025-26,2026-03-23,PHI,OKC,0,0.12794
22501041,2025-26,2026-03-23,MIA,SAS,0,0.38287
22501042,2025-26,2026-03-23,CHI,HOU,1,0.31192
22501043,2025-26,2026-03-23,UTA,TOR,0,0.2477
22501044,2025-26,2026-03-23,DAL,GSW,0,0.41625
22501045,2025-26,2026-03-23,POR,BKN,1,0.85982
22501046,2025-26,2026-03-23,LAC,MIL,1,0.84238
22501047,2025-26,2026-03-24,CHA,SAC,1,0.89035
22501048,2025-26,2026-03-24,NYK,NOP,1,0.74634
22501049,2025-26,2026-03-24,CLE,ORL,1,0.81595
22501050,2025-26,2026-03-24,PHX,DEN,0,0.40486
22501051,2025-26,2026-03-25,DET,ATL,0,0.72743
22501052,2025-26,2026-03-25,IND,LAL,0,0.26096
22501053,2025-26,2026-03-25,PHI,CHI,1,0.48367
22501054,2025-26,2026-03-25,BOS,OKC,1,0.49265
22501055,2025-26,2026-03-25,CLE,MIA,0,0.67022
22501056,2025-26,2026-03-25,MEM,SAS,0,0.13365
22501057,2025-26,2026-03-25,UTA,WAS,0,0.67483
22501058,2025-26,2026-03-25,MIN,HOU,1,0.52471
22501059,2025-26,2026-03-25,DEN,DAL,1,0.8093
22501060,2025-26,2026-03-25,GSW,BKN,1,0.86213
22501061,2025-26,2026-03-25,POR,MIL,1,0.82693
22501062,2025-26,2026-03-25,LAC,TOR,1,0.58693
22501063,2025-26,2026-03-26,CHA,NYK,1,0.46139
22501064,2025-26,2026-03-26,DET,NOP,1,0.71179
22501065,2025-26,2026-03-26,ORL,SAC,1,0.85549
22501066,2025-26,2026-03-27,IND,LAC,0,0.2925
22501067,2025-26,2026-03-27,BOS,ATL,1,0.73735
22501068,2025-26,2026-03-27,CLE,MIA,1,0.6823
22501069,2025-26,2026-03-27,MEM,HOU,0,0.16353
22501070,2025-26,2026-03-27,OKC,CHI,1,0.90865
22501071,2025-26,2026-03-27,TOR,NOP,1,0.68571
22501072,2025-26,2026-03-27,DEN,UTA,1,0.91474
22501073,2025-26,2026-03-27,GSW,WAS,1,0.88186
22501074,2025-26,2026-03-27,POR,DAL,0,0.76353
22501075,2025-26,2026-03-27,LAL,BKN,1,0.91114
22501076,2025-26,2026-03-28,MIL,SAS,0,0.12719
22501077,2025-26,2026-03-28,CHA,PHI,0,0.72058
22501078,2025-26,2026-03-28,ATL,SAC,1,0.84591
22501079,2025-26,2026-03-28,MEM,CHI,1,0.38074
22501080,2025-26,2026-03-28,MIN,DET,0,0.46282
22501081,2025-26,2026-03-28,PHX,UTA,1,0.89115
22501082,2025-26,2026-03-29,MIL,LAC,0,0.12892
22501083,2025-26,2026-03-29,IND,MIA,1,0.35057
22501084,2025-26,2026-03-29,BKN,SAC,1,0.65083
22501085,2025-26,2026-03-29,CHA,BOS,0,0.37052
22501086,2025-26,2026-03-29,TOR,ORL,1,0.57986
22501087,2025-26,2026-03-29,POR,WAS,1,0.87567
22501088,2025-26,2026-03-29,NOP,HOU,0,0.40827
22501089,2025-26,2026-03-29,OKC,NYK,1,0.64932
22501090,2025-26,2026-03-29,DEN,GSW,1,0.73977
22501091,2025-26,2026-03-30,MIA,PHI,1,0.4225
22501092,2025-26,2026-03-30,ATL,BOS,1,0.43387
22501093,2025-26,2026-03-30,MEM,PHX,0,0.20167
22501094,2025-26,2026-03-30,SAS,CHI,1,0.85536
22501095,2025-26,2026-03-30,DAL,MIN,0,0.29454
22501096,2025-26,2026-03-30,UTA,CLE,0,0.12908
22501097,2025-26,2026-03-30,OKC,DET,1,0.60918
22501098,2025-26,2026-03-30,LAL,WAS,1,0.94538
22500652,2025-26,2026-03-31,MIL,DAL,1,0.45898
22501099,2025-26,2026-03-31,ORL,PHX,1,0.56724
22501100,2025-26,2026-03-31,BKN,CHA,0,0.14303
22501101,2025-26,2026-03-31,DET,TOR,1,0.66177
22501102,2025-26,2026-03-31,HOU,NYK,1,0.45078
22501103,2025-26,2026-03-31,LAL,CLE,1,0.46276
22501104,2025-26,2026-03-31,LAC,POR,0,0.59873
22501003,2025-26,2026-04-01,MEM,NYK,0,0.13624
22501105,2025-26,2026-04-01,WAS,PHI,0,0.13803
22501106,2025-26,2026-04-01,MIA,BOS,0,0.38977
22501107,2025-26,2026-04-01,ORL,ATL,0,0.37555
22501108,2025-26,2026-04-01,TOR,SAC,0,0.87699
22501109,2025-26,2026-04-01,CHI,IND,0,0.56153
22501110,2025-26,2026-04-01,HOU,MIL,1,0.91013
22501112,2025-26,2026-04-01,UTA,DEN,0,0.12967
22501113,2025-26,2026-04-01,GSW,SAS,0,0.31929
22501114,2025-26,2026-04-02,CHA,PHX,1,0.64867
22501115,2025-26,2026-04-02,DET,MIN,1,0.72645
22501116,2025-26,2026-04-02,OKC,LAL,1,0.77353
22501117,2025-26,2026-04-02,GSW,CLE,0,0.25963
22501118,2025-26,2026-04-02,POR,NOP,1,0.65941
22501119,2025-26,2026-04-02,LAC,SAS,0,0.50331
22501120,2025-26,2026-04-03,CHA,IND,1,0.82216
22501121,2025-26,2026-04-03,PHI,MIN,1,0.60388
22501122,2025-26,2026-04-03,BKN,ATL,0,0.14401
22501123,2025-26,2026-04-03,NYK,CHI,1,0.86219
22501124,2025-26,2026-04-03,HOU,UTA,1,0.89075
22501125,2025-26,2026-04-03,MEM,TOR,0,0.18658
22501126,2025-26,2026-04-03,MIL,BOS,0,0.09079
22501127,2025-26,2026-04-03,DAL,ORL,0,0.28968
22501128,2025-26,2026-04-03,SAC,NOP,1,0.32918
22501129,2025-26,2026-04-04,MIA,WAS,1,0.88855
22501130,2025-26,2026-04-04,DEN,SAS,1,0.56515
22501131,2025-26,2026-04-04,PHI,DET,0,0.35871
22501132,2025-26,2026-04-05,BOS,TOR,1,0.7345
22501133,2025-26,2026-04-05,BKN,WAS,1,0.69673
22501134,2025-26,2026-04-05,CHI,PHX,0,0.2741
22501135,2025-26,2026-04-05,MIL,MEM,1,0.60973
22501136,2025-26,2026-04-05,CLE,IND,1,0.88155
22501137,2025-26,2026-04-05,MIN,CHA,0,0.43846
22501138,2025-26,2026-04-05,NOP,ORL,0,0.43651
22501139,2025-26,2026-04-05,OKC,UTA,1,0.95736
22501140,2025-26,2026-04-05,DAL,LAL,1,0.25417
22501141,2025-26,2026-04-05,SAC,LAC,0,0.16545
22501142,2025-26,2026-04-05,GSW,HOU,0,0.41365
22501143,2025-26,2026-04-06,ATL,NYK,0,0.47642
22501144,2025-26,2026-04-06,ORL,DET,1,0.26325
22501145,2025-26,2026-04-06,MEM,CLE,0,0.10086
22501146,2025-26,2026-04-06,SAS,PHI,1,0.74444
22501147,2025-26,2026-04-06,DEN,POR,1,0.63776
22501148,2025-26,2026-04-07,WAS,CHI,0,0.32457
22501149,2025-26,2026-04-07,BOS,CHA,1,0.65528
22501150,2025-26,2026-04-07,BKN,MIL,1,0.53011
22501151,2025-26,2026-04-07,TOR,MIA,1,0.60351
22501152,2025-26,2026-04-07,IND,MIN,0,0.23911
22501153,2025-26,2026-04-07,NOP,UTA,1,0.73246
22501154,2025-26,2026-04-07,GSW,SAC,1,0.86966
22501155,2025-26,2026-04-07,LAL,OKC,0,0.24256
22501156,2025-26,2026-04-07,LAC,DAL,1,0.80269
22501157,2025-26,2026-04-07,PHX,HOU,0,0.51641
22501158,2025-26,2026-04-08,CLE,ATL,1,0.51358
22501159,2025-26,2026-04-08,ORL,MIN,1,0.60322
22501160,2025-26,2026-04-08,DET,MIL,1,0.96383
22501161,2025-26,2026-04-08,SAS,POR,1,0.67868
22501162,2025-26,2026-04-08,DEN,MEM,1,0.95179
22501163,2025-26,2026-04-08,LAC,OKC,0,0.29151
22501164,2025-26,2026-04-08,PHX,DAL,1,0.81095
22501165,2025-26,2026-04-09,TOR,MIA,1,0.65608
22501166,2025-26,2026-04-09,WAS,CHI,0,0.29952
22501167,2025-26,2026-04-09,BKN,IND,0,0.50777
22501168,2025-26,2026-04-09,NYK,BOS,1,0.50405
22501169,2025-26,2026-04-09,HOU,PHI,1,0.56764
22501170,2025-26,2026-04-09,GSW,LAL,0,0.68591
22501171,2025-26,2026-04-10,CHA,DET,0,0.53055
22501172,2025-26,2026-04-10,WAS,MIA,0,0.17263
22501173,2025-26,2026-04-10,ATL,CLE,1,0.52255
22501174,2025-26,2026-04-10,BOS,NOP,1,0.88437
22501175,2025-26,2026-04-10,IND,PHI,0,0.20681
22501176,2025-26,2026-04-10,NYK,TOR,1,0.67706
22501177,2025-26,2026-04-10,CHI,ORL,0,0.27271
22501178,2025-26,2026-04-10,HOU,MIN,0,0.57557
22501179,2025-26,2026-04-10,MIL,BKN,1,0.68269
22501180,2025-26,2026-04-10,SAS,DAL,1,0.89851
22501181,2025-26,2026-04-10,UTA,MEM,1,0.62198
22501182,2025-26,2026-04-10,DEN,OKC,1,0.40823
22501183,2025-26,2026-04-10,POR,LAC,1,0.59489
22501184,2025-26,2026-04-10,SAC,GSW,1,0.40385
22501185,2025-26,2026-04-10,LAL,PHX,1,0.30768
22501186,2025-26,2026-04-12,BOS,ORL,1,0.73564
22501187,2025-26,2026-04-12,CLE,WAS,1,0.91847
22501188,2025-26,2026-04-12,IND,DET,0,0.09631
22501189,2025-26,2026-04-12,MIA,ATL,1,0.40642
22501190,2025-26,2026-04-12,NYK,CHA,0,0.59846
22501191,2025-26,2026-04-12,PHI,MIL,1,0.87535
22501192,2025-26,2026-04-12,TOR,BKN,1,0.93589
22501193,2025-26,2026-04-12,DAL,CHI,1,0.53247
22501194,2025-26,2026-04-12,HOU,MEM,1,0.95384
22501195,2025-26,2026-04-12,MIN,NOP,1,0.77614
22501196,2025-26,2026-04-12,OKC,PHX,0,0.71234
22501197,2025-26,2026-04-12,SAS,DEN,0,0.71955
22501198,2025-26,2026-04-12,LAL,UTA,1,0.81317
22501199,2025-26,2026-04-12,LAC,GSW,1,0.64891
22501200,2025-26,2026-04-12,POR,SAC,1,0.91024
52500111,2025-26,2026-04-14,CHA,MIA,1,0.72698
52500121,2025-26,2026-04-14,PHX,POR,0,0.38529
52500101,2025-26,2026-04-15,PHI,ORL,1,0.50014
52500131,2025-26,2026-04-15,LAC,GSW,0,0.63291
52500201,2025-26,2026-04-17,ORL,CHA,1,0.45898
52500211,2025-26,2026-04-17,PHX,GSW,1,0.56737
42500121,2025-26,2026-04-18,NYK,ATL,1,0.68945
42500131,2025-26,2026-04-18,CLE,TOR,1,0.44248
42500161,2025-26,2026-04-18,DEN,MIN,1,0.75099
42500171,2025-26,2026-04-18,LAL,HOU,1,0.39982
42500101,2025-26,2026-04-19,DET,ORL,0,0.76103
42500111,2025-26,2026-04-19,BOS,PHI,1,0.6665
42500141,2025-26,2026-04-19,OKC,PHX,1,0.56968
42500151,2025-26,2026-04-19,SAS,POR,1,0.65959
42500122,2025-26,2026-04-20,NYK,ATL,0,0.65226
42500132,2025-26,2026-04-20,CLE,TOR,1,0.59787
42500162,2025-26,2026-04-20,DEN,MIN,0,0.67437
42500112,2025-26,2026-04-21,BOS,PHI,0,0.77994
42500152,2025-26,2026-04-21,SAS,POR,0,0.68746
42500172,2025-26,2026-04-21,LAL,HOU,1,0.42416
42500102,2025-26,2026-04-22,DET,ORL,1,0.68083
42500142,2025-26,2026-04-22,OKC,PHX,1,0.76809
42500123,2025-26,2026-04-23,ATL,NYK,1,0.47045
42500133,2025-26,2026-04-23,TOR,CLE,1,0.48078
42500163,2025-26,2026-04-23,MIN,DEN,1,0.44132
42500113,2025-26,2026-04-24,PHI,BOS,0,0.34192
42500153,2025-26,2026-04-24,POR,SAS,0,0.4453
42500173,2025-26,2026-04-24,HOU,LAL,0,0.67321
42500103,2025-26,2026-04-25,ORL,DET,1,0.42642
42500124,2025-26,2026-04-25,ATL,NYK,0,0.47882
42500143,2025-26,2026-04-25,PHX,OKC,0,0.28878
42500164,2025-26,2026-04-25,MIN,DEN,1,0.51743
42500114,2025-26,2026-04-26,PHI,BOS,0,0.34484
42500134,2025-26,2026-04-26,TOR,CLE,1,0.5198
42500154,2025-26,2026-04-26,POR,SAS,0,0.46858
42500174,2025-26,2026-04-26,HOU,LAL,1,0.654
42500104,2025-26,2026-04-27,ORL,DET,1,0.44496
42500144,2025-26,2026-04-27,PHX,OKC,0,0.31539
42500165,2025-26,2026-04-27,DEN,MIN,1,0.62024
42500115,2025-26,2026-04-28,BOS,PHI,0,0.72012
42500125,2025-26,2026-04-28,NYK,ATL,1,0.64565
42500155,2025-26,2026-04-28,SAS,POR,1,0.69578
42500105,2025-26,2026-04-29,DET,ORL,1,0.6737
42500135,2025-26,2026-04-29,CLE,TOR,1,0.62569
42500175,2025-26,2026-04-29,LAL,HOU,0,0.44043
42500116,2025-26,2026-04-30,PHI,BOS,1,0.42365
42500126,2025-26,2026-04-30,ATL,NYK,0,0.41702
42500166,2025-26,2026-04-30,MIN,DEN,1,0.44189
42500106,2025-26,2026-05-01,ORL,DET,0,0.41588
42500136,2025-26,2026-05-01,TOR,CLE,1,0.47838
42500176,2025-26,2026-05-01,HOU,LAL,0,0.66363
42500117,2025-26,2026-05-02,BOS,PHI,0,0.68977
42500107,2025-26,2026-05-03,DET,ORL,1,0.73416
42500137,2025-26,2026-05-03,CLE,TOR,1,0.65613
42500211,2025-26,2026-05-04,NYK,PHI,1,0.6203
42500231,2025-26,2026-05-04,SAS,MIN,0,0.76769
42500201,2025-26,2026-05-05,DET,CLE,1,0.60021
42500221,2025-26,2026-05-05,OKC,LAL,1,0.8315
42500212,2025-26,2026-05-06,NYK,PHI,1,0.64836
42500232,2025-26,2026-05-06,SAS,MIN,1,0.75135
42500202,2025-26,2026-05-07,DET,CLE,1,0.61368
42500222,2025-26,2026-05-07,OKC,LAL,1,0.84188
42500213,2025-26,2026-05-08,PHI,NYK,0,0.43076
42500233,2025-26,2026-05-08,MIN,SAS,0,0.31358
42500203,2025-26,2026-05-09,CLE,DET,1,0.49494
42500223,2025-26,2026-05-09,LAL,OKC,0,0.22489
42500214,2025-26,2026-05-10,PHI,NYK,0,0.48857
42500234,2025-26,2026-05-10,MIN,SAS,1,0.31304
42500204,2025-26,2026-05-11,CLE,DET,1,0.53071
42500224,2025-26,2026-05-11,LAL,OKC,0,0.20415
42500235,2025-26,2026-05-12,SAS,MIN,1,0.76156
42500205,2025-26,2026-05-13,DET,CLE,0,0.58973
42500206,2025-26,2026-05-15,CLE,DET,0,0.53064
42500236,2025-26,2026-05-15,MIN,SAS,0,0.30451
42500207,2025-26,2026-05-17,DET,CLE,0,0.58714
42500311,2025-26,2026-05-18,OKC,SAS,0,0.71986
42500301,2025-26,2026-05-19,NYK,CLE,1,0.63769
42500312,2025-26,2026-05-20,OKC,SAS,1,0.6573
42500302,2025-26,2026-05-21,NYK,CLE,1,0.59636
42500313,2025-26,2026-05-22,SAS,OKC,0,0.40039
42500303,2025-26,2026-05-23,CLE,NYK,0,0.50877
42500314,2025-26,2026-05-24,SAS,OKC,1,0.41387
42500304,2025-26,2026-05-25,CLE,NYK,0,0.49742
42500315,2025-26,2026-05-26,OKC,SAS,1,0.66464
42500316,2025-26,2026-05-28,SAS,OKC,1,0.46303
42500317,2025-26,2026-05-30,OKC,SAS,0,0.61388
42500401,2025-26,2026-06-03,SAS,NYK,0,0.55456
42500402,2025-26,2026-06-05,SAS,NYK,0,0.57332
42500403,2025-26,2026-06-08,NYK,SAS,0,0.54498
42500404,2025-26,2026-06-10,NYK,SAS,1,0.53665
42500405,2025-26,2026-06-13,SAS,NYK,0,0.607
