season,y,b2b,open,close,const_shift,ridge,ridge_no_const,pred,move
2024-25,1.0,False,0.6301020408163266,0.6301020408163266,0.6266913900555664,0.6473991949260439,0.6534117633114851,0.0749719505232718,0.0
2024-25,1.0,False,0.4782608695652174,0.5,0.4746175373022676,0.4885190570407177,0.49512807281578847,0.04107953152284089,0.08701137698962969
2024-25,1.0,False,0.7241379310344829,0.7085889570552146,0.721210708474115,0.6887439824813854,0.6943843507629689,-0.17082705346893126,-0.07654007712233546
2024-25,0.0,False,0.32442748091603035,0.3435114503816793,0.32123450420889,0.2899603288418425,0.29543469562724783,-0.16207825073570117,0.0858136696003251
2024-25,0.0,False,0.6792452830188679,0.747191011235955,0.6760547992466472,0.6788614899589096,0.6845989329940821,-0.0017610043919626187,0.3333810440515399
2024-25,0.0,False,0.5108342361863488,0.3614457831325302,0.5071839814734822,0.48836757757559507,0.49497652722352603,-0.08988181641950194,-0.6124382611064383
2024-25,0.0,False,0.5108342361863488,0.552594002855783,0.5071839814734822,0.5015433045354747,0.508153466597739,-0.03717049147005826,0.16781337721736994
2024-25,1.0,False,0.7044334975369458,0.6385542168674698,0.701383410097596,0.6399985645506487,0.646068337851693,-0.293142153377731,-0.2994055361478406
2024-25,0.0,False,0.6301020408163266,0.3698979591836735,0.6266913900555664,0.6132997659118578,0.6195520981508941,-0.07145056722298176,-1.0653091884148056
2024-25,0.0,False,0.4201680672268907,0.2864487697392581,0.4166139031219425,0.3459672556656067,0.3519748543070504,-0.31472978504955296,-0.5906110305246896
2024-25,0.0,False,0.4009077155824508,0.3181818181818181,0.3974048099812311,0.36002417265912284,0.3661392168431221,-0.1735748451209967,-0.3604556667786385
2024-25,0.0,False,0.4201680672268907,0.447405997144217,0.4166139031219425,0.4701956520549518,0.47678785367777643,0.2027246046492269,0.11092639273527147
2024-25,1.0,False,0.7328244274809161,0.759493670886076,0.7299550054545088,0.732950287014755,0.7380942008989295,0.0006429163211520011,0.14090545307723756
2024-25,0.0,False,0.5324675324675325,0.5427435387673957,0.5288298122501643,0.5387636145552536,0.5453276491074596,0.025313105218507943,0.04133935801356642
2024-25,0.0,False,0.5217391304347826,0.5108342361863488,0.518093483831352,0.5394087135857877,0.5459713042355636,0.07095111849926666,-0.04366764777315769
2024-25,0.0,False,0.1358024691358024,0.127906976744186,0.13409742723976217,0.14394159734225706,0.14723080940818267,0.06766901132923783,-0.06899287148695143
2024-25,1.0,False,0.6140350877192983,0.6636481241914618,0.6105678521669469,0.6232902125794115,0.6294786023043951,0.03923153661282627,0.2152886060241438
2024-25,1.0,False,0.8024316109422491,0.8279569892473118,0.8001058424194346,0.804714406618679,0.8088365276810378,0.01446253828078569,0.16965486636322313
2024-25,1.0,False,0.552594002855783,0.6017699115044248,0.5489802362606695,0.633831560811645,0.6399468158196362,0.3375326918558469,0.20168810897194528
2024-25,1.0,False,0.562043795620438,0.5217391304347826,0.5584453664132139,0.6027338654542351,0.6090481324387853,0.1674084686608237,-0.1624494826419539
2024-25,0.0,False,0.7727272727272727,0.7764402407566638,0.7701519874082371,0.7547808200025631,0.7596421293593734,-0.099500452004145,0.02126549077934259
2024-25,1.0,False,0.6792452830188679,0.644729178800233,0.6760547992466472,0.6261294780972214,0.6322987416291894,-0.23465795001909703,-0.15435561885861393
2024-25,1.0,False,0.8108108108108107,0.8198198198198199,0.8085601490266011,0.8059425904083902,0.8100449063617075,-0.031428761434078946,0.059840000356017775
2024-25,0.0,False,0.31111111111111095,0.299837925445705,0.30798944392098504,0.2806462300725998,0.28601558361718704,-0.14632848388598096,-0.05313988829589755
2024-25,1.0,False,0.3859649122807018,0.3452115812917595,0.3825092072113568,0.3436041506094418,0.34959264846214033,-0.1829681579634651,-0.1758490422883371
2024-25,0.0,False,0.3859649122807018,0.3087478559176672,0.3825092072113568,0.3253332387455149,0.3311639583907886,-0.26506326680377923,-0.34167410292537514
2024-25,0.0,True,0.5,0.3146067415730336,0.4963486084928131,0.4565383434502009,0.46310643970914506,-0.17428646402400313,-0.7786693539981079
2024-25,0.0,True,0.2451612903225806,0.217391304347826,0.24246844763253736,0.26429450926960857,0.26946821014322225,0.10082193166818051,-0.15634607039069448
2024-25,0.0,False,0.8279569892473118,0.7328244274809161,0.825866497435479,0.7819956897511277,0.7864701132225899,-0.2938823052884316,-0.5622165696354791
2024-25,0.0,True,0.11811023622047238,0.136986301369863,0.11659735583764078,0.10537193293781827,0.10789086809053154,-0.1284630844485653,0.16989903679539786
2024-25,1.0,True,0.5882115462252725,0.5108342361863488,0.5846692408375863,0.5670945241107372,0.573574489514547,-0.08657030457833517,-0.31323317070041606
2024-25,1.0,True,0.4572564612326044,0.5108342361863488,0.45363401571163564,0.39191914274536543,0.3982388171221978,-0.2678598257603437,0.21473621547823624
2024-25,1.0,True,0.8198198198198199,0.8875502008032128,0.8176522293636267,0.8496285025221944,0.8529757822409506,0.21656308302309707,0.5508309583796889
2024-25,1.0,True,0.4572564612326044,0.3907637655417407,0.45363401571163564,0.3948713056933687,0.40120717512653764,-0.25548876356721634,-0.27271041455181416
2024-25,1.0,True,0.4891657638136511,0.4675324675324675,0.4855166641517302,0.5106001763282428,0.5172058484962798,0.08575078864539945,-0.08670939903172571
2024-25,0.0,True,0.2068965517241379,0.2068965517241379,0.2045101351212494,0.24084131920138455,0.2457092437516386,0.1956622156282375,0.0
2024-25,1.0,False,0.2451612903225806,0.238095238095238,0.24246844763253736,0.2817803362890663,0.2871627259959384,0.18894013256656103,-0.038563034734310886
2024-25,0.0,True,0.8024316109422491,0.7619047619047619,0.8001058424194346,0.8147926639273964,0.8187499665328078,0.07989591448521793,-0.23841102344499832
2024-25,0.0,False,0.7408716136631329,0.747191011235955,0.7380577250056992,0.7361909502369551,0.7412944750841753,-0.02423972710125736,0.0331829281033551
2024-25,1.0,True,0.782608695652174,0.7983193277310925,0.7801135174967144,0.7752724395572141,0.7798460057610712,-0.04260816903597275,0.094889215790531
2024-25,1.0,False,0.31111111111111095,0.3146067415730336,0.30798944392098504,0.2902455827685126,0.2957230920636968,-0.09926174235898869,0.016260520871780315
2024-25,0.0,True,0.7165697674418604,0.7328244274809161,0.7135940002512842,0.6937480384328641,0.699337311908399,-0.1098089448620585,0.08149051449947997
2024-25,1.0,True,0.7931034482758622,0.7663551401869159,0.7906965116067473,0.8066637446104178,0.8107543952953988,0.08474123254900259,-0.15589132430504282
2024-25,1.0,False,0.8279569892473118,0.8341968911917099,0.825866497435479,0.8364160148352634,0.8400020198708831,0.060582885911379745,0.04445176257083494
2024-25,0.0,False,0.747191011235955,0.6547884187082406,0.7444220725357873,0.6570557582189398,0.6629893801021919,-0.4334856292012427,-0.44353198803199856
2024-25,1.0,False,0.747191011235955,0.7548387096774194,0.7444220725357873,0.7337211147309932,0.7388554710423983,-0.0701018351321622,0.04090113661993677
2024-25,0.0,False,0.5711159737417942,0.5711159737417943,0.5675347298189776,0.5648127094204944,0.5713010102273194,-0.02568805113492969,0.0
2024-25,1.0,True,0.6659707724425887,0.6524137931034484,0.662713815018573,0.6853002304418622,0.6909750040809008,0.08822067549367599,-0.060350986570507636
2024-25,1.0,False,0.5427435387673957,0.5990922844175491,0.5391165674820723,0.5143015893477197,0.5209041789638937,-0.11417052023678681,0.23029189900649372
2024-25,1.0,True,0.8818897637795275,0.8524590163934427,0.8803599118997827,0.8859149282048434,0.8885604147816276,0.03922784406451343,-0.2564295289476761
2024-25,0.0,False,0.437956204379562,0.437956204379562,0.4343642909512074,0.4567282211624453,0.46329672037196795,0.0759396633370216,0.0
2024-25,0.0,False,0.2758620689655172,0.2451612903225806,0.2729539493393368,0.27677383820723117,0.2820981583292115,0.004559616704001131,-0.15950687902778304
2024-25,0.0,True,0.2758620689655172,0.3340292275574112,0.2729539493393368,0.3691461685132299,0.3753252845123477,0.42919939239521665,0.2750636084925696
2024-25,1.0,False,0.5217391304347826,0.437956204379562,0.518093483831352,0.6190376333039854,0.6252538801550014,0.39845409561183437,-0.33647223662121306
2024-25,0.0,True,0.5990922844175492,0.6092362344582594,0.5955792246173005,0.5960007650459114,0.6023514457841319,-0.012855418851011512,0.04241851554532022
2024-25,0.0,True,0.3698979591836735,0.3146067415730336,0.3665002457714752,0.3280006828882443,0.3338555523376491,-0.18458703975415527,-0.2460147597907053
2024-25,1.0,False,0.6140350877192983,0.6818181818181818,0.6105678521669469,0.6334943330494902,0.6396120177474028,0.08293146257248238,0.2978344439157986
2024-25,1.0,False,0.41178845377472745,0.3340292275574112,0.4082552643100064,0.43898759289025147,0.4455101798630132,0.11130502904538342,-0.3334403876341297
2024-25,1.0,False,0.5990922844175492,0.6140350877192983,0.5955792246173005,0.5766775802529771,0.5831195495752804,-0.09253517165651612,0.06262122286283961
2024-25,1.0,True,0.5,0.5882115462252725,0.4963486084928131,0.591364941964528,0.5977393112943425,0.3696108468425591,0.35657689991688807
2024-25,1.0,False,0.299837925445705,0.299837925445705,0.29678064174852586,0.29520380864891954,0.30073524160602033,-0.02217291299935408,0.0
2024-25,0.0,False,0.747191011235955,0.747191011235955,0.7444220725357873,0.7551156657928862,0.7599724480305626,0.04239830499853212,0.0
2024-25,0.0,True,0.8552631578947368,0.8363636363636364,0.8534457325001483,0.7987655688265092,0.8029825159965432,-0.3978950527844587,-0.14507517794439062
2024-25,0.0,False,0.4782608695652174,0.4675324675324675,0.4746175373022676,0.47090972248785967,0.47750291241573545,-0.02948129358649946,-0.04304175125856824
2024-25,1.0,False,0.8818897637795275,0.8552631578947368,0.8803599118997827,0.8651490321197697,0.8682044163953766,-0.1517171136516562,-0.23395667309561796
2024-25,0.0,False,0.6140350877192983,0.6164383561643836,0.6105678521669469,0.6421329550783174,0.6481865239169075,0.12032823473452733,0.010152371464017984
2024-25,1.0,False,0.4201680672268907,0.3452115812917595,0.4166139031219425,0.4037270372469429,0.4101087004584551,-0.0678760550189697,-0.31807115125032126
2024-25,0.0,False,0.6428571428571429,0.6853932584269663,0.63949681276562,0.6571454103603853,0.6630782764788686,0.0628122334746887,0.19088268909598827
2024-25,0.0,True,0.3698979591836735,0.3835616438356164,0.3665002457714752,0.3621490489459138,0.36827941535792796,-0.03339417830189551,0.05819661461228659
2024-25,1.0,True,0.3698979591836735,0.3244274809160304,0.3665002457714752,0.33717133906075836,0.34310632624562737,-0.14327070696274244,-0.2008438818761108
2024-25,0.0,True,0.552594002855783,0.44362292051756,0.5489802362606695,0.5094046453241551,0.5160111584994621,-0.17353408784330995,-0.4376284478407265
2024-25,0.0,False,0.3859649122807018,0.3194444444444444,0.3825092072113568,0.37655348983068754,0.382781363055952,-0.03989725527242686,-0.29202047405037934
2024-25,1.0,False,0.5427435387673957,0.5324675324675325,0.5391165674820723,0.5280323490405052,0.5346171845066632,-0.05914538444417174,-0.04133935801356642
2024-25,0.0,False,0.15625,0.1891891891891892,0.15433408069566185,0.15828899424077827,0.16184407600765718,0.015384661581452484,0.23111172096338684
2024-25,1.0,False,0.7165697674418604,0.7183098591549295,0.7135940002512842,0.69914273344474,0.7046754629164735,-0.08429065225075719,0.008583743691391255
2024-25,0.0,False,0.2758620689655172,0.298804780876494,0.2729539493393368,0.27742530598074305,0.28275725871470947,0.007811827992427668,0.1120850145417458
2024-25,1.0,False,0.5711159737417942,0.5911949685534592,0.5675347298189776,0.5944728482237561,0.6008314610739669,0.09608146530726397,0.08250176428219103
2024-25,1.0,False,0.4572564612326044,0.3859649122807018,0.45363401571163564,0.45428576863103765,0.4608489386056146,-0.011976520350894637,-0.29291312186933344
2024-25,0.0,False,0.23809523809523803,0.1636363636363636,0.23545579886825763,0.20861316838442606,0.21301246886467506,-0.1701544116372852,-0.46826600934719464
2024-25,0.0,False,0.2272727272727272,0.2272727272727272,0.2247178770084187,0.23242658212415826,0.2371775632997852,0.02911569761525091,0.0
2024-25,0.0,True,0.1447368421052631,0.1923076923076923,0.1429381799363745,0.1507167197165354,0.15413287524598498,0.047501249474624134,0.3414074718079443
2024-25,1.0,True,0.8279569892473118,0.81436919903747,0.825866497435479,0.8216898966659688,0.8255313832454472,-0.04337781846521474,-0.09256263501343653
2024-25,0.0,False,0.7001620745542949,0.6301020408163266,0.6970868626263751,0.6051425476847535,0.6114432106168776,-0.4211305364337997,-0.31541516895838206
2024-25,0.0,True,0.3571428571428571,0.3363518758085381,0.3537965205745817,0.3673686693025902,0.37353564920218096,0.04426472072964437,-0.09180754925312296
2024-25,0.0,True,0.5427435387673957,0.5427435387673957,0.5391165674820723,0.5184830293763029,0.5250812662514265,-0.0974266652982276,0.0
2024-25,0.0,False,0.41178845377472745,0.5,0.4082552643100064,0.47505350089749543,0.4816518926363378,0.2567079801498812,0.35657689991688807
2024-25,1.0,True,0.8552631578947368,0.8613037447988904,0.8534457325001483,0.844021379551446,0.8474710668973676,-0.0880331210508884,0.049668898848120424
2024-25,1.0,True,0.3859649122807018,0.3982300884955752,0.3825092072113568,0.4134746156432827,0.4199018536904748,0.11468578345529065,0.051460392725310555
2024-25,1.0,True,0.437956204379562,0.2314814814814814,0.4343642909512074,0.36867358171582565,0.3748494875440164,-0.28845052214617795,-0.9505039232968143
2024-25,0.0,False,0.5711159737417942,0.5798319327731092,0.5675347298189776,0.6080106922507127,0.6142947593244281,0.15255215638934794,0.03567775107693688
2024-25,1.0,False,0.7044334975369458,0.7044334975369458,0.701383410097596,0.7040262716986126,0.7095065085353756,-0.001955089468823685,0.0
2024-25,0.0,False,0.6659707724425887,0.4782608695652174,0.662713815018573,0.6614098067157723,0.6673062393545712,-0.020434166645056026,-0.7770286645406475
2024-25,0.0,True,0.1646489104116223,0.1975683890577507,0.16264985736678556,0.15661758140455256,0.16014226627353048,-0.05957673661214583,0.22247487860457338
2024-25,1.0,True,0.3698979591836735,0.3698979591836735,0.3665002457714752,0.3937924548739215,0.4001224598020945,0.10125618929534777,0.0
2024-25,0.0,False,0.7085889570552146,0.740871613663133,0.7055638280398128,0.7482241208850452,0.7531729059309664,0.20062241782864745,0.1619628914268264
2024-25,1.0,False,0.6428571428571429,0.7553516819571866,0.63949681276562,0.6672415299948633,0.673086601724426,0.1079485178892533,0.5395750370519766
2024-25,0.0,True,0.6675191815856777,0.6140350877192983,0.6642697108280444,0.6600671042618225,0.6659751108822002,-0.03339268654615786,-0.23268034873601284
2024-25,1.0,False,0.782608695652174,0.8108108108108107,0.7801135174967144,0.8116116197810553,0.815621510746987,0.1795823953951088,0.1743533871447771
2024-25,1.0,True,0.3324808184143222,0.2914110429447852,0.3292472098876032,0.2890238230862823,0.29448784206413303,-0.20314384838476846,-0.19155486205414185
2024-25,1.0,False,0.42888402625820565,0.4572564612326044,0.42531021421367565,0.4284105214658101,0.4348977798681169,-0.001933392568210561,0.11501326183041222
2024-25,1.0,False,0.562043795620438,0.6140350877192983,0.5584453664132139,0.5539329103013826,0.5604571875252451,-0.03288664679711341,0.2148447484995143
2024-25,0.0,False,0.5711159737417942,0.5217391304347826,0.5675347298189776,0.525387820067063,0.5319768486631077,-0.18476706056694264,-0.19939437110254654
2024-25,1.0,False,0.7553516819571866,0.7931034482758621,0.7526425348943216,0.7638060232492807,0.7685432800567344,0.046298755898629036,0.21637304474699914
2024-25,0.0,True,0.562043795620438,0.5,0.5584453664132139,0.5455142975044817,0.5520621361320212,-0.06689830026164659,-0.2494608596315836
2024-25,1.0,True,0.8421052631578947,0.8540145985401459,0.8401534965612645,0.8511510294353597,0.8544702227626657,0.06968098063888215,0.09246522767209364
2024-25,1.0,False,0.6233894945490585,0.7241379310344829,0.6199542814583183,0.65596146151913,0.6619042744598891,0.14138835398801444,0.4611208920635782
2024-25,0.0,False,0.2516411378555798,0.1801801801801801,0.24890058981279772,0.22193324658586616,0.2265330385413765,-0.16455706750082588,-0.4252486242635043
2024-25,1.0,False,0.2834302325581395,0.2834302325581395,0.28047323144958336,0.29042045388524823,0.29589988749114104,0.03416672338672746,0.0
2024-25,0.0,False,0.7241379310344829,0.6946564885496184,0.721210708474115,0.696914287686434,0.7024705580670834,-0.13243411046441203,-0.14310084364067366
2024-25,1.0,False,0.5324675324675325,0.4891657638136511,0.5288298122501643,0.5123174602346607,0.5189217922334113,-0.08077331672977264,-0.17339685746467037
2024-25,1.0,False,0.8198198198198199,0.7916666666666667,0.8176522293636267,0.8137101704885282,0.817685427238794,-0.04082667039727309,-0.1801261662305189
2024-25,1.0,False,0.41178845377472745,0.3053435114503817,0.4082552643100064,0.4193824524739145,0.4258348503397512,0.0312679036906688,-0.46540315248602554
2024-25,1.0,False,0.6428571428571429,0.7001620745542949,0.63949681276562,0.6506123688881159,0.6565992090312707,0.03394536375929546,0.260283098263666
2024-25,1.0,False,0.6675191815856777,0.6507042253521127,0.6642697108280444,0.6813139595872298,0.6870277870680178,0.06283085152633763,-0.074849811950354
2024-25,1.0,False,0.5,0.5427435387673957,0.4963486084928131,0.545576415308444,0.5521240937559746,0.18281310953057733,0.17139248626176457
2024-25,1.0,False,0.5217391304347826,0.6017699115044248,0.518093483831352,0.509987216299953,0.516593329093459,-0.04705719761206583,0.32583383841615754
2024-25,0.0,False,0.2758620689655172,0.3053435114503817,0.2729539493393368,0.27505178299912225,0.2803558174833687,-0.004059949678837611,0.14310084364067377
2024-25,1.0,False,0.6428571428571429,0.6385542168674698,0.63949681276562,0.6338736783777399,0.6399886295152336,-0.03891539067620899,-0.018692133012153
2024-25,1.0,False,0.8024316109422491,0.8353510895883778,0.8001058424194346,0.8021216912374747,0.8062853655168988,-0.001953741724351178,0.2224748786045745
2024-25,0.0,True,0.299837925445705,0.2272727272727272,0.29678064174852586,0.28526656746313556,0.29068859693083343,-0.07041582082882991,-0.37570566845633036
2024-25,1.0,False,0.7619047619047619,0.7870722433460077,0.7592450520159869,0.7718399597979965,0.7764632405323748,0.05557909934025731,0.14421629272453962
2024-25,1.0,True,0.6675191815856777,0.6092362344582594,0.6642697108280444,0.63275974097138,0.6388826977297681,-0.15291145351400326,-0.25288305605353223
2024-25,1.0,False,0.8421052631578947,0.8524590163934427,0.8401534965612645,0.8288981552670606,0.8326159825979738,-0.09613810094287675,0.08004270767353727
2024-25,1.0,False,0.3324808184143222,0.298804780876494,0.3292472098876032,0.33088638811501664,0.33676695392044237,-0.007192834154069808,-0.1560099246347303
2024-25,1.0,False,0.6067006554989074,0.5911949685534592,0.6032101090479195,0.5597454440605864,0.566251275893231,-0.19333548225314948,-0.0645569902341549
2024-25,0.0,False,0.5427435387673957,0.574468085106383,0.5391165674820723,0.5593709813147648,0.5658780550510792,0.06721712455445308,0.12871210618857376
2024-25,1.0,False,0.6428571428571429,0.5829926410466066,0.63949681276562,0.6617222784280582,0.6676160040870786,0.08319206446184013,-0.2527159702061949
2024-25,1.0,False,0.5427435387673957,0.552594002855783,0.5391165674820723,0.5456309281464062,0.5521784658569863,0.011640503758194025,0.03976462017207738
2024-25,1.0,False,0.7483588621444202,0.7001620745542949,0.7455983594705664,0.7337417904069274,0.7388758899337541,-0.07618797686281661,-0.24180884553357007
2024-25,1.0,False,0.5711159737417942,0.7183098591549295,0.5675347298189776,0.6052829895429936,0.6115828498835478,0.1411212729675581,0.6496876110781581
2024-25,1.0,True,0.8540145985401459,0.8421052631578947,0.8521842049049483,0.8336202650278504,0.8372556322449667,-0.1549364162335836,-0.09246522767209364
2024-25,1.0,True,0.7085889570552146,0.6912521440823327,0.7055638280398128,0.725298032279253,0.7305351540305293,0.08235507423136007,-0.08256110786477977
2024-25,1.0,False,0.782608695652174,0.740871613663133,0.7801135174967144,0.7702729533855263,0.7749187272495893,-0.07108075883609977,-0.2304301351139859
2024-25,1.0,False,0.5882115462252725,0.7446808510638298,0.5846692408375863,0.614942943459062,0.6211851180267539,0.11156106660740506,0.713864511784525
2024-25,0.0,False,0.6301020408163266,0.6792452830188679,0.6266913900555664,0.6212442994154403,0.6274462094011315,-0.03782160058856242,0.21765100019249062
2024-25,0.0,True,0.5798319327731092,0.562043795620438,0.5762694707492378,0.5413233420432643,0.5478815180885996,-0.15641223702639073,-0.07262263953752951
2024-25,1.0,True,0.8353510895883778,0.8540145985401459,0.8333323574619789,0.80701074327811,0.8110957714068836,-0.19333425376376898,0.14240494938851134
2024-25,1.0,True,0.7408716136631329,0.6792452830188679,0.7380577250056992,0.7127291631001748,0.7181127778550503,-0.14182767084552955,-0.3001981159481848
2024-25,0.0,False,0.7483588621444202,0.6853932584269663,0.7455983594705664,0.7633440073410767,0.768087717076839,0.0812226035903292,-0.31120925470124783
2024-25,1.0,False,0.8641975308641975,0.5427435387673957,0.8624742526670843,0.8022226609358559,0.8063847234770153,-0.4503556155599839,-1.6792074829892234
2024-25,0.0,False,0.3698979591836735,0.3982300884955752,0.3665002457714752,0.3679475760792485,0.37411852707508136,-0.00837727402637458,0.11980937880161546
2024-25,1.0,False,0.46753246753246747,0.4170073589533933,0.4638981957423534,0.48212696786462317,0.4887321374806094,0.05853052590949629,-0.20501756644772634
2024-25,1.0,True,0.8807339449541286,0.7931034482758621,0.879191172906633,0.8750030854631214,0.8778667204439962,-0.05346047470401739,-0.6556640873052049
2024-25,0.0,False,0.46753246753246747,0.3634123806590699,0.4638981957423534,0.39585321893987385,0.40219437199237523,-0.2927205718628424,-0.43053071397386
2024-25,0.0,False,0.7553516819571866,0.7165697674418604,0.7526425348943216,0.7365243485714837,0.7416236872864468,-0.0993803660247978,-0.19985208647515273
2024-25,0.0,False,0.7408716136631329,0.6946564885496184,0.7380577250056992,0.7168881972324095,0.7222242463708171,-0.12142569565205275,-0.2285236579451646
2024-25,1.0,False,0.7328244274809161,0.8279569892473118,0.7299550054545088,0.7461401739747675,0.7511162950942329,0.06913110470263259,0.5622165696354791
2024-25,1.0,False,0.5711159737417942,0.6301020408163266,0.5675347298189776,0.5532402640184022,0.559766620676724,-0.07263431382355809,0.2462488461152269
2024-25,0.0,False,0.6564885496183206,0.4891657638136511,0.6531872835553093,0.6254725803362975,0.6316463064670853,-0.1348423309324421,-0.6910285356996602
2024-25,0.0,False,0.46753246753246747,0.4782608695652174,0.4638981957423534,0.4337447023552783,0.44025052076510157,-0.13653578657290363,0.04304175125856824
2024-25,0.0,False,0.2591283863368669,0.2591283863368669,0.2563342271632796,0.28441186780921524,0.28982423951365466,0.1278223696140276,0.0
2024-25,1.0,True,0.8944099378881988,0.8108108108108107,0.893022584574626,0.8819460022909842,0.8846715421409995,-0.1256112507781521,-0.6813127229129421
2024-25,0.0,False,0.5,0.4782608695652174,0.4963486084928131,0.4756346651990377,0.48223371374424334,-0.09753859574729429,-0.08701137698962969
2024-25,1.0,True,0.8353510895883778,0.7011952191235059,0.8333323574619789,0.800049376232822,0.804246013770376,-0.23743372070467253,-0.7710408303534125
2024-25,1.0,True,0.4782608695652174,0.4288840262582056,0.4746175373022676,0.4893855439069,0.49599491459983186,0.04454717278265507,-0.19939437110254676
2024-25,0.0,False,0.8341968911917099,0.8944099378881987,0.83216685084661,0.8325974211119395,0.8362507472461541,-0.011519788300716708,0.5209314933350466
2024-25,1.0,False,0.4009077155824508,0.4782608695652174,0.3974048099812311,0.42522361387376,0.431699061613051,0.10031849465025244,0.31467300827862876
2024-25,1.0,False,0.5324675324675325,0.552594002855783,0.5288298122501643,0.5715065190427626,0.5779695909654005,0.1579472375338605,0.0811039781856438
2024-25,1.0,False,0.7553516819571866,0.7553516819571866,0.7526425348943216,0.7539421687534195,0.7588147911853154,-0.007612630825806939,0.0
2024-25,1.0,False,0.7408716136631329,0.7328244274809161,0.7380577250056992,0.7192716093832908,0.7245799949035089,-0.10965228449669326,-0.04150358036965551
2024-25,0.0,False,0.5,0.4117884537747275,0.4963486084928131,0.4411472307511289,0.44767630025171695,-0.2365073797749375,-0.35657689991688807
2024-25,1.0,False,0.2272727272727272,0.2758620689655172,0.2247178770084187,0.19845229908543888,0.20269220481147815,-0.17222028883542626,0.25869453557852873
2024-25,0.0,False,0.4009077155824508,0.3571428571428571,0.3974048099812311,0.3242241466079527,0.3300447127690769,-0.3327419708480945,-0.18610227963386072
2024-25,0.0,True,0.23809523809523803,0.2135922330097087,0.23545579886825763,0.2382109053842127,0.24304268464765952,0.0006375094913945098,-0.14025589150844175
2024-25,1.0,False,0.6233894945490585,0.6301020408163266,0.6199542814583183,0.6164140982813862,0.6226470585449643,-0.029604618602636787,0.028694590227393735
2024-25,1.0,False,0.7165697674418604,0.7265238879736409,0.7135940002512842,0.6872511465943153,0.692906505156975,-0.14021030322617276,0.04954747161135975
2024-25,1.0,True,0.2591283863368669,0.7044334975369458,0.2563342271632796,0.34060789978861034,0.3465717493377722,0.3899173217519143,1.9190037783858858
2024-25,0.0,True,0.7931034482758622,0.7483588621444202,0.7906965116067473,0.7496604615709723,0.7545902744065968,-0.2469325107056233,-0.2538561380017397
2024-25,1.0,False,0.8880597014925373,0.8835855646100117,0.8865994907932008,0.8863477022325791,0.8889844108977767,-0.017107745967083705,-0.044241700601780565
2024-25,1.0,True,0.4572564612326044,0.5108342361863488,0.45363401571163564,0.43657683428883737,0.44309189224493367,-0.08367410267284722,0.21473621547823624
2024-25,0.0,True,0.2068965517241379,0.1741741741741742,0.2045101351212494,0.18694048088627033,0.19099304288172825,-0.12627928724819568,-0.21259334041905698
2024-25,1.0,True,0.2272727272727272,0.2016806722689075,0.2247178770084187,0.21254976941522716,0.21700932195766282,-0.08584856786842748,-0.15204762963047957
2024-25,1.0,True,0.6428571428571429,0.740871613663133,0.63949681276562,0.6020309993858776,0.6083491787567282,-0.17385184126939673,0.4627170454459594
2024-25,1.0,False,0.6675191815856777,0.7870722433460077,0.6642697108280444,0.7096625630899887,0.7150806736117762,0.19675981483841973,0.6103811456631095
2024-25,1.0,False,0.23809523809523803,0.2758620689655172,0.23545579886825763,0.21549341140433131,0.21999747032296887,-0.12897382525034368,0.19806991376209393
2024-25,1.0,False,0.6564885496183206,0.7663551401869159,0.6531872835553093,0.688429126267768,0.6940726658321567,0.14510073068393192,0.5401586159128642
2024-25,1.0,False,0.8108108108108107,0.7916666666666667,0.8085601490266011,0.7972980523138974,0.8015381111117905,-0.08579531807831053,-0.12028616587450114
2024-25,1.0,False,0.7619047619047619,0.7183098591549295,0.7592450520159869,0.76848997647759,0.7731611889838734,0.03665353937604555,-0.22705745063534633
2024-25,1.0,False,0.6067006554989074,0.6385542168674698,0.6032101090479195,0.6132985061892475,0.619550846161268,0.027734212750619984,0.13563002928144402
2024-25,0.0,False,0.5711159737417942,0.6164383561643836,0.5675347298189776,0.5968164875824176,0.6031628833736348,0.10581210296231472,0.18805223150293965
2024-25,1.0,False,0.2272727272727272,0.447405997144217,0.2247178770084187,0.22289970899837264,0.2275136746503627,-0.025072050198784314,1.012618325188274
2024-25,1.0,False,0.8421052631578947,0.7446808510638298,0.8401534965612645,0.8185174048910293,0.8224124675363496,-0.16764152700175092,-0.603535021870258
2024-25,1.0,False,0.7165697674418604,0.7280000000000001,0.7135940002512842,0.7090520342324436,0.7144769541387622,-0.03672514000826228,0.05698936642174601
2024-25,1.0,False,0.41178845377472745,0.552594002855783,0.4082552643100064,0.49923946539455694,0.5058500778290013,0.35353475914896315,0.56773400635073
2024-25,0.0,False,0.5217391304347826,0.4675324675324675,0.518093483831352,0.5351342586376735,0.5417060077392597,0.053757653503865736,-0.2170645052378276
2024-25,0.0,False,0.447405997144217,0.4343971631205673,0.443797778226915,0.48268933915035767,0.4892949339295918,0.14188677754854875,-0.052775785806275816
2024-25,0.0,False,0.5711159737417942,0.44362292051756,0.5675347298189776,0.5273585611189309,0.5339444999645083,-0.17686209296290295,-0.5128770894990607
2024-25,1.0,True,0.9263657957244656,0.9041095890410958,0.9253632748007397,0.9282758065900313,0.93001659566327,0.028341243155111294,-0.28841494166743553
2024-25,1.0,False,0.3698979591836735,0.3932993445010924,0.3665002457714752,0.37071469668369,0.37690438180300645,0.003502613097532213,0.09919009159887954
2024-25,1.0,True,0.8024316109422491,0.8524590163934427,0.8001058424194346,0.7885491819501893,0.7929247163828888,-0.08535948740126711,0.35245730799452946
2024-25,0.0,True,0.299837925445705,0.2591283863368669,0.29678064174852586,0.3021450691167967,0.30774977301542117,0.010965780767273108,-0.20243394718229324
2024-25,1.0,True,0.7553516819571866,0.7085889570552146,0.7526425348943216,0.7491339099316712,0.754070690254129,-0.0333632405246092,-0.23882088303284366
2024-25,0.0,False,0.3634123806590699,0.3766105054509415,0.36004020048337015,0.3707227871376832,0.37691252643170553,0.031466541468645116,0.05662383824204853
2024-25,1.0,True,0.8353510895883778,0.7864077669902912,0.8333323574619789,0.846035980632258,0.8494490597905491,0.07980624249852536,-0.3206300105411306
2024-25,1.0,False,0.562043795620438,0.5990922844175491,0.5584453664132139,0.5687253705935637,0.5751992107587239,0.02719172686317544,0.15222352563667468
2024-25,1.0,True,0.782608695652174,0.782608695652174,0.7801135174967144,0.791706460234402,0.7960335605036015,0.05430851293594511,0.0
2024-25,1.0,False,0.5,0.6690070210631895,0.4963486084928131,0.49978004107601487,0.5063905730336858,-0.0008798357526979411,0.7036973914550977
2024-25,1.0,False,0.7241379310344829,0.7165697674418604,0.721210708474115,0.6542231713970331,0.6601804557524088,-0.32742592504295936,-0.03757128056464454
2024-25,1.0,False,0.8108108108108107,0.7983193277310925,0.8085601490266011,0.7928085586744984,0.7971186309427609,-0.1133486573347808,-0.0794641713542461
2024-25,0.0,True,0.6675191815856777,0.7183098591549295,0.6642697108280444,0.6917496574083397,0.6973594921184445,0.11132591309392306,0.23910740230322358
2024-25,1.0,False,0.3634123806590699,0.3835616438356164,0.36004020048337015,0.37592031664245057,0.3821441366680472,0.05368298142450375,0.08612586262694194
2024-25,0.0,False,0.37661050545094144,0.355270821199767,0.37318765178575203,0.3657882875924467,0.3719443354552952,-0.04636810912266932,-0.09198997156127064
2024-25,0.0,True,0.5711159737417942,0.6140350877192983,0.5675347298189776,0.5701575891836476,0.5766259347789079,-0.003911608264406521,0.17789986003892166
2024-25,1.0,True,0.4572564612326044,0.3492957746478873,0.45363401571163564,0.375647707103029,0.381869775451185,-0.3366705397625934,-0.4507436586549926
2024-25,1.0,True,0.5882115462252725,0.552594002855783,0.5846692408375863,0.5771621108110304,0.583602030794514,-0.045442583160088985,-0.14541979348304612
2024-25,1.0,True,0.5711159737417942,0.5911949685534592,0.5675347298189776,0.5471641722006377,0.5537076873778161,-0.09718650746428614,0.08250176428219103
2024-25,1.0,True,0.8880597014925373,0.8641975308641975,0.8865994907932008,0.8906138332135283,0.8931634983782705,0.02595319742311921,-0.22047332275833154
2024-25,0.0,True,0.562043795620438,0.3932993445010924,0.5584453664132139,0.5094587791048714,0.5160652558315162,-0.21162122884111975,-0.6829253622401066
2024-25,0.0,True,0.6428571428571429,0.5990922844175491,0.63949681276562,0.704612801941279,0.7100866507547396,0.2815747384206479,-0.1861022796338609
2024-25,1.0,True,0.42888402625820565,0.4201680672268907,0.42531021421367565,0.43043970429741474,0.43693420141342343,0.006348350356761949,-0.03567775107693705
2024-25,1.0,False,0.4782608695652174,0.5324675324675325,0.4746175373022676,0.5059662909971419,0.5125748019787081,0.11087767376746988,0.21706450523782783
2024-25,1.0,False,0.552594002855783,0.6957699520733487,0.5489802362606695,0.5936131696021928,0.5999761915768027,0.16776528093874934,0.616077818807431
2024-25,1.0,False,0.8279569892473118,0.8579439252336449,0.825866497435479,0.8208131670647748,0.8246695114667683,-0.04935020449778304,0.2271001701603126
2024-25,1.0,False,0.8108108108108107,0.8209718670076727,0.8085601490266011,0.8096863470516186,0.8137278126475436,-0.007313801864971277,0.06765864847381553
2024-25,0.0,False,0.5882115462252725,0.6690070210631895,0.5846692408375863,0.5688544480515678,0.5753277974459705,-0.07939804221691757,0.3471204915382096
2024-25,1.0,False,0.3053435114503817,0.2065559048046699,0.3022543243845199,0.2969776120822646,0.30252801530077944,-0.03975192938926441,-0.5238319304336424
2024-25,1.0,True,0.8807339449541286,0.863013698630137,0.879191172906633,0.8823469422064609,0.8850644317871849,0.015446397735102889,-0.1588492006088127
2024-25,1.0,False,0.7619047619047619,0.7165697674418604,0.7592450520159869,0.7867205751901002,0.7911239257346842,0.14211916543302158,-0.23564119432673758
2024-25,1.0,False,0.7001620745542949,0.6675191815856777,0.6970868626263751,0.7357645249870879,0.7408733956002792,0.17599970909442975,-0.15108380629867446
2024-25,1.0,False,0.4782608695652174,0.437956204379562,0.4746175373022676,0.47221466257647954,0.47880958878506175,-0.024244590347028395,-0.16244948264195372
2024-25,1.0,True,0.5217391304347826,0.3634123806590699,0.518093483831352,0.5402135435305191,0.5467743020031863,0.07419097875002134,-0.6475952192116876
2024-25,1.0,False,0.7553516819571866,0.7553516819571866,0.7526425348943216,0.7181592910687123,0.7234806237052508,-0.1920123530533678,0.0
2024-25,1.0,True,0.9045226130653268,0.8540145985401459,0.9032537583734073,0.8860671104599488,0.8887095114345528,-0.19733476535147992,-0.4820762104800067
2024-25,0.0,False,0.3324808184143222,0.3859649122807018,0.3292472098876032,0.3582074777663838,0.364309230557125,0.11383324486185595,0.23268034873601362
2024-25,1.0,False,0.5427435387673957,0.4255319148936171,0.5391165674820723,0.5158027956385794,0.5224039287849318,-0.10816024358456763,-0.4714970787121024
2024-25,0.0,True,0.6675191815856777,0.6564885496183206,0.6642697108280444,0.6720673256045704,0.6778685539336956,0.02056423922354842,-0.0493011503839228
2024-25,1.0,False,0.6140350877192983,0.5711159737417943,0.6105678521669469,0.647562985994141,0.65357425593632,0.1440385337630792,-0.17789986003892166
2024-25,1.0,False,0.2516411378555798,0.2945736434108528,0.24890058981279772,0.25862762411958684,0.263730158938683,0.036764860518309066,0.21660526190889162
2024-25,1.0,False,0.5324675324675325,0.447405997144217,0.5288298122501643,0.5260714894561346,0.532659469402103,-0.025672501914992207,-0.34121023468204015
2024-25,0.0,False,0.6301020408163266,0.6385542168674698,0.6266913900555664,0.5930442958169534,0.5994102141087132,-0.15608984475163035,0.03643993768256304
2024-25,1.0,False,0.8108108108108107,0.8405797101449276,0.8085601490266011,0.8354299354839694,0.8390333968303119,0.1693228488922667,0.20726050514120775
2024-25,1.0,False,0.3932993445010924,0.3982300884955752,0.3898196606206388,0.3913281293897613,0.39764450573393406,-0.008268405935088603,0.020619287202735925
2024-25,1.0,False,0.6067006554989074,0.6564885496183206,0.6032101090479195,0.6254807094792555,0.6316543805232054,0.07941267496239396,0.21422030387466579
2024-25,0.0,False,0.2516411378555798,0.2068965517241379,0.24890058981279772,0.21244514723355035,0.2169031093157226,-0.2203705895039154,-0.25385613800173945
2024-25,1.0,False,0.7483588621444202,0.5656028368794326,0.7455983594705664,0.649625102007268,0.6556199047219656,-0.4724868966934177,-0.8259457164592379
2024-25,0.0,False,0.1055900621118012,0.098613251155624,0.10421860116953106,0.09852816813329027,0.10090195387900727,-0.077086362593455,-0.07612880835239988
2024-25,0.0,True,0.3571428571428571,0.3835616438356164,0.3537965205745817,0.3505095657297982,0.3565530400840978,-0.02901344549289029,0.11332868530700319
2024-25,0.0,True,0.9045226130653268,0.8524590163934427,0.9032537583734073,0.897794036119178,0.9001950941730825,-0.07556721923541235,-0.4944987304785631
2024-25,0.0,True,0.5990922844175492,0.6017699115044248,0.5955792246173005,0.6406650807669021,0.6467298194021661,0.17656756395968218,0.011160830137528943
2024-25,1.0,True,0.7328244274809161,0.7265238879736409,0.7299550054545088,0.7050737388109474,0.710542554905279,-0.13742310160073684,-0.03194304288812022
2024-25,1.0,False,0.7931034482758622,0.7768331562167907,0.7906965116067473,0.7578068064468876,0.7626269934533856,-0.20304199444146848,-0.09642881766878464
2024-25,1.0,True,0.3571428571428571,0.4170073589533933,0.3537965205745817,0.36901564204510084,0.37519387260136017,0.05134462547130381,0.2527159702061949
2024-25,1.0,False,0.23809523809523803,0.2553191489361702,0.23545579886825763,0.21059364628388955,0.2150233639851559,-0.15819997252970477,0.0927093981042677
2024-25,1.0,False,0.7408716136631329,0.740871613663133,0.7380577250056992,0.7393988213760118,0.7444618291149908,-0.007657445287020394,0.0
2024-25,1.0,False,0.8421052631578947,0.837228714524207,0.8401534965612645,0.8694353860781944,0.8724079752852754,0.22199935581199184,-0.03622520417348252
2024-25,1.0,False,0.8108108108108107,0.8454545454545453,0.8085601490266011,0.8125245946210553,0.81651944588337,0.011211285947291129,0.24409891649019744
2024-25,1.0,False,0.5427435387673957,0.5656028368794326,0.5391165674820723,0.4890765539173399,0.49568580260434875,-0.21509322407113368,0.09254040597835289
2024-25,0.0,False,0.5,0.4675324675324675,0.4963486084928131,0.4367793626087711,0.44329506496150756,-0.25424327072797287,-0.13005312824819792
2024-25,0.0,False,0.7408716136631329,0.782608695652174,0.7380577250056992,0.7321529258671295,0.7373066938606284,-0.04493050182619159,0.2304301351139859
2024-25,0.0,True,0.5108342361863488,0.552594002855783,0.5071839814734822,0.46886295339247364,0.47545323821559915,-0.1680532932041605,0.16781337721736994
2024-25,1.0,True,0.8024316109422491,0.7931034482758621,0.8001058424194346,0.77562020892061,0.7801887041748943,-0.16123896638194887,-0.05782708654958402
2024-25,0.0,False,0.4572564612326044,0.3698979591836735,0.45363401571163564,0.43743206093843184,0.4439498251894891,-0.08019801662187015,-0.36126210794563834
2024-25,0.0,False,0.562043795620438,0.562043795620438,0.5584453664132139,0.5612547096409983,0.5677554611972248,-0.0032050697657565116,0.0
2024-25,1.0,True,0.6428571428571429,0.5798319327731092,0.63949681276562,0.6729041140947879,0.6786976164299391,0.13356282226802496,-0.26570316573300606
2024-25,0.0,True,0.8807339449541286,0.8641975308641975,0.879191172906633,0.8756431319274738,0.8784941398571363,-0.047595610227294395,-0.1487988647553118
2024-25,1.0,True,0.6428571428571429,0.7328244274809161,0.63949681276562,0.6401754359800903,0.6462438755111195,-0.011660997896382023,0.42121346507630386
2024-25,1.0,False,0.7619047619047619,0.782608695652174,0.7592450520159869,0.7586658475736295,0.763474273983049,-0.01777188062003624,0.11778303565638382
2024-25,0.0,True,0.3859649122807018,0.4288840262582056,0.3825092072113568,0.3488891902479809,0.35491999336925983,-0.15961986893163344,0.17789986003892122
2024-25,0.0,False,0.5427435387673957,0.6675191815856777,0.5391165674820723,0.5360281775498702,0.5425980909984123,-0.02702957942109028,0.5255934706053462
2024-25,0.0,False,0.562043795620438,0.552594002855783,0.5584453664132139,0.5212193653927921,0.5278142541041302,-0.16453238685772273,-0.03830375319774165
2024-25,1.0,False,0.5427435387673957,0.562043795620438,0.5391165674820723,0.5371975400179604,0.543764988589399,-0.022326911627440448,0.07806837336981903
2024-25,0.0,False,0.4572564612326044,0.4675324675324675,0.45363401571163564,0.42164491765515066,0.4281064588437821,-0.1446319906241065,0.04133935801356631
2024-25,0.0,False,0.41178845377472745,0.3492957746478873,0.4082552643100064,0.3918454112994297,0.3981646752496023,-0.08298480438195732,-0.26555924499986877
2024-25,0.0,True,0.437956204379562,0.3982300884955752,0.4343642909512074,0.44802225043495236,0.4545703069005565,0.04079602025698987,-0.1633843557742037
2024-25,0.0,False,0.8198198198198199,0.7619047619047619,0.8176522293636267,0.8535570736002215,0.8568316390424856,0.24764940543874406,-0.3519764231571787
2024-25,1.0,False,0.4201680672268907,0.3907637655417407,0.4166139031219425,0.4507045878376607,0.45725937157420043,0.1242592200134853,-0.1220194016444649
2024-25,0.0,False,0.5108342361863488,0.3859649122807018,0.5071839814734822,0.508113884316812,0.5147212207098614,-0.010885342546794342,-0.5076493373475697
2024-25,1.0,False,0.8540145985401459,0.7727272727272727,0.8521842049049483,0.8279168867029502,0.8316517053430219,-0.19550646721993475,-0.5426662296216493
2024-25,1.0,False,0.7408716136631329,0.7272727272727274,0.7380577250056992,0.7324703301260037,0.7376201794642783,-0.04331135082684867,-0.06967445733635169
2024-25,0.0,True,0.5990922844175492,0.574468085106383,0.5955792246173005,0.5507200674149663,0.557253776932949,-0.1981039011789367,-0.10157979281791996
2024-25,0.0,False,0.5427435387673957,0.5217391304347826,0.5391165674820723,0.5253465591125207,0.5319356502077364,-0.06991926847012189,-0.08438110927213488
2024-25,1.0,True,0.782608695652174,0.7727272727272727,0.7801135174967144,0.7704781900668237,0.7751210251540332,-0.06992055468428407,-0.05715841383994902
2024-25,0.0,True,0.299837925445705,0.3475862068965518,0.29678064174852586,0.29062614075168847,0.29610783566570753,-0.04427522789356424,0.2184034621852764
2024-25,0.0,True,0.7165697674418604,0.7663551401869159,0.7135940002512842,0.6576542997700198,0.6635828680136289,-0.27465124841753785,0.26033380691710906
2024-25,0.0,True,0.447405997144217,0.4572564612326044,0.443797778226915,0.48239060691749824,0.488995977934606,0.14069038969383477,0.0397646201720778
2024-25,0.0,True,0.2671755725190841,0.1891891891891892,0.26432559948174966,0.25282856130696063,0.25785647818904817,-0.074582896013978,-0.44628710262841986
2024-25,0.0,True,0.1891891891891892,0.217391304347826,0.1869588691259749,0.1660567509556479,0.16975110825860698,-0.1585485175692105,0.1743533871447771
2024-25,1.0,False,0.41178845377472745,0.3244274809160304,0.4082552643100064,0.3753829634172039,0.38160332683233245,-0.15261507990609938,-0.3769215761666253
2024-25,0.0,False,0.3698979591836735,0.2904564315352697,0.3665002457714752,0.37961599503942545,0.38586317046006713,0.0414761474659757,-0.36051372024589845
2024-25,0.0,False,0.299837925445705,0.1475409836065574,0.29678064174852586,0.28462948013019945,0.29004431449509954,-0.0735425901858549,-0.905949378079422
2024-25,0.0,False,0.24464831804281337,0.1646489104116223,0.24195930372431498,0.21674572373066697,0.22126857486916576,-0.1573708010849161,-0.49667500990115676
2024-25,0.0,False,0.7619047619047619,0.6321695760598504,0.7592450520159869,0.7334619657011172,0.7385995386697257,-0.1508920179774051,-0.6216151625543175
2024-25,0.0,False,0.5108342361863488,0.4288840262582056,0.5071839814734822,0.475483394360473,0.48208227366861317,-0.14148885759852228,-0.32974947730864845
2024-25,1.0,False,0.8353510895883778,0.84,0.8333323574619789,0.8348370028886951,0.8384509366646518,-0.003733059748280608,0.034191364748278774
2024-25,1.0,False,0.7165697674418604,0.7382510410469958,0.7135940002512842,0.6858392042913954,0.6915086340092395,-0.1467713543845718,0.10938844281335713
2024-25,1.0,False,0.6888888888888889,0.6912521440823327,0.6857499497556117,0.6132985989157763,0.6195509383185849,-0.33373076852919475,0.011049836186584727
2024-25,1.0,False,0.3571428571428571,0.298804780876494,0.3537965205745817,0.3315721474785387,0.33745875413959514,-0.11329637599148853,-0.2652092165997224
2024-25,0.0,True,0.46753246753246747,0.3418803418803419,0.4638981957423534,0.474352367960583,0.4809499434938143,0.027372478897988682,-0.5248728394915495
2024-25,0.0,True,0.5,0.4675324675324675,0.4963486084928131,0.5076804820648819,0.5142880751296166,0.03072434497575085,-0.13005312824819792
2024-25,1.0,False,0.9202453987730062,0.8800000000000001,0.9191668204814126,0.9017902524261835,0.9041074572655178,-0.22840945262240717,-0.45325577194451205
2024-25,1.0,False,0.6067006554989074,0.5108342361863488,0.6032101090479195,0.549100710946233,0.5556389685510958,-0.2364266422750718,-0.39012077339205015
2024-25,0.0,False,0.3053435114503817,0.3272186415468517,0.3022543243845199,0.25197614301416227,0.25699293877147233,-0.26612040697788225,0.10118822758851542
2024-25,0.0,False,0.2272727272727272,0.299837925445705,0.2247178770084187,0.2573607482539066,0.2624471366452157,0.16404382443803023,0.37570566845633036
2024-25,1.0,False,0.46753246753246747,0.5324675324675325,0.4638981957423534,0.45803407799435986,0.46460529662493005,-0.038206409239012355,0.26010625649639607
2024-25,1.0,False,0.46753246753246747,0.4782608695652174,0.4638981957423534,0.48648725240591983,0.4930952801124777,0.07598897289505879,0.04304175125856824
2024-25,1.0,False,0.42888402625820565,0.4255319148936171,0.42531021421367565,0.4570786924214136,0.46364793036263074,0.11429692979969994,-0.013698844358161377
2024-25,1.0,False,0.7085889570552146,0.6704377766847024,0.7055638280398128,0.7156527000397677,0.7210029730675438,0.03445779632376616,-0.1783750996097314
2024-25,1.0,False,0.8540145985401459,0.8421052631578947,0.8521842049049483,0.8530845294352181,0.8563678832318037,-0.007440413234240141,-0.09246522767209364
2024-25,0.0,True,0.31111111111111095,0.3571428571428571,0.30798944392098504,0.29329573936968917,0.2988065773545473,-0.0845009523671072,0.20714320996776903
2024-25,0.0,False,0.6067006554989074,0.6805555555555556,0.6032101090479195,0.5640394221594291,0.570530485627226,-0.17589217757162262,0.32286157957295486
2024-25,1.0,False,0.3571428571428571,0.3698979591836735,0.3537965205745817,0.37462079969173523,0.38083623392147914,0.07534279219285825,0.055132070694716595
2024-25,0.0,True,0.2591283863368669,0.355270821199767,0.2563342271632796,0.23844646573468942,0.243281497128983,-0.11071193778218608,0.45455373480679895
2024-25,1.0,True,0.6888888888888889,0.7764402407566638,0.6857499497556117,0.736429453459963,0.741529984260312,0.23256250928678115,0.4501110475315704
2024-25,1.0,True,0.7553516819571866,0.7727272727272727,0.7526425348943216,0.7604168217212042,0.7652011582618239,0.02760437435682813,0.09641372966801964
2024-25,1.0,True,0.6428571428571429,0.7044334975369458,0.63949681276562,0.636027814515519,0.6421271002066358,-0.02962182021621918,0.2807134031356876
2024-25,1.0,True,0.6233894945490585,0.7212543554006969,0.6199542814583183,0.6125867121575806,0.6188434082786607,-0.045761551154350676,0.4467321546114784
2024-25,0.0,False,0.3859649122807018,0.3766105054509415,0.3825092072113568,0.4100779940112523,0.416489925576306,0.10066264411183207,-0.03965439584891173
2024-25,1.0,False,0.9202453987730062,0.9045226130653268,0.9191668204814126,0.9144650945359593,0.9165109305014181,-0.07627118211005027,-0.19716806491094774
2024-25,1.0,False,0.562043795620438,0.6301020408163266,0.5584453664132139,0.5917052290413265,0.5980778978983924,0.12155833594789547,0.28319373457581953
2024-25,1.0,False,0.552594002855783,0.6428571428571429,0.5489802362606695,0.5575750556640434,0.5640879830089979,0.02016918409109436,0.3766295584682772
2024-25,0.0,False,0.41178845377472745,0.4255319148936171,0.4082552643100064,0.3987181319555519,0.40507440717487536,-0.05423219203839596,0.05647230746655024
2024-25,1.0,False,0.8108108108108107,0.7553516819571866,0.8085601490266011,0.8148745405686305,0.8188304827164196,0.026713176510914892,-0.32792553065274577
2024-25,1.0,False,0.7001620745542949,0.6507042253521127,0.6970868626263751,0.6847732284168921,0.6904532126410234,-0.07227432272236078,-0.22593361824902847
2024-25,1.0,False,0.9045226130653268,0.8720930232558138,0.9032537583734073,0.8978148358432234,0.9002154595716175,-0.07534052327428298,-0.3289250309858327
2024-25,1.0,False,0.7001620745542949,0.7085889570552146,0.6970868626263751,0.6711809325788051,0.6769903050614853,-0.13453866881497145,0.040471055755466945
2024-25,1.0,False,0.5108342361863488,0.5324675324675325,0.5071839814734822,0.48531157213882326,0.4919189283116182,-0.10211435089567142,0.08670939903172614
2024-25,1.0,False,0.4572564612326044,0.4201680672268907,0.45363401571163564,0.49042552038942655,0.49703526460187525,0.13308988572871844,-0.15069101290734926
2024-25,1.0,True,0.42888402625820565,0.4117884537747275,0.42531021421367565,0.47679748552575096,0.4833977945230818,0.19352898410000277,-0.07017115182471162
2024-25,1.0,True,0.9045226130653268,0.8641975308641975,0.9032537583734073,0.9013873985115382,0.9037130935765113,-0.035781799057219225,-0.39791790247278347
2024-25,0.0,True,0.4009077155824508,0.3698979591836735,0.3974048099812311,0.42508583810181066,0.4315607630637542,0.0997547598052228,-0.13097020893914413
2024-25,1.0,False,0.5217391304347826,0.5990922844175491,0.518093483831352,0.5284081455688028,0.5349923552346917,0.02674371475935778,0.3146730082786286
2024-25,0.0,True,0.6301020408163266,0.6140350877192983,0.6266913900555664,0.6114309720718313,0.6176946847168241,-0.07932336049848501,-0.06834898607630524
2024-25,0.0,True,0.4572564612326044,0.3272186415468517,0.45363401571163564,0.4008953350607001,0.40726280986519603,-0.23034344596261477,-0.5493993385526339
2024-25,1.0,False,0.6067006554989074,0.6140350877192983,0.6032101090479195,0.6229455708647579,0.6291362534795014,0.06860509478302071,0.03084110552257574
2024-25,1.0,False,0.5711159737417942,0.3812709030100334,0.5675347298189776,0.5826424260231413,0.5890583079876966,0.04722456974048168,-0.7705631247760056
2024-25,1.0,False,0.6067006554989074,0.5798319327731092,0.6032101090479195,0.6176531597576483,0.623878271424893,0.04613441172397666,-0.11138100343940904
2024-25,1.0,False,0.4782608695652174,0.4675324675324675,0.4746175373022676,0.3905178153495621,0.3968296396166758,-0.3581247519218785,-0.04304175125856824
2024-25,1.0,False,0.9045226130653268,0.8944099378881987,0.9032537583734073,0.8903398027759863,0.892895087135164,-0.1543011494719755,-0.11191791620398783
2024-25,0.0,False,0.5427435387673957,0.5427435387673957,0.5391165674820723,0.5440550808733183,0.5506066238277145,0.005285996244282436,0.0
2024-25,0.0,False,0.2272727272727272,0.1891891891891892,0.2247178770084187,0.22997025562279738,0.23468637908952605,0.01529626564023168,-0.2315118009847259
2024-25,0.0,False,0.1975683890577507,0.1358024691358024,0.19526307687452912,0.17334869056990312,0.17717081050354455,-0.16051602134096302,-0.4490381360003095
2024-25,1.0,False,0.5324675324675325,0.5911949685534592,0.5288298122501643,0.5654289500543693,0.5719150267460531,0.1331720659839719,0.2388543841261691
2024-25,1.0,False,0.7085889570552146,0.740871613663133,0.7055638280398128,0.7387557374279847,0.7438269104488726,0.15097067457784377,0.1619628914268264
2024-25,0.0,True,0.437956204379562,0.4009077155824508,0.4343642909512074,0.48328088180848855,0.4898869057344289,0.18255944492028467,-0.15222352563667504
2024-25,0.0,True,0.552594002855783,0.4782608695652174,0.5489802362606695,0.541210996395612,0.5477694368147598,-0.04593830903598196,-0.29816848342347163
2024-25,1.0,False,0.41178845377472745,0.447405997144217,0.4082552643100064,0.3640958486823529,0.3702400413623361,-0.20105379306074284,0.14541979348304604
2024-25,0.0,False,0.5990922844175492,0.6092362344582594,0.5955792246173005,0.5900022112559883,0.5963833294705994,-0.0377098668605318,0.04241851554532022
2024-25,0.0,True,0.437956204379562,0.3099083369707551,0.4343642909512074,0.45340837037151616,0.45996954864938044,0.06255209902051656,-0.5510870075425276
2024-25,0.0,True,0.7408716136631329,0.7044334975369458,0.7380577250056992,0.720256469077433,0.7255533374031538,-0.10476957714247104,-0.18200364231027177
2024-25,0.0,False,0.17204301075268813,0.1192660550458715,0.16997245037030104,0.18385305654033438,0.18785415223013902,0.0807591158871298,-0.4281821343923973
2024-25,1.0,False,0.6792452830188679,0.6507042253521127,0.6760547992466472,0.6337830095025797,0.6398986146841882,-0.20182498278558983,-0.12816944948313702
2024-25,0.0,False,0.2834302325581395,0.2617489589530041,0.28047323144958336,0.21292215419619656,0.21738736290544286,-0.37989091701351235,-0.10938844281335713
2024-25,0.0,False,0.8279569892473118,0.7342398022249692,0.825866497435479,0.8177314785060387,0.8216397334358767,-0.07016367536535367,-0.5549754083789193
2024-25,0.0,False,0.24464831804281337,0.2727272727272727,0.24195930372431498,0.24814861686299408,0.25311499353693995,0.01885085456639133,0.1465324489423696
2024-25,1.0,False,0.1646489104116223,0.1566820276497695,0.16264985736678556,0.16229784481046522,0.16592521434162463,-0.017192706663348246,-0.05908891637000746
2024-25,0.0,True,0.6140350877192983,0.5108342361863488,0.6105678521669469,0.6258813836199894,0.6320523352228862,0.05028235875220747,-0.4209618789146259
2024-25,0.0,False,0.2834302325581395,0.3257962557743739,0.28047323144958336,0.30187547190405173,0.3074773782888238,0.08912670926380806,0.20024946280812228
2024-25,0.0,False,0.5427435387673957,0.4343971631205673,0.5391165674820723,0.5640249123578688,0.5705160273629986,0.08612083182698305,-0.4353253785018824
2024-25,1.0,False,0.4782608695652174,0.5217391304347826,0.4746175373022676,0.48551843457111044,0.49212591420546986,0.029068909718500784,0.17402275397925937
2024-25,0.0,True,0.8279569892473118,0.8353510895883778,0.825866497435479,0.8021223371549333,0.8062860011255124,-0.1716045386058105,0.052820012241351355
2024-25,0.0,False,0.4782608695652174,0.4201680672268907,0.4746175373022676,0.4580167811556457,0.4645879643571139,-0.08131783890813374,-0.2350721221794838
2024-25,1.0,False,0.8353510895883778,0.7165697674418604,0.8333323574619789,0.8015191756976344,0.8056924567462007,-0.22822030777884716,-0.6965270963763104
2024-25,1.0,True,0.41178845377472745,0.4343971631205673,0.4082552643100064,0.4216785909018018,0.4281402661174815,0.040690505602781535,0.09264400767677022
2024-25,1.0,True,0.5108342361863488,0.5427435387673957,0.5071839814734822,0.5450031347760157,0.5515522837933982,0.13715728800322763,0.12804875704529256
2024-25,1.0,False,0.8540145985401459,0.8279569892473118,0.8521842049049483,0.8240182688311272,0.8278201044545768,-0.2226291501421835,-0.1952249616298627
2024-25,1.0,True,0.6067006554989074,0.7085889570552146,0.6032101090479195,0.6786239663526464,0.6843636799193615,0.3139907845576953,0.45507631631273
2024-25,0.0,True,0.2068965517241379,0.217391304347826,0.2045101351212494,0.18019090874363475,0.18413028753162264,-0.17131985793211937,0.06280090123903004
2024-25,0.0,False,0.2516411378555798,0.2742474916387959,0.24890058981279772,0.27509068505225404,0.28039517956103327,0.12093285163169484,0.11670050242314867
2024-25,1.0,False,0.6365876193409301,0.7483588621444202,0.6332019576796624,0.6129871004533577,0.6192413494821095,-0.10069797444950918,0.5292947664772975
2024-25,1.0,False,0.6233894945490585,0.6140350877192983,0.6199542814583183,0.6341856951607681,0.6402983922641331,0.04625596132576489,-0.039654395848911506
2024-25,1.0,False,0.5427435387673957,0.5798319327731092,0.5391165674820723,0.5624623721472801,0.5689589723157021,0.07976904299909585,0.15069101290734854
2024-25,0.0,False,0.7619047619047619,0.7483588621444202,0.7592450520159869,0.7496719629281217,0.7546016234139832,-0.06628728775308079,-0.07327220110632537
2024-25,1.0,False,0.8807339449541286,0.8353510895883778,0.879191172906633,0.8623543269376484,0.8654631853491741,-0.16441539241866565,-0.37536212215104636
2024-25,1.0,False,0.8024316109422491,0.8108108108108107,0.8001058424194346,0.7858147671955048,0.7902318325543584,-0.10168194822214768,0.053725399356162606
2024-25,0.0,False,0.34351145038167935,0.320754716981132,0.34022524067860244,0.290696592007355,0.2961790609349698,-0.24431848234480655,-0.10262078791670604
2024-25,1.0,False,0.6507042253521127,0.6564885496183206,0.6473772288867531,0.641541749015499,0.6475998301891421,-0.040074081216763736,0.025548661566431208
2024-25,1.0,False,0.9317803660565724,0.9128630705394192,0.9308460607016904,0.9285160133451059,0.9302514105071401,-0.050250551661230915,-0.26525960839594864
2024-25,1.0,False,0.7241379310344829,0.7165697674418604,0.721210708474115,0.7049675057814708,0.7104374827566826,-0.09401468555074291,-0.03757128056464454
2024-25,1.0,False,0.8198198198198199,0.8024316109422492,0.8176522293636267,0.8103557289884901,0.8143862383524533,-0.06280396957417786,-0.11356539971218038
2024-25,1.0,False,0.6675191815856777,0.7600000000000001,0.6642697108280444,0.6674863387963723,0.6733292156396501,-0.00014797860339416102,0.45569355307127546
2024-25,0.0,False,0.6564885496183206,0.6888888888888889,0.6531872835553093,0.619778037469882,0.6259895022923891,-0.1590785907384735,0.1472450683866997
2024-25,0.0,False,0.42888402625820565,0.4170073589533933,0.42531021421367565,0.41682280245860537,0.42326452757296024,-0.049424135635295734,-0.048664946603747816
2024-25,0.0,False,0.3571428571428571,0.2955665024630542,0.3537965205745817,0.33772881432359,0.3436685265115385,-0.08564520422768604,-0.28071340313568716
2024-25,0.0,False,0.4572564612326044,0.5,0.45363401571163564,0.43831495598310966,0.4448354733112938,-0.07661105708819038,0.17139248626176423
2024-25,1.0,False,0.6564885496183206,0.7044334975369458,0.6531872835553093,0.6809348545465239,0.6866523530275745,0.11038653397388673,0.22081526155461884
2024-25,1.0,False,0.437956204379562,0.4572564612326044,0.4343642909512074,0.4378981171512514,0.4444173398380181,-0.0002359859644849721,0.07806837336981917
2024-25,0.0,False,0.3634123806590699,0.3859649122807018,0.36004020048337015,0.3978893362327598,0.40424128171234014,0.1463165039064718,0.09627823409096026
2024-25,1.0,False,0.7931034482758622,0.8279569892473118,0.7906965116067473,0.7762918422097967,0.780850526428154,-0.09954854727621976,0.22748195291280715
2024-25,0.0,False,0.34351145038167935,0.3766105054509415,0.34022524067860244,0.3381295846887985,0.3440726834085438,-0.02395577436639299,0.14372480250317887
2024-25,0.0,False,0.11194029850746257,0.0871369294605809,0.1104965469769976,0.09317509724783152,0.09543356751599019,-0.2043955994027724,-0.2780318166196185
2024-25,0.0,False,0.17204301075268813,0.1975683890577507,0.16997245037030104,0.1788345791770114,0.1827509156314463,0.04695336334757038,0.16965486636322358
2024-25,0.0,False,0.4572564612326044,0.447405997144217,0.45363401571163564,0.4427135466018903,0.4492471626573804,-0.05876396123160307,-0.0397646201720778
2024-25,1.0,False,0.41178845377472745,0.3698979591836735,0.4082552643100064,0.36792224176974875,0.3740930193558413,-0.18456390553289892,-0.1760776942905145
2024-25,1.0,False,0.7931034482758622,0.7241379310344829,0.7906965116067473,0.7540704854281396,0.7589413792803746,-0.22329386980738325,-0.37865385065750734
2024-25,0.0,False,0.5108342361863488,0.5108342361863488,0.5071839814734822,0.5307700229454527,0.5373501289113065,0.0798920919581205,0.0
2024-25,0.0,False,0.5217391304347826,0.4891657638136511,0.518093483831352,0.5054706131593539,0.5120793606226097,-0.06512805110352858,-0.1303551062061019
2024-25,0.0,False,0.8944099378881988,0.8875502008032128,0.893022584574626,0.8772741700158938,0.8800929052130247,-0.16973323228871715,-0.07064176417723544
2024-25,0.0,False,0.6675191815856777,0.5217391304347826,0.6642697108280444,0.7124668490988229,0.7178534337128337,0.21040926554029046,-0.609974579877481
2024-25,0.0,False,0.6301020408163266,0.6233894945490586,0.6266913900555664,0.6062218319843858,0.6125163004999918,-0.10119634113987061,-0.028694590227393735
2024-25,1.0,False,0.8024316109422491,0.7693872936920642,0.8001058424194346,0.8203084785107436,0.8241733578336583,0.11687701836726566,-0.19670706502809043
2024-25,1.0,False,0.5990922844175492,0.5324675324675325,0.5955792246173005,0.5956438807045159,0.6019964251574808,-0.014337385470418018,-0.27163125702006014
2024-25,0.0,False,0.5324675324675325,0.5829926410466066,0.5288298122501643,0.5281600214697246,0.5347446451632649,-0.01729371905811295,0.20501756644772612
2024-25,0.0,False,0.3859649122807018,0.3087478559176672,0.3825092072113568,0.3375516407464939,0.3434898530656756,-0.20991849016751077,-0.34167410292537514
2024-25,0.0,False,0.7001620745542949,0.6755725190839694,0.6970868626263751,0.6762494706681788,0.6820117207948909,-0.11148096376533714,-0.1145712870822726
2024-25,1.0,False,0.2591283863368669,0.2516411378555798,0.2563342271632796,0.2591858678419551,0.264295490060176,0.0002993910879114728,-0.0393748983512765
2024-25,0.0,False,0.5798319327731092,0.6321695760598504,0.5762694707492378,0.6144263840292086,0.6206717670721762,0.14387348741506273,0.21945214808225005
2024-25,1.0,False,0.4782608695652174,0.5,0.4746175373022676,0.4689114475160301,0.47550180373793277,-0.037503456502294905,0.08701137698962969
2024-25,0.0,False,0.6067006554989074,0.5427435387673957,0.6032101090479195,0.6136558355963911,0.6199059787180022,0.029241150203357748,-0.2620720163467576
2024-25,1.0,False,0.41178845377472745,0.4059747223286097,0.4082552643100064,0.3983433757392234,0.4046976977168391,-0.055795604622849194,-0.024054076153538162
2024-25,1.0,False,0.6301020408163266,0.7553516819571866,0.6266913900555664,0.6483970243528663,0.6544016607630891,0.07934597749295993,0.5947071077466927
2024-25,0.0,True,0.4782608695652174,0.5,0.4746175373022676,0.4724212790596118,0.4790164719054122,-0.023415583347746523,0.08701137698962969
2024-25,1.0,True,0.7553516819571866,0.8421052631578947,0.7526425348943216,0.7411557861526447,0.7461963761995417,-0.07537725082643623,0.5466147316175753
2024-25,0.0,False,0.46753246753246747,0.4572564612326044,0.4638981957423534,0.4623385634324101,0.46891810553699054,-0.02087848977934552,-0.04133935801356631
2024-25,0.0,False,0.552594002855783,0.5324675324675325,0.5489802362606695,0.5428402118425034,0.5493947532436312,-0.039375074613424786,-0.0811039781856438
2024-25,0.0,False,0.18018018018018006,0.1664429530201342,0.17803274584984236,0.1890847419114582,0.1931727439299831,0.059158959423745404,-0.09592228336558217
2024-25,1.0,True,0.8198198198198199,0.7719220549158547,0.8176522293636267,0.8173092692408052,0.8212245980762715,-0.0169043945456677,-0.2959310881065744
2024-25,1.0,False,0.5711159737417942,0.5911949685534592,0.5675347298189776,0.6194212629650564,0.6256350356618814,0.20068676084239215,0.08250176428219103
2024-25,1.0,True,0.8353510895883778,0.7553516819571866,0.8333323574619789,0.8150395036917653,0.8189927037716003,-0.140942397809426,-0.49667500990115765
2024-25,0.0,False,0.5990922844175492,0.6067006554989074,0.5955792246173005,0.5842932016346433,0.5907015336728,-0.061261670978254856,0.03178011734026387
2024-25,0.0,False,0.2272727272727272,0.2664576802507837,0.2247178770084187,0.20894508729864414,0.21334950036900682,-0.10752047836403142,0.21110557275473107
2024-25,1.0,True,0.5217391304347826,0.5427435387673957,0.518093483831352,0.5383411635901172,0.5449061318131724,0.06665494629740024,0.08438110927213488
2024-25,0.0,False,0.7001620745542949,0.6755725190839694,0.6970868626263751,0.6872247288536124,0.6928803516440526,-0.060893357307694164,-0.1145712870822726
2024-25,0.0,False,0.5882115462252725,0.6017699115044248,0.5846692408375863,0.6074138682634533,0.6137014242576551,0.07987752754676264,0.05626831548889916
2024-25,1.0,False,0.6792452830188679,0.7044334975369458,0.6760547992466472,0.6921191848203849,0.6977252331550972,0.059739834405627225,0.11819447363791302
2024-25,0.0,True,0.2516411378555798,0.2591283863368669,0.24890058981279772,0.20079595706129816,0.20507312398957778,-0.29144842389630465,0.0393748983512765
2024-25,0.0,True,0.5882115462252725,0.562043795620438,0.5846692408375863,0.559841306577642,0.5663468192964208,-0.11605886621570263,-0.10711604028530447
2024-25,0.0,False,0.2591283863368669,0.2390243902439024,0.2563342271632796,0.2646962702314148,0.2698749508244125,0.02880307729785287,-0.10753199879083164
2024-25,1.0,False,0.3859649122807018,0.4255319148936171,0.3825092072113568,0.4265139186335905,0.4329942133105877,0.16821694243213986,0.16420101568075984
2024-25,0.0,True,0.2914110429447852,0.334855403348554,0.2884042904171211,0.2831482252066754,0.2885462462633506,-0.04035774608246645,0.2022351701780244
2024-25,0.0,False,0.46753246753246747,0.5563770794824399,0.4638981957423534,0.45003556370746084,0.45658870529200163,-0.07047387649874781,0.35652446965508217
2024-25,1.0,False,0.8880597014925373,0.8807339449541285,0.8865994907932008,0.8841501665009636,0.8868313481046928,-0.03874118585655443,-0.07167445800301975
2024-25,1.0,False,0.782608695652174,0.8641975308641975,0.7801135174967144,0.8051407071958797,0.8092559627594753,0.13780548549045676,0.5696661237889236
2024-25,1.0,True,0.7483588621444202,0.6428571428571429,0.7455983594705664,0.7099098690343465,0.715325215773252,-0.1949322628708437,-0.5020919437972361
2024-25,0.0,True,0.6675191815856777,0.6564885496183206,0.6642697108280444,0.6631338071000574,0.6690152410030294,-0.019694964176858565,-0.0493011503839228
2024-25,0.0,False,0.6888888888888889,0.6912521440823327,0.6857499497556117,0.6762569251559868,0.6820191049914587,-0.05830702657698338,0.011049836186584727
2024-25,0.0,False,0.6067006554989074,0.6792452830188679,0.6032101090479195,0.6490028704905487,0.6550026655044439,0.18119459163294763,0.3168410917913716
2024-25,1.0,False,0.7619047619047619,0.782608695652174,0.7592450520159869,0.755641338705037,0.7604910021184573,-0.03422103525452377,0.11778303565638382
2024-25,1.0,True,0.8944099378881988,0.8641975308641975,0.893022584574626,0.892764108246087,0.895269546823718,-0.017308569775309764,-0.28599998626879564
2024-25,1.0,False,0.9400705052878964,0.9202453987730062,0.9392423345841007,0.939300225254461,0.9407905118281311,-0.013590925244095962,-0.3071001583088786
2024-25,1.0,False,0.3053435114503817,0.2418048111678923,0.3022543243845199,0.2999924219398986,0.30557467971702296,-0.025353894245218507,-0.3208299698604179
2024-25,1.0,False,0.6428571428571429,0.6636481241914618,0.63949681276562,0.5880133287575845,0.5944041218746443,-0.23202804677818029,0.09180754925312251
2024-25,0.0,False,0.7183098591549295,0.782608695652174,0.7153451039235454,0.7579099930484496,0.7627287694117532,0.20516169018152505,0.34484048629173014
2024-25,0.0,False,0.5990922844175492,0.6507042253521127,0.5955792246173005,0.6465732708973049,0.6525923653825705,0.20232595008429344,0.22045175964849845
2024-25,0.0,False,0.5711159737417942,0.6067006554989074,0.5675347298189776,0.5851673429048021,0.591571619039173,0.057616911486868726,0.14705875451634592
2024-25,1.0,False,0.7931034482758622,0.7543125980135913,0.7906965116067473,0.7893324465230513,0.7936960133479594,-0.02282847787106091,-0.22198788263132796
2024-25,1.0,False,0.5108342361863488,0.447405997144217,0.5071839814734822,0.480134534259327,0.48673806278850473,-0.12284744325089839,-0.254500835650314
2024-25,1.0,False,0.7085889570552146,0.644729178800233,0.7055638280398128,0.6737877251107205,0.6795730295008215,-0.16317402495006192,-0.2925908433799723
2024-25,0.0,False,0.3698979591836735,0.3418803418803419,0.3665002457714752,0.3462632230464555,0.35227319290488096,-0.10285094843368145,-0.12227137353234485
2024-25,1.0,False,0.8540145985401459,0.8108108108108107,0.8521842049049483,0.8521786311020518,0.8554788006477507,-0.014650073359508013,-0.3111544286369232
2024-25,0.0,False,0.7619047619047619,0.6912521440823327,0.7592450520159869,0.7603340012957273,0.7651194808564331,-0.008639279678725957,-0.35717109874920827
2024-25,0.0,False,0.24464831804281337,0.2904564315352697,0.24195930372431498,0.2094790608828784,0.21389168630743016,-0.20070665647735816,0.234193387500795
2024-25,0.0,False,0.5108342361863488,0.5108342361863488,0.5071839814734822,0.5079273474215342,0.5145347955030759,-0.011631682185519555,0.0
2024-25,1.0,False,0.5711159737417942,0.5911949685534592,0.5675347298189776,0.5104046277728425,0.5170104426668491,-0.24478122815267048,0.08250176428219103
2024-25,0.0,False,0.6428571428571429,0.6341463414634145,0.63949681276562,0.6361316638256592,0.6422301881639733,-0.02917319278935162,-0.037740327982847655
2024-25,1.0,False,0.447405997144217,0.3698979591836735,0.443797778226915,0.44761243661375005,0.4541594316329926,0.0008349600936333954,-0.3214974877735606
2024-25,0.0,True,0.2955665024630542,0.2591283863368669,0.29253457511064074,0.2956117445435681,0.3011475552164142,0.0002172841593392691,-0.18200364231027266
2024-25,1.0,True,0.7931034482758622,0.8198198198198199,0.7906965116067473,0.7913949570971259,0.7957268588777957,-0.010380307163322562,0.1713924862617644
2024-25,0.0,False,0.46753246753246747,0.4288840262582056,0.4638981957423534,0.44748318143842475,0.45402983982800327,-0.08079179188501223,-0.15635261984397852
2024-25,0.0,True,0.46753246753246747,0.5,0.4638981957423534,0.5012300733288402,0.5078403131073055,0.13497343148999388,0.13005312824819792
2024-25,1.0,False,0.5324675324675325,0.6507042253521127,0.5288298122501643,0.5395225662192885,0.5460848997594049,0.028367632838740754,0.4920830166685586
2024-25,0.0,True,0.21739130434782597,0.2914110429447852,0.21491664001224733,0.19979440855156635,0.2040556885202917,-0.10664595790484432,0.39239302654081176
2024-25,0.0,True,0.299837925445705,0.320754716981132,0.29678064174852586,0.29814027235882923,0.3037030181269012,-0.008099714350247568,0.09776416876589145
2024-25,0.0,False,0.5217391304347826,0.5108342361863488,0.518093483831352,0.4585413671775888,0.46511361782941263,-0.25322753635420453,-0.04366764777315769
2024-25,1.0,False,0.5711159737417942,0.4891657638136511,0.5675347298189776,0.5613777819594331,0.5678781139614025,-0.03965015250767823,-0.32974947730864845
2024-25,0.0,False,0.1358024691358024,0.1192660550458715,0.13409742723976217,0.12908512046304402,0.13208722851232196,-0.05847224023534272,-0.14879886475531134
2024-25,1.0,False,0.46753246753246747,0.4675324675324675,0.4638981957423534,0.45128791100038257,0.45784410714289697,-0.06541522823372944,0.0
2024-25,1.0,True,0.6792452830188679,0.6888888888888889,0.6760547992466472,0.6568272485537043,0.6627627948680042,-0.10111851919556711,0.04462428046999389
2024-25,1.0,True,0.7085889570552146,0.6792452830188679,0.7055638280398128,0.6716909980911204,0.6774956891128057,-0.17269765231559112,-0.1382352245213584
2024-25,1.0,False,0.5427435387673957,0.4059747223286097,0.5391165674820723,0.5712946284384736,0.5777585350861166,0.11574267366622099,-0.5520234623321908
2024-25,1.0,True,0.3859649122807018,0.4201680672268907,0.3825092072113568,0.3388510149340214,0.3448001880988988,-0.2041130729579105,0.14222210896198417
2024-25,0.0,False,0.31111111111111095,0.2758620689655172,0.30798944392098504,0.3189374600121597,0.32470872117571575,0.036270770864764344,-0.17015102117369918
2024-25,0.0,True,0.1578947368421052,0.1358024691358024,0.15596237782679498,0.15613089881634118,0.1596467041689467,-0.01332620522907254,-0.17662353567931688
2024-25,0.0,False,0.8353510895883778,0.8076923076923076,0.8333323574619789,0.8146556395945478,0.818615218214988,-0.1434867184124633,-0.18895218656593138
2024-25,0.0,True,0.7085889570552146,0.740871613663133,0.7055638280398128,0.7323886927679657,0.7375395504960817,0.11823497356631216,0.1619628914268264
2024-25,1.0,False,0.7165697674418604,0.6690070210631895,0.7135940002512842,0.6979435406908556,0.7034889703475647,-0.08998535450693157,-0.22381222402384537
2024-25,1.0,True,0.7241379310344829,0.7212543554006969,0.721210708474115,0.6979652457500984,0.7035104462021007,-0.12745367676113536,-0.014388737452099787
2024-25,1.0,False,0.6301020408163266,0.7446808510638298,0.6266913900555664,0.6408817009940033,0.6469447983426844,0.04653843394875014,0.53778681749401
2024-25,0.0,True,0.4782608695652174,0.5,0.4746175373022676,0.4757878441141572,0.4823870627958248,-0.009913053802703915,0.08701137698962969
2024-25,0.0,False,0.31111111111111095,0.3859649122807018,0.30798944392098504,0.31851048482786465,0.32427769848793153,0.03430440264595363,0.33062426673879053
2024-25,0.0,False,0.41178845377472745,0.4117884537747275,0.4082552643100064,0.36225337172571187,0.3683844841805469,-0.20902028129393663,0.0
2024-25,0.0,False,0.3272186415468517,0.3766105054509415,0.3240113695866609,0.2757659163511645,0.2810783826264642,-0.24477045858196408,0.2168318208343888
2024-25,0.0,False,0.320754716981132,0.2864487697392581,0.3175808948270081,0.3365281015495831,0.3424576161499521,0.07150075191747238,-0.16238893529390874
2024-25,1.0,False,0.5882115462252725,0.7342398022249692,0.5846692408375863,0.5237734548882648,0.5303648618030453,-0.26141132319927535,0.6596643913180946
2024-25,0.0,False,0.24464831804281337,0.2816901408450704,0.24195930372431498,0.252272086204449,0.2572927474422811,0.04083075397089133,0.19126834278376104
2024-25,0.0,False,0.1891891891891892,0.145985401459854,0.1869588691259749,0.16780261537232666,0.17152782492319701,-0.14599404105704958,-0.311154428636923
2024-25,1.0,False,0.9400705052878964,0.9128630705394192,0.9392423345841007,0.9293924514632661,0.9311081502416215,-0.1753920588392826,-0.40368098631465843
2024-25,0.0,False,0.5108342361863488,0.4572564612326044,0.5071839814734822,0.5538038561200989,0.5603285226998987,0.17270820468817175,-0.21473621547823624
2024-25,0.0,True,0.42888402625820565,0.3835616438356164,0.42531021421367565,0.43654988184303417,0.4430648538785572,0.031229585587171017,-0.18805223150293954
2024-25,1.0,False,0.7241379310344829,0.6946564885496184,0.721210708474115,0.7415877323692931,0.7466227865471737,0.08915632982607088,-0.14310084364067366
2024-25,0.0,False,0.7328244274809161,0.6581196581196581,0.7299550054545088,0.6373298117428704,0.6434195112736502,-0.4452066995269549,-0.3540741622386755
2024-25,1.0,True,0.562043795620438,0.5882115462252725,0.5584453664132139,0.56011453289005,0.566619133420488,-0.007833964801437727,0.10711604028530447
2024-25,1.0,False,0.6428571428571429,0.7446808510638298,0.63949681276562,0.6383409499297027,0.6444231436297523,-0.01961603739313967,0.482654746799294
2024-25,1.0,False,0.5427435387673957,0.552594002855783,0.5391165674820723,0.49833014623881267,0.5049408591878312,-0.17807192613995762,0.03976462017207738
2024-25,1.0,False,0.6675191815856777,0.6385542168674698,0.6642697108280444,0.6464931026979587,0.6525128287399733,-0.09332642400167651,-0.12789142497714456
2024-25,1.0,False,0.7727272727272727,0.7600000000000001,0.7701519874082371,0.7881578957621151,0.7925393968344433,0.09008180764951593,-0.07109592168372925
2024-25,1.0,False,0.8944099378881988,0.84,0.893022584574626,0.8858121393589846,0.8884597093797725,-0.0879400521792437,-0.47837187891625144
2024-25,1.0,False,0.7165697674418604,0.6792452830188679,0.7135940002512842,0.6907370466864781,0.6963572207029821,-0.12394230100155804,-0.1772040210790493
2024-25,1.0,True,0.5,0.5217391304347826,0.4963486084928131,0.4499117410329154,0.4564645760830332,-0.20102730371149913,0.08701137698962969
2024-25,1.0,False,0.3634123806590699,0.3194444444444444,0.36004020048337015,0.3419652493595096,0.347940324539195,-0.09396477839222894,-0.19574223995941908
2024-25,1.0,True,0.562043795620438,0.5882115462252725,0.5584453664132139,0.580790039892175,0.5872142234229152,0.07655656226220456,0.10711604028530447
2024-25,1.0,False,0.7553516819571866,0.7011952191235059,0.7526425348943216,0.7603908684930014,0.7651755632571711,0.027461922787709044,-0.2743658204522549
2024-25,0.0,True,0.552594002855783,0.562043795620438,0.5489802362606695,0.5261549009175078,0.5327427512342611,-0.10644192171429204,0.03830375319774165
2024-25,0.0,True,0.8641975308641975,0.8421052631578947,0.8624742526670843,0.8505387857546853,0.8538692876087058,-0.1117668776659056,-0.17662353567931688
2024-25,0.0,False,0.3932993445010924,0.437956204379562,0.3898196606206388,0.37556847086799794,0.38179002933214423,-0.07493637940967818,0.18400364297693964
2024-25,1.0,False,0.7931034482758622,0.8421052631578947,0.7906965116067473,0.7975399897667579,0.8017762459961529,0.027254843893784,0.3302416868705762
2024-25,0.0,False,0.37661050545094144,0.217391304347826,0.37318765178575203,0.3620379697415347,0.3681675411540261,-0.0625696687782086,-0.7769738414820555
2024-25,0.0,False,0.6365876193409301,0.6690070210631895,0.6332019576796624,0.6583863168097709,0.6643086790156827,0.09552750714697256,0.14311354923303987
2024-25,1.0,False,0.6428571428571429,0.7183098591549295,0.63949681276562,0.6542359580750843,0.6601931365564614,0.04992483098615682,0.34830669426821514
2024-25,0.0,True,0.447405997144217,0.3907637655417407,0.443797778226915,0.4641086257613567,0.4706913054572341,0.0673442579756181,-0.23294579437973637
2024-25,1.0,True,0.6067006554989074,0.5656028368794326,0.6032101090479195,0.5634804218958912,0.5699734628693992,-0.17816514023001503,-0.1695316103684047
2024-25,1.0,False,0.6301020408163266,0.7328244274809161,0.6266913900555664,0.6063396093363123,0.6126333981874379,-0.10070293863680699,0.4763455357710199
2024-25,1.0,True,0.6428571428571429,0.6092362344582594,0.63949681276562,0.6229804493577517,0.6291709002099126,-0.085568572626215,-0.14368376408854067
2024-25,1.0,False,0.6301020408163266,0.6017699115044248,0.6266913900555664,0.5747732691141119,0.5812231732444623,-0.23130145686621323,-0.1198093788016159
2024-25,0.0,False,0.46753246753246747,0.4675324675324675,0.4638981957423534,0.43028394057493985,0.4367778897921501,-0.15063964942104807,0.0
2024-25,0.0,False,0.2914110429447852,0.2314814814814814,0.2884042904171211,0.3179596426573897,0.3237216201723179,0.12537645268341077,-0.31142396400714456
2024-25,1.0,True,0.31111111111111095,0.3418803418803419,0.30798944392098504,0.30949994361819505,0.3151794606600783,-0.007528269679026457,0.14000390713014077
2024-25,1.0,True,0.34351145038167935,0.3053435114503817,0.34022524067860244,0.3151327676549292,0.3208676175897397,-0.1285461569544212,-0.17429524591972534
2024-25,1.0,True,0.6727813584531482,0.574468085106383,0.6695578579915589,0.63031824454779,0.6364585206995306,-0.187209498021353,-0.42068723236405964
2024-25,1.0,False,0.5427435387673957,0.574468085106383,0.5391165674820723,0.6074117850909424,0.6136993532302737,0.26505320535182614,0.12871210618857376
2024-25,1.0,True,0.5711159737417942,0.7011952191235059,0.5675347298189776,0.5694287043409062,0.5758998597119991,-0.006885084404087541,0.5665901334096647
2024-25,0.0,False,0.7553516819571866,0.7619047619047619,0.7526425348943216,0.7451637457200065,0.7501525976140525,-0.05437891363242455,0.035789107851584845
2024-25,0.0,False,0.8540145985401459,0.8421052631578947,0.8521842049049483,0.8265461804750992,0.8303046507408373,-0.20509726487273452,-0.09246522767209364
2024-25,0.0,True,0.4572564612326044,0.4255319148936171,0.45363401571163564,0.4627767672383411,0.46935710157254135,0.022223568290571795,-0.1287121061885736
2024-25,1.0,False,0.9045226130653268,0.8936170212765957,0.9032537583734073,0.9127157566882561,0.9147995352575164,0.09873667389776028,-0.12028616587450403
2024-25,0.0,True,0.5108342361863488,0.5911949685534592,0.5071839814734822,0.4790433809492188,0.48564592164856046,-0.12721934375928073,0.32556378315789525
2024-25,1.0,False,0.6301020408163266,0.6233894945490586,0.6266913900555664,0.6253890185332253,0.6315633107169374,-0.02016881320806728,-0.028694590227393735
2024-25,1.0,False,0.5427435387673957,0.5,0.5391165674820723,0.5318909570970233,0.5384690125058031,-0.04365525222548287,-0.17139248626176457
2024-25,0.0,True,0.6675191815856777,0.7727272727272727,0.6642697108280444,0.6695764468265999,0.675400457038985,0.00928406074888884,0.5267894747550047
2024-25,0.0,False,0.3932993445010924,0.3272186415468517,0.3898196606206388,0.44541656623687986,0.45195772189342864,0.21425718867412674,-0.28732732220587515
2024-25,0.0,False,0.2516411378555798,0.1911764705882352,0.24890058981279772,0.2405510074411053,0.24541496106865476,-0.0597823956330981,-0.3525052190715794
2024-25,1.0,False,0.46753246753246747,0.4343971631205673,0.4638981957423534,0.4827080172897593,0.4893136259026964,0.06085760148431215,-0.13387976399191992
2024-25,1.0,False,0.6675191815856777,0.6690070210631895,0.6642697108280444,0.6574558547854582,0.6633861006239681,-0.04500887661383906,0.006711434587986953
2024-25,1.0,False,0.6067006554989074,0.6233894945490586,0.6032101090479195,0.6213604468066866,0.6275615951098582,0.06186213501426393,0.07049550137148725
2024-25,1.0,False,0.5711159737417942,0.552594002855783,0.5675347298189776,0.5641622378754181,0.5706528646707094,-0.028333951033497562,-0.07524864165833428
2024-25,0.0,True,0.8353510895883778,0.7983193277310925,0.8333323574619789,0.8455249204516043,0.8489473060736877,0.07588814436077804,-0.248213650602658
2024-25,0.0,False,0.5882115462252725,0.4572564612326044,0.5846692408375863,0.5766428409217694,0.5830849567012694,-0.047569988755300545,-0.5279693861786523
2024-25,1.0,True,0.562043795620438,0.6164383561643836,0.5584453664132139,0.5545522662759821,0.5610746627032684,-0.030379718438969576,0.22499711996353228
2024-25,0.0,False,0.2758620689655172,0.3309929789368104,0.2729539493393368,0.2905580120183155,0.29603895818136444,0.07240542092739502,0.26138350458848947
2024-25,1.0,True,0.3859649122807018,0.3614457831325302,0.3825092072113568,0.408366291125211,0.41477027628645907,0.0935824437646963,-0.10478892375886861
2024-25,1.0,True,0.41178845377472745,0.3194444444444444,0.4082552643100064,0.4350652122841339,0.4415753917695267,0.09536252855343147,-0.39974918226458894
2024-25,0.0,False,0.3932993445010924,0.2135922330097087,0.3898196606206388,0.3907042573055035,0.397017132043908,-0.01088836880246092,-0.8699421987056
2024-25,0.0,True,0.7085889570552146,0.7600000000000001,0.7055638280398128,0.6923739093194455,0.697977343470324,-0.07729973203585316,0.26413869101713405
2024-25,0.0,True,0.3324808184143222,0.3907637655417407,0.3292472098876032,0.3265988189087587,0.332441044086183,-0.02662273957420398,0.2528830560535329
2024-25,0.0,False,0.3324808184143222,0.3418803418803419,0.3292472098876032,0.3631439485704375,0.36928140611995663,0.13524161394383008,0.04205998912736386
2024-25,0.0,False,0.21739130434782597,0.136986301369863,0.21491664001224733,0.20527193784288084,0.2096194408105476,-0.07273052435376134,-0.5596157879354222
2024-25,0.0,False,0.299837925445705,0.217391304347826,0.29678064174852586,0.30207055041479064,0.3076744814499157,0.010612341341822006,-0.43286408229627915
2024-25,1.0,False,0.5427435387673957,0.5711159737417943,0.5391165674820723,0.5603352640101827,0.5668391247429494,0.07113033124814774,0.11501326183041166
2024-25,1.0,True,0.4782608695652174,0.3932993445010924,0.4746175373022676,0.5064485892914402,0.513056857710552,0.11280716448532466,-0.34645312561889335
2024-25,1.0,False,0.6428571428571429,0.6428571428571429,0.63949681276562,0.6739873683777868,0.6797708148829219,0.1384885766318675,0.0
2024-25,1.0,False,0.6675191815856777,0.6385542168674698,0.6642697108280444,0.649371583096002,0.655368422290433,-0.08070787827252018,-0.12789142497714456
2024-25,0.0,True,0.562043795620438,0.5324675324675325,0.5584453664132139,0.4890963238535153,0.4957055804980568,-0.2930824800028525,-0.11940773138338545
2024-25,1.0,False,0.8540145985401459,0.8540145985401459,0.8521842049049483,0.8661081430832122,0.8691450831619912,0.10053567987568948,0.0
2024-25,1.0,True,0.8108108108108107,0.782608695652174,0.8085601490266011,0.801317720063224,0.8054942090267524,-0.060736675518754536,-0.1743533871447771
2024-25,1.0,True,0.8880597014925373,0.8641975308641975,0.8865994907932008,0.8994262351598221,0.9017931433758197,0.11979231474798882,-0.22047332275833154
2024-25,1.0,True,0.7085889570552146,0.7165697674418604,0.7055638280398128,0.7455165535123097,0.7505008111659731,0.18630072900943265,0.03896879655769092
2024-25,0.0,True,0.5711159737417942,0.4255319148936171,0.5675347298189776,0.5116057326968764,0.5182106390316643,-0.23997447748151218,-0.586510340542514
2024-25,0.0,False,0.5,0.574468085106383,0.4963486084928131,0.5367083215009512,0.5432768100580985,0.14709795310682103,0.3001045924503383
2024-25,0.0,False,0.3932993445010924,0.3309929789368104,0.3898196606206388,0.399389743893823,0.4057495008477613,0.02545601263962393,-0.27023288884657487
2024-25,1.0,False,0.6365876193409301,0.6805555555555556,0.6332019576796624,0.59543053624238,0.6017841916268616,-0.1741225572335582,0.1957422399594192
2024-25,0.0,False,0.3932993445010924,0.3571428571428571,0.3898196606206388,0.401220324347814,0.4075894492355775,0.03308150613322063,-0.15432216229359613
2024-25,0.0,False,0.8108108108108107,0.8353510895883778,0.8085601490266011,0.7798776074349436,0.7843835169273553,-0.1903339602798183,0.16874947924841188
2024-25,1.0,False,0.8279569892473118,0.8088235294117646,0.825866497435479,0.8060239853463702,0.8101249860127158,-0.14683771466955317,-0.12883287184296854
2024-25,1.0,False,0.8641975308641975,0.8807339449541285,0.8624742526670843,0.8608357734566616,0.8639735197314116,-0.028350943972083993,0.1487988647553118
2024-25,1.0,True,0.6792452830188679,0.804772234273319,0.6760547992466472,0.6976144026007789,0.7031633049393589,0.08565790838870041,0.6660867978772773
2024-25,0.0,False,0.4782608695652174,0.4343971631205673,0.4746175373022676,0.4490126997135439,0.45556328469509033,-0.11764921163351255,-0.17692151525048816
2024-25,0.0,True,0.4201680672268907,0.334855403348554,0.4166139031219425,0.3759933315505074,0.3822176200662703,-0.1845061477663783,-0.36422214957411525
2024-25,0.0,False,0.6067006554989074,0.7104677060133631,0.6032101090479195,0.6236559110972522,0.6298418610413634,0.07163043417268758,0.46419214972074024
2024-25,1.0,False,0.6564885496183206,0.6507042253521127,0.6531872835553093,0.6594646969212021,0.6653778656546004,0.013224833845886026,-0.025548661566431208
2024-25,0.0,False,0.5427435387673957,0.5427435387673957,0.5391165674820723,0.5136996962377646,0.5203028363836649,-0.11657998216009957,0.0
2024-25,1.0,False,0.8279569892473118,0.8279569892473118,0.825866497435479,0.7631618495372514,0.7679081004139239,-0.4011235666392275,0.0
2024-25,0.0,False,0.3932993445010924,0.3698979591836735,0.3898196606206388,0.3876977159126867,0.39399342474320326,-0.023535632927275126,-0.09919009159887954
2024-25,1.0,False,0.8880597014925373,0.8880597014925373,0.8865994907932008,0.8840359156157841,0.886719402614048,-0.039856127459908734,0.0
2024-25,0.0,False,0.42888402625820565,0.3571428571428571,0.42531021421367565,0.41692770539276935,0.4233698747643459,-0.0489925966363844,-0.3013809168099427
2024-25,0.0,False,0.7727272727272727,0.7600000000000001,0.7701519874082371,0.765017947622759,0.7697382250828301,-0.04338527549079944,-0.07109592168372925
2024-25,0.0,False,0.4009077155824508,0.3324808184143222,0.3974048099812311,0.4515345413963093,0.4580913292748465,0.2072119553998324,-0.29530157159885284
2024-25,1.0,False,0.6067006554989074,0.6233894945490586,0.6032101090479195,0.6079786335254331,0.6142628884830068,0.005358891894518401,0.07049550137148725
2024-25,1.0,False,0.552594002855783,0.5324675324675325,0.5489802362606695,0.5503899581954964,0.5569246060575149,-0.00891069784323225,-0.0811039781856438
2024-25,1.0,True,0.7408716136631329,0.7044334975369458,0.7380577250056992,0.7085417326552234,0.7139723292124747,-0.16219158046521945,-0.18200364231027177
2024-25,1.0,True,0.5711159737417942,0.5656028368794326,0.5675347298189776,0.5576097132144098,0.5641225292034943,-0.05493896335439389,-0.02247285585205877
2024-25,0.0,False,0.1055900621118012,0.0954773869346733,0.10421860116953106,0.09288980308268774,0.09514208364047781,-0.14225010576594063,-0.11191791620398561
2024-25,1.0,False,0.552594002855783,0.5563770794824399,0.5489802362606695,0.5625464855705572,0.5690427937372798,0.04034621782473083,0.015314234973042296
2024-25,1.0,False,0.6428571428571429,0.7272727272727274,0.63949681276562,0.6302635423375783,0.6364042029610821,-0.05443908707842165,0.3930425881096077
2024-25,0.0,False,0.5798319327731092,0.6092362344582594,0.5762694707492378,0.5881457394791996,0.5945358949386226,0.034221724105390164,0.1220194016444654
2024-25,0.0,True,0.7085889570552146,0.7328244274809161,0.7055638280398128,0.6824680431300661,0.6881706491242333,-0.12340358103759513,0.12045931105717089
2024-25,1.0,False,0.37661050545094144,0.334855403348554,0.37318765178575203,0.35191623046296466,0.3579705909285782,-0.10666679235734314,-0.18234564476321935
2024-25,0.0,True,0.1358024691358024,0.12,0.13409742723976217,0.12252945283355784,0.1254010499015283,-0.1180919886628852,-0.14183019543921738
2024-25,1.0,False,0.4572564612326044,0.447405997144217,0.45363401571163564,0.48321737840066126,0.48982335714445435,0.10423677250206267,-0.0397646201720778
2024-25,0.0,False,0.552594002855783,0.5324675324675325,0.5489802362606695,0.6374632656723915,0.6435519776176307,0.35321374122708327,-0.0811039781856438
2024-25,0.0,False,0.37661050545094144,0.447405997144217,0.37318765178575203,0.4138466958512811,0.4202755733042082,0.15587424281319753,0.2928028975461674
2024-25,0.0,False,0.320754716981132,0.2591283863368669,0.3175808948270081,0.35799623417256216,0.3640964299991138,0.1662338922266304,-0.3001981159481847
2024-25,1.0,False,0.552594002855783,0.5427435387673957,0.5489802362606695,0.5265523704314855,0.5331395980008189,-0.10484761449803814,-0.03976462017207738
2024-25,0.0,False,0.1578947368421052,0.0954773869346733,0.15596237782679498,0.14384887843792613,0.14713633594092657,-0.10970717764892288,-0.5745414381520986
2024-25,0.0,False,0.7044334975369458,0.6017699115044248,0.701383410097596,0.6685881197670462,0.6744210796483265,-0.16669381600030705,-0.45565485263201955
2024-25,0.0,True,0.5427435387673957,0.6818181818181818,0.5391165674820723,0.5587469944100693,0.5652561212018082,0.06468586076011726,0.590747565785132
2024-25,0.0,True,0.4572564612326044,0.3614457831325302,0.45363401571163564,0.482186437937882,0.4887916533061461,0.10010806755109172,-0.39770204562820205
2024-25,1.0,True,0.8807339449541286,0.9128630705394192,0.879191172906633,0.8649694919562454,0.8680283236304825,-0.14220533552799022,0.3497062746226396
2024-25,1.0,False,0.5882115462252725,0.6233894945490586,0.5846692408375863,0.5671118779693879,0.57359177893075,-0.08649961594542602,0.14738310406312133
2024-25,1.0,True,0.6675191815856777,0.6888888888888889,0.6642697108280444,0.6438015566631182,0.6498422914582734,-0.10508342072763013,0.09794391800277691
2024-25,0.0,False,0.6564885496183206,0.6946564885496184,0.6531872835553093,0.6579727525085912,0.6638986243496255,0.006588309506769818,0.174295245919726
2024-25,1.0,True,0.4891657638136511,0.5108342361863488,0.4855166641517302,0.4029377657141328,0.409315517184271,-0.34989550126477487,0.0866874584329442
2024-25,0.0,True,0.299837925445705,0.3492957746478873,0.29678064174852586,0.23845409578753335,0.24328923247175085,-0.3131038673448399,0.2259336182490289
2024-25,0.0,False,0.41178845377472745,0.437956204379562,0.4082552643100064,0.4316423225092971,0.4381410064076844,0.08142325363412242,0.10711604028530466
2024-25,1.0,False,0.1578947368421052,0.1119402985074626,0.15596237782679498,0.151778400876419,0.15521422260450657,-0.04674391968217676,-0.3970968584376484
2024-25,0.0,False,0.41178845377472745,0.3418803418803419,0.4082552643100064,0.4649806930045894,0.47156485742650844,0.21626995013526498,-0.29834906782285936
2024-25,0.0,False,0.562043795620438,0.4675324675324675,0.5584453664132139,0.5194288233843538,0.5260259476931026,-0.17170641607991322,-0.3795139878797815
2024-25,1.0,False,0.552594002855783,0.552594002855783,0.5489802362606695,0.5779053757177304,0.584342128057589,0.10302352194802936,0.0
2024-25,0.0,True,0.3272186415468517,0.2834302325581395,0.3240113695866609,0.33025352494188853,0.3361284934935542,0.013753196376190734,-0.20671779066454532
2024-25,1.0,True,0.5711159737417942,0.6365876193409301,0.5675347298189776,0.5673743168489305,0.5738532413293017,-0.015259372409836831,0.2741780941298816
2024-25,0.0,False,0.1891891891891892,0.1720430107526881,0.1869588691259749,0.190835495380971,0.19495224878462092,0.010696769259947135,-0.11592946700706097
2024-25,1.0,False,0.8421052631578947,0.8944099378881987,0.8401534965612645,0.8116062346124927,0.8156162141623289,-0.2134954129428366,0.4626235219481125
2024-25,0.0,False,0.6301020408163266,0.6321695760598504,0.6266913900555664,0.6509653448443325,0.6569493257831828,0.09063059714516644,0.00888105304396003
2024-25,1.0,True,0.3272186415468517,0.4255319148936171,0.3240113695866609,0.3175438127454297,0.32330182672043556,-0.04429070397377013,0.42068723236406036
2024-25,1.0,False,0.8353510895883778,0.782608695652174,0.8333323574619789,0.8141875866760755,0.8181549324915419,-0.14658355622790195,-0.343102866393189
2024-25,0.0,False,0.562043795620438,0.4088050314465409,0.5584453664132139,0.4997631285241872,0.5063736632338189,-0.250408345605717,-0.6183683720059503
2024-25,1.0,False,0.8353510895883778,0.8181818181818182,0.8333323574619789,0.8276252818423547,0.8313651402501089,-0.05514691912533714,-0.11995931507897906
2024-25,1.0,False,0.7727272727272727,0.8421052631578947,0.7701519874082371,0.6855258608569584,0.6911983992141968,-0.44449105207192807,0.4502010019495557
2024-25,0.0,False,0.5798319327731092,0.574468085106383,0.5762694707492378,0.6043198898275782,0.6106252332792508,0.1014140952756779,-0.021978906718774782
2024-25,0.0,False,0.447405997144217,0.5324675324675325,0.443797778226915,0.4383407307570764,0.4448613278349105,-0.036741745057164356,0.34121023468204015
2024-25,0.0,True,0.8198198198198199,0.782608695652174,0.8176522293636267,0.7654475162734364,0.7701617571192381,-0.3323459556277635,-0.23419338750079488
2024-25,0.0,False,0.46753246753246747,0.4891657638136511,0.4638981957423534,0.49014604418897423,0.49675569364783834,0.09063220075589987,0.08670939903172571
2024-25,1.0,False,0.8807339449541286,0.8641975308641975,0.879191172906633,0.8568899901777615,0.8601022441361693,-0.20970292379211028,-0.1487988647553118
2024-25,1.0,False,0.7241379310344829,0.7916666666666667,0.721210708474115,0.7440481963733359,0.7490515324047222,0.10203575709130708,0.3699201706887528
2024-25,0.0,True,0.3571428571428571,0.3571428571428571,0.3537965205745817,0.32511845391996824,0.33094721240880604,-0.1425609337566012,0.0
2024-25,0.0,False,0.1975683890577507,0.2016806722689075,0.19526307687452912,0.17352893262009467,0.17735417403686973,-0.15925873310125488,0.02573877199808372
2024-25,1.0,False,0.552594002855783,0.6164383561643836,0.5489802362606695,0.6012035353304304,0.6075262874333642,0.19932525875660714,0.26330087316127393
2024-25,1.0,False,0.562043795620438,0.5829926410466066,0.5584453664132139,0.5599576964378942,0.56646282105993,-0.00847048758107994,0.08560983506434067
2024-25,1.0,True,0.7727272727272727,0.8405797101449276,0.7701519874082371,0.7964155631525301,0.8006694665445542,0.14026484034684364,0.4387723061259339
2024-25,1.0,False,0.9128630705394191,0.9045226130653268,0.9116942359659752,0.9125747202966625,0.9146615510797916,-0.003619623564284302,-0.10058723690516791
2024-25,0.0,False,0.34351145038167935,0.299837925445705,0.34022524067860244,0.30973047457573066,0.3154122896136157,-0.15369484894697086,-0.20038495668259748
2024-25,1.0,True,0.41178845377472745,0.3698979591836735,0.4082552643100064,0.34250463490955535,0.3484841435568255,-0.29557562462472703,-0.1760776942905145
2024-25,1.0,True,0.9128630705394191,0.9263657957244656,0.9116942359659752,0.9168588294917207,0.9188524923255039,0.051308391079134756,0.18305442600960786
2024-25,1.0,False,0.3492957746478873,0.4009077155824508,0.34598339225553293,0.3257569102431578,0.3315914910953081,-0.1053031391530046,0.2204517596484984
2024-25,1.0,False,0.7241379310344829,0.7076023391812865,0.721210708474115,0.7652833674154733,0.7699999161295541,0.21678631634797876,-0.081313355874993
2024-25,0.0,False,0.2834302325581395,0.2446483180428134,0.28047323144958336,0.30727179808281235,0.3129289573068936,0.11460458993052516,-0.1998520864751525
2024-25,0.0,False,0.7328244274809161,0.7241379310344829,0.7299550054545088,0.7403479197335429,0.7453988375032391,0.03877752546225062,-0.04391923393483543
2024-25,0.0,True,0.7001620745542949,0.6675191815856777,0.6970868626263751,0.7280330223002338,0.7332371798288626,0.13659599089448643,-0.15108380629867446
2024-25,1.0,False,0.5798319327731092,0.6428571428571429,0.5762694707492378,0.605172427052126,0.6114729193174365,0.10498077623381297,0.26570316573300606
2024-25,1.0,False,0.8198198198198199,0.8198198198198199,0.8176522293636267,0.7374318800356352,0.7425197946112883,-0.4824640680605956,0.0
2024-25,1.0,False,0.6946564885496184,0.7241379310344829,0.691549685862344,0.6835717542799703,0.689263563636514,-0.05174492518683401,0.14310084364067366
2024-25,0.0,True,0.1891891891891892,0.1646489104116223,0.1869588691259749,0.19424889033033468,0.1984212218874724,0.03265261136999439,-0.16874947924841077
2024-25,1.0,False,0.8641975308641975,0.8465011286681716,0.8624742526670843,0.8579459959783479,0.8611383879492448,-0.052266108807491225,-0.14318164845668346
2024-25,1.0,False,0.8641975308641975,0.863013698630137,0.8624742526670843,0.8494638836236742,0.8528141929613231,-0.120197575227773,-0.010050335853500902
2024-25,0.0,False,0.8279569892473118,0.7548387096774194,0.825866497435479,0.8218340034650999,0.8256730440937199,-0.042393947733868266,-0.44662892454253167
2024-25,1.0,False,0.42888402625820565,0.4891657638136511,0.42531021421367565,0.44280154625570767,0.4493354138819249,0.05660597406062493,0.24306201887570422
2024-25,0.0,False,0.562043795620438,0.5990922844175491,0.5584453664132139,0.5527466275025377,0.5592744507200645,-0.03768640409983187,0.15222352563667468
2024-25,0.0,True,0.1975683890577507,0.1475409836065574,0.19526307687452912,0.2050633575168701,0.2094076069246867,0.046618409208716315,-0.35245730799452835
2024-25,0.0,False,0.46753246753246747,0.4088050314465409,0.4638981957423534,0.46250802219378334,0.4690878718708031,-0.020196804544642753,-0.23885438412616877
2024-25,1.0,False,0.46753246753246747,0.4891657638136511,0.4638981957423534,0.4603477526953278,0.46692356737750557,-0.02888962939757729,0.08670939903172571
2024-25,0.0,False,0.2272727272727272,0.1720430107526881,0.2247178770084187,0.28315520027395813,0.28855330077924163,0.29491123047961126,-0.3474412679917869
2024-25,1.0,False,0.8353510895883778,0.8353510895883778,0.8333323574619789,0.8389598941977351,0.842500634419104,0.02647275323465681,0.0
2024-25,1.0,False,0.9202453987730062,0.8994082840236686,0.9191668204814126,0.9151222352927768,0.9171537776117628,-0.06784044901612807,-0.2550187598446598
2024-25,1.0,False,0.7553516819571866,0.7085889570552146,0.7526425348943216,0.7585560376792571,0.763365969558662,0.017417567621607004,-0.23882088303284366
2024-25,0.0,True,0.7001620745542949,0.6524137931034484,0.6970868626263751,0.6593768776618698,0.6652907973484399,-0.1875511518670493,-0.21840346218527507
2024-25,1.0,True,0.7085889570552146,0.7328244274809161,0.7055638280398128,0.73933269304977,0.7443965414145075,0.15396228608732068,0.12045931105717089
2024-25,1.0,True,0.5882115462252725,0.6017699115044248,0.5846692408375863,0.5438284302252285,0.5503805384824292,-0.18081207667720448,0.05626831548889916
2024-25,1.0,True,0.8540145985401459,0.8944099378881987,0.8521842049049483,0.8355260282201938,0.8391277906631721,-0.14113249225053248,0.3701582942760189
2024-25,1.0,True,0.320754716981132,0.3146067415730336,0.3175808948270081,0.35060875497129773,0.35665300041584663,0.1339411600241765,-0.028363759598213578
2024-25,1.0,False,0.6564885496183206,0.6818181818181818,0.6531872835553093,0.6866295316854121,0.6922910979447738,0.13672398962905435,0.11445524556370856
2024-25,0.0,True,0.8279569892473118,0.8258258258258258,0.825866497435479,0.8237413208991634,0.8275478874420704,-0.02931283354397191,-0.01488861249375062
2024-25,0.0,False,0.782608695652174,0.6946564885496184,0.7801135174967144,0.7352702652904368,0.7403853202496623,-0.25940514250448216,-0.4589537930591505
2024-25,0.0,True,0.6140350877192983,0.4891657638136511,0.6105678521669469,0.6053852696118139,0.6116845447954078,-0.03635046631773379,-0.5076493373475701
2024-25,1.0,False,0.8198198198198199,0.782608695652174,0.8176522293636267,0.8313683192033783,0.8350431544185408,0.08022875477266878,-0.23419338750079488
2024-25,1.0,False,0.21739130434782597,0.2272727272727272,0.21491664001224733,0.18827849513797834,0.1923532008685869,-0.18030123774284673,0.057158413839948796
2024-25,0.0,False,0.5882115462252725,0.6564885496183206,0.5846692408375863,0.5933127008969946,0.5996772547696261,0.021100097056017307,0.29110790656629987
2024-25,0.0,False,0.2272727272727272,0.2955665024630542,0.2247178770084187,0.22879873049345814,0.23349811405723273,0.008668753130431604,0.3552753635843098
2024-25,1.0,True,0.4572564612326044,0.4572564612326044,0.45363401571163564,0.4563846478531545,0.46295241654483293,-0.0035134573004742334,0.0
2024-25,0.0,True,0.5990922844175492,0.5798319327731092,0.5955792246173005,0.6095014570759646,0.6157767278466791,0.043532716294556364,-0.07960088609914517
2024-25,0.0,True,0.6233894945490585,0.6140350877192983,0.6199542814583183,0.6123793118806328,0.61863727228731,-0.04663537631714563,-0.039654395848911506
2024-25,0.0,False,0.2834302325581395,0.238095238095238,0.28047323144958336,0.3169869820048096,0.3227396739431486,0.159856402870708,-0.2356411943267378
2024-25,0.0,False,0.5,0.4891657638136511,0.4963486084928131,0.4896818942656651,0.49629137722704236,-0.04127828309954075,-0.04334372921647221
2024-25,1.0,False,0.5427435387673957,0.5990922844175491,0.5391165674820723,0.5270898510830917,0.533676223281062,-0.06292686727996669,0.23029189900649372
2024-25,1.0,True,0.8198198198198199,0.8108108108108107,0.8176522293636267,0.8009291519878011,0.8051118224662625,-0.12301552078597205,-0.059840000356017775
2024-25,1.0,False,0.437956204379562,0.4117884537747275,0.4343642909512074,0.4325061925545394,0.43900783646836244,-0.022172333359450853,-0.10711604028530466
2024-25,1.0,False,0.6888888888888889,0.6301020408163266,0.6857499497556117,0.6548070923826437,0.6607595331486966,-0.15469261133709042,-0.2622752806624845
2024-25,1.0,False,0.5711159737417942,0.6067006554989074,0.5675347298189776,0.4863928265800163,0.4930008030539281,-0.3408478847515706,0.14705875451634592
2024-25,1.0,False,0.8807339449541286,0.8807339449541285,0.879191172906633,0.8608590340590317,0.8639963387345707,-0.17695562918622965,0.0
2024-25,0.0,False,0.1646489104116223,0.136986301369863,0.16264985736678556,0.1506495999735333,0.15406451014158107,-0.10547849995335729,-0.21651292154223434
2024-25,0.0,False,0.2068965517241379,0.1578947368421052,0.2045101351212494,0.19574323196299354,0.19993969626386285,-0.06938007535090426,-0.3302416868705771
2024-25,0.0,False,0.7044334975369458,0.6690070210631895,0.701383410097596,0.6675635560115731,0.6734057398984633,-0.171314163223186,-0.16480267658270908
2024-25,0.0,False,0.320754716981132,0.3475862068965518,0.3175808948270081,0.3181566808215377,0.3239205331936908,-0.011950331349022895,0.12063929341938495
2024-25,1.0,False,0.2671755725190841,0.2314814814814814,0.26432559948174966,0.2563806538311542,0.26145449148945293,-0.05586587330996374,-0.19096465294997556
2024-25,1.0,False,0.7931034482758622,0.7931034482758621,0.7906965116067473,0.7991126262622125,0.8033240914319294,0.037022726804943264,0.0
2024-25,1.0,False,0.8353510895883778,0.8807339449541285,0.8333323574619789,0.8358504396006448,0.8394464629929954,0.00363501932399736,0.37536212215104636
2024-25,1.0,False,0.5,0.4891657638136511,0.4963486084928131,0.563466201840268,0.5699592929038859,0.2552415504917119,-0.04334372921647221
2024-25,1.0,False,0.7044334975369458,0.7983193277310925,0.701383410097596,0.7319678583322939,0.7371239087455154,0.13612963066179165,0.5073229932147887
2024-25,1.0,False,0.6067006554989074,0.6017699115044248,0.6032101090479195,0.5771615228953908,0.5836014453729602,-0.12233259488735357,-0.020619287202734926
2024-25,1.0,False,0.4891657638136511,0.4891657638136511,0.4855166641517302,0.48905945152770813,0.49566869331420366,-0.00042545086918373276,0.0
2024-25,1.0,False,0.5427435387673957,0.4891657638136511,0.5391165674820723,0.5830814688577771,0.5894953568044008,0.1640435973284978,-0.2147362154782368
2024-25,0.0,False,0.23809523809523803,0.2395061728395062,0.23545579886825763,0.2340089225514632,0.2387821861163552,-0.02266046643500217,0.007762005335489874
2024-25,0.0,True,0.3492957746478873,0.3698979591836735,0.34598339225553293,0.33714987314420136,0.34308467805719045,-0.053885207786135966,0.08948155070935426
2024-25,1.0,True,0.8024316109422491,0.7877094972067039,0.8001058424194346,0.7782342193965636,0.7827643985697043,-0.14615608376725056,-0.0903881025988964
2024-25,1.0,True,0.3932993445010924,0.3744351194318915,0.3898196606206388,0.39025164688510006,0.3965619682645137,-0.012790054101518573,-0.07977200574177828
2024-25,1.0,True,0.320754716981132,0.337909186906019,0.3175808948270081,0.316634411626423,0.3223837251922759,-0.01897655773159059,0.07768004956074581
2024-25,1.0,False,0.8880597014925373,0.8944099378881987,0.8865994907932008,0.8659182521745317,0.8689588477048413,-0.20573245726961462,0.0655266635104641
2024-25,0.0,False,0.5711159737417942,0.5217391304347826,0.5675347298189776,0.5677618897157821,0.574239365492591,-0.013680243123234868,-0.19939437110254654
2024-25,1.0,True,0.1975683890577507,0.217391304347826,0.19526307687452912,0.1730985849630166,0.17691637057601628,-0.16226235926177754,0.1206279877886145
2024-25,1.0,False,0.6507042253521127,0.6507042253521127,0.6473772288867531,0.6845930329810994,0.690274795517113,0.15282464059922382,0.0
2024-25,0.0,False,0.2758620689655172,0.3698979591836735,0.2729539493393368,0.2801732739400574,0.2855371705683628,0.021478618516135493,0.4324263018361848
2024-25,0.0,False,0.42888402625820565,0.5,0.42531021421367565,0.3790303312314826,0.3852738540835935,-0.20726025857094685,0.28640574809217645
2024-25,1.0,False,0.5711159737417942,0.5656028368794326,0.5675347298189776,0.5781209714495045,0.584556799532537,0.02865878110874319,-0.02247285585205877
2024-25,1.0,True,0.2758620689655172,0.2591283863368669,0.2729539493393368,0.25184562855593995,0.2568607180896745,-0.12371212486456037,-0.08542281430449161
2024-25,0.0,False,0.46753246753246747,0.5108342361863488,0.4638981957423534,0.4505844585397337,0.45713894916322395,-0.06825639626064715,0.17339685746466993
2024-25,0.0,False,0.42888402625820565,0.3932993445010924,0.42531021421367565,0.4654223122735232,0.4720072131877549,0.14787387350964848,-0.1470587545163466
2024-25,0.0,False,0.3053435114503817,0.3324808184143222,0.3022543243845199,0.2877175319054473,0.2931670384098388,-0.08451529833668628,0.12499409553580232
2024-25,1.0,True,0.7931034482758622,0.8223350253807106,0.7906965116067473,0.8080789192610897,0.8121466003075647,0.09384072969279378,0.18851352704187474
2024-25,1.0,False,0.6067006554989074,0.6092362344582594,0.6032101090479195,0.6148810819602859,0.6211236415015848,0.03441221921480438,0.010638398205056354
2024-25,1.0,False,0.3492957746478873,0.3698979591836735,0.34598339225553293,0.39992654222698254,0.4062890647352187,0.21636495338354397,0.08948155070935426
2024-25,0.0,True,0.2758620689655172,0.3244274809160304,0.2729539493393368,0.2776833311947373,0.28301830064325195,0.009098621859517687,0.231582419960074
2024-25,0.0,True,0.320754716981132,0.2456874019864088,0.3175808948270081,0.23504778133817747,0.23983560049597116,-0.4297189598906162,-0.37144126966987223
2024-25,0.0,False,0.11194029850746257,0.145985401459854,0.1104965469769976,0.13710348936678,0.14026204596161743,0.23151456376785282,0.30463163076555544
2024-25,1.0,False,0.4891657638136511,0.4782608695652174,0.4855166641517302,0.47546608657874323,0.48206494644619385,-0.05487079726108902,-0.04366764777315747
2024-25,0.0,False,0.5108342361863488,0.4343971631205673,0.5071839814734822,0.5159150134651339,0.5225160329569954,0.02033783679683592,-0.30727662145658985
2024-25,0.0,False,0.1891891891891892,0.1646489104116223,0.1869588691259749,0.19106222189425018,0.19518268651784046,0.01216437468809966,-0.16874947924841077
2024-25,0.0,False,0.2516411378555798,0.2272727272727272,0.24890058981279772,0.2532695475720344,0.2583032024281416,0.008628655817217466,-0.13389682292276062
2024-25,1.0,False,0.42888402625820565,0.4343971631205673,0.42531021421367565,0.43148339739448327,0.4379815324218123,0.010604264389735132,0.022472855852058604
2024-25,0.0,False,0.562043795620438,0.6017699115044248,0.5584453664132139,0.5749675995661263,0.5814167027008463,0.05268742866390271,0.16338435577420363
2024-25,0.0,True,0.1055900621118012,0.1475409836065574,0.10421860116953106,0.11751450558308704,0.12028468365071238,0.12041938150439035,0.38258081427457724
2024-25,0.0,False,0.8880597014925373,0.8579439252336449,0.8865994907932008,0.877460346462096,0.8802753891741899,-0.1024762068620626,-0.2727564222351049
2024-25,1.0,False,0.6888888888888889,0.7663551401869159,0.6857499497556117,0.7346494494224561,0.7397722542775891,0.2234117868274034,0.3929135475261645
2024-25,0.0,False,0.9128630705394191,0.8328690807799444,0.9116942359659752,0.9038211797477449,0.9060954558014951,-0.10868274755140525,-0.7430060974603532
2024-25,0.0,False,0.7931034482758622,0.8024316109422492,0.7906965116067473,0.7758638411353167,0.7804287801739309,-0.10201142362997895,0.05782708654958402
2024-25,1.0,False,0.7931034482758622,0.7044334975369458,0.7906965116067473,0.783815799564469,0.7882629811522852,-0.05569152755896108,-0.47523467866328817
2024-25,1.0,True,0.4201680672268907,0.3614457831325302,0.4166139031219425,0.43896327266573304,0.445485785226179,0.07671287639199592,-0.24701103272085279
2024-25,0.0,True,0.5108342361863488,0.4255319148936171,0.5071839814734822,0.49960698404377496,0.5062175434463749,-0.04491579336513688,-0.34344832166680983
2024-25,1.0,False,0.3324808184143222,0.3835616438356164,0.3292472098876032,0.36611401415037664,0.37227232609396294,0.14806165060954338,0.2225279772719953
2024-25,1.0,False,0.8353510895883778,0.8869565217391304,0.8333323574619789,0.8275068086531241,0.8312487133655163,-0.05597714189782103,0.43598674396748094
2024-25,1.0,False,0.6301020408163266,0.6690070210631895,0.6266913900555664,0.6288656792207844,0.6350161115239632,-0.005300954560863033,0.17104279724769456
2024-25,0.0,False,0.6233894945490585,0.6017699115044248,0.6199542814583183,0.5888500416748543,0.5952367899163951,-0.14474646097438046,-0.09111478857422217
2024-25,0.0,False,0.17204301075268813,0.1720430107526881,0.16997245037030104,0.19420820213090798,0.19837987490555925,0.1483220962242062,0.0
2024-25,1.0,False,0.3492957746478873,0.3492957746478873,0.34598339225553293,0.3571358811753201,0.3632297111464509,0.03431909566858782,0.0
2024-25,0.0,False,0.6233894945490585,0.6164383561643836,0.6199542814583183,0.6166471863369387,0.6228786762910195,-0.0286187144480441,-0.02950202438489352
2024-25,1.0,False,0.8807339449541286,0.7719220549158547,0.879191172906633,0.8767351051990131,0.8795645217738434,-0.03752958971597168,-0.7802026891500149
2024-25,0.0,True,0.5882115462252725,0.6301020408163266,0.5846692408375863,0.5926267435050372,0.5989947768791397,0.01825800600916571,0.17607769429051506
2024-25,1.0,False,0.5427435387673957,0.6017699115044248,0.5391165674820723,0.5765967687439758,0.5830390786608713,0.1374257045867805,0.24145272914402266
2024-25,1.0,True,0.6792452830188679,0.5911949685534592,0.6760547992466472,0.6783411128624858,0.6840835264406738,-0.004146943977416988,-0.3813980820255265
2024-25,0.0,False,0.5,0.6301020408163266,0.4963486084928131,0.5401612141375263,0.5467220927746266,0.16099167716245424,0.5326545942074031
2024-25,1.0,False,0.6428571428571429,0.7095435684647302,0.63949681276562,0.6381485784267958,0.644232204248269,-0.020449217053430314,0.3053816495511812
2024-25,1.0,True,0.7727272727272727,0.9045226130653268,0.7701519874082371,0.8068460469178848,0.810933744461468,0.20586989106463185,1.024742440101656
2024-25,1.0,False,0.3859649122807018,0.3571428571428571,0.3825092072113568,0.4185260768225462,0.4249749427466686,0.13547867943827183,-0.1234810567710215
2024-25,0.0,False,0.31111111111111095,0.3194444444444444,0.30798944392098504,0.2790710848020729,0.2844222177836426,-0.15414413198986784,0.03860379268841119
2024-25,1.0,True,0.21739130434782597,0.2314814814814814,0.21491664001224733,0.2358021522764164,0.2406005045028567,0.10510024244383864,0.0809690625336672
2024-25,1.0,False,0.4009077155824508,0.4088050314465409,0.3974048099812311,0.4198756196428071,0.42633003376460604,0.07840037953756324,0.03277687289389175
2024-25,0.0,False,0.5427435387673957,0.5217391304347826,0.5391165674820723,0.6026247821415323,0.6089396580186325,0.24502129747330462,-0.08438110927213488
2024-25,0.0,False,0.7044334975369458,0.7483588621444202,0.701383410097596,0.6758602361368573,0.6816261524805131,-0.133688557374705,0.2213785406615485
2024-25,1.0,False,0.5108342361863488,0.6092362344582594,0.5071839814734822,0.4793573992922231,0.4859602307370149,-0.12596109294877622,0.4007591715971065
2024-25,1.0,True,0.3698979591836735,0.355270821199767,0.3665002457714752,0.3668089701575956,0.37297209369210693,-0.013276372053316138,-0.06329538133387747
2024-25,0.0,True,0.31111111111111095,0.337909186906019,0.30798944392098504,0.3418361331234659,0.3478101447243602,0.13980741606617178,0.1223043300307397
2024-25,0.0,False,0.4009077155824508,0.3859649122807018,0.3974048099812311,0.4046960488087005,0.411082469189177,0.015748556394052753,-0.06262122286283922
2024-25,0.0,True,0.5217391304347826,0.6581196581196581,0.518093483831352,0.5200099652952405,0.5266063825652817,-0.006928744223148188,0.5679145907501179
2024-25,0.0,False,0.23809523809523803,0.1923076923076923,0.23545579886825763,0.2326079633400667,0.237361505573478,-0.030492515215598516,-0.2719337154836414
2024-25,1.0,False,0.8024316109422491,0.8198198198198199,0.8001058424194346,0.8322278909393223,0.8358876919708186,0.19993791259735313,0.11356539971218038
2024-25,0.0,True,0.3571428571428571,0.4009077155824508,0.3537965205745817,0.3462571386958124,0.3522670598551378,-0.04774575634516981,0.18610227963386072
2024-25,1.0,True,0.8198198198198199,0.8198198198198199,0.8176522293636267,0.8032430731122125,0.8073888176914665,-0.10843895180360441,0.0
2024-25,1.0,False,0.8807339449541286,0.8524590163934427,0.879191172906633,0.8742255185925663,0.877104465381591,-0.06055093440066007,-0.2453796927610914
2024-25,0.0,True,0.4782608695652174,0.5427435387673957,0.4746175373022676,0.47546213828642997,0.4820609937168011,-0.011218980779554251,0.25840386325139425
2024-25,0.0,False,0.6428571428571429,0.5990922844175491,0.63949681276562,0.6809352243591967,0.6866527192628783,0.17028637770168234,-0.1861022796338609
2024-25,0.0,True,0.2955665024630542,0.2045133991537376,0.29253457511064074,0.27309608025518145,0.2783768831686591,-0.1104705652565234,-0.4898204410396785
2024-25,1.0,False,0.299837925445705,0.3181818181818181,0.29678064174852586,0.3160645783546028,0.32180841760826506,0.07615281738905275,0.08592971111888881
2024-25,0.0,False,0.8108108108108107,0.84,0.8085601490266011,0.7780547462208952,0.782587567407015,-0.20092108987271098,0.20294084399669066
2024-25,1.0,True,0.782608695652174,0.6755725190839694,0.7801135174967144,0.8024525189705326,0.8066109104183474,0.1207598756768049,-0.5474353693785519
2024-25,0.0,False,0.5798319327731092,0.6507042253521127,0.5762694707492378,0.5562485502522103,0.562765692184175,-0.09613287980178198,0.3000526457476436
2024-25,1.0,True,0.6946564885496184,0.6164383561643836,0.691549685862344,0.7341749874352145,0.7393037017054875,0.19392910549425244,-0.34752207280779807
2024-25,1.0,True,0.5217391304347826,0.5217391304347826,0.518093483831352,0.5171755947451795,0.5237752918258126,-0.018281955828035525,0.0
2024-25,1.0,True,0.4572564612326044,0.4782608695652174,0.45363401571163564,0.5062255567592973,0.5128339388762194,0.19629600028464553,0.08438110927213455
2024-25,1.0,False,0.3492957746478873,0.44362292051756,0.34598339225553293,0.36787736854169584,0.37404783889276527,0.08080237744958516,0.3956648035098723
2024-25,1.0,False,0.2834302325581395,0.3492957746478873,0.28047323144958336,0.27605973594711347,0.2813756633874039,-0.03658198839898403,0.30537347056218667
2024-25,1.0,False,0.17204301075268813,0.238095238095238,0.16997245037030104,0.19071944093164364,0.19483429359604934,0.12587449782658428,0.40806588980822167
2024-25,1.0,False,0.4572564612326044,0.3309929789368104,0.45363401571163564,0.4987992572463138,0.505409923800619,0.16658950601386344,-0.5323049051933337
2024-25,1.0,False,0.9317803660565724,0.9317803660565724,0.9308460607016904,0.9304552242117035,0.9321469839716336,-0.020661563311964816,0.0
2024-25,1.0,False,0.7241379310344829,0.7085889570552146,0.721210708474115,0.7023113429180449,0.7078101547258047,-0.10675224736321406,-0.07654007712233546
2024-25,0.0,False,0.0797546012269938,0.0736342042755344,0.07868918262095465,0.07037562314815113,0.07212541177592094,-0.1352477309651455,-0.0864735980038267
2024-25,0.0,False,0.31111111111111095,0.3146067415730336,0.30798944392098504,0.3829346081199647,0.38920213469267645,0.31781911160664794,0.016260520871780315
2024-25,1.0,False,0.6067006554989074,0.5798319327731092,0.6032101090479195,0.5994896414344022,0.6058217506240579,-0.03012543722295729,-0.11138100343940904
2024-25,1.0,True,0.8641975308641975,0.9045226130653268,0.8624742526670843,0.8450897166230535,0.8485200167618541,-0.15400330642855384,0.39791790247278347
2024-25,1.0,False,0.5324675324675325,0.3766105054509415,0.5288298122501643,0.544784721401859,0.5513344261345263,0.04956713494553985,-0.6340131322282075
2024-25,0.0,True,0.4572564612326044,0.4675324675324675,0.45363401571163564,0.4834871663612381,0.49009333558365625,0.1053171220325092,0.04133935801356631
2024-25,1.0,False,0.6564885496183206,0.5911949685534592,0.6531872835553093,0.6572561459121046,0.6631880779539323,0.003405620932220424,-0.2787772941088207
2024-25,0.0,False,0.4782608695652174,0.4255319148936171,0.4746175373022676,0.49475261305572715,0.5013632970040978,0.06602105856339413,-0.21309321546070814
2024-25,1.0,True,0.5324675324675325,0.552594002855783,0.5288298122501643,0.5211909399299671,0.527785865454231,-0.04523856220218182,0.0811039781856438
2024-25,0.0,True,0.3859649122807018,0.3146067415730336,0.3825092072113568,0.3334976715510257,0.3394011054406412,-0.22810214155310135,-0.3143637458670102
2024-25,1.0,False,0.7165697674418604,0.7342398022249692,0.7135940002512842,0.7248412074730985,0.7300837973662873,0.04109463282131191,0.08873167575603969
2024-25,0.0,True,0.3492957746478873,0.3053435114503817,0.34598339225553293,0.3081207958834925,0.3137865056130984,-0.18678333442580602,-0.19984390748615677
2024-25,1.0,False,0.7931034482758622,0.8421052631578947,0.7906965116067473,0.7991468687961248,0.8033577927453868,0.03723604749133824,0.3302416868705762
2024-25,1.0,True,0.7931034482758622,0.7483588621444202,0.7906965116067473,0.7662114800280757,0.7709149614887065,-0.15669347739293613,-0.2538561380017397
2024-25,1.0,False,0.552594002855783,0.4009077155824508,0.5489802362606695,0.593257388443689,0.5996222238027635,0.16629066163457892,-0.6128414917021003
2024-25,1.0,True,0.6140350877192983,0.6233894945490586,0.6105678521669469,0.6288311548404102,0.6349818271901665,0.06290011093447542,0.039654395848911506
2024-25,1.0,False,0.6888888888888889,0.7519134336236474,0.6857499497556117,0.7119978002515625,0.7173896864112588,0.11017682888080826,0.3139135843639709
2024-25,0.0,False,0.5108342361863488,0.4891657638136511,0.5071839814734822,0.5545448886868313,0.5610673076364717,0.17570754615083414,-0.0866874584329442
2024-25,1.0,False,0.7553516819571866,0.7768331562167907,0.7526425348943216,0.7681373653809555,0.7728135892804684,0.07046177222170746,0.1199442270782145
2024-25,1.0,False,0.8880597014925373,0.84,0.8865994907932008,0.8736314183819518,0.8765220432459756,-0.13761761106778853,-0.41284521540578734
2024-25,0.0,False,0.31111111111111095,0.2727272727272727,0.30798944392098504,0.30175528514611244,0.30735594313771036,-0.044023385987961544,-0.1858993781418382
2024-25,0.0,True,0.31111111111111095,0.299837925445705,0.30798944392098504,0.3828987307821725,0.3891660404827891,0.31766727652680926,-0.05313988829589755
2024-25,1.0,False,0.8807339449541286,0.9039548022598868,0.879191172906633,0.8990524372812184,0.9014271783690719,0.18734132620150037,0.2425616371713084
2024-25,0.0,False,0.6507042253521127,0.6755725190839694,0.6473772288867531,0.574755920774678,0.5812058963152932,-0.3208539879827162,0.11136233116675587
2024-25,0.0,False,0.1646489104116223,0.1720430107526881,0.16264985736678556,0.18577388415268414,0.18980706012487025,0.14632885841173687,0.0528200122413498
2024-25,0.0,False,0.42888402625820565,0.3634123806590699,0.42531021421367565,0.42109439374038,0.4275537351649545,-0.031876665567172634,-0.2741780941298815
2024-25,0.0,False,0.5,0.4572564612326044,0.4963486084928131,0.525540441239202,0.5321292378747869,0.10225075974283446,-0.17139248626176423
2024-25,0.0,False,0.7241379310344829,0.8108108108108107,0.721210708474115,0.6922734169489958,0.6978778828354572,-0.1543115786161239,0.49020633656325396
2024-25,0.0,False,0.4572564612326044,0.4117884537747275,0.45363401571163564,0.41395660764826553,0.4203859679683913,-0.17624019306729863,-0.18518441365512384
2024-25,1.0,True,0.4572564612326044,0.5324675324675325,0.45363401571163564,0.46174275214120564,0.4683212007409533,0.0180638069650386,0.3014456145099624
2024-25,1.0,False,0.7328244274809161,0.7265238879736409,0.7299550054545088,0.7615622227678038,0.7663307149823083,0.15226336562831186,-0.03194304288812022
2024-25,0.0,True,0.3272186415468517,0.3324808184143222,0.3240113695866609,0.31413934277509226,0.3198645576773557,-0.060046004427702755,0.023805867947286896
2024-25,1.0,False,0.3698979591836735,0.2657601977750309,0.3665002457714752,0.4482761278428702,0.4548248373956258,0.3250163040245494,-0.4835866970275795
2024-25,1.0,False,0.8024316109422491,0.7768331562167907,0.8001058424194346,0.8158701701309009,0.8198095412899333,0.08705229791606256,-0.15425590421836866
2024-25,1.0,True,0.6507042253521127,0.7685185185185185,0.6473772288867531,0.6724088333723511,0.6782069130015728,0.09696400589173917,0.5778286380116403
2024-25,1.0,True,0.5990922844175492,0.6792452830188679,0.5955792246173005,0.58688784175057,0.5932840177681766,-0.05056977967190474,0.34862120913163547
2024-25,0.0,False,0.6888888888888889,0.7768331562167907,0.6857499497556117,0.6812531756247848,0.686967592201158,-0.03539300111430912,0.45237605416242266
2024-25,0.0,False,0.3932993445010924,0.3418803418803419,0.3898196606206388,0.36303286508190574,0.3691695335089393,-0.12876019051516968,-0.2214614651312244
2024-25,1.0,True,0.7241379310344829,0.7342398022249692,0.721210708474115,0.6935042282468947,0.6990960214103196,-0.1485275193619575,0.05116039519139515
2024-25,1.0,False,0.8353510895883778,0.8524590163934427,0.8333323574619789,0.8525538190319792,0.8558470292666142,0.13073639173526178,0.12998242938995497
2024-25,1.0,False,0.8198198198198199,0.8524590163934427,0.8176522293636267,0.775700455491613,0.7802677797534431,-0.2743432090645884,0.23889190828234907
2024-25,0.0,True,0.14598540145985403,0.1475409836065574,0.14417383886379623,0.13500341310927996,0.13812133287447367,-0.09098383947945424,0.012422519998557258
2024-25,1.0,False,0.2834302325581395,0.2293577981651375,0.28047323144958336,0.25302058533189153,0.2580510020589216,-0.15505716156986046,-0.2844313584961702
2024-25,0.0,True,0.21739130434782597,0.2068965517241379,0.21491664001224733,0.22981441736683586,0.23452831833899743,0.07157444545315517,-0.06280090123903004
2024-25,1.0,True,0.4572564612326044,0.4255319148936171,0.45363401571163564,0.5296045145697726,0.5361866823531464,0.2899492160993052,-0.1287121061885736
2024-25,0.0,True,0.5217391304347826,0.4891657638136511,0.518093483831352,0.5402368430401471,0.5467975479635135,0.07428478392044399,-0.1303551062061019
2024-25,1.0,True,0.3698979591836735,0.217391304347826,0.3665002457714752,0.32591707908436246,0.33175311715749356,-0.19405554682717877,-0.7482792512546623
2024-25,1.0,True,0.31111111111111095,0.2591283863368669,0.30798944392098504,0.30082500439591336,0.306415973211744,-0.04844247245909388,-0.2555738354781908
2024-25,0.0,True,0.2671755725190841,0.2252010723860589,0.26432559948174966,0.28949591421668147,0.2949651554027827,0.11116661555539734,-0.22660975929069682
2024-25,0.0,False,0.8540145985401459,0.8421052631578947,0.8521842049049483,0.8489226919983796,0.8522829515131448,-0.04026521611715197,-0.09246522767209364
2024-25,0.0,False,0.46753246753246747,0.4675324675324675,0.4638981957423534,0.4961079790049272,0.5027187535884472,0.11448472982627586,0.0
2024-25,0.0,False,0.1358024691358024,0.1646489104116223,0.13409742723976217,0.12149135492356067,0.12434207067653746,-0.12778267169559349,0.22656325739573613
2024-25,1.0,True,0.8880597014925373,0.8944099378881987,0.8865994907932008,0.9120365885934455,0.9141350559046586,0.26768586778504067,0.0655266635104641
2024-25,1.0,False,0.4891657638136511,0.4891657638136511,0.4855166641517302,0.4761093296677063,0.48270890138270134,-0.052291776897376734,0.0
2024-25,1.0,False,0.5324675324675325,0.4675324675324675,0.5288298122501643,0.5223803663261888,0.5289737150160743,-0.040471804860207405,-0.26010625649639607
2024-25,1.0,False,0.8540145985401459,0.782608695652174,0.8521842049049483,0.8340888913482399,0.8377160125073031,-0.15155383509522372,-0.4855078157817003
2024-25,0.0,False,0.2591283863368669,0.311111111111111,0.2563342271632796,0.21979398879854775,0.2243622277902463,-0.21636359829746069,0.2555738354781908
2024-25,0.0,True,0.3634123806590699,0.4675324675324675,0.36004020048337015,0.40859976357483435,0.4150048417982025,0.1908269387925773,0.43053071397386
2024-25,1.0,False,0.552594002855783,0.4288840262582056,0.5489802362606695,0.5419605369166932,0.5485172009184168,-0.042919262101420254,-0.4975628545260184
2024-25,1.0,True,0.7001620745542949,0.7095435684647302,0.6970868626263751,0.7225745197432957,0.7278440812973673,0.1091984355075035,0.045098551287515165
2024-25,1.0,False,0.6365876193409301,0.6755725190839694,0.6332019576796624,0.6875939433001399,0.6932458699452796,0.22831081736263062,0.17291463386145478
2024-25,1.0,False,0.5990922844175492,0.6017699115044248,0.5955792246173005,0.531296308526199,0.5378754599958885,-0.2763352807199937,0.011160830137528943
2024-25,0.0,True,0.437956204379562,0.4572564612326044,0.4343642909512074,0.392136271275062,0.3984571526155058,-0.18888045664239586,0.07806837336981917
2024-25,0.0,False,0.46753246753246747,0.4675324675324675,0.4638981957423534,0.4755898018630509,0.48218880034301603,0.03233465120977886,0.0
2024-25,0.0,True,0.3859649122807018,0.3835616438356164,0.3825092072113568,0.34850768799550136,0.3545354873594113,-0.16129969770800953,-0.010152371464018317
2024-25,0.0,False,0.4009077155824508,0.4009077155824508,0.3974048099812311,0.4149057278420682,0.42133923110519345,0.05796273463078857,0.0
2024-25,0.0,False,0.11194029850746257,0.1055900621118012,0.1104965469769976,0.10655140327453619,0.1090950955951967,-0.055387982128051884,-0.06552666351046454
2024-25,0.0,True,0.2671755725190841,0.3475862068965518,0.26432559948174966,0.27929850374538717,0.2846522756520036,0.06105620771462699,0.3793338289979128
2024-25,0.0,False,0.41178845377472745,0.3614457831325302,0.4082552643100064,0.4065891565794233,0.4129847264644288,-0.021506848829839977,-0.2125176319730782
2024-25,0.0,False,0.6792452830188679,0.6755725190839694,0.6760547992466472,0.7005712519394528,0.7060887548394121,0.0997139957529202,-0.016807118316381153
2024-25,0.0,False,0.7727272727272727,0.8198198198198199,0.7701519874082371,0.7260556443870643,0.7312836737115265,-0.24907377863273886,0.2913518013407439
2024-25,1.0,False,0.6507042253521127,0.6675191815856777,0.6473772288867531,0.6745956713821419,0.6803734441896294,0.10690886397220725,0.074849811950354
2024-25,1.0,True,0.2591283863368669,0.2630773936983787,0.2563342271632796,0.27356418098107416,0.27885056315366696,0.07388983366442003,0.020469096980761048
2024-25,0.0,False,0.42888402625820565,0.4572564612326044,0.42531021421367565,0.4082018790199598,0.4146050927010056,-0.08499796322625858,0.11501326183041222
2024-25,1.0,False,0.7408716136631329,0.7328244274809161,0.7380577250056992,0.7394764414127504,0.7445384621534672,-0.0072545792985430416,-0.04150358036965551
2024-25,1.0,False,0.6564885496183206,0.6564885496183206,0.6531872835553093,0.7069355322880527,0.7123839079885305,0.23286205923779724,0.0
2024-25,1.0,False,0.7408716136631329,0.7619047619047619,0.7380577250056992,0.6707213605571882,0.6765349394412968,-0.33905424031657005,0.1126470994576021
2024-25,1.0,False,0.5882115462252725,0.5990922844175491,0.5846692408375863,0.5919798851954869,0.5983511771158576,0.015579282499174799,0.04510748535137021
2024-25,1.0,False,0.6365876193409301,0.6140350877192983,0.6332019576796624,0.6445873969672496,0.6506220370581225,0.03474719862154987,-0.09627823409095992
2024-25,0.0,False,0.2671755725190841,0.2516411378555798,0.26432559948174966,0.2765840812912656,0.2819061739209739,0.047530671504522386,-0.08087847872093334
2024-25,1.0,False,0.5,0.5427435387673957,0.4963486084928131,0.45804574610898585,0.4646169886303819,-0.1682125340021519,0.17139248626176457
2024-25,1.0,False,0.8421052631578947,0.8540145985401459,0.8401534965612645,0.8106133275052227,0.8146396144179794,-0.21997608928165716,0.09246522767209364
2024-25,1.0,True,0.5108342361863488,0.4288840262582056,0.5071839814734822,0.511188954287287,0.5177941845228774,0.0014195609801772868,-0.32974947730864845
2024-25,1.0,True,0.4782608695652174,0.552594002855783,0.4746175373022676,0.4963413736374494,0.5029521540218765,0.0723766103432252,0.29816848342347163
2024-25,1.0,True,0.5217391304347826,0.574468085106383,0.518093483831352,0.5469350789942409,0.5534792030771832,0.10128330412741135,0.21309321546070864
2024-25,0.0,True,0.41178845377472745,0.4088050314465409,0.4082552643100064,0.4025919205139309,0.4089679474674938,-0.03810008545667288,-0.012330612457478629
2024-25,0.0,True,0.8353510895883778,0.8265895953757225,0.8333323574619789,0.8330203224084382,0.8366662298480569,-0.016850787280522313,-0.06238946325750172
2024-25,0.0,False,0.552594002855783,0.6792452830188679,0.5489802362606695,0.5597475717392311,0.5662533964943576,0.02898054791731606,0.5391484879660517
2024-25,1.0,False,0.782608695652174,0.8088235294117646,0.7801135174967144,0.7983797257129093,0.8026027602268694,0.09526438752565594,0.1614499823088691
2024-25,0.0,False,0.46753246753246747,0.2816901408450704,0.4638981957423534,0.4957669406875054,0.5023777016138994,0.11312048644052378,-0.8060402309221371
2024-25,1.0,True,0.42888402625820565,0.437956204379562,0.42531021421367565,0.3744897078740069,0.38070429115936566,-0.22659771565038786,0.036944888460593045
2024-25,1.0,True,0.8944099378881988,0.8944099378881987,0.893022584574626,0.8944850437394946,0.8969549155769475,0.000795518671929861,0.0
2024-25,1.0,False,0.5990922844175492,0.562043795620438,0.5955792246173005,0.5930074241373908,0.5993735295684546,-0.025272410876710845,-0.15222352563667468
2024-25,1.0,False,0.6946564885496184,0.7619047619047619,0.691549685862344,0.684049595880259,0.6897367112400219,-0.04953488109308377,0.3411707574027667
2024-25,1.0,False,0.7241379310344829,0.7044334975369458,0.721210708474115,0.7404209761020114,0.7454709613153205,0.08307683508462971,-0.09658082800578083
2024-25,1.0,False,0.5427435387673957,0.552594002855783,0.5391165674820723,0.5160305328593534,0.5226314346582499,-0.10724837062933307,0.03976462017207738
2024-25,0.0,False,0.3492957746478873,0.3181818181818181,0.34598339225553293,0.2804159194837014,0.28578261723328713,-0.32026330648871565,-0.1400039071301401
2024-25,0.0,False,0.1975683890577507,0.1801801801801801,0.19526307687452912,0.18064455403199053,0.18459161741486288,-0.11042484578876621,-0.11356539971218038
2024-25,0.0,False,0.08713692946058088,0.0871369294605809,0.08598210677010308,0.08733796097368866,0.08946890423351365,0.0025246638595914014,0.0
2024-25,0.0,False,0.2758620689655172,0.238095238095238,0.2729539493393368,0.2946295882712288,0.3001548438954234,0.09207675889495903,-0.19806991376209393
2024-25,1.0,True,0.4009077155824508,0.3698979591836735,0.3974048099812311,0.40965210627092374,0.41606207527816996,0.036280649965672464,-0.13097020893914413
2024-25,1.0,True,0.7408716136631329,0.7183098591549295,0.7380577250056992,0.7305180608800431,0.7356919299773613,-0.053251127316519535,-0.11441035117774423
2024-25,1.0,True,0.782608695652174,0.8198198198198199,0.7801135174967144,0.8013374200989114,0.8055135954578185,0.11374045425098289,0.23419338750079488
2024-25,1.0,False,0.5108342361863488,0.5829926410466066,0.5071839814734822,0.5261757522037722,0.5327635700583196,0.061455089680112256,0.29172696547945226
2024-25,1.0,False,0.7553516819571866,0.7328244274809161,0.7526425348943216,0.763032999421975,0.7677810467481075,0.04201868459200469,-0.11836157197567276
2024-25,0.0,False,0.2758620689655172,0.2272727272727272,0.2729539493393368,0.31133320430516204,0.31703091693362684,0.1711870827959999,-0.25869453557852873
2024-25,0.0,False,0.3571428571428571,0.320754716981132,0.3537965205745817,0.3166713859532043,0.32242105412460276,-0.1813246134398476,-0.16251892949777513
2024-25,1.0,False,0.7727272727272727,0.8088235294117646,0.7701519874082371,0.798531923957887,0.8027525581989197,0.15336857786112132,0.2186083961488181
2024-25,1.0,False,0.6233894945490585,0.6690070210631895,0.6199542814583183,0.5947557957487407,0.6011129489324669,-0.12029896884674779,0.1997373874750883
2024-25,1.0,False,0.42888402625820565,0.4170073589533933,0.42531021421367565,0.39729243408439846,0.40364123858596185,-0.13035374637946834,-0.048664946603747816
2024-25,0.0,False,0.3324808184143222,0.3634123806590699,0.3292472098876032,0.327743147701945,0.33359570218222245,-0.021424315972584977,0.13640211464505336
2024-25,0.0,False,0.7328244274809161,0.7001620745542949,0.7299550054545088,0.7083646174544027,0.7137971810945429,-0.12154550453840635,-0.16093036681263784
2024-25,0.0,False,0.17204301075268813,0.182741116751269,0.16997245037030104,0.1747351822777395,0.17858126849027994,0.018783957293412083,0.07333127308554976
2024-25,0.0,False,0.46753246753246747,0.4675324675324675,0.4638981957423534,0.4200797337119918,0.4265349785434132,-0.19239295849383148,0.0
2024-25,0.0,False,0.562043795620438,0.5108342361863488,0.5584453664132139,0.5246926367944946,0.5312827064105402,-0.15060989741069333,-0.2061171304151116
2024-25,1.0,False,0.5217391304347826,0.5217391304347826,0.518093483831352,0.5085860478298445,0.5151930932991456,-0.05266380925785003,0.0
2024-25,0.0,True,0.4782608695652174,0.5427435387673957,0.4746175373022676,0.5185863419378964,0.5251844595809435,0.16139101684540594,0.25840386325139425
2024-25,1.0,True,0.5217391304347826,0.5427435387673957,0.518093483831352,0.535638457646743,0.542209176561192,0.055784602250375924,0.08438110927213488
2024-25,0.0,False,0.5711159737417942,0.5656028368794326,0.5675347298189776,0.6175134963136776,0.623739496673953,0.19260180838565824,-0.02247285585205877
2024-25,1.0,False,0.4201680672268907,0.4255319148936171,0.4166139031219425,0.4160983776293192,0.42253701886211315,-0.016727297635246583,0.02197890671877567
2024-25,1.0,True,0.6428571428571429,0.7483588621444202,0.63949681276562,0.6321682470948676,0.6382954283989786,-0.04625673285783661,0.5020919437972361
2024-25,1.0,True,0.3859649122807018,0.3835616438356164,0.3825092072113568,0.36569322941686844,0.3718486154745438,-0.0864322836066595,-0.010152371464018317
2024-25,0.0,False,0.6067006554989074,0.6092362344582594,0.6032101090479195,0.5565209457810616,0.56303722981207,-0.20641026644730417,0.010638398205056354
2024-25,0.0,False,0.447405997144217,0.4255319148936171,0.443797778226915,0.461672715342295,0.4682510341654434,0.05754662713024474,-0.0889474860164958
2024-25,1.0,True,0.782608695652174,0.84,0.7801135174967144,0.8039075538357768,0.8080426434468647,0.12996422217940376,0.37729423114146776
2024-25,0.0,False,0.5990922844175492,0.6092362344582594,0.5955792246173005,0.5965419906359076,0.6028898322427142,-0.010607167459639948,0.04241851554532022
2024-25,0.0,True,0.8198198198198199,0.6507042253521127,0.8176522293636267,0.8004300141704322,0.8046206137179338,-0.12614311296786113,-0.8929910880461026
2024-25,1.0,False,0.31111111111111095,0.2955665024630542,0.30798944392098504,0.2880997515433639,0.2935535138808106,-0.10970114655194424,-0.07357019316791813
2024-25,1.0,False,0.552594002855783,0.6888888888888889,0.5489802362606695,0.5666311829276033,0.5731128630622322,0.05696237763792674,0.5837727684360456
2024-25,1.0,False,0.8108108108108107,0.8024316109422492,0.8085601490266011,0.823569141739138,0.8273786475126583,0.08543121258581984,-0.053725399356162606
2024-25,1.0,False,0.7931034482758622,0.8198198198198199,0.7906965116067473,0.7871672856600189,0.7915638569581345,-0.035800438129664484,0.1713924862617644
2024-25,1.0,False,0.5217391304347826,0.4572564612326044,0.518093483831352,0.5636141131631347,0.5701066826893323,0.16883153035445977,-0.2584038632513939
2024-25,0.0,False,0.34351145038167935,0.320754716981132,0.34022524067860244,0.3963515466313453,0.40269536149317103,0.22699437030203665,-0.10262078791670604
2024-25,0.0,False,0.7044334975369458,0.7001620745542949,0.701383410097596,0.6541227915062187,0.6600809067128047,-0.23128880293114532,-0.020430304872021576
2024-25,0.0,False,0.5324675324675325,0.4891657638136511,0.5288298122501643,0.4909365492696501,0.4975464560533082,-0.16631090276588242,-0.17339685746467037
2024-25,0.0,True,0.1578947368421052,0.145985401459854,0.15596237782679498,0.1312946751519509,0.13434024382337117,-0.21558331168471187,-0.09246522767209298
2024-25,0.0,False,0.37661050545094144,0.2758620689655172,0.37318765178575203,0.4220475520691029,0.428510691880791,0.18958639902375157,-0.461120892063578
2024-25,0.0,False,0.17204301075268813,0.1594202898550724,0.16997245037030104,0.15145108019988324,0.15488084529173796,-0.1520483680136231,-0.09133103813414634
2024-25,0.0,False,0.5324675324675325,0.4572564612326044,0.5288298122501643,0.510678585255214,0.5172841996271306,-0.0873322910366506,-0.3014456145099624
2024-25,0.0,False,0.7044334975369458,0.7104677060133631,0.701383410097596,0.7371111118830312,0.7422030692187931,0.16250711091438072,0.029156584291455623
2024-25,1.0,True,0.8108108108108107,0.7446808510638298,0.8085601490266011,0.7888421854570693,0.7932132467606008,-0.13732674033300613,-0.3848458209054284
2024-25,1.0,True,0.8353510895883778,0.8944099378881987,0.8333323574619789,0.8226755646652186,0.8265002999439096,-0.08945582224403645,0.5125632436645302
2024-25,0.0,True,0.5882115462252725,0.4782608695652174,0.5846692408375863,0.5360816903497415,0.5426514925737413,-0.2119988230281921,-0.44358827690651775
2024-25,0.0,True,0.21739130434782597,0.2016806722689075,0.21491664001224733,0.19999130449466446,0.20425571199466372,-0.10541486345227655,-0.09488921579053078
2024-25,0.0,True,0.3571428571428571,0.3418803418803419,0.3537965205745817,0.3394830440174373,0.34543751596253247,-0.07781212839784529,-0.06713930283762826
2024-25,0.0,False,0.18018018018018006,0.136986301369863,0.17803274584984236,0.16410642566912528,0.1677661218489187,-0.11285891422361469,-0.32542240043462733
2024-25,1.0,True,0.6067006554989074,0.6301020408163266,0.6032101090479195,0.6555466342649358,0.6614929150152757,0.2100462277853067,0.09919009159888098
2024-25,1.0,False,0.7241379310344829,0.7342398022249692,0.721210708474115,0.7344348780877533,0.7395603568720328,0.05216034320672019,0.05116039519139515
2024-25,1.0,True,0.8421052631578947,0.863013698630137,0.8401534965612645,0.8413856297260397,0.8448828970547096,-0.005402253684980311,0.16657319982581598
2024-25,0.0,True,0.6140350877192983,0.5108342361863488,0.6105678521669469,0.6305431869597574,0.6366818804690124,0.07024218719643593,-0.4209618789146259
2024-25,0.0,False,0.7085889570552146,0.6690070210631895,0.7055638280398128,0.6524875138967973,0.6584590902781124,-0.2585494112894176,-0.18484342746615445
2024-25,1.0,False,0.4782608695652174,0.4255319148936171,0.4746175373022676,0.48983133611718294,0.49644087392993863,0.04633111229356586,-0.21309321546070814
2024-25,1.0,False,0.6507042253521127,0.5882115462252725,0.6473772288867531,0.6398953164662271,0.6459658675947133,-0.047226326736718255,-0.26555924499986866
2024-25,1.0,False,0.8024316109422491,0.7553516819571866,0.8001058424194346,0.7846993295992074,0.789133225494384,-0.10829672662172035,-0.27420013129658316
2024-25,0.0,True,0.24464831804281337,0.2446483180428134,0.24195930372431498,0.20998719043361935,0.21440761641199302,-0.19764092709463038,0.0
2024-25,1.0,True,0.8108108108108107,0.8641975308641975,0.8085601490266011,0.7996845977981414,0.8038870147291458,-0.07096297081053302,0.39531273664414646
2024-25,1.0,False,0.6946564885496184,0.740871613663133,0.691549685862344,0.7085957949850916,0.7140257907884406,0.06659388170883163,0.2285236579451646
2024-25,1.0,True,0.46753246753246747,0.4201680672268907,0.4638981957423534,0.4311294604287555,0.4376263682580291,-0.14719134004348844,-0.19203037092091557
2024-25,0.0,False,0.2758620689655172,0.2955665024630542,0.2729539493393368,0.3098583021590969,0.3155413901879844,0.16429906351831539,0.09658082800578105
2024-25,1.0,True,0.7727272727272727,0.8279569892473118,0.7701519874082371,0.7387250572613808,0.7437966192942296,-0.18442290022737343,0.34744126799178665
2024-25,1.0,False,0.6140350877192983,0.6365876193409301,0.6105678521669469,0.5325176438268079,0.539094523937802,-0.334051184359911,0.09627823409095992
2024-25,1.0,False,0.447405997144217,0.562043795620438,0.443797778226915,0.4205853447717906,0.42704263780718765,-0.10921385334471642,0.4606179660654256
2024-25,0.0,False,0.2068965517241379,0.1891891891891892,0.2045101351212494,0.18809378626268544,0.1921654408903869,-0.11870938492789124,-0.11155248590574707
2024-25,1.0,True,0.8421052631578947,0.8709677419354838,0.8401534965612645,0.8271401840199243,0.8308884166016851,-0.10848319758345423,0.2355660713127663
2024-25,1.0,False,0.5427435387673957,0.552594002855783,0.5391165674820723,0.5707641750629855,0.5772301610346592,0.11357715832098716,0.03976462017207738
2024-25,0.0,False,0.3571428571428571,0.4201680672268907,0.3537965205745817,0.3783468227544828,0.3845860596613594,0.09121561599794975,0.2657031657330057
2024-25,0.0,False,0.7165697674418604,0.740871613663133,0.7135940002512842,0.6425137312650557,0.6485643841832995,-0.34121837958256374,0.12299409486913548
2024-25,0.0,False,0.1055900621118012,0.0871369294605809,0.10421860116953106,0.08886347704794768,0.09102792873927626,-0.19099156480360346,-0.21250515310915397
2024-25,0.0,False,0.2068965517241379,0.217391304347826,0.2045101351212494,0.24152575937076048,0.2464030277789259,0.19940204089179506,0.06280090123903004
2024-25,1.0,False,0.7165697674418604,0.7553516819571866,0.7135940002512842,0.7466388479000784,0.7516084481837003,0.15325603322705025,0.19985208647515273
2024-25,1.0,True,0.5882115462252725,0.6792452830188679,0.5846692408375863,0.6073957989109989,0.6136834602439826,0.0798017536891924,0.3937286944830057
2024-25,0.0,False,0.3932993445010924,0.4117884537747275,0.3898196606206388,0.38965068257570007,0.3959575967859089,-0.015316290117533896,0.07688760269163497
2024-25,1.0,False,0.5711159737417942,0.5324675324675325,0.5675347298189776,0.668233272743252,0.6740694334628538,0.41379948196560795,-0.15635261984397808
2024-25,1.0,False,0.6507042253521127,0.6792452830188679,0.6473772288867531,0.6784349723719945,0.6841764904655161,0.12445270303424624,0.12816944948313702
2024-25,1.0,False,0.6233894945490585,0.6507042253521127,0.6199542814583183,0.5996700837073253,0.6060012150210649,-0.09986935836707822,0.11817614093674733
2024-25,1.0,False,0.4572564612326044,0.4891657638136511,0.45363401571163564,0.4309357317676234,0.4374319650653295,-0.10664192617118132,0.128048757045292
2024-25,1.0,False,0.6564885496183206,0.6805555555555556,0.6531872835553093,0.6387772426503712,0.6448561811703293,-0.07762384033492614,0.10864127569828907
2024-25,1.0,True,0.4201680672268907,0.3418803418803419,0.4166139031219425,0.39113459122654526,0.3974498835204057,-0.12046201661982409,-0.33284246857063393
2024-25,1.0,False,0.6428571428571429,0.6428571428571429,0.63949681276562,0.5951760436330965,0.6015310210925883,-0.20238172843603566,0.0
2024-25,1.0,False,0.7328244274809161,0.7095435684647302,0.7299550054545088,0.7256381810291832,0.7308712241975721,-0.036396355098875205,-0.11583181552512267
2024-25,0.0,True,0.6140350877192983,0.6385542168674698,0.6105678521669469,0.5861685011719661,0.5925680827585247,-0.11615719853853129,0.10478892375886828
2024-25,0.0,False,0.7085889570552146,0.7135512302607419,0.7055638280398128,0.7384792417674073,0.7435539188768814,0.14953851227145312,0.024153710772550685
2024-25,0.0,True,0.6365876193409301,0.6164383561643836,0.6332019576796624,0.5913300311508559,0.5977045745921914,-0.1911174605124693,-0.08612586262694194
2024-25,0.0,False,0.2834302325581395,0.3042300479266513,0.28047323144958336,0.327102077138299,0.3329488536318441,0.20618825682199898,0.10027469023767077
2024-25,1.0,False,0.6564885496183206,0.6792452830188679,0.6531872835553093,0.6197299395432437,0.625941715886569,-0.1592826904346987,0.10262078791670581
2024-25,0.0,True,0.2834302325581395,0.299837925445705,0.28047323144958336,0.28411186436545083,0.28952083683472823,0.00335374508975151,0.07943985231315775
2024-25,1.0,False,0.782608695652174,0.8198198198198199,0.7801135174967144,0.7647002819459819,0.7694250173321859,-0.10230997420265683,0.23419338750079488
2024-25,0.0,True,0.23809523809523803,0.2129277566539924,0.23545579886825763,0.2349217582294642,0.23970781476643693,-0.017574780613475845,-0.1442162927245385
2024-25,1.0,False,0.7001620745542949,0.7241379310344829,0.6970868626263751,0.7219412086610956,0.7272182583741824,0.10604137299601071,0.1170111328778024
2024-25,1.0,False,0.7241379310344829,0.6805555555555556,0.721210708474115,0.6687762993299481,0.674607559103162,-0.26242525245069326,-0.2087548138621106
2024-25,0.0,True,0.447405997144217,0.4088050314465409,0.443797778226915,0.48264219582300005,0.48924775560403866,0.14169797731951675,-0.15775040594052467
2024-25,1.0,True,0.7553516819571866,0.782608695652174,0.7526425348943216,0.7501575957755353,0.7550808171932618,-0.027908725781896272,0.15357214350796866
2024-25,1.0,False,0.320754716981132,0.3418803418803419,0.3175808948270081,0.23821607283466725,0.2430479234717357,-0.41217923006463936,0.09537962666014688
2024-25,1.0,True,0.9128630705394191,0.8800000000000001,0.9116942359659752,0.9129271425957284,0.9150063445882364,0.000805759152595599,-0.3566749439387322
2024-25,1.0,False,0.37661050545094144,0.3907637655417407,0.37318765178575203,0.36000260021181385,0.36611748760169904,-0.07139285529983033,0.059857103166431
2024-25,1.0,True,0.8353510895883778,0.8421052631578947,0.8333323574619789,0.799486288077311,0.8036918440596319,-0.2409499634008856,0.049939721716417695
2024-25,1.0,False,0.6067006554989074,0.5711159737417943,0.6032101090479195,0.6597216974895557,0.6656326662663727,0.22858975342650226,-0.14705875451634592
2024-25,1.0,True,0.6428571428571429,0.5656028368794326,0.63949681276562,0.6517858608413002,0.6577631702173313,0.039111775846674725,-0.3238537726620017
2024-25,0.0,False,0.7727272727272727,0.7727272727272727,0.7701519874082371,0.7816545201412407,0.7861340308909629,0.05155884284391173,0.0
2024-25,0.0,True,0.7619047619047619,0.7553516819571866,0.7592450520159869,0.7596429218026411,0.7644379252282893,-0.012427970116030224,-0.035789107851584845
2024-25,0.0,True,0.5,0.4782608695652174,0.4963486084928131,0.5063037760181724,0.5129121185596911,0.025216440183477233,-0.08701137698962969
2024-25,0.0,True,0.6564885496183206,0.6853932584269663,0.6531872835553093,0.63752676006554,0.643615001812656,-0.08303920445758231,0.1309845475149195
2024-25,1.0,False,0.6946564885496184,0.6912521440823327,0.691549685862344,0.6826203628291451,0.6883214825895022,-0.05613983603204104,-0.01600034134644157
2024-25,1.0,True,0.9128630705394191,0.863013698630137,0.9116942359659752,0.9227498795049799,0.9246138943274755,0.1312046271159179,-0.5085554752314523
2024-25,1.0,True,0.8641975308641975,0.8807339449541285,0.8624742526670843,0.8745129980674254,0.8773862874411669,0.09086500557509786,0.1487988647553118
2024-25,1.0,True,0.4201680672268907,0.5427435387673957,0.4166139031219425,0.41248004192249893,0.41890286164047447,-0.031638896081893415,0.49347598543087806
2024-25,1.0,False,0.299837925445705,0.2825464949928469,0.29678064174852586,0.30221134405954536,0.3078167350717164,0.01128007882310262,-0.08379525989502812
2024-25,1.0,False,0.7408716136631329,0.7085889570552146,0.7380577250056992,0.7545515668597043,0.7594159723710479,0.07253303439989736,-0.1619628914268264
2024-25,0.0,False,0.6233894945490585,0.5798319327731092,0.6199542814583183,0.568545136195035,0.575019660171036,-0.22804220075009493,-0.1818765048108963
2024-25,0.0,False,0.5882115462252725,0.5324675324675325,0.5846692408375863,0.6077490728205934,0.6140346715709151,0.08128343232830593,-0.22652377166868992
2024-25,1.0,False,0.6067006554989074,0.6140350877192983,0.6032101090479195,0.6244347997669478,0.6306155299667436,0.07495032570562676,0.03084110552257574
2024-25,1.0,False,0.8880597014925373,0.8108108108108107,0.8865994907932008,0.8678697512108755,0.8708726915621832,-0.18881981415326277,-0.615786059402478
2024-25,0.0,True,0.46753246753246747,0.5324675324675325,0.4638981957423534,0.46345271421224,0.4700342506235187,-0.016397206632051124,0.26010625649639607
2024-25,0.0,False,0.37661050545094144,0.3859649122807018,0.37318765178575203,0.3950074767214751,0.40134408195331694,0.07764859737362523,0.03965439584891173
2024-25,1.0,False,0.6428571428571429,0.6792452830188679,0.63949681276562,0.6220043318055013,0.6282012447639699,-0.08972234362067436,0.16251892949777458
2024-25,1.0,False,0.6067006554989074,0.5656028368794326,0.6032101090479195,0.601901626174333,0.6082205228559684,-0.020069627482497805,-0.1695316103684047
2024-25,1.0,False,0.562043795620438,0.5217391304347826,0.5584453664132139,0.5895937227059996,0.5959768449568178,0.11282524519714163,-0.1624494826419539
2024-25,0.0,False,0.8807339449541286,0.8540145985401459,0.879191172906633,0.8771947099101272,0.88001502051819,-0.033269941827893064,-0.23295717276253503
2024-25,1.0,False,0.7001620745542949,0.7001620745542949,0.6970868626263751,0.6589856703247624,0.6649029303806179,-0.1892924723837931,0.0
2024-25,1.0,False,0.6675191815856777,0.6675191815856777,0.6642697108280444,0.6194943245107125,0.6257076251357095,-0.20958351030556543,0.0
2024-25,0.0,False,0.4782608695652174,0.447405997144217,0.4746175373022676,0.4954274912143932,0.5020382324384395,0.06872083194819448,-0.12414572944421234
2024-25,0.0,False,0.42888402625820565,0.355270821199767,0.42531021421367565,0.4121254797414656,0.4185467116055911,-0.06877991065329933,-0.3095442274491036
2024-25,1.0,True,0.8540145985401459,0.8807339449541285,0.8521842049049483,0.8259753270216451,0.8297436188460383,-0.20907384649097846,0.23295717276253503
2024-25,1.0,False,0.8279569892473118,0.8198198198198199,0.825866497435479,0.8058189591806132,0.8099232722765667,-0.14814852274129414,-0.05608946665104275
2024-25,0.0,False,0.447405997144217,0.4572564612326044,0.443797778226915,0.4096758899151898,0.4160859687758675,-0.1541482840845334,0.0397646201720778
2024-25,0.0,False,0.2834302325581395,0.2446483180428134,0.28047323144958336,0.2477871429707949,0.2527487171973208,-0.1829396398318409,-0.1998520864751525
2024-25,1.0,True,0.8024316109422491,0.8088235294117646,0.8001058424194346,0.8185455752227709,0.8224401644195426,0.10496272438906987,0.04082199452025459
2024-25,0.0,False,0.18018018018018006,0.1578947368421052,0.17803274584984236,0.2043807771966324,0.2087143628471226,0.15599133376383814,-0.15884920060881225
2024-25,1.0,True,0.562043795620438,0.5324675324675325,0.5584453664132139,0.5788257430196381,0.5852585327112311,0.06849395056195243,-0.11940773138338545
2024-25,0.0,False,0.6233894945490585,0.552594002855783,0.6199542814583183,0.6566916602566606,0.662628347160662,0.14462559662246952,-0.29280289754616745
2024-25,0.0,False,0.5217391304347826,0.5324675324675325,0.518093483831352,0.507937220218252,0.5145446624345638,-0.0552598288299826,0.04304175125856846
2024-25,0.0,True,0.17204301075268813,0.1801801801801801,0.16997245037030104,0.15455784504415176,0.15804486201343257,-0.12807462334582748,0.056089466651043196
2024-25,0.0,True,0.8944099378881988,0.84,0.893022584574626,0.8898305833632038,0.8923962994140496,-0.04758819890470569,-0.47837187891625144
2024-25,0.0,False,0.3272186415468517,0.3859649122807018,0.3240113695866609,0.31387982778167095,0.3196025169749391,-0.06125076714699331,0.2564862166833005
2024-25,1.0,False,0.6946564885496184,0.6792452830188679,0.691549685862344,0.6736206292464757,0.6794074870366771,-0.09737338332216419,-0.07167445800302019
2024-25,1.0,True,0.7931034482758622,0.7483588621444202,0.7906965116067473,0.7425237891394838,0.747546813500684,-0.28460716812071846,-0.2538561380017397
2024-25,1.0,True,0.7085889570552146,0.6465222348916762,0.7055638280398128,0.7259147489853089,0.7311444715122823,0.08545257028284428,-0.28475381267269206
2024-25,1.0,True,0.5990922844175492,0.5882115462252725,0.5955792246173005,0.6575752509887965,0.6635044877337267,0.25082289976170796,-0.04510748535137021
2024-25,1.0,True,0.42888402625820565,0.5108342361863488,0.42531021421367565,0.4664249668719643,0.4730115015332523,0.15190320870824378,0.32974947730864845
2024-25,1.0,True,0.34351145038167935,0.3272186415468517,0.34022524067860244,0.30817518916423414,0.3138414453854092,-0.16097953629283,-0.07310701833120992
2024-25,0.0,False,0.8108108108108107,0.8024316109422492,0.8085601490266011,0.8311357619520415,0.8348146581265956,0.1384108537638326,-0.053725399356162606
2024-25,0.0,False,0.6365876193409301,0.6946564885496184,0.6332019576796624,0.6282250392171173,0.6343799157019064,-0.035974124329436585,0.2613962101808561
2024-25,1.0,False,0.8279569892473118,0.8540145985401459,0.825866497435479,0.8292077538047005,0.8329202099388049,0.008806148509366382,0.1952249616298627
2024-25,1.0,False,0.5990922844175492,0.5711159737417943,0.5955792246173005,0.6163745121830909,0.6226077218713391,0.07250358330952614,-0.11527863717608205
2024-25,0.0,True,0.3932993445010924,0.355270821199767,0.3898196606206388,0.38516489435311724,0.39144576774729983,-0.034218068731903306,-0.162485472932757
2024-25,1.0,False,0.8540145985401459,0.8540145985401459,0.8521842049049483,0.8484867035553569,0.8518549680577528,-0.04366063363164444,0.0
2024-25,1.0,False,0.6946564885496184,0.7054263565891473,0.691549685862344,0.6831372700190856,0.6888333371304706,-0.05375288367384092,0.05129329438755059
2024-25,0.0,False,0.6428571428571429,0.8118668596237336,0.63949681276562,0.6036084095246683,0.6099177723311113,-0.167263593311143,0.8743997901649941
2024-25,1.0,True,0.8880597014925373,0.9202453987730062,0.8865994907932008,0.8781472784074893,0.8809486816321812,-0.09607208479948759,0.37461264462539967
2024-25,1.0,True,0.7727272727272727,0.7619047619047619,0.7701519874082371,0.7372878498344096,0.7423775803366275,-0.19185599276016324,-0.0606246218164348
2024-25,0.0,True,0.7165697674418604,0.8198198198198199,0.7135940002512842,0.6958939005766401,0.7014608638631803,-0.09968906024218085,0.5876176174839163
2024-25,0.0,False,0.320754716981132,0.3181818181818181,0.3175808948270081,0.30932860041851373,0.3150064076160271,-0.05295442933393233,-0.011834457647002639
2024-25,1.0,False,0.7241379310344829,0.7054263565891473,0.721210708474115,0.7419702755063566,0.7470004188889585,0.09115349685590493,-0.09180754925312307
2024-25,1.0,True,0.7553516819571866,0.7553516819571866,0.7526425348943216,0.7251670291218959,0.7304057200748664,-0.15712322315062552,0.0
2024-25,1.0,True,0.6233894945490585,0.6888888888888889,0.6199542814583183,0.6244826965082059,0.6306631046899622,0.004659066103019548,0.29096987088987825
2024-25,1.0,False,0.5427435387673957,0.5882115462252725,0.5391165674820723,0.509735498536799,0.5163417865276657,-0.13244556976876132,0.1851844136551235
2024-25,0.0,True,0.3492957746478873,0.3698979591836735,0.34598339225553293,0.31321332645496597,0.3189295124168019,-0.16300306767052028,0.08948155070935426
2024-25,1.0,False,0.8540145985401459,0.8540145985401459,0.8521842049049483,0.8505850389365834,0.8539146871383728,-0.02724467608601417,0.0
2024-25,0.0,False,0.299837925445705,0.2591283863368669,0.29678064174852586,0.3085435311528094,0.3142134839415282,0.04113250505283319,-0.20243394718229324
2024-25,1.0,True,0.5711159737417942,0.4572564612326044,0.5675347298189776,0.5301391276472975,0.5367203585805204,-0.1657029056113092,-0.45779823435394046
2024-25,1.0,False,0.4201680672268907,0.447405997144217,0.4166139031219425,0.40646193718006557,0.41285689818984733,-0.05652755649907285,0.11092639273527147
2024-25,1.0,False,0.7328244274809161,0.8024316109422492,0.7299550054545088,0.7207741382678261,0.7260649326327052,-0.06069529811372398,0.3925617032722559
2024-25,1.0,False,0.5324675324675325,0.6465222348916762,0.5288298122501643,0.5155437620278974,0.5221451549849118,-0.06785803915105129,0.47373387800036193
2024-25,0.0,False,0.3492957746478873,0.3932993445010924,0.34598339225553293,0.32679456426056663,0.33263856131353897,-0.1005826622286351,0.1886716423082338
2024-25,0.0,False,0.8353510895883778,0.8540145985401459,0.8333323574619789,0.8458740292385358,0.8492900590045234,0.07856347505663097,0.14240494938851134
2024-25,1.0,False,0.7619047619047619,0.8198198198198199,0.7592450520159869,0.8275255942573251,0.8312671745473431,0.40504037362643647,0.3519764231571787
2024-25,0.0,False,0.437956204379562,0.4572564612326044,0.4343642909512074,0.3790669549706313,0.38531070676818097,-0.24404954682984575,0.07806837336981917
2024-25,1.0,False,0.7001620745542949,0.6365876193409301,0.6970868626263751,0.6597265833648118,0.6656375102845307,-0.1859937426225204,-0.2874859209437274
2024-25,1.0,False,0.3324808184143222,0.3835616438356164,0.3292472098876032,0.34879298416745336,0.35482303054472214,0.07263694617190494,0.2225279772719953
2024-25,1.0,True,0.3571428571428571,0.3053435114503817,0.3537965205745817,0.35922311389673345,0.3653323190860302,0.009049022796829523,-0.23419338750079444
2024-25,1.0,False,0.2516411378555798,0.2516411378555798,0.24890058981279772,0.2698154430099167,0.2750568131612983,0.09431946958298473,0.0
2024-25,1.0,False,0.5882115462252725,0.574468085106383,0.5846692408375863,0.5699438420585268,0.5764130145218189,-0.07495486667039125,-0.05647230746654974
2024-25,1.0,True,0.23809523809523803,0.2816901408450704,0.23545579886825763,0.2332342663709841,0.23799663818682698,-0.02698712934952365,0.22705745063534633
2024-25,1.0,False,0.8641975308641975,0.8641975308641975,0.8624742526670843,0.8434983778749604,0.8469575347653724,-0.16610836529790274,0.0
2024-25,1.0,True,0.7619047619047619,0.7342398022249692,0.7592450520159869,0.7345324208039138,0.7396566843338509,-0.14540939617129311,-0.1469095185706979
2024-25,0.0,True,0.437956204379562,0.2591283863368669,0.4343642909512074,0.4471947471312887,0.45374065112978373,0.037449260571506014,-0.8010428507164956
2024-25,0.0,True,0.6792452830188679,0.7241379310344829,0.6760547992466472,0.654970481823504,0.6609215640952221,-0.1093453990016448,0.21477530164369385
2024-25,1.0,False,0.23809523809523803,0.238095238095238,0.23545579886825763,0.252553311804446,0.2575776419114568,0.07811018951253695,0.0
2024-25,1.0,False,0.6888888888888889,0.6888888888888889,0.6857499497556117,0.6935484339596495,0.6991397705031484,0.02183148214793236,0.0
2024-25,0.0,False,0.3571428571428571,0.3698979591836735,0.3537965205745817,0.3342899996573317,0.3402003000412261,-0.10105859718602817,0.055132070694716595
2024-25,1.0,False,0.8641975308641975,0.8641975308641975,0.8624742526670843,0.85354251187829,0.8568173483102383,-0.08793982225403552,0.0
2024-25,1.0,True,0.9317803660565724,0.9263657957244656,0.9308460607016904,0.9432523473652693,0.9446513199957981,0.1963548381679813,-0.08220518238634078
2024-25,1.0,False,0.2758620689655172,0.2446483180428134,0.2729539493393368,0.2749924610998437,0.28029579393397824,-0.004357474131588511,-0.16228080591050864
2024-25,1.0,False,0.5108342361863488,0.4572564612326044,0.5071839814734822,0.4722884967336519,0.47888351848448896,-0.15430344750665673,-0.21473621547823624
2024-25,1.0,False,0.6301020408163266,0.6564885496183206,0.6266913900555664,0.627716292980495,0.6338746833841875,-0.010222509463813364,0.1150302122757848
2024-25,0.0,False,0.1646489104116223,0.1192660550458715,0.16264985736678556,0.141490277662865,0.14473294500405878,-0.1789302875875293,-0.3753621221510475
2024-25,0.0,False,0.2834302325581395,0.2516411378555798,0.28047323144958336,0.31152907910800026,0.3172287251775497,0.1345292193952394,-0.16236899322041198
2024-25,1.0,False,0.437956204379562,0.437956204379562,0.4343642909512074,0.41623576664388096,0.4226749948891084,-0.08878448521609184,0.0
2024-25,1.0,False,0.7727272727272727,0.8328690807799444,0.7701519874082371,0.7638321222251955,0.7685690141811111,-0.049970300550285465,0.3823235795464708
2024-25,0.0,False,0.8108108108108107,0.8198198198198199,0.8085601490266011,0.7684675771964079,0.7731391082380717,-0.25560877926966424,0.059840000356017775
2024-25,1.0,True,0.8944099378881988,0.8880597014925373,0.893022584574626,0.8859330032070125,0.8885781233625853,-0.08674459185989228,-0.0655266635104641
2024-25,0.0,False,0.46753246753246747,0.5324675324675325,0.4638981957423534,0.4420414229584564,0.4485731039988324,-0.10282800189790287,0.26010625649639607
2024-25,1.0,True,0.8024316109422491,0.7931034482758621,0.8001058424194346,0.7387675129310848,0.743838536630441,-0.36198932453322563,-0.05782708654958402
2024-25,1.0,False,0.7727272727272727,0.8353510895883778,0.7701519874082371,0.7867733679330008,0.7911759178361224,0.08180920535766617,0.400261280233138
2024-25,0.0,False,0.7165697674418604,0.7241379310344829,0.7135940002512842,0.6723491963952507,0.6781478263154931,-0.20868019054178502,0.03757128056464454
2024-25,0.0,False,0.41178845377472745,0.5,0.4082552643100064,0.40480300530665786,0.41118994770307976,-0.028914992228686848,0.35657689991688807
2024-25,1.0,False,0.5882115462252725,0.7085889570552146,0.5846692408375863,0.6092616787856379,0.6155383722374228,0.08763288079562254,0.5319639190043641
2024-25,0.0,False,0.2834302325581395,0.311111111111111,0.28047323144958336,0.28403087773290714,0.28943893174083485,0.002955531436291091,0.1325797406090553
2024-25,0.0,False,0.5,0.5,0.4963486084928131,0.514777284044937,0.5213794250239349,0.0591263552731101,0.0
2024-25,0.0,False,0.1055900621118012,0.0954773869346733,0.10421860116953106,0.11003564427821802,0.1126520278121602,0.04622289554246314,-0.11191791620398561
2024-25,0.0,False,0.4782608695652174,0.4288840262582056,0.4746175373022676,0.4573624047995435,0.4639322359834886,-0.08395422302846858,-0.19939437110254676
2024-25,0.0,True,0.6067006554989074,0.5563770794824399,0.6032101090479195,0.6037219236167551,0.6100306469295746,-0.01246697995657007,-0.2069931612016379
2024-25,1.0,False,0.5324675324675325,0.447405997144217,0.5288298122501643,0.5113789895850032,0.5179840732721314,-0.08452930950512627,-0.34121023468204015
2024-25,1.0,True,0.6564885496183206,0.574468085106383,0.6531872835553093,0.595630800552019,0.6019834131849434,-0.2603921141899008,-0.3475802140328496
2024-25,1.0,False,0.3932993445010924,0.4009077155824508,0.3898196606206388,0.3624894744566443,0.36862227320311886,-0.13111084705249665,0.03178011734026459
2024-25,1.0,False,0.5798319327731092,0.5798319327731092,0.5762694707492378,0.5370433873315038,0.5436111649638198,-0.17363795270438004,0.0
2024-25,0.0,True,0.4009077155824508,0.3698979591836735,0.3974048099812311,0.37272402085448536,0.37892705326327014,-0.11886396133108454,-0.13097020893914413
2024-25,0.0,True,0.42888402625820565,0.5427435387673957,0.42531021421367565,0.45461135623347243,0.4611752549001898,0.10434999156339972,0.457798234353941
2024-25,0.0,True,0.3571428571428571,0.4009077155824508,0.3537965205745817,0.355273420142119,0.3613533339378775,-0.008151964213616282,0.18610227963386072
2024-25,1.0,False,0.7483588621444202,0.7553516819571866,0.7455983594705664,0.7309189953830996,0.7360879477253518,-0.09058843519466189,0.03748309325474053
2024-25,1.0,False,0.7328244274809161,0.7054263565891473,0.7299550054545088,0.7297671608543366,0.7349502159639446,-0.015558559027181167,-0.1357267831879585
2024-25,1.0,False,0.37661050545094144,0.3766105054509415,0.37318765178575203,0.3553737389510373,0.36145440704905885,-0.09154068317854028,0.0
2024-25,1.0,True,0.7241379310344829,0.8279569892473118,0.721210708474115,0.7400481833201447,0.7451029242931915,0.08113810725021067,0.6061358035703145
2024-25,0.0,False,0.2914110429447852,0.3194444444444444,0.2884042904171211,0.297040813027221,0.30259188904016676,0.02711153127296214,0.13221473673977613
2024-25,0.0,True,0.2272727272727272,0.2591283863368669,0.2247178770084187,0.19494089037589185,0.19912441236873452,-0.19444388487100553,0.17327172127403712
2024-25,0.0,False,0.2068965517241379,0.1911764705882352,0.2045101351212494,0.19961311429414474,0.20387151269512957,-0.044979406603408996,-0.09864908106983994
2024-25,0.0,False,0.5217391304347826,0.552594002855783,0.518093483831352,0.5097790132499881,0.5163852711936366,-0.047890335334082414,0.12414572944421226
2024-25,1.0,False,0.552594002855783,0.8198198198198199,0.5489802362606695,0.5618697633222849,0.5683684101959872,0.03759676855225463,1.3039701265290173
2024-25,0.0,False,0.5324675324675325,0.4891657638136511,0.5288298122501643,0.5466623059931622,0.5532071514724716,0.05714081787988964,-0.17339685746467037
2024-25,0.0,True,0.4782608695652174,0.3932993445010924,0.4746175373022676,0.4413552762500019,0.44788495715092785,-0.14865217112320867,-0.34645312561889335
2024-25,0.0,False,0.5798319327731092,0.5798319327731092,0.5762694707492378,0.5826959046676475,0.58911154428772,0.01176674532495417,0.0
2024-25,0.0,False,0.4201680672268907,0.3766105054509415,0.4166139031219425,0.36875103087995453,0.3749274636196353,-0.21549514508518872,-0.1818765048108959
2024-25,1.0,True,0.41178845377472745,0.4009077155824508,0.4082552643100064,0.4854667150200089,0.49207416399900045,0.29842738013161846,-0.04510748535137038
2024-25,1.0,False,0.8641975308641975,0.8641975308641975,0.8624742526670843,0.8560133497594027,0.8592420485477258,-0.06803458633348727,0.0
2024-25,1.0,False,0.5324675324675325,0.5324675324675325,0.5288298122501643,0.5140306438992731,0.5206334837073622,-0.07391581471093396,0.0
2024-25,1.0,False,0.8024316109422491,0.8024316109422492,0.8001058424194346,0.817088923040018,0.8210079400157169,0.09518598012341034,0.0
2024-25,0.0,False,0.6946564885496184,0.6805555555555556,0.691549685862344,0.6407346690723905,0.6467988807189816,-0.24342581284494172,-0.06565397022143693
2024-25,1.0,False,0.6564885496183206,0.6564885496183206,0.6531872835553093,0.5903342765868723,0.596713759240889,-0.28233737794260216,0.0
2024-25,0.0,False,0.1578947368421052,0.1578947368421052,0.15596237782679498,0.15173499129033308,0.1551700101164381,-0.04708114280395371,0.0
2024-25,0.0,True,0.18018018018018006,0.1578947368421052,0.17803274584984236,0.17200700632001562,0.17580583517521883,-0.05634224924492549,-0.15884920060881225
2024-25,0.0,False,0.1646489104116223,0.1578947368421052,0.16264985736678556,0.14805400988858533,0.15142057275159185,-0.12590928220432585,-0.04993972171641925
2024-25,1.0,True,0.8944099378881988,0.9128630705394192,0.893022584574626,0.8953804941065695,0.8978317995433392,0.010318790429402099,0.21250515310915574
2024-25,1.0,True,0.23809523809523803,0.3146067415730336,0.23545579886825763,0.2961856376402739,0.3017275918383149,0.29762259018502124,0.3844814558075734
2024-25,0.0,False,0.4891657638136511,0.5108342361863488,0.4855166641517302,0.5521257673139673,0.5586554168462676,0.2526071264877885,0.0866874584329442
2024-25,1.0,False,0.7165697674418604,0.7328244274809161,0.7135940002512842,0.6968686100452816,0.7024253602528822,-0.09507907204679872,0.08149051449947997
2024-25,0.0,False,0.18018018018018006,0.1055900621118012,0.17803274584984236,0.20733381763894965,0.21171335633545768,0.1740551953106442,-0.6214727225569252
2024-25,1.0,False,0.6946564885496184,0.6564885496183206,0.691549685862344,0.7154921935841363,0.7208443086486964,0.10022994383808354,-0.174295245919726
2024-25,0.0,False,0.552594002855783,0.562043795620438,0.5489802362606695,0.5914756479852881,0.5978494647652518,0.15891188042683965,0.03830375319774165
2024-25,0.0,False,0.5217391304347826,0.5,0.518093483831352,0.5476983758229207,0.5542404604031131,0.10436408193932742,-0.08701137698962969
2024-25,1.0,False,0.7931034482758622,0.7553516819571866,0.7906965116067473,0.8115810448766461,0.8155914387678629,0.11658153758535086,-0.21637304474699914
2024-25,1.0,False,0.4891657638136511,0.5324675324675325,0.4855166641517302,0.46665147791580697,0.47323837427861265,-0.09024868976334233,0.17339685746467037
2024-25,0.0,False,0.2758620689655172,0.267175572519084,0.2729539493393368,0.2908252983095022,0.2963091805814644,0.0737017315327044,-0.04391923393483477
2024-25,0.0,False,0.17204301075268813,0.1578947368421052,0.16997245037030104,0.1711267677988248,0.174910263005677,-0.00644591329537423,-0.10275973395776905
2024-25,0.0,True,0.4782608695652174,0.5427435387673957,0.4746175373022676,0.4827030670821822,0.48930867203061623,0.017796025677482667,0.25840386325139425
2024-25,1.0,False,0.7085889570552146,0.7085889570552146,0.7055638280398128,0.6720959405153745,0.6778969052486662,-0.17086078399045518,0.0
2024-25,0.0,False,0.5882115462252725,0.6067006554989074,0.5846692408375863,0.612602418213511,0.6188590185006625,0.10168773314166746,0.07688760269163408
2024-25,1.0,False,0.6888888888888889,0.740871613663133,0.6857499497556117,0.6585794911442315,0.6645002109527011,-0.13795952685254553,0.2555738354781909
2024-25,1.0,False,0.5711159737417942,0.552594002855783,0.5675347298189776,0.604228869591936,0.6105347287236091,0.13671121057486485,-0.07524864165833428
2024-25,1.0,False,0.7553516819571866,0.7085889570552146,0.7526425348943216,0.707666301782322,0.7131066051819437,-0.24328499641756002,-0.23882088303284366
2024-25,0.0,True,0.4572564612326044,0.320754716981132,0.45363401571163564,0.3951124910039176,0.4014496630040838,-0.25447950722866375,-0.57891310813813
2024-25,0.0,False,0.4572564612326044,0.4288840262582056,0.45363401571163564,0.4425508825185124,0.44908403247200906,-0.05942329723604441,-0.11501326183041222
2024-25,0.0,True,0.17204301075268813,0.1801801801801801,0.16997245037030104,0.20185904246798844,0.20615301305236244,0.19650112350592094,0.056089466651043196
2024-25,1.0,True,0.4572564612326044,0.6233894945490586,0.45363401571163564,0.43078059430094073,0.4372762859966032,-0.10727457376763391,0.6753524902417736
2024-25,0.0,False,0.8353510895883778,0.7755637126376507,0.8333323574619789,0.7988270869497877,0.8030430628541837,-0.24505700351248916,-0.38403844472625104
2024-25,1.0,False,0.6428571428571429,0.6017699115044248,0.63949681276562,0.68244637659449,0.6881491938979977,0.17725059329018714,-0.17494144949633195
2024-25,1.0,True,0.6233894945490585,0.6301020408163266,0.6199542814583183,0.5976713692987915,0.6040132369734422,-0.1081881947178355,0.028694590227393735
2024-25,0.0,False,0.3932993445010924,0.3982300884955752,0.3898196606206388,0.35948081196168735,0.3655918992804555,-0.14415377468545018,0.020619287202735925
2024-25,1.0,False,0.8807339449541286,0.8677165354330709,0.879191172906633,0.8688850542243455,0.8718683264238852,-0.10826237824691679,-0.11848082369669832
2024-25,0.0,True,0.46753246753246747,0.4170073589533933,0.4638981957423534,0.4401237256742073,0.4466497538356154,-0.11060681026791347,-0.20501756644772634
2024-25,0.0,False,0.2591283863368669,0.217391304347826,0.2563342271632796,0.2403905167910296,0.24525227325357554,-0.10003599873113353,-0.2304301351139859
2024-25,0.0,False,0.7044334975369458,0.6507042253521127,0.701383410097596,0.6526101625294852,0.6585807341451787,-0.237967711900371,-0.24636392312105004
2024-25,1.0,True,0.6675191815856777,0.6067006554989074,0.6642697108280444,0.6508409216468821,0.6568259111914333,-0.07424833476052742,-0.2635214542585886
2024-25,0.0,False,0.5427435387673957,0.5324675324675325,0.5391165674820723,0.562025289302257,0.5685234008210104,0.07799319080144845,-0.04133935801356642
2024-25,0.0,True,0.41178845377472745,0.4288840262582056,0.4082552643100064,0.41202823569277347,0.4184490308942652,0.0009898532930406878,0.07017115182471162
2024-25,1.0,False,0.7085889570552146,0.7212543554006969,0.7055638280398128,0.6874965052050024,0.6931494079767301,-0.10009972518953975,0.06215133967023567
2024-25,1.0,False,0.8807339449541286,0.863013698630137,0.879191172906633,0.869021755306537,0.8720023753289006,-0.10706191254665104,-0.1588492006088127
2024-25,0.0,True,0.3932993445010924,0.3418803418803419,0.3898196606206388,0.4383508569530346,0.4448714853526427,0.18560678128407512,-0.2214614651312244
2024-25,0.0,False,0.8024316109422491,0.7931034482758621,0.8001058424194346,0.7998159338670313,0.8040162707571273,-0.01641748869031673,-0.05782708654958402
2024-25,1.0,True,0.8108108108108107,0.8108108108108107,0.8085601490266011,0.8079322959277596,0.8120023616104954,-0.018656905011438248,0.0
2024-25,1.0,True,0.5427435387673957,0.5990922844175491,0.5391165674820723,0.5508557785183378,0.5573891006093896,0.03273650151498035,0.23029189900649372
2024-25,0.0,True,0.8944099378881988,0.5427435387673957,0.893022584574626,0.8847563305203524,0.8874252695333632,-0.09833643294328548,-1.965207469258019
2024-25,1.0,False,0.9202453987730062,0.8944099378881987,0.9191668204814126,0.9163395580846538,0.9183445637051597,-0.05206519233035845,-0.30908598111493557
2024-25,1.0,False,0.8880597014925373,0.8641975308641975,0.8865994907932008,0.8968729317206492,0.8992932014135836,0.09187900034464971,-0.22047332275833154
2024-25,1.0,False,0.9202453987730062,0.9128630705394192,0.9191668204814126,0.9095498110224175,0.91170185974661,-0.13753547384044987,-0.09658082800577983
2024-25,1.0,False,0.8641975308641975,0.8421052631578947,0.8624742526670843,0.8514881964058573,0.8548011538151885,-0.10427877192950052,-0.17662353567931688
2024-25,1.0,False,0.1646489104116223,0.1358024691358024,0.16264985736678556,0.17054308918668554,0.17431639359373222,0.042253536846676064,-0.22656325739573613
2024-25,0.0,False,0.1358024691358024,0.1119402985074626,0.13409742723976217,0.12615887709057097,0.12910301843140543,-0.08475656637409235,-0.22047332275833154
2024-25,0.0,False,0.5324675324675325,0.5,0.5288298122501643,0.5119365324835653,0.5185411752042153,-0.08229792466808711,-0.13005312824819815
2024-25,0.0,True,0.3932993445010924,0.3435114503816793,0.3898196606206388,0.39248416177025514,0.3988069717062716,-0.003417559195809529,-0.21422030387466523
2024-25,0.0,False,0.17204301075268813,0.1801801801801801,0.16997245037030104,0.17854467409665553,0.18245607248448054,0.0449779897007011,0.056089466651043196
2024-25,0.0,False,0.46753246753246747,0.3492957746478873,0.4638981957423534,0.455499247169668,0.46206510442321014,-0.04842213278966421,-0.4920830166685589
2024-25,0.0,True,0.11926605504587148,0.0954773869346733,0.11774034631299785,0.12538299868887692,0.1283116922233486,0.05698579862393085,-0.24911903771747035
2024-25,1.0,False,0.8807339449541286,0.8807339449541285,0.879191172906633,0.8553620380390754,0.8586029291533136,-0.22210782450995117,0.0
2024-25,0.0,False,0.1891891891891892,0.1720430107526881,0.1869588691259749,0.2051556969922327,0.20950138705655838,0.1009101707951516,-0.11592946700706097
2024-25,1.0,True,0.6067006554989074,0.6888888888888889,0.6032101090479195,0.6311170041985865,0.637251648470605,0.10354726015588814,0.3614653722613655
2024-25,1.0,True,0.5217391304347826,0.5882115462252725,0.518093483831352,0.48958603991739913,0.49619548707411953,-0.12867324235418537,0.2695655229272584
2024-25,1.0,False,0.320754716981132,0.320754716981132,0.3175808948270081,0.34228093775466195,0.3482586096186488,0.09715956659639821,0.0
2024-25,1.0,False,0.8944099378881988,0.9202453987730062,0.893022584574626,0.8889121992405693,0.8914966953770005,-0.056922374863365696,0.30908598111493557
2024-25,1.0,False,0.6727813584531482,0.8421052631578947,0.6695578579915589,0.7258152004248903,0.731046118649457,0.2527012826868019,0.9531846087572732
2024-25,1.0,True,0.8807339449541286,0.9045226130653268,0.879191172906633,0.8304521962300244,0.8341430128318279,-0.4105633820378459,0.24911903771747168
2024-25,0.0,False,0.11926605504587148,0.1578947368421052,0.11774034631299785,0.12894277445234456,0.13194207352463538,0.08905985538039687,0.3254224004346282
2024-25,0.0,True,0.2272727272727272,0.2004008016032064,0.2247178770084187,0.21823177111906394,0.22277681187401474,-0.05222521419325191,-0.16001579927965603
2024-25,0.0,False,0.3932993445010924,0.4675324675324675,0.3898196606206388,0.3983368822906075,0.40469117035817687,0.02106490424497543,0.3034113743603251
2024-25,0.0,True,0.4782608695652174,0.4891657638136511,0.4746175373022676,0.48997632619083337,0.4965859160914657,0.046911309156197255,0.04366764777315747
2024-25,1.0,True,0.7328244274809161,0.7685185185185185,0.7299550054545088,0.763483708587607,0.7682254682964084,0.16287456562571154,0.190964652949974
2024-25,0.0,False,0.46753246753246747,0.5108342361863488,0.4638981957423534,0.4740624884785588,0.4806597189459965,0.02620986719580759,0.17339685746466993
2024-25,0.0,False,0.11194029850746257,0.1055900621118012,0.1104965469769976,0.11397169701107,0.11666940131617719,0.020274542968917376,-0.06552666351046454
2024-25,1.0,True,0.8421052631578947,0.8641975308641975,0.8401534965612645,0.7898156956595572,0.7941718630389147,-0.3501615974952814,0.17662353567931688
2024-25,0.0,False,0.4572564612326044,0.447405997144217,0.45363401571163564,0.41693500010542994,0.42337720034786747,-0.16397585137231585,-0.0397646201720778
2024-25,1.0,False,0.9400705052878964,0.9263657957244656,0.9392423345841007,0.9348800928691753,0.9364715617341838,-0.0885981123689758,-0.22062656030505057
2024-25,0.0,False,0.2272727272727272,0.2516411378555798,0.2247178770084187,0.20928108608200158,0.21369066851305363,-0.10548885977429345,0.13389682292276062
2024-25,0.0,False,0.7931034482758622,0.782608695652174,0.7906965116067473,0.7920060830130591,0.7963285601641548,-0.006674508362696285,-0.06280090123903048
2024-25,0.0,False,0.6727813584531482,0.6792452830188679,0.6695578579915589,0.6383634974807156,0.6444455231974245,-0.15252352910096834,0.029513769585495786
2024-25,0.0,False,0.6140350877192983,0.6581196581196581,0.6105678521669469,0.5511631014431351,0.5576955426061865,-0.2589343997665448,0.19062035960864965
2024-25,0.0,True,0.1646489104116223,0.3309929789368104,0.16264985736678556,0.1938019413752697,0.19796703146468894,0.19854398605447912,0.9203393204001549
2024-25,1.0,True,0.7408716136631329,0.7619047619047619,0.7380577250056992,0.6962462155382765,0.7018094929500123,-0.22101780832434834,0.1126470994576021
2024-25,0.0,False,0.7553516819571866,0.7619047619047619,0.7526425348943216,0.7823661696713097,0.7868350619934101,0.1521472035009464,0.035789107851584845
2024-25,1.0,False,0.552594002855783,0.5798319327731092,0.5489802362606695,0.5743812167576565,0.580832730816352,0.08859213952295869,0.11092639273527116
2024-25,0.0,True,0.6888888888888889,0.6301020408163266,0.6857499497556117,0.6933410876102544,0.6989345650431718,0.02085609777840132,-0.2622752806624845
2024-25,1.0,False,0.8641975308641975,0.8076923076923076,0.8624742526670843,0.8312801355320387,0.8349565109553007,-0.2558728575409988,-0.41551544396166595
2024-25,1.0,False,0.5427435387673957,0.5108342361863488,0.5391165674820723,0.5204122053983817,0.5270081228473461,-0.08969825972856113,-0.12804875704529256
2024-25,0.0,False,0.11926605504587148,0.1192660550458715,0.11774034631299785,0.1315691812037394,0.13462013067934844,0.11224371354431897,0.0
2024-25,1.0,False,0.8108108108108107,0.8807339449541285,0.8085601490266011,0.7933918126216317,0.7976928479158755,-0.10979422896837623,0.5441116013994582
2024-25,1.0,False,0.9263657957244656,0.9263657957244656,0.9253632748007397,0.9221472917640807,0.9240246496108764,-0.06027325693340078,0.0
2024-25,1.0,False,0.8540145985401459,0.8353510895883778,0.8521842049049483,0.8500004152908682,0.853340845257028,-0.03183734866866538,-0.14240494938851134
2024-25,1.0,False,0.4201680672268907,0.3418803418803419,0.4166139031219425,0.41809846523090377,0.4245455529512992,-0.00850078246595102,-0.33284246857063393
2024-25,0.0,False,0.4201680672268907,0.447405997144217,0.4166139031219425,0.3928588553908894,0.3991837352913383,-0.11322739227362813,0.11092639273527147
2024-25,1.0,False,0.7553516819571866,0.7685185185185185,0.7526425348943216,0.7523390631559171,0.7572332094197027,-0.016235218327643734,0.07260308097430124
2024-25,1.0,False,0.6301020408163266,0.6428571428571429,0.6266913900555664,0.6049924930603439,0.6112940123758381,-0.10634331404931716,0.05513207069471604
2024-25,0.0,False,0.31111111111111095,0.2135922330097087,0.30798944392098504,0.31448546110950737,0.32021403895655887,0.015698013401226917,-0.5084768264442349
2024-25,1.0,True,0.46753246753246747,0.4632426988922458,0.4638981957423534,0.48012841280418983,0.48673193596744346,0.05052488966814624,-0.017241806434505652
2024-25,0.0,True,0.3492957746478873,0.3614457831325302,0.34598339225553293,0.3490511285912855,0.3550832043791323,-0.0010765439309433772,0.05304161302679056
2024-25,0.0,True,0.9045226130653268,0.9045226130653268,0.9032537583734073,0.8644554084740654,0.8675241020431601,-0.39571882357744564,0.0
2024-25,1.0,True,0.6301020408163266,0.8108108108108107,0.6266913900555664,0.5779775498111805,0.5844139930133709,-0.21817807956703075,0.9226326383994384
2024-25,1.0,True,0.42888402625820565,0.7335423197492164,0.42531021421367565,0.3586656829397754,0.36477080471580026,-0.29475441902498795,1.2990756069595617
2024-25,0.0,True,0.1578947368421052,0.299837925445705,0.15596237782679498,0.16195491061638245,0.16557613049019865,0.030222495553068073,0.8259066704058863
2024-25,0.0,False,0.46753246753246747,0.3698979591836735,0.4638981957423534,0.47357978190067035,0.4801764278857136,0.024273733146285288,-0.40260146595920465
2024-25,1.0,True,0.7328244274809161,0.8024316109422492,0.7299550054545088,0.7553226186174784,0.760176599945309,0.11820430532296328,0.3925617032722559
2024-25,1.0,False,0.3571428571428571,0.3111016407415299,0.3537965205745817,0.2997013387888475,0.30528054227222834,-0.2609337966121163,-0.207187398120932
2024-25,0.0,True,0.4891657638136511,0.4288840262582056,0.4855166641517302,0.41427783073846325,0.42070859857733095,-0.30296499655864295,-0.24306201887570422
2024-25,0.0,False,0.11926605504587148,0.1578947368421052,0.11774034631299785,0.15669951145100983,0.1602256898666278,0.3164055197185238,0.3254224004346282
2024-25,1.0,False,0.6365876193409301,0.5911949685534592,0.6332019576796624,0.6156710997527519,0.6219087278218394,-0.08936964730415978,-0.19167632984769056
2024-25,1.0,False,0.7727272727272727,0.782608695652174,0.7701519874082371,0.687199007602259,0.6928548876193249,-0.43671868636406863,0.05715841383994902
2024-25,0.0,False,0.5,0.4572564612326044,0.4963486084928131,0.4697131402220368,0.47630465872709243,-0.12129593657233742,-0.17139248626176423
2024-25,1.0,False,0.9045226130653268,0.8944099378881987,0.9032537583734073,0.8906229171456419,0.8931723959717881,-0.15139813464928525,-0.11191791620398783
2024-25,1.0,False,0.9400705052878964,0.9317803660565724,0.9392423345841007,0.9355228929795966,0.9370997093749668,-0.07799070902798708,-0.1384213779187098
2024-25,1.0,False,0.8944099378881988,0.8540145985401459,0.893022584574626,0.8821070673633423,0.8848293742605001,-0.12406337734913167,-0.3701582942760189
2024-25,1.0,False,0.8198198198198199,0.8108108108108107,0.8176522293636267,0.758066275569228,0.7628829143753373,-0.3730202390147891,-0.059840000356017775
2024-25,1.0,True,0.7165697674418604,0.7165697674418604,0.7135940002512842,0.7184869525019059,0.7238044779191168,0.00945913410808761,0.0
2024-25,0.0,True,0.6301020408163266,0.5990922844175491,0.6266913900555664,0.5817900095412755,0.588209734044735,-0.20252869582919805,-0.13097020893914485
2024-25,0.0,True,0.6888888888888889,0.6067006554989074,0.6857499497556117,0.6617668936316323,0.6676602323679811,-0.12375182695271483,-0.3614653722613655
2024-25,1.0,False,0.782608695652174,0.8807339449541285,0.7801135174967144,0.699899188390798,0.7054238680424078,-0.4341159942798015,0.7184649885442354
2024-25,1.0,True,0.9202453987730062,0.9317803660565724,0.9191668204814126,0.908448269525695,0.9106239514682495,-0.15085216385317649,0.16867878039016881
2024-25,0.0,True,0.14598540145985403,0.1358024691358024,0.14417383886379623,0.1707974173177607,0.17457516446761787,0.18645532616930413,-0.0841583080072239
2024-25,0.0,True,0.7328244274809161,0.5882115462252725,0.7299550054545088,0.6343370586949749,0.6404486605013994,-0.45813166218357215,-0.6524232300615349
2024-25,0.0,True,0.17204301075268813,0.1646489104116223,0.16997245037030104,0.21125616963056007,0.21569601533972757,0.25384657898722635,-0.0528200122413498
2024-25,1.0,False,0.6067006554989074,0.6727813584531482,0.6032101090479195,0.5653721446411626,0.5718584271888696,-0.17047048521699099,0.2873273222058758
2024-25,0.0,False,0.1578947368421052,0.1119402985074626,0.15596237782679498,0.19151933172731136,0.1956472701781421,0.2338084179426729,-0.3970968584376484
2024-25,0.0,False,0.2834302325581395,0.2955665024630542,0.28047323144958336,0.30295401523215437,0.3085670898436239,0.09423926069954117,0.05900954744113718
2024-25,0.0,False,0.17204301075268813,0.238095238095238,0.16997245037030104,0.14473117636389082,0.1480353110534457,-0.20532106790896332,0.40806588980822167
2024-25,1.0,False,0.5324675324675325,0.3982300884955752,0.5288298122501643,0.4987123240835417,0.5053230001139185,-0.13520384330131582,-0.5428983436539853
2024-25,0.0,False,0.2591283863368669,0.3698979591836735,0.2563342271632796,0.23123372399956205,0.2359678180420402,-0.15085428937065518,0.5178491161406764
2024-25,1.0,False,0.8421052631578947,0.8108108108108107,0.8401534965612645,0.8747735716761355,0.8776417294596248,0.26986511883194264,-0.21868920096482958
2024-25,0.0,False,0.3492957746478873,0.320754716981132,0.34598339225553293,0.43447987475613314,0.4409881325597772,0.35853988705237405,-0.12816944948313747
2024-25,0.0,False,0.6140350877192983,0.6017699115044248,0.6105678521669469,0.5569849460792301,0.563499759763326,-0.23537114658701094,-0.051460392725310666
2024-25,0.0,False,0.2955665024630542,0.3244274809160304,0.29253457511064074,0.3959343829664628,0.40227597045785907,0.44606573647601966,0.13500159195429295
2024-25,1.0,False,0.6675191815856777,0.447405997144217,0.6642697108280444,0.6873121265702885,0.692966875078086,0.09059708137899561,-0.9081430633009527
2024-25,0.0,False,0.782608695652174,0.7483588621444202,0.7801135174967144,0.8152983161159878,0.8192472113074898,0.20387822882609405,-0.1910552367627092
2024-25,1.0,False,0.2914110429447852,0.2314814814814814,0.2884042904171211,0.3785814885934396,0.38482219978586124,0.392967375780969,-0.31142396400714456
2024-25,1.0,False,0.9539672925499697,0.9539672925499698,0.9533216270925047,0.9415482437016072,0.9429866875300238,-0.25195335821357984,0.0
2024-25,0.0,False,0.1646489104116223,0.1578947368421052,0.16264985736678556,0.14565296841265316,0.14897448157843188,-0.14507389591539513,-0.04993972171641925
2024-25,0.0,False,0.2068965517241379,0.267175572519084,0.2045101351212494,0.19756008418880552,0.20178572664527364,-0.05787947242146888,0.3347346167226728
2024-25,1.0,False,0.5711159737417942,0.6507042253521127,0.5675347298189776,0.4672342656905535,0.4738220801691265,-0.41765678128379846,0.3357303968245805
2024-25,1.0,False,0.8108108108108107,0.8641975308641975,0.8085601490266011,0.7723422516012928,0.7769582954412848,-0.23370284738986294,0.39531273664414646
2024-25,1.0,False,0.6946564885496184,0.6140350877192983,0.691549685862344,0.6575456256168319,0.6634751128141428,-0.16960433353419366,-0.35767444427181605
2024-25,1.0,False,0.6946564885496184,0.7044334975369458,0.691549685862344,0.6654681612476705,0.6713290391203806,-0.1342213157186803,0.04652001563489283
2024-25,1.0,False,0.6428571428571429,0.6742037442256261,0.63949681276562,0.591098554274487,0.597474250547435,-0.21927806590701737,0.13947348776870205
2024-25,0.0,False,0.5217391304347826,0.5324675324675325,0.518093483831352,0.5501019607477731,0.5566374225625917,0.11407128958144797,0.04304175125856846
2024-25,0.0,False,0.6301020408163266,0.6805555555555556,0.6266913900555664,0.6742751326092369,0.6800558975162834,0.194930582060796,0.22367148797407388
2024-25,0.0,False,0.5217391304347826,0.447405997144217,0.518093483831352,0.49403573036412074,0.5006463270836305,-0.1108695871713872,-0.2981684834234717
2024-25,1.0,False,0.6792452830188679,0.6792452830188679,0.6760547992466472,0.7091761799789487,0.7145997168261361,0.1410807377218391,0.0
2024-25,1.0,False,0.5882115462252725,0.5798319327731092,0.5846692408375863,0.579002291343007,0.5854343158164393,-0.037897855984804614,-0.03449340074777496
2024-25,1.0,False,0.6067006554989074,0.6727813584531482,0.6032101090479195,0.6210271300192934,0.6272304622838953,0.06044564664652543,0.2873273222058758
2024-25,0.0,False,0.6140350877192983,0.6428571428571429,0.6105678521669469,0.5659549420337091,0.5724391045311013,-0.19893948972136002,0.12348105677102128
2024-25,1.0,False,0.7165697674418604,0.7001620745542949,0.7135940002512842,0.6846187316370023,0.6903002406616827,-0.1524298109911995,-0.07943985231315787
2024-25,1.0,False,0.8540145985401459,0.8540145985401459,0.8521842049049483,0.8277323861772711,0.8314703940242474,-0.19680092618256692,0.0
2024-25,1.0,False,0.8353510895883778,0.8421052631578947,0.8333323574619789,0.8088582890266909,0.8129132760253468,-0.1814280734284297,0.049939721716417695
2024-25,0.0,False,0.4891657638136511,0.5217391304347826,0.4855166641517302,0.5208869515239235,0.5274822680670153,0.1269401848764627,0.1303551062061019
2024-25,1.0,False,0.8353510895883778,0.8648167911775169,0.8333323574619789,0.846054830857347,0.8494675664939374,0.07995096305238714,0.23185000974043812
2024-25,0.0,False,0.5427435387673957,0.5,0.5391165674820723,0.551478739240516,0.558010270464007,0.0352547163795534,-0.17139248626176457
2024-25,0.0,False,0.7085889570552146,0.7001620745542949,0.7055638280398128,0.6866809313235094,0.6923419850488711,-0.103893132308467,-0.040471055755466945
2024-25,1.0,False,0.6675191815856777,0.6140350877192983,0.6642697108280444,0.6710890408931439,0.6768992553293941,0.016128796975507807,-0.23268034873601284
2024-25,1.0,False,0.6301020408163266,0.6888888888888889,0.6266913900555664,0.563232788839704,0.5697267005795864,-0.27836192782585994,0.2622752806624845
2024-25,1.0,False,0.8641975308641975,0.8641975308641975,0.8624742526670843,0.8745148746161924,0.8773881270466969,0.0908821056346992,0.0
2024-25,1.0,False,0.8353510895883778,0.8024316109422492,0.8333323574619789,0.817695651258348,0.821604506812755,-0.1232240452258059,-0.2224748786045745
2024-25,1.0,False,0.8353510895883778,0.8353510895883778,0.8333323574619789,0.8020068994852818,0.8061724054994533,-0.22515168537840577,0.0
2024-25,1.0,False,0.5324675324675325,0.6140350877192983,0.5288298122501643,0.5510775820366526,0.5576102688368723,0.07497238892512748,0.33425247988289974
2024-25,0.0,False,0.4782608695652174,0.4572564612326044,0.4746175373022676,0.5356772935619456,0.5422479325702803,0.22996349399727728,-0.08438110927213455
2024-25,1.0,False,0.6428571428571429,0.6675191815856777,0.63949681276562,0.6506571649452231,0.656643642588388,0.034142434813424695,0.10919929196499156
2024-25,0.0,False,0.2516411378555798,0.2272727272727272,0.24890058981279772,0.2618181953107932,0.26696101093948915,0.053338818486070076,-0.13389682292276062
2024-25,1.0,False,0.5882115462252725,0.6428571428571429,0.5846692408375863,0.5944686571598333,0.6008272915992795,0.025892928606023317,0.2312097649852311
2024-25,1.0,False,0.5711159737417942,0.6140350877192983,0.5675347298189776,0.599598819048474,0.6059303367728756,0.117388051702638,0.17789986003892166
2024-25,1.0,False,0.3634123806590699,0.334855403348554,0.36004020048337015,0.3565345589488868,0.3626239161624877,-0.029853304007615954,-0.12572180652117082
2024-25,1.0,False,0.5798319327731092,0.5427435387673957,0.5762694707492378,0.5690774394592683,0.5755499389445371,-0.04399537687628372,-0.15069101290734854
2024-25,0.0,False,0.6675191815856777,0.7001620745542949,0.6642697108280444,0.6857785499289557,0.6914485817901141,0.08347081289249883,0.15108380629867446
2024-25,0.0,False,0.14598540145985403,0.1119402985074626,0.14417383886379623,0.1767664503266211,0.1806474597816797,0.22803109396390467,-0.30463163076555544
2024-25,0.0,False,0.3859649122807018,0.355270821199767,0.3825092072113568,0.40601541892176884,0.41240823606061244,0.0838433834065426,-0.13164436741018237
2024-25,0.0,False,0.4782608695652174,0.562043795620438,0.4746175373022676,0.5238623744513121,0.5304536539469116,0.18253344089120033,0.3364722366212133
2024-25,0.0,False,0.6365876193409301,0.6164383561643836,0.6332019576796624,0.6472476478228272,0.6532614163395335,0.046378883469220276,-0.08612586262694194
2024-25,1.0,False,0.6140350877192983,0.5656028368794326,0.6105678521669469,0.6308821324934508,0.637018436259855,0.071697425008724,-0.20037271589098044
2024-25,0.0,False,0.2914110429447852,0.267175572519084,0.2884042904171211,0.2991143186811987,0.3046873488003454,0.03702186166169782,-0.120459311057169
2024-25,1.0,False,0.6140350877192983,0.5940252776713902,0.6105678521669469,0.6067602497517876,0.6130516052520152,-0.030591348177911107,-0.083674632060672
2024-25,0.0,False,0.2272727272727272,0.2591283863368669,0.2247178770084187,0.26191396884952833,0.26705798513365797,0.18773112710953602,0.17327172127403712
2024-25,1.0,False,0.8198198198198199,0.8353510895883778,0.8176522293636267,0.8090455284031003,0.8130974610557778,-0.07130707113426646,0.10890947889239411
2024-25,1.0,False,0.5324675324675325,0.4572564612326044,0.5288298122501643,0.5312169417154048,0.537796238063895,-0.0050227364433778,-0.3014456145099624
2024-25,1.0,False,0.7165697674418604,0.7566658037794461,0.7135940002512842,0.7251493955831917,0.7303882976887951,0.04264038763801028,0.20697627436825394
2024-25,0.0,False,0.6428571428571429,0.6428571428571429,0.63949681276562,0.6201418925869854,0.6263509968661273,-0.0976361354799608,0.0
2024-25,1.0,False,0.562043795620438,0.6233894945490586,0.5584453664132139,0.5589158947019583,0.5654244677968508,-0.012697426725739737,0.2544991443484258
2024-25,0.0,False,0.6507042253521127,0.6888888888888889,0.6473772288867531,0.5719558826536958,0.5784171765353759,-0.3323005529208577,0.17279372995313091
2024-25,0.0,False,0.5324675324675325,0.5108342361863488,0.5288298122501643,0.5575027728322659,0.56401593222095,0.10098015062312535,-0.08670939903172614
2024-25,1.0,False,0.7165697674418604,0.6888888888888889,0.7135940002512842,0.7205323897113093,0.7258260223141949,0.019594352038893086,-0.13257974060905542
2024-25,0.0,False,0.6365876193409301,0.6755725190839694,0.6332019576796624,0.6096693367916639,0.6159436096847979,-0.11466133714009746,0.17291463386145478
2024-25,1.0,False,0.4891657638136511,0.5427435387673957,0.4855166641517302,0.5188464891281594,0.5254443040416885,0.1187654179934382,0.2147362154782368
2024-25,0.0,False,0.7241379310344829,0.7619047619047619,0.721210708474115,0.717858780973117,0.7231836004423068,-0.031215752504013712,0.19806991376209304
2024-25,0.0,False,0.552594002855783,0.552594002855783,0.5489802362606695,0.5854127379322454,0.5918158682506787,0.13387655084804276,0.0
2024-25,0.0,False,0.7553516819571866,0.7553516819571866,0.7526425348943216,0.7781595844471597,0.7826908625189138,0.1276116480716857,0.0
2024-25,0.0,False,0.7553516819571866,0.7916666666666667,0.7526425348943216,0.7702819848268674,0.7749276294158951,0.08254242415626614,0.20763936477824463
2024-25,0.0,False,0.7727272727272727,0.6742037442256261,0.7701519874082371,0.7651922693532742,0.7699100982682465,-0.042415308688107035,-0.4965152789512942
2024-25,0.0,False,0.6507042253521127,0.6792452830188679,0.6473772288867531,0.6677375312995937,0.6735781527716278,0.0758338092348842,0.12816944948313702
2024-25,0.0,False,0.7619047619047619,0.8024316109422492,0.7592450520159869,0.7771871211449773,0.7817326910871731,0.08619802578438798,0.23841102344499832
2024-25,1.0,False,0.8024316109422491,0.782608695652174,0.8001058424194346,0.7934812132298971,0.797780861791974,-0.05552335475108109,-0.1206279877886145
2024-25,1.0,False,0.7931034482758622,0.8076923076923076,0.7906965116067473,0.7486383877098545,0.7535817118004308,-0.252371261964652,0.09134977858822713
2024-25,1.0,False,0.3698979591836735,0.3146067415730336,0.3665002457714752,0.39878321702133407,0.4051398307032136,0.12211697442309233,-0.2460147597907053
2024-25,0.0,False,0.4782608695652174,0.3418803418803419,0.4746175373022676,0.47902691127245506,0.485629436578602,0.0030697677143946764,-0.5679145907501177
2024-25,0.0,False,0.3492957746478873,0.3363518758085381,0.34598339225553293,0.37667755047531415,0.382906215355217,0.11846170223228533,-0.05745806923848529
2024-25,0.0,False,0.3492957746478873,0.3087478559176672,0.34598339225553293,0.35531572858648586,0.3613959605672412,0.026382220165133384,-0.18384356613971597
2024-25,0.0,False,0.3492957746478873,0.3042300479266513,0.34598339225553293,0.3835498153729286,0.3898210500752168,0.14762813814318532,-0.2050987803245159
2024-25,1.0,False,0.37661050545094144,0.3363518758085381,0.37318765178575203,0.38790927569013406,0.39420620819671554,0.04785097685903846,-0.17563421017523273
2024-25,0.0,False,0.3272186415468517,0.3614457831325302,0.3240113695866609,0.3620712172507469,0.36820102668652116,0.15440609869839347,0.1516972929244319
2024-25,1.0,False,0.3053435114503817,0.3244274809160304,0.3022543243845199,0.31767293222352755,0.3234321779115712,0.05749327647266663,0.08848157631940023
2024-25,0.0,False,0.7408716136631329,0.725752508361204,0.7380577250056992,0.7295341865971006,0.7347200858083697,-0.05824318774616142,-0.07732560407187228
2024-25,1.0,False,0.8108108108108107,0.7931034482758621,0.8085601490266011,0.8144136553589705,0.818377251044565,0.023660936921607555,-0.11155248590574662
2024-25,1.0,False,0.5990922844175492,0.6365876193409301,0.5955792246173005,0.6513318296355802,0.6573128350568138,0.2232141813620999,0.15889945695379953
2024-25,1.0,False,0.8108108108108107,0.7727272727272727,0.8085601490266011,0.7785428556939974,0.783068487556117,-0.19809228512141203,-0.23151180098472612
2024-25,1.0,False,0.37661050545094144,0.355270821199767,0.37318765178575203,0.3800191248864307,0.38626880383922324,0.014492953110144723,-0.09198997156127064
2024-25,1.0,False,0.552594002855783,0.574468085106383,0.5489802362606695,0.5166569362423713,0.5232571875809086,-0.14450469690148707,0.08894748601649638
2024-25,1.0,False,0.7328244274809161,0.7265238879736409,0.7299550054545088,0.7564533140967726,0.7612919533498262,0.12433203562048278,-0.03194304288812022
2024-25,1.0,False,0.7165697674418604,0.7126329539093116,0.7135940002512842,0.7131608952712718,0.7185396142637178,-0.016724008812327724,-0.01930342366110105
2024-25,0.0,False,0.5990922844175492,0.6233894945490586,0.5955792246173005,0.5572113196279395,0.5637254118553283,-0.1718324651306411,0.10227561871175112
2024-25,1.0,False,0.7241379310344829,0.7382510410469958,0.721210708474115,0.734938976476431,0.7400581695372055,0.054746497596460865,0.0718171622487126
2024-25,0.0,False,0.6792452830188679,0.6805555555555556,0.6760547992466472,0.6499369945404043,0.6559292872614834,-0.13154332156611165,0.006020487781583261
2024-25,1.0,False,0.4009077155824508,0.4255319148936171,0.3974048099812311,0.41026873487371535,0.416681542270946,0.03882983086483943,0.10157979281792062
2024-25,0.0,False,0.5882115462252725,0.5217391304347826,0.5846692408375863,0.636087319289085,0.6421861688005186,0.20184499777675527,-0.2695655229272584
2024-25,0.0,False,0.3932993445010924,0.4255319148936171,0.3898196606206388,0.4402303419787575,0.44675668954650116,0.19323722288751952,0.1333599101581852
2024-25,1.0,False,0.552594002855783,0.5798319327731092,0.5489802362606695,0.6129837917659418,0.6192380610511471,0.24871481441969182,0.11092639273527116
2024-25,1.0,False,0.7931034482758622,0.7483588621444202,0.7906965116067473,0.780478283071495,0.784975286882296,-0.07527899730463775,-0.2538561380017397
2024-25,1.0,False,0.6365876193409301,0.6301020408163266,0.6332019576796624,0.6066784648680786,0.6129702942098827,-0.1272123363380936,-0.027929248014654684
2024-25,1.0,False,0.6067006554989074,0.6067006554989074,0.6032101090479195,0.6169842626110456,0.6232136212681626,0.043302936543692314,0.0
2024-25,0.0,False,0.7727272727272727,0.7983193277310925,0.7701519874082371,0.7800950510727236,0.7845977388771862,0.04244493832563411,0.15204762963048002
2024-25,1.0,False,0.8024316109422491,0.8118668596237336,0.8001058424194346,0.7974451957186398,0.8016829422009937,-0.031159209412123696,0.060624621816434354
2024-25,1.0,False,0.3634123806590699,0.3435114503816793,0.36004020048337015,0.3941422209750551,0.40047413398886655,0.13065038288075337,-0.08710096426113034
2024-25,0.0,False,0.3324808184143222,0.3244274809160304,0.3292472098876032,0.36923062611625523,0.37541031455919743,0.16146710602002726,-0.036512519216402084
2024-25,1.0,False,0.782608695652174,0.7446808510638298,0.7801135174967144,0.777447629419407,0.7819893755816635,-0.03008000864347713,-0.2104924337606513
2024-25,1.0,False,0.3324808184143222,0.3418803418803419,0.3292472098876032,0.36593710029035725,0.3720941832333794,0.14729925795453694,0.04205998912736386
2024-25,1.0,False,0.7483588621444202,0.6900916630292449,0.7455983594705664,0.7431184940718396,0.7481338519194473,-0.02763800826008165,-0.2893307415252444
2025-26,0.0,False,0.447405997144217,0.4201680672268907,0.4429130295721094,0.45273824481868347,0.45756999848157787,0.021544022272264908,-0.11092639273527147
2025-26,1.0,False,0.7165697674418604,0.6792452830188679,0.7128607443845563,0.7259880110695047,0.7298468213799166,0.0468520248795085,-0.1772040210790493
2025-26,0.0,False,0.6564885496183206,0.6564885496183206,0.6523747133995585,0.6435240886611889,0.6479811096315875,-0.05699201402500907,0.0
2025-26,0.0,False,0.552594002855783,0.6301020408163266,0.5480924301860403,0.6037555258939299,0.6084072046116743,0.20998087148978967,0.3214974877735612
2025-26,1.0,False,0.6301020408163266,0.6507042253521127,0.6258522999610132,0.5921534293819306,0.5968503629909087,-0.1597798729212352,0.0894815507093536
2025-26,1.0,False,0.437956204379562,0.3859649122807018,0.4334836916885482,0.44245346324617857,0.4472651609800548,0.018250176895400767,-0.21484474849951427
2025-26,0.0,False,0.562043795620438,0.6067006554989074,0.5575611761924456,0.5574886431590863,0.5622896982815075,-0.018484856815739064,0.18400364297693855
2025-26,1.0,False,0.5990922844175492,0.6140350877192983,0.5947154282011612,0.6138726271335847,0.6184805882722316,0.06193577714135544,0.06262122286283961
2025-26,1.0,False,0.6067006554989074,0.4782608695652174,0.6023517292346332,0.5875368099847124,0.5922503004214466,-0.07967256872620358,-0.5204758795981519
2025-26,1.0,False,0.7553516819571866,0.740871613663133,0.7519745035004837,0.7330623548428812,0.7368576500843982,-0.11714602807549722,-0.07685799160601725
2025-26,1.0,False,0.5324675324675325,0.6067006554989074,0.5279364487893485,0.5155111765080025,0.5203758425818613,-0.06798850705512507,0.303411374360324
2025-26,0.0,False,0.3932993445010924,0.3698979591836735,0.38896726737224196,0.4011458032261627,0.4058352652616041,0.032771305472580184,-0.09919009159887954
2025-26,1.0,False,0.2516411378555798,0.2446483180428134,0.24823097949479866,0.22605897860352425,0.22948599511973583,-0.14082112974238636,-0.03748309325474053
2025-26,1.0,False,0.5,0.5108342361863488,0.4954524171900907,0.49755679136099473,0.502427730758705,-0.009772912339366405,0.043343729216472
2025-26,0.0,False,0.2591283863368669,0.2834302325581395,0.2556514252224071,0.2946006683440719,0.2986657816600749,0.17736041268999747,0.12299409486913548
2025-26,0.0,False,0.14598540145985403,0.1646489104116223,0.14373205694824776,0.13907491869608404,0.141424234175567,-0.056553054457400734,0.14240494938851223
2025-26,0.0,False,0.8880597014925373,0.7727272727272727,0.8862385513219965,0.8663974729365482,0.8686367354468115,-0.20159868913594842,-0.8472978603872041
2025-26,0.0,False,0.6792452830188679,0.7001620745542949,0.67526917078614,0.6816687397159245,0.6858816344431137,0.011145686957535365,0.09776416876589145
2025-26,1.0,False,0.782608695652174,0.782608695652174,0.7794979407028813,0.7828872191212327,0.7861807362954215,0.0016378571914287682,0.0
2025-26,1.0,False,0.4782608695652174,0.4675324675324675,0.47372367751638933,0.484457531169935,0.4893251224528816,0.024821465687393844,-0.04304175125856824
2025-26,0.0,False,0.6428571428571429,0.5798319327731092,0.6386699102759321,0.6152599044883366,0.619861562072814,-0.11830990717337375,-0.26570316573300606
2025-26,0.0,False,0.4201680672268907,0.4009077155824508,0.4157428400779795,0.3877721353541337,0.39240770124213414,-0.13460315480742174,-0.07960088609914495
2025-26,1.0,False,0.7001620745542949,0.6067006554989074,0.6963293296682626,0.6716336789692012,0.6759162407132936,-0.1324865094581803,-0.41460526055726304
2025-26,0.0,False,0.6727813584531482,0.6564885496183206,0.6687641930879193,0.6730164788585585,0.6772896714151498,0.0010682146399360604,-0.07310701833121003
2025-26,1.0,True,0.46753246753246747,0.4201680672268907,0.4630067327675126,0.49726492038950226,0.502135858039347,0.11911270068317105,-0.19203037092091557
2025-26,1.0,False,0.6067006554989074,0.6675191815856777,0.6023517292346332,0.6224583785230717,0.6270261316294025,0.06653144350526095,0.2635214542585886
2025-26,0.0,False,0.5324675324675325,0.5427435387673957,0.5279364487893485,0.5140520117854945,0.5189176563525439,-0.07383027570693569,0.04133935801356642
2025-26,0.0,True,0.2914110429447852,0.267175572519084,0.28766910771123644,0.26994069722928277,0.27379761107729766,-0.10638265361142336,-0.120459311057169
2025-26,1.0,True,0.8540145985401459,0.8540145985401459,0.851732044461793,0.8482054266797884,0.8506970553501996,-0.04584692178994361,0.0
2025-26,1.0,True,0.437956204379562,0.552594002855783,0.4334836916885482,0.3931438736036337,0.3978019303081123,-0.1846552438056308,0.4606179660654254
2025-26,0.0,True,0.6507042253521127,0.6792452830188679,0.6465584118777064,0.60944609622234,0.6140736727080811,-0.1771516368426181,0.12816944948313702
2025-26,1.0,False,0.7001620745542949,0.6301020408163266,0.6963293296682626,0.6661174287915989,0.6704366319220387,-0.1573931366094018,-0.31541516895838206
2025-26,1.0,False,0.7044334975369458,0.6792452830188679,0.7006320075892328,0.6986009157732981,0.7026874606864708,-0.027855672585938802,-0.11819447363791302
2025-26,1.0,False,0.5324675324675325,0.4891657638136511,0.5279364487893485,0.4978572097392687,0.5027281474691129,-0.13862434176492186,-0.17339685746467037
2025-26,1.0,False,0.5990922844175492,0.552594002855783,0.5947154282011612,0.5654283864423233,0.5702097097057831,-0.13846148476120157,-0.19052727883441634
2025-26,1.0,False,0.7241379310344829,0.7328244274809161,0.7204893147367841,0.7165220807236088,0.7204628679173958,-0.037806065755569544,0.04391923393483543
2025-26,1.0,False,0.437956204379562,0.4288840262582056,0.4334836916885482,0.4335279336325947,0.4383188745550391,-0.018010678882270176,-0.036944888460593045
2025-26,1.0,True,0.7931034482758622,0.8024316109422492,0.7901025905983639,0.7887960396234304,0.7920237339420383,-0.026051267625938637,0.05782708654958402
2025-26,0.0,False,0.4782608695652174,0.562043795620438,0.47372367751638933,0.46487200506629905,0.46972210643388457,-0.053732474384093065,0.3364722366212133
2025-26,1.0,False,0.8198198198198199,0.8024316109422492,0.8171171065137667,0.8088316091385896,0.8118261570707718,-0.07269115168179893,-0.11356539971218038
2025-26,0.0,True,0.5324675324675325,0.5324675324675325,0.5279364487893485,0.5323108539928639,0.5371582858712035,-0.0006293548274044457,0.0
2025-26,1.0,False,0.46753246753246747,0.447405997144217,0.4630067327675126,0.49377708542059995,0.4986477453028069,0.10516018458293498,-0.0811039781856441
2025-26,0.0,True,0.2516411378555798,0.238095238095238,0.24823097949479866,0.2223475542506884,0.22573471683181914,-0.16215937048873674,-0.07327220110632582
2025-26,0.0,True,0.46753246753246747,0.4572564612326044,0.4630067327675126,0.45498095102746416,0.45981652915801763,-0.050512065846570614,-0.04133935801356631
2025-26,1.0,False,0.7553516819571866,0.740871613663133,0.7519745035004837,0.744178265089305,0.7478698734676715,-0.05956194611828944,-0.07685799160601725
2025-26,1.0,True,0.9128630705394191,0.8944099378881987,0.9114051884215587,0.9137026657256999,0.915226641904466,0.01060139032352167,-0.21250515310915574
2025-26,0.0,True,0.46753246753246747,0.4288840262582056,0.4630067327675126,0.47853701023857576,0.48340089282724036,0.0441483794167971,-0.15635261984397852
2025-26,0.0,True,0.5324675324675325,0.3272186415468517,0.5279364487893485,0.5108211004534955,0.5156886166449938,-0.0867619666149002,-0.8508449530625963
2025-26,0.0,True,0.562043795620438,0.3766105054509415,0.5575611761924456,0.520930492116103,0.5257907985919033,-0.16568993651176256,-0.753420863611593
2025-26,1.0,False,0.3634123806590699,0.320754716981132,0.3592145896248549,0.34541939669219623,0.34983797160626967,-0.07865156671772341,-0.18972175217783638
2025-26,1.0,True,0.6233894945490585,0.6233894945490586,0.6191092519521979,0.6185504264850376,0.6231368346488122,-0.02055994765265231,0.0
2025-26,1.0,False,0.4782608695652174,0.5324675324675325,0.47372367751638933,0.4785228933412478,0.48338676545290626,0.001050056258709478,0.21706450523782783
2025-26,1.0,True,0.5324675324675325,0.4891657638136511,0.5279364487893485,0.5004081618312151,0.5052789436847377,-0.1284204805606807,-0.17339685746467037
2025-26,1.0,False,0.6727813584531482,0.6140350877192983,0.6687641930879193,0.6790632402507819,0.6832945965282038,0.02867834214882726,-0.2564862166833001
2025-26,1.0,False,0.46753246753246747,0.447405997144217,0.4630067327675126,0.4662738314442968,0.47112568205287775,-0.00505670355281293,-0.0811039781856441
2025-26,1.0,True,0.8198198198198199,0.7727272727272727,0.8171171065137667,0.8066808228020385,0.809701134956275,-0.08654174450775556,-0.2913518013407439
2025-26,0.0,True,0.3634123806590699,0.3634123806590699,0.3592145896248549,0.3804849857624751,0.38508823222204513,0.07309362268106927,0.0
2025-26,0.0,False,0.2516411378555798,0.267175572519084,0.24823097949479866,0.2597406525409795,0.26350443024842907,0.0425616573260984,0.08087847872093334
2025-26,1.0,False,0.3859649122807018,0.4009077155824508,0.38166280058587215,0.40817966534854877,0.41289466097973826,0.09280994179581432,0.06262122286283922
2025-26,1.0,True,0.6301020408163266,0.6140350877192983,0.6258522999610132,0.6440230992127951,0.6484772891542413,0.060214156278865935,-0.06834898607630524
2025-26,1.0,False,0.7553516819571866,0.6675191815856777,0.7519745035004837,0.6952919008225109,0.6994040064137134,-0.30238420984540904,-0.43037574508698506
2025-26,1.0,False,0.8641975308641975,0.8198198198198199,0.8620484734726778,0.8667605324853153,0.8689946299996335,0.022014750059430377,-0.3354727362881287
2025-26,1.0,False,0.5108342361863488,0.4572564612326044,0.5062878925839033,0.5098848691133953,0.5147528516977438,-0.0037991003179648625,-0.21473621547823624
2025-26,0.0,False,0.6792452830188679,0.7165697674418604,0.67526917078614,0.6685579439555477,0.6728610809011407,-0.048635525162571094,0.1772040210790493
2025-26,0.0,False,0.46753246753246747,0.4572564612326044,0.4630067327675126,0.4613239910949396,0.4661693222913334,-0.024960568490974076,-0.04133935801356631
2025-26,0.0,False,0.3634123806590699,0.3435114503816793,0.3592145896248549,0.36053548151684023,0.36503958708315415,-0.01245691908920023,-0.08710096426113034
2025-26,0.0,False,0.437956204379562,0.4201680672268907,0.4334836916885482,0.40623225283566117,0.4109403732174151,-0.1301023378694508,-0.07262263953753009
2025-26,0.0,True,0.41178845377472745,0.4009077155824508,0.407389473560401,0.4200073397817979,0.42476090192922,0.03383363804836243,-0.04510748535137038
2025-26,1.0,False,0.42888402625820565,0.2834302325581395,0.4244341971178947,0.4399574709046338,0.4447636778342245,0.04507108763928022,-0.6411038673867671
2025-26,1.0,False,0.9045226130653268,0.8880597014925373,0.9029400242611304,0.9069224288254767,0.9085541577288737,0.02810580559734349,-0.17744457971445193
2025-26,1.0,False,0.6428571428571429,0.6675191815856777,0.6386699102759321,0.6286113221268148,0.6331485061122535,-0.0615226925049058,0.10919929196499156
2025-26,1.0,False,0.437956204379562,0.3634123806590699,0.4334836916885482,0.4290750527089337,0.43385447323414583,-0.036165048898209345,-0.31112298259047455
2025-26,0.0,False,0.7165697674418604,0.6301020408163266,0.7128607443845563,0.7228497720193604,0.726736142005513,0.03113210242927554,-0.39485502127153993
2025-26,0.0,False,0.447405997144217,0.447405997144217,0.4429130295721094,0.48429600981288223,0.4891635180569611,0.14832047828144274,0.0
2025-26,1.0,False,0.7931034482758622,0.8198198198198199,0.7901025905983639,0.8144257208301356,0.8173524280819381,0.13529325245838414,0.1713924862617644
2025-26,0.0,False,0.6428571428571429,0.4532304725168756,0.6386699102759321,0.6029127507146832,0.6075678923705983,-0.17017019869979472,-0.7754132739257669
2025-26,0.0,False,0.562043795620438,0.4675324675324675,0.5575611761924456,0.48565415714283755,0.49052233192738626,-0.3068599850848276,-0.3795139878797815
2025-26,1.0,False,0.5990922844175492,0.5798319327731092,0.5947154282011612,0.580810062656041,0.5855461985922262,-0.07558472468918759,-0.07960088609914517
2025-26,1.0,False,0.3053435114503817,0.3272186415468517,0.3014987948098148,0.32133005863787656,0.3255937605327046,0.07431395315202453,0.10118822758851542
2025-26,0.0,True,0.3634123806590699,0.3634123806590699,0.3592145896248549,0.3806607980072731,0.3852648487405911,0.07383942042811548,0.0
2025-26,0.0,False,0.3492957746478873,0.3698979591836735,0.3451726293644288,0.32390552782772153,0.32818687791616746,-0.11374478060023142,0.08948155070935426
2025-26,1.0,True,0.1975683890577507,0.1975683890577507,0.1947003606730286,0.20589692630098125,0.20910086988904797,0.051724250493677876,0.0
2025-26,0.0,False,0.6675191815856777,0.6792452830188679,0.6634697285389151,0.6724552072572869,0.6767322116135184,0.02232472862533679,0.053319637532783015
2025-26,0.0,False,0.2591283863368669,0.2446483180428134,0.2556514252224071,0.250784680072684,0.25446329165807746,-0.04392798574079985,-0.07685799160601703
2025-26,0.0,False,0.3492957746478873,0.3634123806590699,0.3451726293644288,0.35950462652925474,0.364003184531584,0.04462129333734015,0.06155230269469891
2025-26,1.0,True,0.5882115462252725,0.4572564612326044,0.5837984261390812,0.533609295025911,0.538454937803888,-0.22193669154019324,-0.5279693861786523
2025-26,1.0,False,0.6428571428571429,0.6792452830188679,0.6386699102759321,0.6473342404773598,0.6517694016653357,0.019555345130618296,0.16251892949777458
2025-26,1.0,False,0.6301020408163266,0.6365876193409301,0.6258522999610132,0.6089683755585656,0.6135980236263046,-0.08967669396016274,0.027929248014654684
2025-26,1.0,False,0.7001620745542949,0.7165697674418604,0.6963293296682626,0.685647521122352,0.6898317187916505,-0.06822098561826083,0.07943985231315787
2025-26,1.0,False,0.8108108108108107,0.8421052631578947,0.8080046095554476,0.8324015983340901,0.8351022069461264,0.1474571306593464,0.21868920096482958
2025-26,1.0,False,0.3272186415468517,0.3272186415468517,0.3232266485669832,0.3260351050804275,0.33033085070004803,-0.005381140187432867,0.0
2025-26,1.0,False,0.6428571428571429,0.6301020408163266,0.6386699102759321,0.625759144410453,0.630310680681626,-0.07372071021526885,-0.05513207069471604
2025-26,0.0,True,0.24464831804281337,0.217391304347826,0.24130236805837793,0.22041807329074442,0.22378430125443802,-0.13587000649304443,-0.15357214350796888
2025-26,0.0,True,0.8024316109422491,0.8024316109422492,0.7995318520495359,0.8171267885865019,0.8200203109634281,0.09543935864214569,0.0
2025-26,1.0,False,0.8353510895883778,0.8279569892473118,0.832833842276458,0.833828747467098,0.8365108762682087,-0.01102756769421713,-0.052820012241351355
2025-26,1.0,False,0.8353510895883778,0.8421052631578947,0.832833842276458,0.8416825146648835,0.8442615544417135,0.046763752577026294,0.049939721716417695
2025-26,0.0,False,0.320754716981132,0.311111111111111,0.31680444895751253,0.32938482722856166,0.33370285510635184,0.039336889796578484,-0.04462428046999389
2025-26,0.0,True,0.7165697674418604,0.7085889570552146,0.7128607443845563,0.7271908386229274,0.7310389854366388,0.05290682098572952,-0.03896879655769092
2025-26,0.0,True,0.4009077155824508,0.3766105054509415,0.3965466097303552,0.37420198196979915,0.378775689875674,-0.112547568485643,-0.10227561871175095
2025-26,1.0,True,0.8279569892473118,0.8421052631578947,0.8253503314274727,0.8279430956690846,0.8307009349191805,-9.753385913645676e-05,0.10275973395776905
2025-26,0.0,True,0.5882115462252725,0.7619047619047619,0.5837984261390812,0.6064846495799529,0.6111249256554053,0.07598244124488653,0.8065739098887925
2025-26,1.0,False,0.437956204379562,0.4009077155824508,0.4334836916885482,0.44743851748120117,0.4522604526340448,0.0384352890263149,-0.15222352563667504
2025-26,1.0,False,0.5217391304347826,0.5427435387673957,0.5171983485739458,0.544987762163878,0.5498149227265645,0.09342764774394949,0.08438110927213488
2025-26,1.0,False,0.782608695652174,0.7931034482758621,0.7794979407028813,0.7746551841891876,0.778038173466203,-0.04614758256030173,0.06280090123903048
2025-26,0.0,True,0.3634123806590699,0.2591283863368669,0.3592145896248549,0.3462834981523657,0.3507072043946249,-0.07483213345224549,-0.48991986812602106
2025-26,1.0,False,0.5324675324675325,0.5882115462252725,0.5279364487893485,0.516684195584901,0.5215480149536105,-0.06329156000147865,0.22652377166868992
2025-26,1.0,True,0.5882115462252725,0.5427435387673957,0.5837984261390812,0.5809927828528267,0.5857283268457344,-0.029726709550905714,-0.1851844136551235
2025-26,1.0,False,0.8024316109422491,0.8540145985401459,0.7995318520495359,0.8218800581297016,0.8247145050071621,0.1275754823727533,0.3648798279930858
2025-26,1.0,True,0.7553516819571866,0.8024316109422492,0.7519745035004837,0.7573441467651235,0.7609068068253474,0.010811869725498642,0.27420013129658316
2025-26,0.0,True,0.6888888888888889,0.7241379310344829,0.6849768776511409,0.7113312175756541,0.7153154952470513,0.10692834468246872,0.17015102117369996
2025-26,1.0,False,0.7165697674418604,0.7553516819571866,0.7128607443845563,0.7157543927777408,0.7197016772009839,-0.004011212799976835,0.19985208647515273
2025-26,1.0,False,0.8024316109422491,0.7727272727272727,0.7995318520495359,0.7939119044113679,0.7970815287673187,-0.05289305564462539,-0.17778640162856352
2025-26,0.0,False,0.6888888888888889,0.6888888888888889,0.6849768776511409,0.6998704754379632,0.703947101622576,0.05175127794404802,0.0
2025-26,1.0,False,0.552594002855783,0.4675324675324675,0.5480924301860403,0.5498083942507799,0.5546262070836817,-0.011260545688280083,-0.34121023468203987
2025-26,0.0,False,0.2955665024630542,0.2834302325581395,0.2917931810650429,0.2923857038917593,0.29643309743705964,-0.015325263320195188,-0.05900954744113718
2025-26,1.0,False,0.6428571428571429,0.5798319327731092,0.6386699102759321,0.6334458757942706,0.6379580135645472,-0.040758294599796754,-0.26570316573300606
2025-26,1.0,True,0.34351145038167935,0.4009077155824508,0.3394209683991492,0.34850587389178705,0.3529426425230013,0.022071510750772648,0.24600042121492982
2025-26,1.0,True,0.5711159737417942,0.562043795620438,0.5666546168852621,0.5596565612552337,0.5644524715683993,-0.04663740102010479,-0.03694488846059263
2025-26,1.0,False,0.562043795620438,0.5711159737417943,0.5575611761924456,0.5434897370946384,0.5483196185849927,-0.07506121774186186,0.03694488846059263
2025-26,0.0,False,0.447405997144217,0.5324675324675325,0.4429130295721094,0.4580410457374027,0.4628815252661078,0.04292563761725307,0.34121023468204015
2025-26,0.0,False,0.2671755725190841,0.238095238095238,0.26362905692576516,0.257105247586359,0.26084429329803327,-0.0520687277577348,-0.15415067982725916
2025-26,1.0,False,0.6365876193409301,0.782608695652174,0.6323689169055409,0.6372195277362477,0.641711487525526,0.002732489789096716,0.7203500032400066
2025-26,1.0,False,0.5882115462252725,0.6140350877192983,0.5837984261390812,0.5889780371021698,0.5936864474804382,0.0031653438120353636,0.10772870821420982
2025-26,1.0,False,0.6792452830188679,0.6888888888888889,0.67526917078614,0.6745566926677868,0.6788193626503273,-0.021438146343151013,0.04462428046999389
2025-26,1.0,False,0.6301020408163266,0.6067006554989074,0.6258522999610132,0.6101933978703314,0.6148177160456068,-0.08452936575273691,-0.09919009159888098
2025-26,1.0,False,0.8807339449541286,0.8353510895883778,0.8788098768337861,0.8715523968152464,0.8737178527911142,-0.08464391215124777,-0.37536212215104636
2025-26,1.0,False,0.6301020408163266,0.5990922844175491,0.6258522999610132,0.5976344808240973,0.6023106850343037,-0.13703619039926662,-0.13097020893914485
2025-26,0.0,False,0.23809523809523803,0.1720430107526881,0.23481105107206665,0.21856024313407194,0.22190617454279823,-0.11092556172253179,-0.40806588980822167
2025-26,1.0,False,0.447405997144217,0.3932993445010924,0.4429130295721094,0.43461195226893884,0.43940558034812327,-0.05190162989645399,-0.222307396174681
2025-26,0.0,False,0.18018018018018006,0.1578947368421052,0.17750873175038756,0.16494022403890726,0.16764138806397413,-0.10679294759328006,-0.15884920060881225
2025-26,1.0,True,0.4009077155824508,0.3324808184143222,0.3965466097303552,0.3794639373165764,0.38406248889535755,-0.09013977094948313,-0.29530157159885284
2025-26,1.0,True,0.7241379310344829,0.7553516819571866,0.7204893147367841,0.7064324539396954,0.7104568236973592,-0.08696105777478368,0.1622808059105082
2025-26,1.0,True,0.8198198198198199,0.782608695652174,0.8171171065137667,0.7982734280669163,0.801392753337482,-0.13958922867314205,-0.23419338750079488
2025-26,0.0,False,0.5990922844175492,0.6301020408163266,0.5947154282011612,0.6010350912614941,0.6056978492463205,0.008095470686301027,0.13097020893914485
2025-26,1.0,True,0.4201680672268907,0.4009077155824508,0.4157428400779795,0.3986406443521118,0.4033205442175575,-0.08904881586025298,-0.07960088609914495
2025-26,1.0,True,0.6365876193409301,0.6365876193409301,0.6323689169055409,0.6147400366610271,0.6193440651635093,-0.09330270427136016,0.0
2025-26,1.0,True,0.8108108108108107,0.8198198198198199,0.8080046095554476,0.7975065703988352,0.8006347922049932,-0.08450459884335583,0.059840000356017775
2025-26,0.0,True,0.3932993445010924,0.3766105054509415,0.38896726737224196,0.3696459071343371,0.37419722623019136,-0.10027167138366398,-0.07049550137148636
2025-26,1.0,True,0.8421052631578947,0.8198198198198199,0.839671458570952,0.8264400117083767,0.8292169737267286,-0.1133723935298576,-0.1588492006088118
2025-26,0.0,False,0.1975683890577507,0.2068965517241379,0.1947003606730286,0.17735587191356778,0.18021648192209952,-0.1328035758992669,0.05782708654958446
2025-26,0.0,False,0.4201680672268907,0.3859649122807018,0.4157428400779795,0.42253853924112506,0.4272996433679761,0.009722453392641307,-0.14222210896198417
2025-26,1.0,False,0.9045226130653268,0.8880597014925373,0.9029400242611304,0.9033136079774008,0.9050019756412799,-0.013920751846063145,-0.17744457971445193
2025-26,0.0,False,0.5990922844175492,0.5882115462252725,0.5947154282011612,0.5699716348162365,0.5747405664777623,-0.11994896121380545,-0.04510748535137021
2025-26,0.0,True,0.437956204379562,0.3634123806590699,0.4334836916885482,0.39746179030539636,0.40213710538776354,-0.16659141784639847,-0.31112298259047455
2025-26,0.0,False,0.3324808184143222,0.3634123806590699,0.32845596961753815,0.33314401559318374,0.3374865236476716,0.002986725443693758,0.13640211464505336
2025-26,0.0,False,0.2955665024630542,0.2591283863368669,0.2917931810650429,0.2957456531419525,0.2998198505093023,0.0008602939835828036,-0.18200364231027266
2025-26,0.0,False,0.4009077155824508,0.3571428571428571,0.3965466097303552,0.41533874379608143,0.4200777374352742,0.05974619236500571,-0.18610227963386072
2025-26,0.0,True,0.447405997144217,0.4009077155824508,0.4429130295721094,0.4368815011333894,0.44168060632189066,-0.04267098324976598,-0.19052727883441642
2025-26,1.0,True,0.8807339449541286,0.8108108108108107,0.8788098768337861,0.8722673764713296,0.8744225155819222,-0.07824203319054357,-0.5441116013994582
2025-26,0.0,False,0.6067006554989074,0.6233894945490586,0.6023517292346332,0.6043476759636204,0.6089969051010138,-0.009850703832767285,0.07049550137148725
2025-26,1.0,False,0.320754716981132,0.2758620689655172,0.31680444895751253,0.3292098516800241,0.3335267265567514,0.03854464550179438,-0.21477530164369307
2025-26,1.0,True,0.552594002855783,0.5324675324675325,0.5480924301860403,0.5238165696747636,0.5286740880070621,-0.11581867909623719,-0.0811039781856438
2025-26,1.0,False,0.6727813584531482,0.7483588621444202,0.6687641930879193,0.6892449502149604,0.6934026760909593,0.07579991799737734,0.3690867838849573
2025-26,0.0,True,0.2758620689655172,0.2834302325581395,0.27224308372009487,0.26814012545759575,0.2719808970697036,-0.038998471317997156,0.03757128056464387
2025-26,0.0,False,0.2068965517241379,0.2068965517241379,0.20392752338233985,0.19812827157215976,0.20124196314589696,-0.054299251595291184,0.0
2025-26,1.0,False,0.7727272727272727,0.7931034482758621,0.7695167624218419,0.7830076152916299,0.7862998046342099,0.05950473069406215,0.1199593150789795
2025-26,1.0,False,0.7328244274809161,0.740871613663133,0.7292477440466136,0.751520779727643,0.7551412954725166,0.09773950842794057,0.04150358036965551
2025-26,1.0,False,0.5427435387673957,0.4572564612326044,0.5382256771526737,0.5047723197285063,0.5096422470208799,-0.15230262763737634,-0.3427849725235288
2025-26,0.0,False,0.2955665024630542,0.2446483180428134,0.2917931810650429,0.2778591895299005,0.2817855736852584,-0.08660560730391663,-0.2588616339162897
2025-26,1.0,True,0.4572564612326044,0.437956204379562,0.4527456196073573,0.41185132483924153,0.41657887901456375,-0.184924856406342,-0.07806837336981917
2025-26,1.0,True,0.6792452830188679,0.7165697674418604,0.67526917078614,0.6961290601108773,0.7002347388703482,0.07862640851281766,0.1772040210790493
2025-26,1.0,False,0.3571428571428571,0.4288840262582056,0.3529773301991497,0.3506219499135705,0.35507097569644236,-0.02851981665691274,0.3013809168099427
2025-26,0.0,False,0.5217391304347826,0.4572564612326044,0.5171983485739458,0.48614398936073544,0.49101238689144744,-0.14244961383190224,-0.2584038632513939
2025-26,1.0,False,0.6301020408163266,0.4201680672268907,0.6258522999610132,0.61594490831767,0.620543425891138,-0.06028307944255106,-0.8547380933765166
2025-26,1.0,False,0.9128630705394191,0.9128630705394192,0.9114051884215587,0.9157867633773064,0.9172772673368942,0.03732632443433591,0.0
2025-26,0.0,True,0.4572564612326044,0.3634123806590699,0.4527456196073573,0.46447107616597755,0.4693206631330469,0.02903687263652374,-0.3891913559602937
2025-26,0.0,False,0.6675191815856777,0.6301020408163266,0.6634697285389151,0.6197467056558016,0.6243274659977919,-0.2085126962966674,-0.1643313626597076
2025-26,0.0,False,0.2758620689655172,0.2516411378555798,0.27224308372009487,0.26731960099449226,0.27115297408427413,-0.04318374300386963,-0.12479771265576811
2025-26,0.0,True,0.5990922844175492,0.6233894945490586,0.5947154282011612,0.5993610021268554,0.604030435546854,0.0011189388274380832,0.10227561871175112
2025-26,1.0,True,0.6888888888888889,0.7328244274809161,0.6849768776511409,0.7022979813858153,0.7063554693101513,0.06333486530245208,0.2140702551085354
2025-26,0.0,True,0.4009077155824508,0.3859649122807018,0.3965466097303552,0.36972185903903315,0.37427355804604096,-0.13172583965763135,-0.06262122286283922
2025-26,0.0,True,0.6233894945490585,0.5990922844175491,0.6191092519521979,0.6185391094140876,0.6231255707431314,-0.020607912086748923,-0.10227561871175112
2025-26,0.0,True,0.7001620745542949,0.6888888888888889,0.6963293296682626,0.674732596808009,0.6789940592110351,-0.11840092674444261,-0.05313988829589755
2025-26,1.0,True,0.6301020408163266,0.6067006554989074,0.6258522999610132,0.6123755379525401,0.6169902180451395,-0.07534586538262283,-0.09919009159888098
2025-26,0.0,True,0.46753246753246747,0.4572564612326044,0.4630067327675126,0.44464224975270383,0.44945856204765405,-0.09228934717755959,-0.04133935801356631
2025-26,0.0,False,0.3932993445010924,0.3932993445010924,0.38896726737224196,0.38749430752188624,0.3921286794018406,-0.024392575189591315,0.0
2025-26,1.0,False,0.6675191815856777,0.5217391304347826,0.6634697285389151,0.660763563952387,0.665117207010343,-0.030287191219894836,-0.609974579877481
2025-26,1.0,False,0.7328244274809161,0.7241379310344829,0.7292477440466136,0.7267145875906306,0.7305669631928774,-0.030983034578351387,-0.04391923393483543
2025-26,1.0,False,0.7931034482758622,0.7619047619047619,0.7901025905983639,0.7743278393911569,0.7777143327945893,-0.11082272701901853,-0.1805839368954143
2025-26,1.0,False,0.8279569892473118,0.8279569892473118,0.8253503314274727,0.8354344336939623,0.8380956778074921,0.053426099649534126,0.0
2025-26,0.0,False,0.2068965517241379,0.2068965517241379,0.20392752338233985,0.20860040277732275,0.21183519269888973,0.010352200117145657,0.0
2025-26,1.0,False,0.6233894945490585,0.6792452830188679,0.6191092519521979,0.638026044686194,0.6425136205787533,0.06284683833318043,0.24634559041988435
2025-26,1.0,False,0.8641975308641975,0.8641975308641975,0.8620484734726778,0.8545863181881741,0.8569908670614135,-0.07956511419364974,0.0
2025-26,0.0,False,0.562043795620438,0.562043795620438,0.5575611761924456,0.5495058636978786,0.5543242897241757,-0.050786475861241215,0.0
2025-26,0.0,True,0.09547738693467331,0.0797546012269938,0.09391791864442382,0.08240382302636359,0.08388910635972878,-0.16160769596039837,-0.19716806491094951
2025-26,1.0,False,0.7727272727272727,0.8024316109422492,0.7695167624218419,0.7675376790291718,0.7709959323341602,-0.02931601172186832,0.17778640162856352
2025-26,0.0,False,0.3272186415468517,0.320754716981132,0.3232266485669832,0.328021987077559,0.33233100266713084,0.0036468436024638257,-0.02951376958549612
2025-26,0.0,True,0.4891657638136511,0.5324675324675325,0.48462121182986184,0.4864929335320309,0.49136148403493074,-0.010697685029614152,0.17339685746467037
2025-26,0.0,True,0.5217391304347826,0.4782608695652174,0.5171983485739458,0.4901237784474095,0.49499363895016574,-0.12652140213212554,-0.17402275397925937
2025-26,1.0,False,0.6365876193409301,0.6564885496183206,0.6323689169055409,0.6635226025064098,0.6678586355825247,0.11844809912208261,0.08710096426113012
2025-26,1.0,False,0.3932993445010924,0.4201680672268907,0.38896726737224196,0.37789851856846535,0.38248979276077477,-0.06501304006985412,0.11138100343940954
2025-26,1.0,False,0.7328244274809161,0.7241379310344829,0.7292477440466136,0.7329212462002039,0.7367178271520402,0.0004945527940377545,-0.04391923393483543
2025-26,0.0,False,0.2068965517241379,0.1975683890577507,0.20392752338233985,0.20136337275769747,0.20451493874454232,-0.03406021061569731,-0.05782708654958446
2025-26,0.0,False,0.46753246753246747,0.5217391304347826,0.4630067327675126,0.47533519736122726,0.48019650459261143,0.031313774546079025,0.2170645052378276
2025-26,1.0,False,0.6675191815856777,0.6792452830188679,0.6634697285389151,0.6843890489484381,0.6885823893606229,0.07703029655173882,0.053319637532783015
2025-26,1.0,False,0.3571428571428571,0.3634123806590699,0.3529773301991497,0.33908912727194496,0.34346921550400367,-0.07956934370394016,0.027202822680061245
2025-26,0.0,False,0.6067006554989074,0.552594002855783,0.6023517292346332,0.5770993745111683,0.5818472515053065,-0.12258724826445729,-0.2223073961746802
2025-26,1.0,False,0.7001620745542949,0.6792452830188679,0.6963293296682626,0.6976694105739488,0.7017631936044547,-0.011845482055702286,-0.09776416876589145
2025-26,0.0,True,0.8421052631578947,0.8353510895883778,0.839671458570952,0.8496509950745433,0.8521230323009825,0.05788994654068154,-0.049939721716417695
2025-26,1.0,False,0.7553516819571866,0.740871613663133,0.7519745035004837,0.7564021926722345,0.759974299387182,0.005692998974649144,-0.07685799160601725
2025-26,1.0,False,0.5324675324675325,0.5,0.5279364487893485,0.4972804213382664,0.5021513591644096,-0.14093155017329184,-0.13005312824819815
2025-26,1.0,True,0.8641975308641975,0.8540145985401459,0.8620484734726778,0.8732152296471745,0.8753566615759827,0.0790911693007126,-0.08415830800722324
2025-26,0.0,True,0.07363420427553438,0.0682196339434276,0.07240295088818596,0.06410436970613435,0.06528328212961736,-0.14883189777983347,-0.08220518238634078
2025-26,1.0,True,0.6301020408163266,0.6428571428571429,0.6258522999610132,0.6290340724067869,0.633569102322793,-0.004579388824424997,0.05513207069471604
2025-26,1.0,False,0.7165697674418604,0.7328244274809161,0.7128607443845563,0.7243331380965268,0.7282065285232427,0.03854869197891957,0.08149051449947997
2025-26,0.0,True,0.5217391304347826,0.4782608695652174,0.5171983485739458,0.5427847703171502,0.5476159020909815,0.08454725081184067,-0.17402275397925937
2025-26,0.0,False,0.1975683890577507,0.1801801801801801,0.1947003606730286,0.18467491499636293,0.18762665074360263,-0.08342801463789253,-0.11356539971218038
2025-26,1.0,False,0.8421052631578947,0.8421052631578947,0.839671458570952,0.8405730393888857,0.8431667851296628,-0.01147847471246545,0.0
2025-26,1.0,False,0.42888402625820565,0.447405997144217,0.4244341971178947,0.4431806873564373,0.4479939390529242,0.058142513633943904,0.07524864165833442
2025-26,0.0,False,0.6067006554989074,0.5324675324675325,0.6023517292346332,0.5885791031895357,0.5932889277947156,-0.07536994032060011,-0.303411374360324
2025-26,1.0,False,0.6507042253521127,0.6792452830188679,0.6465584118777064,0.6589177190008033,0.6632829794028288,0.036338783002246536,0.12816944948313702
2025-26,0.0,False,0.5217391304347826,0.4675324675324675,0.5171983485739458,0.5179067677226403,0.5227696476166871,-0.015353659327986203,-0.2170645052378276
2025-26,0.0,False,0.37661050545094144,0.2446483180428134,0.3723494337978478,0.33502872729478494,0.3393832994949011,-0.1815675555359783,-0.6234016979740866
2025-26,1.0,False,0.4891657638136511,0.4572564612326044,0.48462121182986184,0.4846336623782764,0.48950134305144494,-0.018140983530594443,-0.128048757045292
2025-26,1.0,True,0.6792452830188679,0.782608695652174,0.67526917078614,0.6562891910292417,0.6606707678010477,-0.10350469482783357,0.5306282510621707
2025-26,1.0,False,0.8944099378881988,0.9128630705394192,0.8926796143219455,0.8997805051080857,0.9015238430050205,0.05818816532093611,0.21250515310915574
2025-26,0.0,False,0.1646489104116223,0.1891891891891892,0.16216218805228813,0.1496230753305841,0.15211909114810282,-0.11352367961810193,0.16874947924841077
2025-26,1.0,False,0.9317803660565724,0.9317803660565724,0.930614931044192,0.9355057866894142,0.9366714151982403,0.06014711067287365,0.0
2025-26,0.0,False,0.5324675324675325,0.4288840262582056,0.5279364487893485,0.5055371496103783,0.5104068507327923,-0.1079036243045869,-0.4164588763403746
2025-26,0.0,True,0.437956204379562,0.4009077155824508,0.4334836916885482,0.437268870066047,0.4420688899678537,-0.0027928185042745204,-0.15222352563667504
2025-26,1.0,True,0.562043795620438,0.5711159737417943,0.5575611761924456,0.5844192689204607,0.5891434726412738,0.09148089779552893,0.03694488846059263
2025-26,0.0,True,0.46753246753246747,0.4572564612326044,0.4630067327675126,0.501035774413272,0.5059064790522243,0.13419623182774615,-0.04133935801356631
2025-26,1.0,False,0.6507042253521127,0.6792452830188679,0.6465584118777064,0.6479101920591122,0.6523420000751735,-0.0122703299227774,0.12816944948313702
2025-26,1.0,False,0.5324675324675325,0.5,0.5279364487893485,0.5258201018049261,0.5306754940038546,-0.026680767535683,-0.13005312824819815
2025-26,0.0,False,0.9045226130653268,0.8353510895883778,0.9029400242611304,0.8985643791193082,0.9003265283435389,-0.06714383649815756,-0.624481159868518
2025-26,0.0,False,0.5427435387673957,0.552594002855783,0.5382256771526737,0.5384261446954184,0.543264577727222,-0.017384223427840226,0.03976462017207738
2025-26,1.0,False,0.8807339449541286,0.8540145985401459,0.8788098768337861,0.8765281803712855,0.8786214336796194,-0.03944292802601221,-0.23295717276253503
2025-26,1.0,False,0.5798319327731092,0.5798319327731092,0.5753938345752277,0.5775917272199219,0.582338077079859,-0.009188551753631563,0.0
2025-26,0.0,False,0.6888888888888889,0.7727272727272727,0.6849768776511409,0.6686709002968542,0.6729732880738905,-0.09275000393616438,0.4288455567522278
2025-26,0.0,False,0.5324675324675325,0.5711159737417943,0.5279364487893485,0.5311890937620155,0.5360380185052162,-0.005134563769970965,0.15635261984397808
2025-26,1.0,False,0.4009077155824508,0.3634123806590699,0.3965466097303552,0.4123319425366009,0.4170611015349582,0.04735083562652148,-0.15889945695379948
2025-26,1.0,False,0.8807339449541286,0.8641975308641975,0.8788098768337861,0.8814334888704364,0.8834546383786033,0.0066766342935925815,-0.1487988647553118
2025-26,0.0,False,0.09547738693467331,0.0871369294605809,0.09391791864442382,0.08868156134897404,0.0902688659983944,-0.08132252177823843,-0.10058723690516835
2025-26,0.0,False,0.4572564612326044,0.5217391304347826,0.4527456196073573,0.450144191152982,0.45497127609016574,-0.02869563563690239,0.2584038632513939
2025-26,1.0,True,0.8024316109422491,0.8198198198198199,0.7995318520495359,0.7983048406764593,0.8014238010402385,-0.02582874817098129,0.11356539971218038
2025-26,0.0,True,0.562043795620438,0.4891657638136511,0.5575611761924456,0.5104204506122453,0.5152881705692097,-0.2077730208741097,-0.2928045888480558
2025-26,0.0,True,0.8279569892473118,0.8198198198198199,0.8253503314274727,0.8323572920292766,0.8350584731073046,0.031210110146211473,-0.05608946665104275
2025-26,0.0,False,0.2834302325581395,0.2591283863368669,0.2797503180416413,0.28495665715524976,0.2889432051581723,0.007503543805200706,-0.12299409486913548
2025-26,0.0,True,0.2834302325581395,0.2068965517241379,0.2797503180416413,0.2536063819707126,0.25731216839747173,-0.15196009593566,-0.41622513122215143
2025-26,1.0,False,0.46753246753246747,0.5217391304347826,0.4630067327675126,0.473196500736732,0.4780558648931616,0.02273625309611378,0.2170645052378276
2025-26,1.0,True,0.6888888888888889,0.7165697674418604,0.6849768776511409,0.6891007073158373,0.6932595042054827,0.0009885079238525218,0.13257974060905542
2025-26,1.0,True,0.5990922844175492,0.6233894945490586,0.5947154282011612,0.6183885238948151,0.6229756921719337,0.08102954132191591,0.10227561871175112
2025-26,1.0,True,0.7165697674418604,0.7165697674418604,0.7128607443845563,0.7358856290639438,0.739655039228002,0.09718286330642077,0.0
2025-26,1.0,False,0.9045226130653268,0.8944099378881987,0.9029400242611304,0.9040352802765546,0.9057123612759043,-0.005630106279853386,-0.11191791620398783
2025-26,0.0,False,0.5217391304347826,0.5217391304347826,0.5171983485739458,0.4981732683402442,0.5030442005190957,-0.09431833613936422,0.0
2025-26,1.0,False,0.5798319327731092,0.5217391304347826,0.5753938345752277,0.5697064276605801,0.5744761046832351,-0.041430012317450596,-0.23507212217948342
2025-26,1.0,False,0.8641975308641975,0.8279569892473118,0.8620484734726778,0.8537575065067776,0.8561734539693004,-0.08621892426281612,-0.27938326963708593
2025-26,0.0,False,0.2591283863368669,0.2272727272727272,0.2556514252224071,0.2410509637322239,0.24463341704825436,-0.09642253999784459,-0.17327172127403712
2025-26,0.0,True,0.11926605504587148,0.1646489104116223,0.11736845456622134,0.1182793781680945,0.12032650353381079,-0.009426978846848968,0.3753621221510475
2025-26,1.0,True,0.8807339449541286,0.8540145985401459,0.8788098768337861,0.8775393847067169,0.8796178492246568,-0.030066467296958097,-0.23295717276253503
2025-26,0.0,False,0.23809523809523803,0.2272727272727272,0.23481105107206665,0.24137223266205748,0.24495791955647583,0.017979853614945078,-0.0606246218164348
2025-26,0.0,False,0.2834302325581395,0.2955665024630542,0.2797503180416413,0.2786167510866736,0.2825496517212078,-0.023823746995766247,0.05900954744113718
2025-26,1.0,True,0.7001620745542949,0.6888888888888889,0.6963293296682626,0.689600374933818,0.6937554583345532,-0.04981808052191035,-0.05313988829589755
2025-26,0.0,True,0.562043795620438,0.5108342361863488,0.5575611761924456,0.5704780966818485,0.5752455973564737,0.034341178365490686,-0.2061171304151116
2025-26,1.0,False,0.3492957746478873,0.3634123806590699,0.3451726293644288,0.3510246610767103,0.35547599958728,0.0075979079875882274,0.06155230269469891
2025-26,0.0,True,0.3571428571428571,0.311111111111111,0.3529773301991497,0.34683956598976606,0.35126655882800095,-0.04517379462819514,-0.20714320996776903
2025-26,1.0,False,0.24464831804281337,0.1891891891891892,0.24130236805837793,0.22113033714863115,0.22450431025070897,-0.1317297279746235,-0.327925530652746
2025-26,1.0,True,0.447405997144217,0.5427435387673957,0.4429130295721094,0.43894378254733485,0.44374768996502767,-0.03429265653495883,0.3825495926956066
2025-26,1.0,False,0.6564885496183206,0.7044334975369458,0.6523747133995585,0.6609070782489538,0.6652598125491165,0.019654270670203165,0.22081526155461884
2025-26,0.0,False,0.4891657638136511,0.3634123806590699,0.48462121182986184,0.45715800919383787,0.4619971118965297,-0.12844547108555665,-0.5172401130055857
2025-26,1.0,False,0.24464831804281337,0.1891891891891892,0.24130236805837793,0.22579697949503225,0.22922120051082226,-0.10483616291301957,-0.327925530652746
2025-26,1.0,False,0.4009077155824508,0.4675324675324675,0.3965466097303552,0.43691576945957583,0.44171495580415904,0.14799558740828522,0.2716312570200605
2025-26,0.0,False,0.2914110429447852,0.299837925445705,0.28766910771123644,0.28544206658530696,0.2894326566835943,-0.02908416825308846,0.04047105575546739
2025-26,0.0,False,0.5217391304347826,0.6140350877192983,0.5171983485739458,0.4952874391049379,0.5001582774708407,-0.10586217877369529,0.3772942311414682
2025-26,1.0,False,0.6888888888888889,0.782608695652174,0.6849768776511409,0.6928248000613146,0.6969556884493079,0.018429009944424216,0.4860039705921768
2025-26,0.0,False,0.447405997144217,0.4117884537747275,0.4429130295721094,0.42403711482466755,0.428802565934102,-0.09506513036166855,-0.14541979348304604
2025-26,1.0,False,0.782608695652174,0.7931034482758621,0.7794979407028813,0.7881100599641369,0.7913454645741744,0.032636915555756645,0.06280090123903048
2025-26,0.0,False,0.5427435387673957,0.4782608695652174,0.5382256771526737,0.5236801078550516,0.5285377653186178,-0.07660114038631195,-0.25840386325139425
2025-26,0.0,False,0.4009077155824508,0.3766105054509415,0.3965466097303552,0.3741864777751496,0.3787601108742429,-0.11261377680483024,-0.10227561871175095
2025-26,1.0,False,0.7727272727272727,0.7619047619047619,0.7695167624218419,0.7766309389910386,0.7799926911775373,0.022364438323025634,-0.0606246218164348
2025-26,1.0,False,0.3492957746478873,0.320754716981132,0.3451726293644288,0.3394899146783727,0.3438724863409478,-0.04343200799083967,-0.12816944948313747
2025-26,0.0,False,0.320754716981132,0.2914110429447852,0.31680444895751253,0.33357473547108274,0.3379200129074606,0.05824452692409422,-0.13823522452135883
2025-26,1.0,False,0.41178845377472745,0.437956204379562,0.407389473560401,0.4111691043397336,0.415894364988428,-0.0025575624126694257,0.10711604028530466
2025-26,0.0,False,0.7931034482758622,0.7085889570552146,0.7901025905983639,0.7814355171305872,0.7847450011770363,-0.06968319901755753,-0.4551939277798428
2025-26,0.0,False,0.6365876193409301,0.6067006554989074,0.6323689169055409,0.6184739444380484,0.623060711802306,-0.07750792436156628,-0.12711933961353566
2025-26,1.0,False,0.6727813584531482,0.6888888888888889,0.6687641930879193,0.6835374635563273,0.6877369560662652,0.04928477488375631,0.07413805005548968
2025-26,0.0,False,0.6792452830188679,0.6946564885496184,0.67526917078614,0.6671078402655838,0.6714205511137668,-0.05517247488445608,0.07167445800302019
2025-26,1.0,False,0.782608695652174,0.782608695652174,0.7794979407028813,0.7819168123848508,0.7852210117471969,-0.0040620731650885845,0.0
2025-26,1.0,False,0.6888888888888889,0.7044334975369458,0.6849768776511409,0.7100408685106142,0.7140357961653493,0.10065266764057874,0.07357019316791913
2025-26,1.0,False,0.8641975308641975,0.8641975308641975,0.8620484734726778,0.86155578281915,0.8638634440861147,-0.022327645032489865,0.0
2025-26,1.0,False,0.4891657638136511,0.562043795620438,0.48462121182986184,0.4913875653825199,0.49625776127353827,0.008890583105329496,0.2928045888480558
2025-26,1.0,True,0.2591283863368669,0.2914110429447852,0.2556514252224071,0.23429721523561586,0.23781074670250993,-0.1336999146729998,0.16196289142682585
2025-26,1.0,False,0.7328244274809161,0.782608695652174,0.7292477440466136,0.7436937430902288,0.7473899699427016,0.05625613896054667,0.2719337154836414
2025-26,1.0,True,0.3634123806590699,0.4288840262582056,0.3592145896248549,0.38529628876881644,0.3899211076020556,0.0934560803896696,0.2741780941298815
2025-26,0.0,True,0.6727813584531482,0.782608695652174,0.6687641930879193,0.6759532883101935,0.6802063378081256,0.014444471425511002,0.5601420206476665
2025-26,0.0,True,0.5711159737417942,0.6067006554989074,0.5666546168852621,0.5692837810268023,0.5740546402514808,-0.007476150457689033,0.14705875451634592
2025-26,1.0,True,0.782608695652174,0.8198198198198199,0.7794979407028813,0.758406526812461,0.7619584916267667,-0.13697073927270564,0.23419338750079488
2025-26,1.0,False,0.6888888888888889,0.6675191815856777,0.6849768776511409,0.6779302532725324,0.6821695557958533,-0.0506535903332314,-0.09794391800277691
2025-26,0.0,True,0.34351145038167935,0.3932993445010924,0.3394209683991492,0.3515015757689429,0.35595564490608456,0.03523942682180151,0.21422030387466523
2025-26,0.0,True,0.7165697674418604,0.7044334975369458,0.7128607443845563,0.7128533826336988,0.7168250146326948,-0.018226797882742965,-0.05900954744113629
2025-26,1.0,True,0.8641975308641975,0.8944099378881987,0.8620484734726778,0.8699611551670859,0.872149502149003,0.05001537993873002,0.28599998626879564
2025-26,1.0,True,0.5882115462252725,0.6365876193409301,0.5837984261390812,0.5695561324371503,0.5743262306508691,-0.07653648389681339,0.20400694230516975
2025-26,1.0,True,0.6888888888888889,0.7483588621444202,0.6849768776511409,0.6964967147485397,0.7005995625096626,0.03574076654574308,0.2949487338294676
2025-26,0.0,False,0.5324675324675325,0.562043795620438,0.5279364487893485,0.4983126524349716,0.5031835809289485,-0.13680254413044846,0.11940773138338545
2025-26,0.0,False,0.14598540145985403,0.1720430107526881,0.14373205694824776,0.15254713258759126,0.15508303175023153,0.051680051652833806,0.19522496162986203
2025-26,0.0,False,0.4201680672268907,0.4288840262582056,0.4157428400779795,0.40368891150659714,0.4083878290056059,-0.06803443196219758,0.03567775107693705
2025-26,0.0,False,0.17204301075268813,0.1801801801801801,0.16946726929375938,0.16257456913891533,0.16524465802010557,-0.06797873882135316,0.056089466651043196
2025-26,1.0,False,0.37753344813882633,0.3775334481388264,0.3732681866948057,0.37892794444042,0.38352401509801726,0.0059296859381802874,0.0
2025-26,0.0,False,0.7867435158501441,0.8118668596237336,0.7836755733516588,0.8054256180808598,0.808460884494073,0.11514963755678682,0.15677975308632308
2025-26,1.0,True,0.7179705215419501,0.771505376344086,0.7142725198425094,0.7261040309083395,0.7299618150855762,0.04052802553301889,0.28241404642622225
2025-26,0.0,True,0.34252477380439467,0.3690596562184025,0.33843998394609914,0.3458252161869378,0.3502462046511106,0.014622019796547606,0.11581008240313462
2025-26,0.0,True,0.6805555555555556,0.6636481241914618,0.6765879520989925,0.6521701047329759,0.6565767138253824,-0.1277342110183451,-0.07673186802623533
2025-26,1.0,False,0.644729178800233,0.6805555555555556,0.640551622269,0.6508955589117104,0.6553097808825974,0.02702808645120927,0.1603761066401972
2025-26,1.0,False,0.7135512302607419,0.7600000000000001,0.7098187023871627,0.7357890488976429,0.7395593496136469,0.1115010883306244,0.23998498024458337
2025-26,1.0,True,0.17287630402384502,0.1918429003021148,0.17029065285492445,0.1650860409939903,0.16778911318819967,-0.05548395523800194,0.1272982622026546
2025-26,1.0,False,0.2231668437832093,0.2231668437832093,0.220029106707751,0.22728041304588745,0.23072042625806052,0.023574260584446366,0.0
2025-26,1.0,False,0.47391341473828014,0.4891657638136511,0.46938036167020314,0.4813118020984256,0.48617759308739134,0.029653543703425732,0.06109744505761851
2025-26,0.0,False,0.17766497461928926,0.1881331403762662,0.17502285657913969,0.1867525631355599,0.1897297791655725,0.060997408988463384,0.07006181867585637
2025-26,0.0,False,0.2664576802507837,0.1629006831318969,0.26291727515423624,0.2556855412296686,0.25941114992580006,-0.055845411445718855,-0.6241321535634723
2025-26,1.0,True,0.8579439252336448,0.8524590163934427,0.8557124282189903,0.8508136475015572,0.8532698696908902,-0.05731995818566564,-0.044297728529006264
2025-26,1.0,False,0.644729178800233,0.644729178800233,0.640551622269,0.6505611052787662,0.6549773145539285,0.025556543751055226,0.0
2025-26,1.0,False,0.6574752261956054,0.6369041816941223,0.653366967131338,0.6511120748428809,0.6555250079849009,-0.028132051095962313,-0.09011063584271461
2025-26,0.0,False,0.6092362344582594,0.5324675324675325,0.6048970867004264,0.6040462387818468,0.6086967165881603,-0.021749591370652313,-0.31404977256538036
2025-26,0.0,False,0.7408716136631329,0.7335423197492164,0.7373640496111179,0.726325703921436,0.7301815260806811,-0.07444386701589346,-0.03783385148069329
2025-26,0.0,True,0.7701949860724234,0.7957758771164253,0.7669594921600791,0.7677583511756542,0.7712143001705363,-0.013715910240696516,0.1506870247998855
2025-26,1.0,False,0.3962430290578221,0.3775334481388264,0.39189947233752087,0.37339188400618234,0.3779616706063716,-0.09654881716203977,-0.07888670761963712
2025-26,1.0,False,0.8878143133462283,0.8933823529411765,0.8859896834950627,0.8873818421231139,0.8893143258783055,-0.004334785376280174,0.057158413839948796
2025-26,0.0,False,0.5,0.2742474916387959,0.4954524171900907,0.35277508485233827,0.35723640179715055,-0.6068631613601916,-0.9731781062762068
2025-26,1.0,False,0.4365079365079364,0.3690596562184025,0.43203884486775945,0.4212266043622431,0.4259838307451527,-0.062393395684348624,-0.2809063229780909
2025-26,1.0,True,0.7857142857142857,0.7659021045164341,0.782635627385021,0.7852521824566696,0.7885195150813911,-0.0027424644352054273,-0.11396800808756713
2025-26,0.0,True,0.690792883054068,0.7508125677139762,0.6868939316584368,0.7065884822120064,0.710611589257363,0.0750436032829797,0.2991219802546905
2025-26,0.0,True,0.3907637655417407,0.355270821199767,0.38644182773584534,0.37248333817235413,0.3770486962808071,-0.07747501547266031,-0.15184707472770165
2025-26,0.0,False,0.1881331403762662,0.182741116751269,0.18537043894643798,0.18931519847115397,0.19232360671592888,0.007720473335218754,-0.03569897146123879
2025-26,1.0,False,0.5829926410466066,0.6092362344582594,0.5785636629413651,0.5304558731463197,0.5353057472282674,-0.21309620098517063,0.10903220611765424
2025-26,0.0,False,0.4956702459300312,0.551441114716549,0.4911233622411001,0.479453770235713,0.48431831656172725,-0.06491177566474383,0.22381454252821112
2025-26,0.0,False,0.2408466123342659,0.2042241228835748,0.23753630594045466,0.2121068720451267,0.2153812388395606,-0.16422861392190513,-0.21205597117617736
2025-26,0.0,False,0.2804746494066882,0.4066302458405761,0.2768182844921453,0.2796066862511306,0.28354806808173416,-0.004304993350627263,0.5641949643912905
2025-26,1.0,True,0.6805555555555556,0.740871613663133,0.6765879520989925,0.6735168053452674,0.677786589759107,-0.03219161058158933,0.29417762816660153
2025-26,0.0,False,0.6574752261956054,0.6309403437815976,0.653366967131338,0.6465154290058699,0.6509553352300198,-0.04830587179889922,-0.1158100824031344
2025-26,1.0,False,0.6369041816941224,0.6309403437815976,0.6326870337050478,0.6164653822363699,0.6210615018521389,-0.08738017710571332,-0.02569944656041978
2025-26,1.0,False,0.6750312469954812,0.740871613663133,0.6710281968183384,0.6633439086923513,0.6676810912067523,-0.052798285580903014,0.319473761807894
2025-26,1.0,False,0.8081570996978852,0.7600000000000001,0.805320987490636,0.7926938152619935,0.7958773570308031,-0.09683947646090842,-0.2854001504990289
2025-26,1.0,False,0.4572564612326044,0.448558885283451,0.4527456196073573,0.4731515015816404,0.4780108229376263,0.06389509486653117,-0.035102607066266445
2025-26,0.0,True,0.44855888528345095,0.4891657638136511,0.4440636438513201,0.4895161813179103,0.4943858584105436,0.16455367147795041,0.16315136411155845
2025-26,1.0,True,0.8869565217391304,0.8933823529411765,0.8851197457161499,0.8907048673249389,0.8925872314436119,0.037937816808326155,0.0657421575313406
2025-26,1.0,False,0.8761776581426649,0.8869565217391304,0.8741905852500373,0.8840932593538032,0.8860749291330277,0.07505558110959214,0.10330239066320512
2025-26,1.0,False,0.644729178800233,0.6636481241914618,0.640551622269,0.6466855207097951,0.651124443378872,0.008551606644899776,0.08364423861396186
2025-26,0.0,True,0.7508125677139763,0.7001620745542949,0.7473936848680003,0.7300032351604435,0.7338262319825303,-0.10831170125832888,-0.2548809271009229
2025-26,1.0,False,0.5324675324675325,0.5996387718242023,0.5279364487893485,0.527755112655418,0.5326083031883868,-0.01891843408037583,0.2739070886805461
2025-26,0.0,True,0.7335423197492164,0.7571884984025559,0.7299717055339964,0.6912593264055121,0.6954020116195434,-0.2066564945388487,0.12465694198141475
2025-26,1.0,True,0.182741116751269,0.3092071169459319,0.18004003702194118,0.18342377470074075,0.18636008381120228,0.00456434678913413,0.6940567165163353
2025-26,1.0,True,0.817258883248731,0.8370993168681029,0.814526446455526,0.8016698811648171,0.804749532493549,-0.10112143208811457,0.138916585902503
2025-26,0.0,True,0.7095435684647302,0.7508125677139762,0.7057803518145171,0.7053219095715854,0.709355239715613,-0.020397548174226947,0.20978237581340775
2025-26,1.0,True,0.771505376344086,0.7571884984025559,0.7682827812177262,0.780628024633705,0.783946355107823,0.05249898961286438,-0.07950415842050451
2025-26,0.0,True,0.2664576802507837,0.2231668437832093,0.26291727515423624,0.2584097114229431,0.26216103319941303,-0.041580705959657654,-0.23463607016492505
2025-26,0.0,False,0.2132564841498559,0.2086383601756954,0.2102203801111033,0.2159245906275616,0.21924149330758952,0.015830730095357813,-0.027745935389768217
2025-26,0.0,True,0.5,0.4891657638136511,0.4954524171900907,0.4887226342014166,0.4935920500785322,-0.04511711483062609,-0.04334372921647221
2025-26,1.0,False,0.5,0.5324675324675325,0.4954524171900907,0.49677076991662,0.5016416970391666,-0.012917099933616573,0.13005312824819815
2025-26,1.0,False,0.593369754159424,0.5260865852617197,0.5889732859589498,0.5963428876175649,0.6010240814780327,0.012336580063196389,-0.2734722762347159
2025-26,0.0,False,0.4066302458405761,0.4365079365079364,0.402248686476981,0.37940282066497105,0.3840010899258343,-0.11417026441937812,0.12256675869996086
2025-26,0.0,False,0.44855888528345095,0.4170073589533933,0.4440636438513201,0.4178384600639303,0.4225853602802712,-0.12515797726539707,-0.1285756013678936
2025-26,0.0,False,0.17287630402384502,0.1776649746192893,0.17029065285492445,0.1630394611411058,0.16571567438202975,-0.07040673641352732,0.03312964889709913
2025-26,1.0,False,0.593369754159424,0.593369754159424,0.5889732859589498,0.60280811636041,0.6074636860361491,0.039265982562570786,0.0
2025-26,0.0,False,0.7659021045164341,0.7571884984025559,0.7626247977658676,0.7439401901623064,0.7476340690028812,-0.11876538337811467,-0.047988175193893756
2025-26,0.0,False,0.24,0.24,0.23669770175560872,0.23721469164774528,0.24075821731534014,-0.015331500433231292,0.0
2025-26,1.0,False,0.644729178800233,0.5173641257162701,0.640551622269,0.6403882210326363,0.6448628124550198,-0.018900445538741394,-0.5264655297477707
2025-26,0.0,False,0.4572564612326044,0.3092071169459319,0.4527456196073573,0.43231650150716383,0.43710438504474225,-0.10101359382038282,-0.6324362237502537
2025-26,0.0,False,0.6164383561643836,0.7095435684647302,0.612128266884414,0.6169161876160105,0.6215102217827124,0.0020214000052242165,0.4187103348581845
2025-26,1.0,False,0.8677165354330709,0.8800000000000001,0.8656145062223362,0.8654837897224197,0.8677360283226746,-0.019314079537329443,0.11151215438060569
2025-26,1.0,False,0.7440690150970525,0.7600000000000001,0.7405895769247807,0.7495771601495683,0.7532166961430014,0.02913243770188592,0.08545353509094733
2025-26,1.0,False,0.299837925445705,0.2284946236559139,0.29603298946597584,0.28670863203626507,0.29070972528743383,-0.06335374380453804,-0.36876119610351943
2025-26,1.0,False,0.35527082119976705,0.3962430290578221,0.35111520318136225,0.34985108110507024,0.35429566209044205,-0.023743885716702273,0.17480595732079784
2025-26,0.0,False,0.24,0.2042241228835748,0.23669770175560872,0.2339770206311124,0.2374872397063532,-0.033309750423949694,-0.20742004248325396
2025-26,0.0,False,0.5,0.4365079365079364,0.4954524171900907,0.5043670496101818,0.5092370875105142,0.017468642645257243,-0.25534669180884495
2025-26,1.0,False,0.7095435684647302,0.7135512302607419,0.7057803518145171,0.6998153644810468,0.7038924225215596,-0.046749516302385344,0.019526215240502465
2025-26,1.0,False,0.6750312469954812,0.7095435684647302,0.6710281968183384,0.6740514600724391,0.6783175918335285,-0.004463006210238112,0.1621383659131158
2025-26,0.0,False,0.44855888528345095,0.6309403437815976,0.4440636438513201,0.44663172122603123,0.4514520654056514,-0.00779428661595697,0.7427481081149669
2025-26,0.0,False,0.6750312469954812,0.705033164260632,0.6710281968183384,0.6815717181242236,0.6857853050000489,0.02997425773944286,0.14035196587251064
2025-26,1.0,False,0.6805555555555556,0.6690070210631895,0.6765879520989925,0.6562573934731527,0.6606391659927296,-0.10966614255824221,-0.052628690726379324
2025-26,0.0,False,0.1420560747663551,0.1011419249592169,0.13985344885182513,0.1292635615567365,0.13147244915425993,-0.10916903189265625,-0.38628355433360917
2025-26,1.0,False,0.5634920634920635,0.6092362344582594,0.5590126368352563,0.5554089934665175,0.5602148124122571,-0.03279669739925434,0.1887562090047341
2025-26,1.0,False,0.4782608695652174,0.4739134147382802,0.47372367751638933,0.45341131571042087,0.45824423779279766,-0.09988549907742254,-0.017429797284461035
2025-26,0.0,False,0.6369041816941224,0.6309403437815976,0.6326870337050478,0.6294510703086018,0.6339839686949864,-0.03208983871038687,-0.02569944656041978
2025-26,0.0,False,0.8081570996978852,0.827123695976155,0.805320987490636,0.8007082639228745,0.8037991927173561,-0.047352756157354646,0.12729826220265483
2025-26,0.0,False,0.7571884984025559,0.7768331562167907,0.753828412216121,0.7715882939960483,0.7750039523073212,0.07997458031452662,0.1099791281835103
2025-26,1.0,False,0.8223350253807106,0.771505376344086,0.8196617411122857,0.8276326300603276,0.8303944262412853,0.03669302785921862,-0.31541731447366517
2025-26,0.0,False,0.44855888528345095,0.5108342361863488,0.4440636438513201,0.45764517694055423,0.4624850429990861,0.036668812014468616,0.24983882254450268
2025-26,1.0,False,0.36905965621840253,0.355270821199767,0.3648340182623132,0.36298084073439885,0.36749793908718803,-0.026196665147035732,-0.059696960754344164
2025-26,0.0,False,0.5173641257162701,0.5173641257162701,0.5128205924084027,0.552440454897989,0.5572527828263839,0.14105161730661747,0.0
2025-26,1.0,False,0.5108342361863488,0.4891657638136511,0.5062878925839033,0.5293719226276832,0.5342231618514706,0.07427938551677747,-0.0866874584329442
2025-26,0.0,False,0.6164383561643836,0.6574752261956054,0.612128266884414,0.6134117637664744,0.6180218025075975,-0.012781687660325773,0.17760511759495473
2025-26,0.0,False,0.6574752261956054,0.6224665518611737,0.653366967131338,0.6579614389330822,0.6623326662325263,0.00215974660856446,-0.15203237134995085
2025-26,1.0,False,0.44855888528345095,0.4891657638136511,0.4440636438513201,0.4346207661797571,0.43941441591923547,-0.05652777399604684,0.16315136411155845
2025-26,1.0,False,0.38356164383561636,0.3425247738043946,0.3792697739547536,0.3591360114552258,0.36363257561648205,-0.10465808972276926,-0.1776051175949545
2025-26,0.0,False,0.7095435684647302,0.6957699520733487,0.7057803518145171,0.7063073661603071,0.710332747556878,-0.015651566200276384,-0.06593338921202752
2025-26,0.0,False,0.3146067415730336,0.2904564315352697,0.3106975556592592,0.3192388387188721,0.3234880185804885,0.021397360371536646,-0.11449896045519314
2025-26,1.0,False,0.38356164383561636,0.3775334481388264,0.3792697739547536,0.39139565542433696,0.3960465167518065,0.033008558328031345,-0.02557274624500333
2025-26,1.0,False,0.35527082119976705,0.3425247738043946,0.35111520318136225,0.3633875856289538,0.36790682233310684,0.03525895348236806,-0.056113121648790454
2025-26,1.0,False,0.7179705215419501,0.7001620745542949,0.7142725198425094,0.7032137682170811,0.7072639772030549,-0.07176810863362311,-0.08634714967729706
2025-26,0.0,False,0.36309581830587784,0.4066302458405761,0.35889962233995704,0.3333802798155984,0.3377243078722518,-0.13098346747975576,0.18403901083854962
2025-26,0.0,False,0.38356164383561636,0.3690596562184025,0.3792697739547536,0.39360293530667595,0.39826286156881086,0.042265608562369925,-0.06179503519181989
2025-26,1.0,False,0.2231668437832093,0.2284946236559139,0.220029106707751,0.22238244527468984,0.22576998506169846,-0.0045302732366851,0.0304749697630049
2025-26,1.0,False,0.8677165354330709,0.9039548022598868,0.8656145062223362,0.8790520283172156,0.8811082977756666,0.10256560893987961,0.36104246086800673
2025-26,1.0,False,0.4782608695652174,0.4572564612326044,0.47372367751638933,0.4775957234360857,0.48245889041494244,-0.002665779558423828,-0.08438110927213455
2025-26,1.0,False,0.7179705215419501,0.740871613663133,0.7142725198425094,0.7032956191331187,0.7073451759722738,-0.07137589106017084,0.11608679750499629
2025-26,1.0,False,0.8800000000000001,0.8869565217391304,0.878065730721519,0.8834354124382732,0.8854268719165699,0.032942501141631046,0.06759329113252721
2025-26,0.0,False,0.3194444444444444,0.2340978954835658,0.31550281778930594,0.3129355131803983,0.31713987904790436,-0.030104931777264386,-0.42898889386121697
2025-26,0.0,True,0.4572564612326044,0.3962430290578221,0.4527456196073573,0.4468916983584056,0.4517125579816795,-0.04184506021617043,-0.24975153195871796
2025-26,1.0,True,0.6636481241914618,0.7220792588780237,0.6595755681006343,0.698883482955194,0.7029678256173603,0.16239253347114413,0.27520472638889937
2025-26,0.0,False,0.6957699520733487,0.6164383561643836,0.6919057687875548,0.7017188262087751,0.7057809007566979,0.02826128821677651,-0.35277694564615697
2025-26,1.0,True,0.2664576802507837,0.3092071169459319,0.26291727515423624,0.28604046724479776,0.2900360275431086,0.09797686962090339,0.2088411488553671
2025-26,0.0,True,0.6574752261956054,0.6805555555555556,0.653366967131338,0.6492500183771287,0.6536739763920947,-0.03631888493080705,0.1042629849914064
2025-26,0.0,False,0.5217391304347826,0.4739134147382802,0.5171983485739458,0.5422562111590729,0.5470882676812567,0.08241761249816419,-0.1914525512637204
2025-26,1.0,False,0.7659021045164341,0.7999999999999999,0.7626247977658676,0.7674429698703689,0.7709022115776251,0.00861370847132334,0.20097938507719637
2025-26,1.0,False,0.6369041816941224,0.6690070210631895,0.6326870337050478,0.6329290655826072,0.6374439239138765,-0.01714921734274452,0.1417449301077417
2025-26,1.0,False,0.42794036443953615,0.4572564612326044,0.42349306604951903,0.4351904367822563,0.43998548004968563,0.02955449638246426,0.11886690720431742
2025-26,0.0,False,0.7913616398243045,0.8223350253807106,0.7883422608295344,0.797461611009693,0.8005903537037932,0.037351615624623816,0.19909563637241212
2025-26,1.0,False,0.551441114716549,0.5427435387673957,0.546937452732281,0.5410317158649652,0.5458658730042217,-0.04199830160871865,-0.03510260706626614
2025-26,1.0,True,0.551441114716549,0.5217391304347826,0.546937452732281,0.5335248534697477,0.538370614591562,-0.07219418037923207,-0.11948371633840102
2025-26,0.0,False,0.38356164383561636,0.3907637655417407,0.3792697739547536,0.4009720552944512,0.4056608620732138,0.07304146763809992,0.030355078781537592
2025-26,0.0,True,0.44855888528345095,0.5260865852617197,0.4440636438513201,0.44015216809130875,0.44495881208417565,-0.03404942104596209,0.31093626760212095
2025-26,0.0,False,0.2949668357393679,0.2779207411219763,0.29119800526997075,0.2843462582953754,0.2883277101965551,-0.05162181973731441,-0.0834170261314453
2025-26,0.0,False,0.6309403437815976,0.6092362344582594,0.6266945281087104,0.6202887957248339,0.6248669785437696,-0.045478820675569104,-0.0921501139733577
2025-26,1.0,True,0.3907637655417407,0.4170073589533933,0.38644182773584534,0.4129996543940664,0.41773102792443,0.09252424836159988,0.10903220611765413
2025-26,1.0,False,0.8316498316498315,0.827123695976155,0.8290875750408953,0.8281516467062449,0.8309068258732212,-0.02478146640802641,-0.031987408559760455
2025-26,1.0,False,0.725752508361204,0.7135512302607419,0.7221170520921916,0.7296233300814613,0.7334497419873711,0.019534247950342573,-0.06048357658240344
2025-26,1.0,True,0.17287630402384502,0.172876304023845,0.17029065285492445,0.17815682514003303,0.18102751104832382,0.036492533144126024,0.0
2025-26,0.0,True,0.12,0.1066176470588235,0.11809228774983567,0.1129361073078514,0.114902805317244,-0.06866461062597637,-0.1333354486638687
2025-26,1.0,False,0.7659021045164341,0.8223350253807106,0.7626247977658676,0.7809775528811896,0.7842920571907553,0.08605720905126575,0.3469332977002759
2025-26,1.0,False,0.7600000000000002,0.7571884984025559,0.756666316974284,0.7449751821585583,0.7486591746932075,-0.0806894699436165,-0.015352709089586192
2025-26,1.0,False,0.8800000000000001,0.8370993168681029,0.878065730721519,0.8811173724918728,0.8831431962819463,0.010623995896764035,-0.3556281522593512
2025-26,1.0,False,0.6092362344582594,0.6690070210631895,0.6048970867004264,0.5925883748282545,0.597283705991747,-0.06942692151551344,0.2595944906415192
2025-26,1.0,False,0.5108342361863488,0.4956702459300312,0.5062878925839033,0.5017469506819866,0.5066175492781875,-0.036355898054140336,-0.06066317841665242
2025-26,1.0,False,0.8933823529411765,0.8869565217391304,0.8916372303193011,0.900783211656128,0.902510997102649,0.08019176939939474,-0.0657421575313406
2025-26,0.0,False,0.3363518758085381,0.3194444444444444,0.33230349423527833,0.31909478640681394,0.3233429595882452,-0.07834070049883426,-0.07673186802623488
2025-26,0.0,False,0.5996387718242023,0.5720596355604638,0.5952638511496052,0.5943129615044267,0.5990018667067692,-0.022136186301458527,-0.11370082346266291
2025-26,1.0,True,0.6574752261956054,0.6853932584269663,0.653366967131338,0.6256003234002596,0.6301526496182638,-0.13867527183527306,0.12660625680803683
2025-26,1.0,True,0.7440690150970525,0.7768331562167907,0.7405895769247807,0.7327339359898669,0.7365322224349958,-0.05868797505303991,0.18007995418487144
2025-26,1.0,True,0.3042300479266513,0.3194444444444444,0.30039328862364684,0.29818370873576316,0.3022770768599336,-0.028726982348973286,0.07090884305979572
2025-26,0.0,True,0.5043297540699688,0.4956702459300312,0.4997821541025905,0.48171931329796713,0.48658535926543006,-0.09047480405317103,-0.03463889840036069
2025-26,1.0,False,0.299837925445705,0.2864487697392581,0.29603298946597584,0.3107493552777846,0.3149378129659873,0.051451433524652576,-0.0646247665280173
2025-26,0.0,False,0.6092362344582594,0.6574752261956054,0.6048970867004264,0.6059587814449099,0.6106012771006233,-0.013746453923351212,0.2079601963764921
2025-26,1.0,False,0.6805555555555556,0.705033164260632,0.6765879520989925,0.6595688857296278,0.6639300628454617,-0.09495246157790747,0.11505583223121818
2025-26,0.0,False,0.7913616398243045,0.7659021045164341,0.7883422608295344,0.7647130729780888,0.7682006564905949,-0.15445767732407906,-0.1478376613278638
2025-26,1.0,False,0.6092362344582594,0.5720596355604638,0.6048970867004264,0.5968210302606846,0.6015003845070175,-0.0518661711846518,-0.1538435073474972
2025-26,0.0,True,0.4572564612326044,0.4739134147382802,0.4527456196073573,0.4377129386056244,0.44251399988902923,-0.07905671442239808,0.06695131198767351
2025-26,0.0,True,0.2428115015974441,0.2231668437832093,0.23948270829010165,0.2418898438468783,0.24548073192026768,-0.00501946716465583,-0.10997912818351008
2025-26,1.0,True,0.3146067415730336,0.3309929789368104,0.3106975556592592,0.3189058459329091,0.3231526975036525,0.019864704266495677,0.07497196254300997
2025-26,0.0,True,0.44855888528345095,0.3907637655417407,0.4440636438513201,0.4310666253565071,0.4358512943159287,-0.0710055805767951,-0.23760780748554772
2025-26,1.0,False,0.6092362344582594,0.4891657638136511,0.6048970867004264,0.6160965957822413,0.6206944155748344,0.028909892334052334,-0.48744663003005073
2025-26,1.0,False,0.7095435684647302,0.725752508361204,0.7057803518145171,0.7125268811846458,0.7165012331675267,0.014519968862924892,0.0800097918229059
2025-26,0.0,False,0.4826358742837298,0.4675324675324675,0.47809521030313673,0.4814901273157592,0.48635603067932276,-0.004588895540723345,-0.060568682454688355
2025-26,1.0,False,0.6369041816941224,0.6164383561643836,0.6326870337050478,0.651941094143862,0.6563490757429465,0.06563001494117432,-0.08749448175224012
2025-26,0.0,False,0.8081570996978852,0.7477827050997783,0.805320987490636,0.8057725190796741,0.8088036586134576,-0.015308246348330237,-0.3512582231806096
2025-26,0.0,False,0.6092362344582594,0.5720596355604638,0.6048970867004264,0.5839131580540159,0.5886390654502949,-0.10524462415776974,-0.1538435073474972
2025-26,1.0,False,0.5173641257162701,0.4675324675324675,0.5128205924084027,0.4965572733188883,0.5014281929493385,-0.08325557014793346,-0.19953757404170697
2025-26,0.0,False,0.3194444444444444,0.2591283863368669,0.31550281778930594,0.2972406666400309,0.3013266472927488,-0.10414627265858499,-0.294177628166602
2025-26,1.0,False,0.6224665518611737,0.6224665518611737,0.6181822444816055,0.619580282690243,0.6241618320569677,-0.012263602871054553,0.0
2025-26,0.0,False,0.41700735895339336,0.3630958183058778,0.41259173322489107,0.4029456568703711,0.40764183710423374,-0.05813573519320038,-0.22688176665143117
2025-26,0.0,False,0.6369041816941224,0.6690070210631895,0.6326870337050478,0.6436397106571262,0.6480960765273807,0.02924438491008713,0.1417449301077417
2025-26,0.0,False,0.47391341473828014,0.4572564612326044,0.46938036167020314,0.4655894022243268,0.4704404083664099,-0.033419144306273185,-0.06695131198767351
2025-26,1.0,False,0.21809369951534732,0.2284946236559139,0.2150075491541512,0.2180314164011159,0.22137154544957502,-0.00036527269642885885,0.059979169008897326
2025-26,1.0,False,0.2522172949002217,0.2664576802507837,0.24880192448585656,0.24543536340145955,0.24906159346651427,-0.03628587836936062,0.07415157838942044
2025-26,0.0,True,0.37753344813882633,0.3363518758085381,0.3732681866948057,0.3465447191712302,0.3509699708541351,-0.13423150466862466,-0.1795634883151228
2025-26,0.0,True,0.6805555555555556,0.5324675324675325,0.6765879520989925,0.6685287206880905,0.6728320513731335,-0.05478789097428993,-0.6262729539332789
2025-26,1.0,False,0.6574752261956054,0.551441114716549,0.653366967131338,0.6630438617205983,0.6673829714990389,0.024825278840798014,-0.4455680038620399
2025-26,1.0,True,0.7408716136631329,0.7001620745542949,0.7373640496111179,0.7299965039162924,0.7338195612958914,-0.0558988727455941,-0.20243394718229335
2025-26,0.0,False,0.771505376344086,0.8316498316498315,0.7682827812177262,0.7595052360370805,0.7630460943053412,-0.06686206104406384,0.38053437193052586
2025-26,0.0,True,0.35527082119976705,0.3775334481388264,0.35111520318136225,0.34406800140201305,0.34847849241306694,-0.04926783102406618,0.09591924970116072
2025-26,1.0,True,0.3962430290578221,0.3962430290578221,0.39189947233752087,0.37892163571328547,0.3835176771028956,-0.07298382845405094,0.0
2025-26,1.0,False,0.4365079365079364,0.4365079365079364,0.43203884486775945,0.43938900779444934,0.44419393013612185,0.011704588579384237,0.0
2025-26,0.0,True,0.8933823529411765,0.8524590163934427,0.8916372303193011,0.8990648582109501,0.900819272722353,0.0611114132915625,-0.3717464721088666
2025-26,1.0,False,0.41700735895339336,0.4170073589533933,0.41259173322489107,0.42108102077940146,0.4258378127016969,0.016733422749540844,0.0
2025-26,1.0,True,0.817258883248731,0.7999999999999999,0.814526446455526,0.8198767203593157,0.8227361708486388,0.017627058047471417,-0.11159106540846286
2025-26,1.0,False,0.8720930232558137,0.8524590163934427,0.8700501229807092,0.8736051803626962,0.8757409631556186,0.013625197146668433,-0.16557369949273038
2025-26,1.0,False,0.34252477380439467,0.3092071169459319,0.33843998394609914,0.31920653146800654,0.3234554856280734,-0.10535755885109065,-0.15176561282194745
2025-26,1.0,False,0.4066302458405761,0.3835616438356164,0.402248686476981,0.3923832904864327,0.3970382314830893,-0.05939167675360184,-0.09654452908631017
2025-26,1.0,False,0.3146067415730336,0.2864487697392581,0.3106975556592592,0.30501308743231476,0.3091589083242085,-0.044868975250551585,-0.13402517569569516
2025-26,0.0,True,0.37753344813882633,0.3425247738043946,0.3732681866948057,0.39974821299238167,0.4044323707709385,0.0935163950286987,-0.15203237134995118
2025-26,0.0,False,0.4003612281757977,0.4279403644395361,0.3960021375670633,0.423624792124675,0.42838905595660176,0.0960495049631874,0.1137008234626623
2025-26,0.0,False,0.38356164383561636,0.3425247738043946,0.3792697739547536,0.37725958134244425,0.3818478575808992,-0.02673829370817575,-0.1776051175949545
2025-26,1.0,False,0.8524590163934428,0.827123695976155,0.8501564075563418,0.8568793802583579,0.859252256202708,0.035590251542219134,-0.1886412186051385
2025-26,1.0,False,0.3907637655417407,0.4675324675324675,0.38644182773584534,0.3903898644699409,0.3950365318221239,-0.0015708376554172537,0.31404977256538047
2025-26,0.0,False,0.2522172949002217,0.2559309849029475,0.24880192448585656,0.25830760271439307,0.26205796599085157,0.032037972285695666,0.019595462409366604
2025-26,1.0,True,0.8869565217391304,0.8800000000000001,0.8851197457161499,0.8863037221304785,0.8882523762928182,-0.006494426263819117,-0.06759329113252721
2025-26,1.0,True,0.5217391304347826,0.551441114716549,0.5171983485739458,0.4995533154173922,0.5044241777539785,-0.08879811579539813,0.11948371633840102
2025-26,0.0,False,0.6369041816941224,0.593369754159424,0.6326870337050478,0.6518998078689465,0.6563080366895249,0.0654480730989963,-0.1840390108385498
2025-26,1.0,True,0.4782608695652174,0.4739134147382802,0.47372367751638933,0.4568893859761089,0.46172806380099374,-0.08586031348545196,-0.017429797284461035
2025-26,0.0,True,0.2132564841498559,0.2231668437832093,0.2102203801111033,0.1998767259475413,0.20301093880011664,-0.08165830013016907,0.05810077294847993
2025-26,1.0,False,0.7659021045164341,0.7571884984025559,0.7626247977658676,0.7707255270433675,0.7741503106852766,0.027097480382858523,-0.047988175193893756
2025-26,0.0,False,0.44855888528345095,0.4279403644395361,0.4440636438513201,0.4429436769902153,0.447756424504174,-0.022728638011386283,-0.08376430013805097
2025-26,0.0,False,0.5108342361863488,0.4739134147382802,0.5062878925839033,0.5151719619236628,0.5200368628641724,0.017362754962092643,-0.14778490349056272
2025-26,0.0,False,0.2820294784580499,0.2820294784580499,0.27836068577410705,0.27131243602813576,0.27518156167217966,-0.05355708836781818,0.0
2025-26,1.0,False,0.41700735895339336,0.355270821199767,0.41259173322489107,0.38942689563445176,0.3940695104006262,-0.11465117677764707,-0.2608792808453558
2025-26,0.0,False,0.3092071169459319,0.2904564315352697,0.30533513523991684,0.3061347099584053,0.31028896967609665,-0.014423891382930938,-0.08933960444128308
2025-26,1.0,False,0.4826358742837298,0.5260865852617197,0.47809521030313673,0.4803703835784706,0.4852355607578456,-0.009074397078550893,0.17392562006759987
2025-26,1.0,False,0.644729178800233,0.690792883054068,0.640551622269,0.6193821348336792,0.6239646222378826,-0.10902344435584904,0.2078787344707378
2025-26,0.0,False,0.41700735895339336,0.3690596562184025,0.41259173322489107,0.39706048510545006,0.4017342270092655,-0.08265756551434184,-0.2011823200910116
2025-26,0.0,False,0.8118668596237336,0.7999999999999999,0.809072633960564,0.7898361583260115,0.7930521275003544,-0.13824835060773685,-0.07589209394722318
2025-26,1.0,False,0.8800000000000001,0.8720930232558138,0.878065730721519,0.887943580174501,0.8898676210389541,0.07747554754555135,-0.07283732395226838
2025-26,1.0,False,0.551441114716549,0.593369754159424,0.546937452732281,0.5669904823407574,0.5717676353900865,0.06308771576550047,0.1714183571807755
2025-26,0.0,False,0.6853932584269663,0.7001620745542949,0.6814576168934005,0.6400219615624672,0.6444985803750102,-0.20320988854090727,0.06940040916767776
2025-26,0.0,False,0.1957070707070707,0.1776649746192893,0.19285956829079773,0.20318887710264916,0.20636163172415942,0.046862848558480164,-0.11890373509005392
2025-26,0.0,False,0.4891657638136511,0.448558885283451,0.48462121182986184,0.5019184245734443,0.5067889946530768,0.05101746516647157,-0.16315136411155845
2025-26,0.0,False,0.6309403437815976,0.6224665518611737,0.6266945281087104,0.6416486430654716,0.6461162179401297,0.04627390509253777,-0.03622228894681645
2025-26,1.0,False,0.7768331562167907,0.8579439252336449,0.7736636578791571,0.7767080516382601,0.7800689719178063,-0.0007214878918352513,0.5510109407419044
2025-26,0.0,False,0.2428115015974441,0.2180936995153473,0.23948270829010165,0.22306650605071315,0.22646143146135722,-0.1105579920740198,-0.1394833274294025
2025-26,1.0,False,0.3907637655417407,0.3630958183058778,0.38644182773584534,0.38749753872970305,0.39213192451367196,-0.01374056288976734,-0.11784956053377704
2025-26,1.0,False,0.8042929292929294,0.8579439252336449,0.8014137284909789,0.7714035273465978,0.7748211423036283,-0.1970912412626314,0.38497233112129736
2025-26,0.0,False,0.299837925445705,0.1599999999999999,0.29603298946597584,0.2984262178950313,0.3025214800858574,-0.006733582423894557,-0.8101583134377474
2025-26,0.0,False,0.36905965621840253,0.355270821199767,0.3648340182623132,0.3362665379436627,0.34062895741009075,-0.14372352835399216,-0.059696960754344164
2025-26,1.0,False,0.6037569709421778,0.644729178800233,0.5993969873891302,0.5913988466017592,0.5960985428856435,-0.05139286627331163,0.1748059573207979
2025-26,1.0,False,0.6690070210631895,0.6690070210631895,0.6649665940131344,0.6441845759035136,0.6486378476813321,-0.11012422262935066,0.0
2025-26,0.0,False,0.4782608695652174,0.4066302458405761,0.47372367751638933,0.4799684616817093,0.48483336627564527,0.006842313554740818,-0.29090207351917613
2025-26,0.0,False,0.6957699520733487,0.6224665518611737,0.6919057687875548,0.7059184525318565,0.7099469753931267,0.04840769803307432,-0.3272041994011531
2025-26,1.0,True,0.8223350253807106,0.8465011286681716,0.8196617411122857,0.8289997286013745,0.8317440732975174,0.04630641038367589,0.17517004705133488
2025-26,1.0,True,0.4891657638136511,0.5720596355604638,0.48462121182986184,0.4773191072131047,0.48218205732384656,-0.0474421459137809,0.33360312268255354
2025-26,0.0,True,0.5260865852617197,0.551441114716549,0.5215492280696692,0.504490289045297,0.5093602939875674,-0.0864795352090993,0.10205391905394041
2025-26,1.0,False,0.2904564315352697,0.2664576802507837,0.28672179420703364,0.2885764733556932,0.29259294042727263,-0.009139492309923634,-0.119501544414084
2025-26,1.0,True,0.8042929292929294,0.8223350253807106,0.8014137284909789,0.771679953174184,0.7750946403453128,-0.19552300182965904,0.11890373509005236
2025-26,0.0,False,0.4891657638136511,0.551441114716549,0.48462121182986184,0.4825720638225563,0.48743862239468705,-0.026396267763614985,0.2498388225445029
2025-26,0.0,False,0.41700735895339336,0.4365079365079364,0.41259173322489107,0.42029169278921014,0.42504611470115955,0.013494613123780023,0.07972400288707931
2025-26,0.0,True,0.6092362344582594,0.6092362344582594,0.6048970867004264,0.5999543172781503,0.6046213972717567,-0.03882813375732198,0.0
2025-26,0.0,True,0.705033164260632,0.7335423197492164,0.7012361159294679,0.711249582321285,0.7152345356735846,0.030078775440346962,0.14128794445469006
2025-26,1.0,True,0.551441114716549,0.644729178800233,0.546937452732281,0.5689549213750934,0.5737266956712351,0.07109343795148232,0.3894548822132491
2025-26,1.0,False,0.4365079365079364,0.4365079365079364,0.43203884486775945,0.41149311731426313,0.4162194695205339,-0.10244963599497937,0.0
2025-26,0.0,False,0.6092362344582594,0.5829926410466066,0.6048970867004264,0.5799672977219119,0.5847061471352423,-0.12146375291394906,-0.10903220611765424
2025-26,1.0,False,0.6636481241914618,0.6574752261956054,0.6595755681006343,0.6450963756443049,0.6495444439835905,-0.08204076084757332,-0.027531116965171076
2025-26,1.0,True,0.6853932584269663,0.7179705215419501,0.6814576168934005,0.6753134770201324,0.6795709432113298,-0.04635253271036783,0.15574755884497482
2025-26,1.0,False,0.7135512302607419,0.6805555555555556,0.7098187023871627,0.7192445490220006,0.7231621121714302,0.02802288480977716,-0.15636844751232581
2025-26,1.0,False,0.24918743228602383,0.2340978954835658,0.2457996041311378,0.2474313333329173,0.2510772406462914,-0.009408451142269396,-0.08236428577598609
2025-26,0.0,False,0.3249687530045188,0.3249687530045188,0.3209911123602197,0.32126411218045164,0.32552735875350053,-0.016938566854769008,0.0
2025-26,0.0,True,0.2042241228835748,0.2231668437832093,0.2012837117225542,0.2200749961228807,0.22343748630450988,0.09487016596579546,0.11279362338932941
2025-26,1.0,False,0.7867435158501441,0.7867435158501441,0.7836755733516588,0.8027442574518018,0.8058112670499855,0.09812840502090786,0.0
2025-26,1.0,True,0.44855888528345095,0.4675324675324675,0.4440636438513201,0.45597571240092205,0.46081292398245144,0.029940746964091977,0.07644196507983275
2025-26,1.0,True,0.7135512302607419,0.7220792588780237,0.7098187023871627,0.7268361722316523,0.7306874690731769,0.0659348578467622,0.042104410850338225
2025-26,1.0,False,0.5217391304347826,0.4066302458405761,0.5171983485739458,0.5276621659629807,0.5325154655814243,0.023750385105076106,-0.4649248274984355
2025-26,0.0,True,0.8933823529411765,0.8761776581426649,0.8916372303193011,0.8878274275994938,0.8897532152162675,-0.05702673798363442,-0.16904454819454573
2025-26,0.0,True,0.7867435158501441,0.8579439252336449,0.7836755733516588,0.7625580046917408,0.7660677601890049,-0.13865148803026725,0.49291016779342445
2025-26,1.0,False,0.6574752261956054,0.6690070210631895,0.653366967131338,0.631010625787788,0.6355354927396103,-0.11550824264338624,0.05163429426502708
2025-26,1.0,False,0.5996387718242023,0.551441114716549,0.5952638511496052,0.5955674188719259,0.6002515774515464,-0.016930671139598383,-0.19746512360071353
2025-26,0.0,False,0.36905965621840253,0.3194444444444444,0.3648340182623132,0.3556693969240173,0.3601469489760961,-0.05795729935341107,-0.22007306739454113
2025-26,1.0,False,0.35527082119976705,0.3194444444444444,0.35111520318136225,0.3571552152186756,0.36164097382724586,0.008217136511068722,-0.16037610664019697
2025-26,1.0,False,0.6574752261956054,0.644729178800233,0.653366967131338,0.6553892061686035,0.659776308220267,-0.00924947652279415,-0.05611312164879079
2025-26,0.0,False,0.35527082119976705,0.3363518758085381,0.35111520318136225,0.3562656598494491,0.3607465156353552,0.00434053792783894,-0.08364423861396209
2025-26,0.0,False,0.37753344813882633,0.3690596562184025,0.3732681866948057,0.37243210323939197,0.37699721065013847,-0.02176639329834315,-0.03622228894681656
2025-26,1.0,False,0.2864487697392581,0.2864487697392581,0.28274512816868197,0.287371887635184,0.29137845576727656,0.0045119795856042935,0.0
2025-26,1.0,True,0.7508125677139763,0.7819063004846527,0.7473936848680003,0.7457719517830675,0.7494483054963685,-0.026762523295966352,0.1738594380114944
2025-26,0.0,True,0.4572564612326044,0.4675324675324675,0.4527456196073573,0.4725983648125251,0.47745715360300844,0.06167601664300905,0.04133935801356631
2025-26,0.0,False,0.7600000000000002,0.7571884984025559,0.756666316974284,0.7621793977642012,0.7656930300789737,0.01198583085174118,-0.015352709089586192
2025-26,0.0,False,0.46753246753246747,0.448558885283451,0.4630067327675126,0.46412067392797257,0.46896980618183026,-0.013711278016200847,-0.07644196507983275
2025-26,1.0,False,0.7819063004846527,0.7335423197492164,0.778788335612967,0.7848547847730617,0.7881265323126805,0.017375365047021515,-0.26414026941081725
2025-26,1.0,False,0.6750312469954812,0.690792883054068,0.6710281968183384,0.6611684124555928,0.6655194898996647,-0.06252454882421518,0.07279876147183306
2025-26,0.0,True,0.4066302458405761,0.355270821199767,0.402248686476981,0.3685287134608084,0.37307441819026066,-0.16062039315164306,-0.21803652503247423
2025-26,1.0,False,0.6574752261956054,0.644729178800233,0.653366967131338,0.6354353242116028,0.6399368928686867,-0.09645675595369879,-0.05611312164879079
2025-26,1.0,False,0.9082568807339452,0.8800000000000001,0.9067298068327866,0.9074180435594191,0.9090419553166311,-0.010025773019229967,-0.3001045924503398
2025-26,1.0,True,0.8118668596237336,0.8579439252336449,0.809072633960564,0.8129188692277051,0.8158639681300865,0.006902480489038812,0.33613041470710137
2025-26,1.0,False,0.34252477380439467,0.299837925445705,0.33843998394609914,0.324759448769602,0.3290465926387991,-0.0799211517443066,-0.19600666597571526
2025-26,1.0,True,0.644729178800233,0.725752508361204,0.640551622269,0.6521780472448401,0.6565846086998302,0.03267690886930957,0.37722813073492645
2025-26,0.0,True,0.593369754159424,0.6224665518611737,0.5889732859589498,0.5929873176465144,0.5976811725609928,-0.0015847840386740003,0.12211727533131356
2025-26,1.0,False,0.5829926410466066,0.5720596355604638,0.5785636629413651,0.5916905873953432,0.5963892181757346,0.03588789591040483,-0.04481130122984295
2025-26,1.0,True,0.34252477380439467,0.3690596562184025,0.33843998394609914,0.34608494996943423,0.35050747976278207,0.01576991215477197,0.11581008240313462
2025-26,0.0,False,0.4365079365079364,0.3425247738043946,0.43203884486775945,0.4198111683168825,0.4245641354788364,-0.06820191968019296,-0.39671640538122555
2025-26,1.0,False,0.7135512302607419,0.7508125677139762,0.7098187023871627,0.7240123272271819,0.7278885319435997,0.051757688250755426,0.1902561605729053
2025-26,0.0,False,0.5427435387673957,0.4279403644395361,0.5382256771526737,0.5650137774613514,0.5697961916713915,0.09014327121255787,-0.4616518797278462
2025-26,1.0,False,0.8465011286681715,0.8524590163934427,0.8441225400093539,0.8423719810682355,0.8449418583621855,-0.03143456808977852,0.04660082045090386
2025-26,0.0,False,0.551441114716549,0.5829926410466066,0.546937452732281,0.5412918556193652,0.5461255713652642,-0.0409506424018518,0.12857560136789356
2025-26,0.0,False,0.38356164383561636,0.3425247738043946,0.3792697739547536,0.3457946536749516,0.35021546059866054,-0.16311819539921213,-0.1776051175949545
2025-26,0.0,False,0.4782608695652174,0.4170073589533933,0.47372367751638933,0.4724568688596807,0.4773155194986322,-0.02327279028230767,-0.24805931770629458
2025-26,1.0,False,0.4365079365079364,0.4826358742837298,0.43203884486775945,0.4752244541192867,0.48008566511854966,0.1561632797038347,0.18586224601533538
2025-26,1.0,False,0.34252477380439467,0.3092071169459319,0.33843998394609914,0.3250302537046451,0.3293192289672789,-0.07868650605554825,-0.15176561282194745
2025-26,0.0,False,0.44855888528345095,0.4279403644395361,0.4440636438513201,0.45264471482694735,0.4574763047254921,0.016504509677863807,-0.08376430013805097
2025-26,0.0,True,0.5108342361863488,0.4956702459300312,0.5062878925839033,0.5030990913856033,0.5079694340205553,-0.030947204924733997,-0.06066317841665242
2025-26,1.0,False,0.5634920634920635,0.6092362344582594,0.5590126368352563,0.557650248659945,0.5624509265622257,-0.023715582256870055,0.1887562090047341
2025-26,1.0,False,0.5829926410466066,0.5634920634920635,0.5785636629413651,0.5637701954633343,0.5685558418476048,-0.07859316020176643,-0.07972400288707987
2025-26,0.0,True,0.6690070210631895,0.5108342361863488,0.6649665940131344,0.6891997101385653,0.6933577720116033,0.09268314149877134,-0.6603536622386257
2025-26,1.0,False,0.2904564315352697,0.3194444444444444,0.28672179420703364,0.2738550736183564,0.27774663838594316,-0.0819822655087237,0.13684223227182402
2025-26,0.0,False,0.38356164383561636,0.355270821199767,0.3792697739547536,0.36180595959998024,0.3663168448398166,-0.09307635115744153,-0.12149199594616406
2025-26,1.0,False,0.46324269889224573,0.3425247738043946,0.45872271520935565,0.4776282048285177,0.4824913970770537,0.057747964715056874,-0.5047681625073669
2025-26,0.0,False,0.6690070210631895,0.705033164260632,0.6649665940131344,0.6695973134116481,0.6738935382972306,0.002666942548955678,0.1676845229575975
2025-26,1.0,False,0.6853932584269663,0.6957699520733487,0.6814576168934005,0.6629266992651391,0.6672665606591166,-0.10230534540170234,0.048565571243165406
2025-26,1.0,True,0.5634920634920635,0.5634920634920635,0.5590126368352563,0.5608380924798427,0.5656311220036402,-0.010782588068360556,0.0
2025-26,1.0,True,0.8579439252336448,0.8524590163934427,0.8557124282189903,0.8671056394252465,0.8693348226824015,0.07728941314466821,-0.044297728529006264
2025-26,1.0,False,0.6636481241914618,0.690792883054068,0.6595755681006343,0.6682704071677701,0.6725754489430462,0.020778520993960874,0.12423449585677593
2025-26,1.0,False,0.8579439252336448,0.863013698630137,0.8557124282189903,0.8610709586804087,0.8633854198212496,0.02589673684005281,0.04223276362327244
2025-26,0.0,False,0.38834951456310685,0.3425247738043946,0.3840374469802312,0.39988586415904886,0.4045705477618535,0.048314575539126575,-0.19780782491247423
2025-26,1.0,False,0.1683501683501683,0.1534988713318284,0.16581864162072546,0.15962415423739001,0.1622551749227809,-0.06366188009567375,-0.11005298959447285
2025-26,1.0,False,0.3962430290578221,0.4675324675324675,0.39189947233752087,0.4091941486887481,0.41391266705215807,0.05384629814794399,0.2910908899722843
2025-26,0.0,False,0.8465011286681715,0.817258883248731,0.8441225400093539,0.8454445427005591,0.8479733672626244,-0.008108724589422397,-0.20953289426595156
2025-26,1.0,True,0.6224665518611737,0.5829926410466066,0.6181822444816055,0.6221684675077003,0.6267376248278982,-0.001268236727425539,-0.1649600311441955
2025-26,1.0,False,0.3146067415730336,0.355270821199767,0.3106975556592592,0.27685571482768484,0.28077343230239044,-0.1814429274230291,0.18271937845682784
2025-26,1.0,False,0.6574752261956054,0.6309403437815976,0.653366967131338,0.6249875826588089,0.6295429473948786,-0.14129045372897414,-0.1158100824031344
2025-26,1.0,True,0.24,0.2491874322860238,0.23669770175560872,0.2279848368881038,0.23143231868029943,-0.06704555936399942,0.04972881967167764
2025-26,0.0,True,0.44855888528345095,0.4066302458405761,0.4440636438513201,0.45211275129657136,0.4569434032646057,0.014357176586735881,-0.17141835718077514
2025-26,1.0,False,0.7659021045164341,0.7913616398243045,0.7626247977658676,0.7489299565865662,0.752575793916307,-0.09240147043068699,0.1478376613278638
2025-26,1.0,False,0.8118668596237336,0.8118668596237336,0.809072633960564,0.8066323126229474,0.8096532038380063,-0.03391200556522162,0.0
2025-26,1.0,True,0.5108342361863488,0.5324675324675325,0.5062878925839033,0.4841290803367985,0.4889965016925588,-0.10684874164180409,0.08670939903172614
2025-26,1.0,False,0.4891657638136511,0.5260865852617197,0.48462121182986184,0.4560201648115715,0.46085744848402577,-0.13303141966944687,0.1477849034905625
2025-26,0.0,False,0.551441114716549,0.5427435387673957,0.546937452732281,0.5253905379426406,0.5302463991440972,-0.10484550619648789,-0.03510260706626614
2025-26,0.0,False,0.41700735895339336,0.448558885283451,0.41259173322489107,0.40263396440230537,0.40732899028992897,-0.05943148347071808,0.1285756013678936
2025-26,1.0,False,0.6853932584269663,0.725752508361204,0.6814576168934005,0.6848287834168681,0.689018936116786,-0.0026165340622143277,0.19450875227809883
2025-26,1.0,True,0.551441114716549,0.6636481241914618,0.546937452732281,0.5470345584601656,0.5518578603626599,-0.017798949310978782,0.47309912082721095
2025-26,0.0,True,0.5,0.5108342361863488,0.4954524171900907,0.5014498502638404,0.5063204955568256,0.005799417309740089,0.043343729216472
2025-26,0.0,False,0.4572564612326044,0.5173641257162701,0.4527456196073573,0.4231678286778589,0.4279307689165555,-0.13839001521512198,0.24087693205527327
2025-26,1.0,False,0.8524590163934428,0.7999999999999999,0.8501564075563418,0.8492334930603462,0.8517111967856208,-0.025417299856034498,-0.3677247801253183
2025-26,1.0,True,0.47391341473828014,0.5043297540699688,0.46938036167020314,0.43743767052577165,0.44223808718872215,-0.14712653334135561,0.121760623474271
2025-26,0.0,False,0.5217391304347826,0.5,0.5171983485739458,0.5246266038107714,0.5294832813478129,0.011574809258213373,-0.08701137698962969
2025-26,1.0,False,0.1957070707070707,0.2132564841498559,0.19285956829079773,0.20104419598888823,0.2041920437191813,0.03356367297592128,0.10793783667212686
2025-26,1.0,True,0.4891657638136511,0.551441114716549,0.48462121182986184,0.4993345504311322,0.5042054287886137,0.040681929369391384,0.2498388225445029
2025-26,1.0,False,0.6750312469954812,0.6957699520733487,0.6710281968183384,0.6639766399708467,0.6683097469320295,-0.04996366189222529,0.0962049767010883
2025-26,1.0,True,0.5829926410466066,0.6957699520733487,0.5785636629413651,0.6079519773971682,0.6125860035637858,0.10364086067965397,0.4921642305453486
2025-26,0.0,False,0.38356164383561636,0.3907637655417407,0.3792697739547536,0.39197849740254537,0.39663177092737606,0.03545471686109598,0.030355078781537592
2025-26,0.0,False,0.6309403437815976,0.593369754159424,0.6266945281087104,0.5878575186166111,0.592569885579774,-0.18113752969433006,-0.15833956427813
2025-26,0.0,False,0.47391341473828014,0.4279403644395361,0.46938036167020314,0.4283390490460926,0.43311649069429115,-0.1841898456278388,-0.18581821919199093
2025-26,1.0,False,0.37753344813882633,0.3962430290578221,0.3732681866948057,0.38657028101097235,0.39120065996599224,0.03827871683753484,0.07888670761963712
2025-26,1.0,False,0.7135512302607419,0.6750312469954812,0.7098187023871627,0.7138863791286836,0.7178493785283209,0.0016402794092502046,-0.18166458115361828
2025-26,1.0,False,0.5,0.5108342361863488,0.4954524171900907,0.498362511938432,0.503233438930444,-0.006549975663524927,0.043343729216472
2025-26,1.0,True,0.6037569709421778,0.593369754159424,0.5993969873891302,0.5584359944567096,0.5632348238157139,-0.18632699131727254,-0.043230567711675716
2025-26,1.0,False,0.5217391304347826,0.6309403437815976,0.5171983485739458,0.5116293468447726,0.5164964329494668,-0.04048559876563962,0.4492416377973065
2025-26,0.0,False,0.5043297540699688,0.551441114716549,0.4997821541025905,0.49022938488342255,0.49509927579650337,-0.05640688547851336,0.18917564412785043
2025-26,1.0,False,0.690792883054068,0.6957699520733487,0.6868939316584368,0.6752718178655533,0.6795295710874059,-0.07170187678456298,0.023406215229255234
2025-26,0.0,False,0.4782608695652174,0.551441114716549,0.47372367751638933,0.47699461841969293,0.4818573103251147,-0.0050751681651675165,0.2935064703176604
2025-26,0.0,False,0.38356164383561636,0.4066302458405761,0.3792697739547536,0.3598752605583401,0.36437581794046925,-0.10144761018796752,0.09654452908631017
2025-26,1.0,False,0.5996387718242023,0.5829926410466066,0.5952638511496052,0.604536967748107,0.6091854109673525,0.020445293591911058,-0.06888952223281997
2025-26,1.0,True,0.817258883248731,0.7957758771164253,0.814526446455526,0.8308095950014172,0.833530726239843,0.09349047699995121,-0.13778587410671306
2025-26,1.0,True,0.84,0.8677165354330709,0.8375400051200096,0.8499656516321337,0.8524334138204303,0.0761036052184237,0.22268993370606927
2025-26,1.0,False,0.6853932584269663,0.7179705215419501,0.6814576168934005,0.6664170793501968,0.6707343222237703,-0.08664510627795266,0.15574755884497482
2025-26,1.0,False,0.24918743228602383,0.1957070707070707,0.2457996041311378,0.23938647846598213,0.2429521133261151,-0.05309537192535608,-0.310393848386209
2025-26,0.0,False,0.6037569709421778,0.5108342361863488,0.5993969873891302,0.5776331665376804,0.5823793874359809,-0.10807922104331781,-0.3778002890040099
2025-26,1.0,False,0.551441114716549,0.5829926410466066,0.546937452732281,0.549181517597885,0.5540005970854658,-0.009130853760823107,0.12857560136789356
2025-26,1.0,True,0.6750312469954812,0.6369041816941223,0.6710281968183384,0.6684192774896018,0.6727233334497942,-0.02998559778932798,-0.16907748719282856
2025-26,1.0,False,0.6574752261956054,0.690792883054068,0.653366967131338,0.6432227528250173,0.6476814787002332,-0.06268363507807481,0.151765612821947
2025-26,0.0,True,0.5720596355604638,0.448558885283451,0.5676006629315716,0.5470556995298899,0.5518789607274341,-0.10147792983759134,-0.496754486794112
2025-26,1.0,False,0.84,0.8579439252336449,0.8375400051200096,0.8326245814287898,0.8353223078167998,-0.05388452339014917,0.14008879317068246
2025-26,1.0,True,0.5108342361863488,0.551441114716549,0.5062878925839033,0.4704688294796175,0.47532545645625857,-0.16160605331042005,0.1631513641115587
2025-26,0.0,True,0.5324675324675325,0.4826358742837298,0.5279364487893485,0.5221319464818397,0.5269911316516251,-0.04146745698960298,-0.19953757404170772
2025-26,0.0,False,0.5260865852617197,0.5217391304347826,0.5215492280696692,0.5129660245529186,0.5178323435639584,-0.05256544566577523,-0.017429797284460605
2025-26,0.0,True,0.2820294784580499,0.2340978954835658,0.27836068577410705,0.2516525623745835,0.2553395657540925,-0.15540103062818034,-0.2508980631996116
2025-26,0.0,False,0.34252477380439467,0.3363518758085381,0.33843998394609914,0.3332447102369177,0.3375878663773678,-0.04148291381822341,-0.02753111696517163
2025-26,1.0,False,0.5829926410466066,0.551441114716549,0.5785636629413651,0.5699808757570675,0.574749781397847,-0.05329756841576581,-0.12857560136789356
2025-26,1.0,False,0.6636481241914618,0.644729178800233,0.6595755681006343,0.6823620317646635,0.6865699700090971,0.08505387163973928,-0.08364423861396186
2025-26,0.0,False,0.771505376344086,0.8118668596237336,0.7682827812177262,0.7576314646625698,0.7611912364951757,-0.07709332729052636,0.2453554957978088
2025-26,1.0,False,0.7408716136631329,0.690792883054068,0.7373640496111179,0.745989930870951,0.7496641905185824,0.02683448379941334,-0.24667500033606093
2025-26,1.0,False,0.8800000000000001,0.8720930232558138,0.878065730721519,0.8775289374539545,0.879607554961468,-0.02319501070397262,-0.07283732395226838
2025-26,0.0,False,0.2904564315352697,0.3092071169459319,0.28672179420703364,0.26741484383939373,0.2712490770810552,-0.11461009895754092,0.08933960444128308
2025-26,1.0,True,0.5324675324675325,0.5634920634920635,0.5279364487893485,0.5404274668438461,0.5452626390945035,0.032010521731044725,0.12529356356064625
2025-26,0.0,False,0.4826358742837298,0.4003612281757977,0.47809521030313673,0.49943348208668337,0.5043043534300334,0.06721837317053728,-0.3344757711352344
2025-26,0.0,True,0.6690070210631895,0.6164383561643836,0.6649665940131344,0.6529187922731449,0.6573209001960253,-0.07180341150057917,-0.2292394118599818
2025-26,1.0,True,0.5829926410466066,0.6092362344582594,0.5785636629413651,0.5915587226812087,0.5962578354699376,0.035342109369211165,0.10903220611765424
2025-26,0.0,True,0.5108342361863488,0.4365079365079364,0.5062878925839033,0.49029843611889795,0.495168346680817,-0.08215485578528403,-0.29869042102531695
2025-26,0.0,True,0.44855888528345095,0.3835616438356164,0.4440636438513201,0.4670696480670823,0.47192245758034795,0.07458273537481436,-0.2679628862670853
2025-26,1.0,True,0.2132564841498559,0.1683501683501683,0.2102203801111033,0.19154065478256538,0.1945759397176127,-0.13462360895990066,-0.2919586292190415
2025-26,1.0,False,0.7957758771164253,0.7913616398243045,0.7928036544411187,0.8151707130740558,0.8180882953457687,0.12386537709166857,-0.026946915051082376
2025-26,0.0,False,0.4365079365079364,0.4170073589533933,0.43203884486775945,0.46289670931238824,0.4677442156209146,0.10666020730714519,-0.07972400288707931
2025-26,0.0,False,0.5634920634920635,0.5217391304347826,0.5590126368352563,0.5631294238889706,0.5679167122575216,-0.0014741942390125058,-0.1683353148192147
2025-26,0.0,False,0.2340978954835658,0.1881331403762662,0.23085213979034952,0.21710436746789855,0.22043429807503026,-0.09730622528723466,-0.27687147902442044
2025-26,0.0,False,0.2591283863368669,0.299837925445705,0.2556514252224071,0.25745970131560825,0.2612020893788117,-0.008710225067174043,0.20243394718229324
2025-26,1.0,False,0.8223350253807106,0.827123695976155,0.8196617411122857,0.8036727313906277,0.8067287804352598,-0.12283914251180766,0.03312964889710024
2025-26,0.0,True,0.36905965621840253,0.355270821199767,0.3648340182623132,0.3560482184812132,0.3605278711007953,-0.05630466824412188,-0.059696960754344164
2025-26,1.0,False,0.4365079365079364,0.3146067415730336,0.43203884486775945,0.4200657731579131,0.4248195122418013,-0.0671567015313073,-0.5233226621892629
2025-26,1.0,False,0.5,0.5634920634920635,0.4954524171900907,0.5095093061317845,0.5143774662144175,0.03804181164058432,0.2553466918088444
2025-26,0.0,False,0.771505376344086,0.7571884984025559,0.7682827812177262,0.764360282121051,0.7678515074487567,-0.04009572719999726,-0.07950415842050451
2025-26,0.0,True,0.6853932584269663,0.5996387718242023,0.6814576168934005,0.6682122522694213,0.6725176789125432,-0.07855893841634448,-0.3747091370693632
2025-26,1.0,False,0.4365079365079364,0.448558885283451,0.43203884486775945,0.4434545701718125,0.4482684017530813,0.02819325122929351,0.04885159848081427
2025-26,1.0,False,0.551441114716549,0.5829926410466066,0.546937452732281,0.5622792242792214,0.5670686666893884,0.04392226480226322,0.12857560136789356
2025-26,0.0,False,0.15349887133182843,0.182741116751269,0.15115007921367027,0.1542080406723204,0.15676644275605373,0.0054475065969593756,0.20953289426595112
2025-26,0.0,False,0.3194444444444444,0.3146067415730336,0.31550281778930594,0.3103113234712811,0.3144965710582799,-0.04233815735442241,-0.022343271816630872
2025-26,1.0,False,0.41700735895339336,0.4279403644395361,0.41259173322489107,0.38939131806105987,0.3940337824049665,-0.11480080719834955,0.044811301229842615
2025-26,0.0,False,0.24918743228602383,0.2522172949002217,0.2457996041311378,0.22794803214501486,0.23139512420516448,-0.11698349958068555,0.016129253009902422
2025-26,1.0,False,0.8223350253807106,0.817258883248731,0.8196617411122857,0.8073337011765238,0.8103462112285469,-0.09947085345247497,-0.03436284721461669
2025-26,0.0,True,0.5829926410466066,0.6092362344582594,0.5785636629413651,0.6047883020301212,0.6094356995934336,0.09038622253907994,0.10903220611765424
2025-26,0.0,False,0.6164383561643836,0.6369041816941223,0.612128266884414,0.6192927953036103,0.6238757051467554,0.012089606593330714,0.08749448175224012
2025-26,0.0,True,0.6224665518611737,0.7335423197492164,0.6181822444816055,0.6098389789518796,0.6144648451246982,-0.053395300846874244,0.5126391330272655
2025-26,0.0,False,0.8869565217391304,0.863013698630137,0.8851197457161499,0.8985485060987944,0.9003109004784757,0.12117644292928352,-0.21947382242524727
2025-26,0.0,True,0.44855888528345095,0.3962430290578221,0.4440636438513201,0.4317205164114308,0.43650687474709154,-0.06833982681978525,-0.21464892489245152
2025-26,1.0,False,0.7957758771164253,0.8042929292929294,0.7928036544411187,0.8020306679485883,0.8051060789801284,0.03893516398234324,0.05324498623127738
2025-26,1.0,True,0.4066302458405761,0.4170073589533933,0.402248686476981,0.4140936734783335,0.41882863769134937,0.030845738733442693,0.04284275581288155
2025-26,0.0,False,0.4003612281757977,0.3907637655417407,0.3960021375670633,0.4199821163903192,0.42473560211992356,0.081113410401646,-0.04014268388483444
2025-26,0.0,True,0.4782608695652174,0.5260865852617197,0.47372367751638933,0.4836596929870622,0.4885268641982792,0.02162686492723031,0.19145255126371996
2025-26,0.0,False,0.5,0.4891657638136511,0.4954524171900907,0.49767768512947064,0.5025486242788723,-0.009289326280763385,-0.04334372921647221
2025-26,0.0,False,0.299837925445705,0.3092071169459319,0.29603298946597584,0.3041324211728798,0.3082715813907043,0.020373583764277732,0.044241053153767806
2025-26,1.0,False,0.8524590163934428,0.8316498316498315,0.8501564075563418,0.8459410445902162,0.848463201516453,-0.05090482780306063,-0.15665381004537804
2025-26,1.0,False,0.7659021045164341,0.7913616398243045,0.7626247977658676,0.7617284654951701,0.7652467080397011,-0.023135752975364302,0.1478376613278638
2025-26,0.0,False,0.6690070210631895,0.6369041816941223,0.6649665940131344,0.6513422965321091,0.6557538572745637,-0.07875273486217958,-0.1417449301077417
2025-26,0.0,False,0.817258883248731,0.8042929292929294,0.814526446455526,0.8213137492284406,0.8241552797542998,0.027388285966051057,-0.08454088787543568
2025-26,0.0,True,0.5829926410466066,0.6164383561643836,0.5785636629413651,0.6222203486623036,0.626789254929655,0.16391250092907356,0.1393872848991916
2025-26,0.0,False,0.837099316868103,0.8081570996978852,0.8346035054325838,0.8388984443232437,0.8415142975812463,0.013252696268151336,-0.1987223519934409
2025-26,1.0,False,0.6224665518611737,0.6636481241914618,0.6181822444816055,0.6258500692032645,0.630401152791897,0.014423508943681537,0.17956348831512192
2025-26,1.0,False,0.7179705215419501,0.7440690150970525,0.7142725198425094,0.7055068322363502,0.7095386736334878,-0.060756260728192346,0.1328090620043566
2025-26,1.0,False,0.5720596355604638,0.5260865852617197,0.5676006629315716,0.5736469214089871,0.5784052427576318,0.006486868124464716,-0.18581821919199104
2025-26,0.0,False,0.46753246753246747,0.4782608695652174,0.4630067327675126,0.48253004636645247,0.4873965803454082,0.06014485650804004,0.04304175125856824
2025-26,1.0,False,0.6309403437815976,0.644729178800233,0.6266945281087104,0.6382322399544801,0.6427186910183309,0.03144675567826499,0.05969696075434361
2025-26,1.0,False,0.7913616398243045,0.8042929292929294,0.7883422608295344,0.7860726993118174,0.7893308972052213,-0.03173959735021437,0.08019190128235976
2025-26,1.0,True,0.7135512302607419,0.7179705215419501,0.7098187023871627,0.6776195499046268,0.6818610229092673,-0.16984090521480527,0.021722383149279434
2025-26,0.0,False,0.34252477380439467,0.2949668357393679,0.33843998394609914,0.3525752726991095,0.35703545668679,0.044324700674772524,-0.21931881722262525
2025-26,1.0,False,0.8316498316498315,0.8524590163934427,0.8290875750408953,0.8311422554453334,0.8338591063400315,-0.0036209773971062204,0.15665381004537804
2025-26,1.0,False,0.8630136986301371,0.8579439252336449,0.860848923743992,0.8747058149480772,0.8768256218011973,0.10267353232025964,-0.04223276362327244
2025-26,1.0,True,0.7571884984025559,0.7600000000000001,0.753828412216121,0.7169988992044992,0.7209356394902675,-0.2077032829024213,0.015352709089586192
2025-26,1.0,False,0.7408716136631329,0.7220792588780237,0.7373640496111179,0.7565056626168126,0.7600767333190275,0.08311262098321863,-0.0957047698039375
2025-26,0.0,False,0.2231668437832093,0.2591283863368669,0.220029106707751,0.22427506910317557,0.22768299776041348,0.006381227745739355,0.1968022186842311
2025-26,1.0,True,0.2904564315352697,0.3092071169459319,0.28672179420703364,0.29518883999419937,0.29925862618872434,0.0228536927832296,0.08933960444128308
2025-26,0.0,False,0.7179705215419501,0.644729178800233,0.7142725198425094,0.7246653383953294,0.7285358104482271,0.033305724155885,-0.33846693730180244
2025-26,1.0,False,0.551441114716549,0.593369754159424,0.546937452732281,0.5521210369299977,0.5569340448355729,0.002749174520389381,0.1714183571807755
2025-26,0.0,False,0.3092071169459319,0.2664576802507837,0.30533513523991684,0.338099745869502,0.3424736764709588,0.13205479701684864,-0.2088411488553671
2025-26,0.0,False,0.5634920634920635,0.5634920634920635,0.5590126368352563,0.5470962358232652,0.5519194189237828,-0.06640163280130114,0.0
2025-26,1.0,False,0.4782608695652174,0.4675324675324675,0.47372367751638933,0.4344811122026815,0.4392744183834599,-0.17657984460973003,-0.04304175125856824
2025-26,0.0,False,0.4782608695652174,0.448558885283451,0.47372367751638933,0.4363794635347269,0.44117737450620526,-0.1688576463458158,-0.11948371633840099
2025-26,0.0,False,0.551441114716549,0.5720596355604638,0.546937452732281,0.5659667522858216,0.5707466490086689,0.05891910280276978,0.08376430013805061
2025-26,0.0,True,0.5217391304347826,0.5260865852617197,0.5171983485739458,0.5534602391470097,0.5582703696340112,0.1276500908381717,0.017429797284460605
2025-26,0.0,True,0.2742474916387959,0.2820294784580499,0.27064177135474804,0.23988198612779138,0.24345263920277457,-0.1801485184217274,0.03876119343312445
2025-26,0.0,True,0.38356164383561636,0.299837925445705,0.3792697739547536,0.3933821471754374,0.3980411752953156,0.041340477886612145,-0.37361178357066976
2025-26,0.0,True,0.5217391304347826,0.4572564612326044,0.5171983485739458,0.5183016100518324,0.5231641741043094,-0.013772216583437087,-0.2584038632513939
2025-26,0.0,True,0.4066302458405761,0.4170073589533933,0.402248686476981,0.38533775412512034,0.38996275492915355,-0.08903923959478328,0.04284275581288155
2025-26,1.0,False,0.7179705215419501,0.6805555555555556,0.7142725198425094,0.7283835790665206,0.7322210968778851,0.05202003706804438,-0.17809083066160525
2025-26,1.0,True,0.34252477380439467,0.355270821199767,0.33843998394609914,0.3085518301113304,0.3127241071421008,-0.15483526186616042,0.056113121648790454
2025-26,1.0,False,0.7957758771164253,0.771505376344086,0.7928036544411187,0.785047495485045,0.7883171028485155,-0.0647724271577644,-0.14326859315233542
2025-26,1.0,False,0.36309581830587784,0.4170073589533933,0.35889962233995704,0.3859128122732382,0.39054032976771763,0.09742701273765596,0.22688176665143117
2025-26,1.0,False,0.44855888528345095,0.4675324675324675,0.4440636438513201,0.431098168194908,0.43588291903157467,-0.07087696572826938,0.07644196507983275
2025-26,1.0,True,0.7957758771164253,0.8042929292929294,0.7928036544411187,0.8123960621359402,0.8153475217834082,0.10555540297593474,0.05324498623127738
2025-26,1.0,True,0.34252477380439467,0.4365079365079364,0.33843998394609914,0.3396463307806862,0.34402986994269835,-0.012807584124120697,0.39671640538122555
2025-26,0.0,True,0.47391341473828014,0.5427435387673957,0.46938036167020314,0.4932233186964652,0.4980938908623693,0.07733278909933716,0.2758336605358553
2025-26,1.0,False,0.551441114716549,0.5829926410466066,0.546937452732281,0.5441129509966317,0.5489417111104311,-0.02958331679357285,0.12857560136789356
2025-26,1.0,False,0.690792883054068,0.6853932584269663,0.6868939316584368,0.6724500306735285,0.6767270701292712,-0.08454152666042357,-0.025159356013910172
2025-26,1.0,False,0.5108342361863488,0.5634920634920635,0.5062878925839033,0.49025695279767456,0.4951268515776207,-0.08232085183219974,0.2120029625923724
2025-26,1.0,True,0.3907637655417407,0.4739134147382802,0.38644182773584534,0.38953490215752373,0.394177973272071,-0.005164752422321214,0.3396617265394877
2025-26,0.0,True,0.5720596355604638,0.593369754159424,0.5676006629315716,0.5752676381503253,0.5800211140909325,0.013116762959593402,0.08765405704272489
2025-26,0.0,True,0.2664576802507837,0.2086383601756954,0.26291727515423624,0.2529872543886255,0.2566871051648614,-0.07007327897002327,-0.3204827785031732
2025-26,1.0,False,0.41700735895339336,0.4003612281757977,0.41259173322489107,0.42029736777063986,0.42505180680914423,0.013517904937520815,-0.06888952223281969
2025-26,1.0,False,0.8081570996978852,0.7768331562167907,0.805320987490636,0.7875900230997245,0.7908312608184588,-0.12762024171196745,-0.19077373140510478
2025-26,1.0,False,0.47391341473828014,0.4739134147382802,0.46938036167020314,0.44367179419198216,0.4484860836107058,-0.12183215721768906,0.0
2025-26,0.0,True,0.2949668357393679,0.2042241228835748,0.29119800526997075,0.27689193923375366,0.28080997025828813,-0.08854943921378051,-0.48871763800894374
2025-26,0.0,False,0.6309403437815976,0.644729178800233,0.6266945281087104,0.6168113091741485,0.6214058292159538,-0.0602173906715291,0.05969696075434361
2025-26,1.0,True,0.7508125677139763,0.6636481241914618,0.7473936848680003,0.749385332487918,0.7530267378408229,-0.007613946765831069,-0.42335647611146643
2025-26,1.0,False,0.8465011286681715,0.827123695976155,0.8441225400093539,0.8383045480719147,0.8409282160428735,-0.06175150339721018,-0.14204039815423464
2025-26,0.0,False,0.38356164383561636,0.3309929789368104,0.3792697739547536,0.36069394918775827,0.365198903848781,-0.09789550030353146,-0.22923941185998192
2025-26,1.0,False,0.8465011286681715,0.84,0.8441225400093539,0.842306057805097,0.8448768119539589,-0.031930963274049914,-0.049190244190772336
2025-26,1.0,True,0.5829926410466066,0.6574752261956054,0.5785636629413651,0.5712613398276312,0.5760266078830975,-0.048071451335589294,0.31699240249414634
2025-26,1.0,False,0.6164383561643836,0.6636481241914618,0.612128266884414,0.6265512944873074,0.6310988761799342,0.042992005566348454,0.2051362345601258
2025-26,0.0,False,0.5108342361863488,0.5720596355604638,0.5062878925839033,0.5202491621338753,0.5251100795285666,0.03769724419892084,0.2469156642496093
2025-26,0.0,False,0.4891657638136511,0.3835616438356164,0.48462121182986184,0.46243527396597434,0.46728215210873847,-0.10719884508665341,-0.43111425037864376
2025-26,1.0,True,0.6853932584269663,0.6369041816941223,0.6814576168934005,0.6838519643174251,0.6880491880389831,-0.007138457475912605,-0.21671689265075145
2025-26,1.0,False,0.817258883248731,0.7659021045164341,0.814526446455526,0.8128112698847604,0.8157576787517804,-0.029503844147834312,-0.31257045048565923
2025-26,1.0,False,0.44855888528345095,0.4826358742837298,0.4440636438513201,0.43552690709182545,0.4403227674704895,-0.05284104502158113,0.1370106475345211
2025-26,1.0,False,0.7001620745542949,0.705033164260632,0.6963293296682626,0.7012553423977846,0.705321078204896,0.005213091451881965,0.023312151246909996
2025-26,0.0,False,0.35527082119976705,0.3146067415730336,0.35111520318136225,0.33558193560176525,0.33994002238950727,-0.08709544489396441,-0.18271937845682784
2025-26,0.0,True,0.5720596355604638,0.4891657638136511,0.5676006629315716,0.5784956170861578,0.5832391388687281,0.026341401037005607,-0.33360312268255354
2025-26,1.0,False,0.3042300479266513,0.2779207411219763,0.30039328862364684,0.29951640161984383,0.30362014982094176,-0.02236684670615886,-0.12756401530286832
2025-26,0.0,False,0.2428115015974441,0.2591283863368669,0.23948270829010165,0.23923150798434575,0.24279557139908844,-0.019570559500192306,0.08682309050072101
2025-26,0.0,False,0.2864487697392581,0.3042300479266513,0.28274512816868197,0.2918878838108348,0.2959312681528609,0.02646186132272036,0.08545960445253031
2025-26,1.0,False,0.6690070210631895,0.6309403437815976,0.6649665940131344,0.6791597602462492,0.6833904372892089,0.046215692210193685,-0.16744437666816148
2025-26,0.0,True,0.5217391304347826,0.6092362344582594,0.5171983485739458,0.5490269793361044,0.5538463687348893,0.10972868943218693,0.3570915238239488
2025-26,0.0,True,0.6309403437815976,0.4365079365079364,0.6266945281087104,0.6111263848378837,0.6157466047511521,-0.08420362191641545,-0.7915997065957812
2025-26,0.0,False,0.644729178800233,0.5173641257162701,0.640551622269,0.630974372765896,0.6354994274820477,-0.05955081963591212,-0.5264655297477707
2025-26,1.0,False,0.4365079365079364,0.4826358742837298,0.43203884486775945,0.4364109075948726,0.4412088936529469,-0.000394486460072542,0.18586224601533538
2025-26,1.0,False,0.7001620745542949,0.8042929292929294,0.6963293296682626,0.7329893472939133,0.7367853078387072,0.16177285021198995,0.5652747754871321
2025-26,0.0,False,0.44855888528345095,0.4279403644395361,0.4440636438513201,0.4334482969335203,0.43823903863346836,-0.061300730313000706,-0.08376430013805097
2025-26,0.0,False,0.15349887133182843,0.172876304023845,0.15115007921367027,0.15240597524729735,0.15493995687308523,-0.008435605824137021,0.14204039815423442
2025-26,0.0,True,0.6636481241914618,0.7220792588780237,0.6595755681006343,0.6473534350835329,0.6517884847275263,-0.07216812412100612,0.27520472638889937
2025-26,0.0,False,0.47391341473828014,0.4279403644395361,0.46938036167020314,0.4716433028519346,0.47650114399266147,-0.009107458529970686,-0.18581821919199093
2025-26,1.0,True,0.36905965621840253,0.3835616438356164,0.3648340182623132,0.3581093176974798,0.3626003003265953,-0.0473267011312319,0.06179503519181989
2025-26,1.0,True,0.6224665518611737,0.6309403437815976,0.6181822444816055,0.6259990648386294,0.6305494059391292,0.015059853547980534,0.03622228894681645
2025-26,0.0,False,0.551441114716549,0.5720596355604638,0.546937452732281,0.5496442642850246,0.5544624102310693,-0.007261610846928009,0.08376430013805061
2025-26,1.0,True,0.4572564612326044,0.771505376344086,0.4527456196073573,0.47151833484978745,0.4763760493586694,0.05734236132627675,1.3882234455310687
2025-26,0.0,False,0.5108342361863488,0.4365079365079364,0.5062878925839033,0.49398847506883126,0.49885916528281027,-0.06739098769276922,-0.29869042102531695
2025-26,1.0,False,0.7508125677139763,0.725752508361204,0.7473936848680003,0.7482443007542933,0.7518967962540637,-0.01368033018529776,-0.12977258399050184
2025-26,0.0,True,0.3309929789368104,0.2742474916387959,0.32697731866521434,0.3527906225179559,0.3572520274973103,0.09690228011969258,-0.2694807148211089
2025-26,0.0,False,0.8579439252336448,0.8869565217391304,0.8557124282189903,0.8654476603899658,0.8677004114430219,0.06297676432162992,0.2617065860485197
2025-26,0.0,True,0.5996387718242023,0.6224665518611737,0.5952638511496052,0.546080690175824,0.5509058105844037,-0.21911291847843695,0.09607050891137553
2025-26,1.0,False,0.5829926410466066,0.551441114716549,0.5785636629413651,0.5657704818911434,0.5705508999865888,-0.07045544564072953,-0.12857560136789356
2025-26,1.0,False,0.817258883248731,0.7659021045164341,0.814526446455526,0.7988637210934886,0.8019761828674692,-0.11867773997269922,-0.31257045048565923
2025-26,0.0,False,0.6750312469954812,0.6574752261956054,0.6710281968183384,0.6676492258886824,0.6719583718811006,-0.03345798355764751,-0.07896685135011394
2025-26,1.0,True,0.7659021045164341,0.725752508361204,0.7626247977658676,0.7352301664167769,0.7390056134692897,-0.16399227032392727,-0.2121368697664875
2025-26,1.0,False,0.705033164260632,0.6636481241914618,0.7012361159294679,0.7061522925680502,0.710178927275491,0.0053873804736649065,-0.1917877002574535
2025-26,1.0,True,0.5260865852617197,0.6574752261956054,0.5215492280696692,0.5085679303091771,0.5134365111654547,-0.07016609795623666,0.5476219229159803
2025-26,1.0,False,0.5173641257162701,0.4739134147382802,0.5128205924084027,0.5143952274106163,0.5192606492778249,-0.011887618815117261,-0.17392562006759976
2025-26,0.0,False,0.7867435158501441,0.7440690150970525,0.7836755733516588,0.779892524873775,0.7832188913139877,-0.040366530778967374,-0.23818072713335137
2025-26,1.0,False,0.6957699520733487,0.7135512302607419,0.6919057687875548,0.6861563097953521,0.6903367938096475,-0.045024526694007916,0.08545960445252998
2025-26,0.0,False,0.41700735895339336,0.4003612281757977,0.41259173322489107,0.4039804400790257,0.4086804253119894,-0.05383632934715907,-0.06888952223281969
2025-26,0.0,False,0.44855888528345095,0.4675324675324675,0.4440636438513201,0.42419458950037403,0.42896049230012034,-0.099082393843851,0.07644196507983275
2025-26,1.0,False,0.6092362344582594,0.7179705215419501,0.6048970867004264,0.5880657688852078,0.5927774041923816,-0.08812781071457604,0.49031401202950375
2025-26,0.0,False,0.37753344813882633,0.2559309849029475,0.3732681866948057,0.36248232989305873,0.3669967985974314,-0.0645755406390896,-0.5671952490073195
2025-26,1.0,False,0.551441114716549,0.5427435387673957,0.546937452732281,0.5465981364567017,0.5514222747651493,-0.019560077394138235,-0.03510260706626614
2025-26,0.0,False,0.6092362344582594,0.593369754159424,0.6048970867004264,0.6368016029548778,0.6412958245230387,0.11740601762105897,-0.0661894503047723
2025-26,1.0,False,0.7440690150970525,0.705033164260632,0.7405895769247807,0.7388370305388337,0.7425790534028943,-0.027293221759300757,-0.19584406043474367
2025-26,0.0,False,0.5,0.551441114716549,0.4954524171900907,0.4936646610107426,0.4985353040519811,-0.025342712239470083,0.2064950933280307
2025-26,1.0,True,0.7508125677139763,0.740871613663133,0.7473936848680003,0.7349741368813493,0.7387519375117566,-0.08294279748764229,-0.052446979918629566
2025-26,0.0,True,0.2042241228835748,0.172876304023845,0.2012837117225542,0.19130736199974974,0.1943398386929352,-0.08143800437870324,-0.20527837021843043
2025-26,1.0,False,0.7957758771164253,0.7867435158501441,0.7928036544411187,0.7913823881190688,0.794580850212007,-0.026821245762642686,-0.054692850440849705
2025-26,0.0,False,0.593369754159424,0.5829926410466066,0.5889732859589498,0.5949090892908283,0.5995957464647572,0.006383639451658929,-0.04284275581288194
2025-26,0.0,False,0.2864487697392581,0.7508125677139762,0.28274512816868197,0.32684413015374886,0.3311452978360951,0.19020101339820827,2.0156452199605113
2025-26,1.0,False,0.7408716136631329,0.7440690150970525,0.7373640496111179,0.7331534552275822,0.7369479200020865,-0.03982243257848679,0.016722264499360318
2025-26,0.0,True,0.2132564841498559,0.172876304023845,0.2102203801111033,0.1961593405375841,0.19924977800306812,-0.10506707192633698,-0.2599712206592799
2025-26,1.0,False,0.44855888528345095,0.4170073589533933,0.4440636438513201,0.4430840463186999,0.44789709269978706,-0.022159771297015317,-0.1285756013678936
2025-26,0.0,False,0.44855888528345095,0.448558885283451,0.4440636438513201,0.44077890737991676,0.4455869482351266,-0.03150641023559761,0.0
2025-26,0.0,False,0.47391341473828014,0.551441114716549,0.46938036167020314,0.4620234817813703,0.46686979231839915,-0.04775802234466111,0.31093626760212145
2025-26,1.0,False,0.6750312469954812,0.7659021045164341,0.6710281968183384,0.677705592273023,0.6819464645839662,0.012217577880398338,0.4542850275025092
2025-26,0.0,False,0.35527082119976705,0.3249687530045188,0.35111520318136225,0.35238816415079893,0.3568472857895953,-0.012608215483585941,-0.1350799729989045
2025-26,0.0,True,0.7477827050997783,0.6853932584269663,0.7443364074355254,0.7445353431569427,0.7482235420877452,-0.017145184613756276,-0.30815208325869803
2025-26,1.0,True,0.6853932584269663,0.7335423197492164,0.6814576168934005,0.6593209947779873,0.6636837282788275,-0.1183995446331635,0.23400050486927781
2025-26,1.0,False,0.6574752261956054,0.7659021045164341,0.653366967131338,0.652220544803904,0.656626851326612,-0.02324886299227706,0.5332518788526232
2025-26,1.0,False,0.7440690150970525,0.7659021045164341,0.7405895769247807,0.7266295972609083,0.7304827266030103,-0.08963678414914636,0.1180890011952549
2025-26,1.0,False,0.4572564612326044,0.593369754159424,0.4527456196073573,0.440031440666045,0.44483781382021137,-0.06964197142614839,0.5493059367705704
2025-26,1.0,False,0.7179705215419501,0.725752508361204,0.7142725198425094,0.6988607390808412,0.7029452591163136,-0.0925382378560682,0.03876119343312401
2025-26,0.0,True,0.2864487697392581,0.1599999999999999,0.28274512816868197,0.28078506395635155,0.2847364910270468,-0.027876241129792187,-0.7455335469097301
2025-26,0.0,False,0.8118668596237336,0.8118668596237336,0.809072633960564,0.8157791363799107,0.8186892506755455,0.02582181352784997,0.0
2025-26,1.0,False,0.7095435684647302,0.740871613663133,0.7057803518145171,0.7069663196858115,0.7109863650692222,-0.012472840331127376,0.15733539589477818
2025-26,0.0,True,0.5829926410466066,0.6636481241914618,0.5785636629413651,0.5835136154360759,0.5882408607618863,0.002143319889197179,0.3445235194593174
2025-26,1.0,False,0.8223350253807106,0.84,0.8196617411122857,0.8293106760548759,0.8320510414271143,0.04850148615441001,0.12597980286056254
2025-26,1.0,False,0.6574752261956054,0.5427435387673957,0.653366967131338,0.6653916494113904,0.669715586093223,0.03535197141735949,-0.48067061092830604
2025-26,1.0,False,0.8988580750407831,0.8869565217391304,0.8971922653045007,0.8964453871736222,0.898240178950154,-0.026262184439029612,-0.12457696828508924
2025-26,1.0,False,0.8316498316498315,0.8370993168681029,0.8290875750408953,0.8140039591424518,0.8169358228972257,-0.1211254891723027,0.039436681231025617
2025-26,0.0,True,0.35527082119976705,0.3249687530045188,0.35111520318136225,0.36839833729006527,0.3729433836314849,0.0568558516701856,-0.1350799729989045
2025-26,0.0,True,0.7508125677139763,0.7335423197492164,0.7473936848680003,0.7278882764790755,0.7317302147771131,-0.11901585042281256,-0.09028083139932286
2025-26,1.0,False,0.705033164260632,0.7135512302607419,0.7012361159294679,0.6899566937084749,0.6941091231006203,-0.07146506696936611,0.041312615281107634
2025-26,0.0,False,0.5173641257162701,0.5324675324675325,0.5128205924084027,0.49198827647323207,0.49685860995212194,-0.10153408301232997,0.060568682454689104
2025-26,0.0,False,0.7913616398243045,0.7957758771164253,0.7883422608295344,0.7723002487196322,0.7757083553158182,-0.11180712050111502,0.026946915051082376
2025-26,0.0,True,0.4572564612326044,0.448558885283451,0.4527456196073573,0.4797119760290675,0.4845767033794339,0.09019580963666941,-0.035102607066266445
2025-26,0.0,True,0.3309929789368104,0.2949668357393679,0.32697731866521434,0.31597036055269195,0.3201964982445657,-0.06865544428544065,-0.16768452295759784
2025-26,0.0,False,0.47391341473828014,0.5108342361863488,0.46938036167020314,0.45355219869728647,0.45838536310581823,-0.08188724943873832,0.14778490349056272
2025-26,1.0,False,0.6750312469954812,0.644729178800233,0.6710281968183384,0.6423316280522047,0.6467953752241443,-0.14553144536579243,-0.13507997299890473
2025-26,1.0,False,0.3309929789368104,0.690792883054068,0.32697731866521434,0.3647301023230822,0.3692563508290446,0.14880508152031108,1.5075261014671155
2025-26,0.0,True,0.8465011286681715,0.827123695976155,0.8441225400093539,0.8450911011311361,0.8476246664040097,-0.010811082152736809,-0.14204039815423464
2025-26,0.0,True,0.2904564315352697,0.3309929789368104,0.28672179420703364,0.2876720558716414,0.29168109605498355,-0.013548950162728127,0.18947092299820312
2025-26,0.0,False,0.44855888528345095,0.3690596562184025,0.4440636438513201,0.45852134263259764,0.4633625582497567,0.04019828100451207,-0.3297579214589052
2025-26,0.0,False,0.37753344813882633,0.3363518758085381,0.3732681866948057,0.3732869571514659,0.3778562339654725,-0.01811059713396459,-0.1795634883151228
2025-26,1.0,False,0.8524590163934428,0.8761776581426649,0.8501564075563418,0.8565159418102795,0.8588938511315696,0.03262985281010685,0.20270192391432085
2025-26,0.0,False,0.4066302458405761,0.3425247738043946,0.402248686476981,0.38238406064747027,0.38699593044806063,-0.10152785850458558,-0.2741496466812647
2025-26,1.0,False,0.4066302458405761,0.3775334481388264,0.402248686476981,0.4363175423769241,0.441115305371213,0.12179266242919377,-0.1221172753313135
2025-26,0.0,False,0.5634920634920635,0.593369754159424,0.5590126368352563,0.5570791559119714,0.5618811623204106,-0.026030423388667852,0.12256675869996181
2025-26,0.0,False,0.6309403437815976,0.5108342361863488,0.6266945281087104,0.6174329091841,0.6220245432967023,-0.05758663999366605,-0.4929092855704642
2025-26,0.0,False,0.1999999999999999,0.2559309849029475,0.19710534343020678,0.21991913174808525,0.22327992226712212,0.12015666537825871,0.3190683862724524
2025-26,1.0,False,0.7001620745542949,0.7095435684647302,0.6963293296682626,0.6992755850712356,0.7033568667030545,-0.004219122791000573,0.045098551287515165
2025-26,1.0,False,0.47391341473828014,0.4572564612326044,0.46938036167020314,0.4576558301930909,0.4624957128409065,-0.06534218611809281,-0.06695131198767351
2025-26,0.0,True,0.44855888528345095,0.4279403644395361,0.4440636438513201,0.41370904751310644,0.4184427546867888,-0.14215813600875749,-0.08376430013805097
2025-26,0.0,True,0.3907637655417407,0.3425247738043946,0.38644182773584534,0.3929477128023665,0.39760496811002366,0.00916452981881382,-0.2079601963764921
2025-26,1.0,True,0.6805555555555556,0.690792883054068,0.6765879520989925,0.6809246778187501,0.6851428713770761,0.0016984179885959072,0.0475026278305406
2025-26,1.0,False,0.6037569709421778,0.551441114716549,0.5993969873891302,0.6025581507619475,0.607214741236556,-0.005008473893312345,-0.21464892489245121
2025-26,1.0,False,0.8223350253807106,0.84,0.8196617411122857,0.8123449173601777,0.8152969987002437,-0.06692885965658149,0.12597980286056254
2025-26,0.0,False,0.5829926410466066,0.6164383561643836,0.5785636629413651,0.5596644665344674,0.5644603577532282,-0.09527026979863437,0.1393872848991916
2025-26,1.0,True,0.8933823529411765,0.8869565217391304,0.8916372303193011,0.9059100498744985,0.9075577176076315,0.13892316411454214,-0.0657421575313406
2025-26,0.0,True,0.3907637655417407,0.4739134147382802,0.38644182773584534,0.43637719050834184,0.44117509605046606,0.1882246357408341,0.3396617265394877
2025-26,1.0,True,0.44855888528345095,0.5260865852617197,0.4440636438513201,0.44445203526596255,0.44926795396708386,-0.016617715211534864,0.31093626760212095
2025-26,0.0,False,0.2042241228835748,0.1881331403762662,0.2012837117225542,0.19985265585115858,0.20298658702053732,-0.02711596418150996,-0.10208690264547493
2025-26,1.0,True,0.7477827050997783,0.8118668596237336,0.7443364074355254,0.7553357292120105,0.758918490150983,0.0404539401280305,0.37536501781030784
2025-26,1.0,True,0.38356164383561636,0.3962430290578221,0.3792697739547536,0.37784507017642693,0.38243609419785046,-0.02424692110269122,0.05331396137463379
2025-26,1.0,False,0.5634920634920635,0.593369754159424,0.5590126368352563,0.5803680691096871,0.5851056315813433,0.06893784033943605,0.12256675869996181
2025-26,1.0,False,0.551441114716549,0.593369754159424,0.546937452732281,0.5528320716824469,0.5576435605287046,0.005624991607406558,0.1714183571807755
2025-26,1.0,False,0.912442396313364,0.9082568807339452,0.9109781622911869,0.9141826851491961,0.9156989664878049,0.02198158337451188,-0.05129329438754704
2025-26,1.0,False,0.7408716136631329,0.771505376344086,0.7373640496111179,0.7259677858224192,0.7298267749613012,-0.07624373812161486,0.16632724892122597
2025-26,0.0,True,0.2042241228835748,0.24,0.2012837117225542,0.19786488946446887,0.20097547926528245,-0.039593086930125594,0.20742004248325396
2025-26,1.0,False,0.35527082119976705,0.3249687530045188,0.35111520318136225,0.35792393259221256,0.36241390297723686,0.011563678842441343,-0.1350799729989045
2025-26,0.0,False,0.4365079365079364,0.4826358742837298,0.43203884486775945,0.4318505304232648,0.4366372226663198,-0.01895830897385948,0.18586224601533538
2025-26,0.0,True,0.6164383561643836,0.6164383561643836,0.612128266884414,0.6374968716445909,0.6419873267419488,0.09005828599780584,0.0
2025-26,0.0,False,0.4891657638136511,0.4891657638136511,0.48462121182986184,0.4570394474232738,0.4618783629458512,-0.12892323550832369,0.0
2025-26,0.0,False,0.41700735895339336,0.4066302458405761,0.41259173322489107,0.4267422116189355,0.43151528700742586,0.039915297744295086,-0.04284275581288155
2025-26,0.0,True,0.7408716136631329,0.7508125677139762,0.7373640496111179,0.7555107429322642,0.759091758436909,0.07771892131965936,0.052446979918629566
2025-26,1.0,False,0.4891657638136511,0.3907637655417407,0.48462121182986184,0.4960337549914248,0.5009046487320931,0.0274784164048356,-0.40075917159710617
2025-26,0.0,True,0.41700735895339336,0.4066302458405761,0.41259173322489107,0.4178168448378026,0.42256367773400016,0.0033287631362442366,-0.04284275581288155
2025-26,0.0,False,0.1999999999999999,0.1918429003021148,0.19710534343020678,0.18830033978054825,0.19129642640327194,-0.07479779391818674,-0.05178529931752407
2025-26,0.0,False,0.551441114716549,0.5260865852617197,0.546937452732281,0.5555647480539408,0.560370216033515,0.016685687681646633,-0.10205391905394041
2025-26,1.0,False,0.8761776581426649,0.8579439252336449,0.8741905852500373,0.8701075543020151,0.8722937992736512,-0.05481100275299544,-0.15840419538531458
2025-26,0.0,False,0.6164383561643836,0.5634920634920635,0.612128266884414,0.6252655158155082,0.6298195041093714,0.037500672217898094,-0.21911128778627148
2025-26,1.0,False,0.8465011286681715,0.8316498316498315,0.8441225400093539,0.8315921483242639,0.8343032037171942,-0.1104649323786691,-0.11005298959447418
2025-26,0.0,False,0.46753246753246747,0.4782608695652174,0.4630067327675126,0.4564710390269142,0.4613090495449798,-0.044504606272927905,0.04304175125856824
2025-26,0.0,False,0.2949668357393679,0.2742474916387959,0.29119800526997075,0.273588501348902,0.2774777255582291,-0.10510958475824789,-0.10179619186351108
2025-26,1.0,False,0.5829926410466066,0.6037569709421778,0.5785636629413651,0.5866534712057526,0.5913700354495747,0.015077318228679068,0.08607332352455765
2025-26,0.0,False,0.3194444444444444,0.1918429003021148,0.31550281778930594,0.3176367157806096,0.3218746535384066,-0.008327782115009688,-0.6817535782559383
2025-26,0.0,False,0.6853932584269663,0.6805555555555556,0.6814576168934005,0.6645285440241169,0.668858083441194,-0.0951283948592002,-0.022343271816630428
2025-26,1.0,False,0.34252477380439467,0.3425247738043946,0.33843998394609914,0.3347395180405623,0.33909224807300226,-0.0347628976830411,0.0
2025-26,1.0,False,0.46753246753246747,0.4739134147382802,0.4630067327675126,0.45793527272887036,0.46277558894245097,-0.038604440863313334,0.025611953974107204
2025-26,0.0,False,0.3194444444444444,0.3425247738043946,0.31550281778930594,0.30377758893257395,0.3079140568365358,-0.07304726494538888,0.10426298499140652
2025-26,0.0,False,0.35527082119976705,0.3249687530045188,0.35111520318136225,0.3607121046726041,0.36521715655058834,0.02367522839182583,-0.1350799729989045
2025-26,0.0,False,0.47391341473828014,0.5043297540699688,0.46938036167020314,0.4551025902363206,0.45993837017936456,-0.07563349712166818,0.121760623474271
2025-26,1.0,True,0.593369754159424,0.5829926410466066,0.5889732859589498,0.577884632200766,0.5826300690944565,-0.0638178601114687,-0.04284275581288194
2025-26,1.0,True,0.644729178800233,0.7819063004846527,0.640551622269,0.6587149359706396,0.6630814646265165,0.06162280181460232,0.6808601527369227
2025-26,1.0,False,0.8761776581426649,0.8579439252336449,0.8741905852500373,0.8792935260604825,0.8813462439434185,0.029035945311438674,-0.15840419538531458
2025-26,0.0,True,0.4365079365079364,0.3835616438356164,0.43203884486775945,0.43415156203808813,0.43894405447814017,-0.00958587866034023,-0.21911128778627104
2025-26,1.0,True,0.2591283863368669,0.4170073589533933,0.2556514252224071,0.24992723699823632,0.25359752848514167,-0.048496685320748606,0.7154330156521547
2025-26,0.0,True,0.3194444444444444,0.3425247738043946,0.31550281778930594,0.2968653528782472,0.3009483836960371,-0.10594364477521813,0.10426298499140652
2025-26,1.0,False,0.8316498316498315,0.8042929292929294,0.8290875750408953,0.8216958910149635,0.824532642883772,-0.06948553681415952,-0.18402079254691306
2025-26,0.0,True,0.1420560747663551,0.182741116751269,0.13985344885182513,0.14444248978762927,0.1468670088451018,0.019444988389816086,0.30043144324586124
2025-26,0.0,False,0.4066302458405761,0.3962430290578221,0.402248686476981,0.3926568395605253,0.3973129037552512,-0.05824447061349555,-0.04323056771167638
2025-26,0.0,True,0.6750312469954812,0.725752508361204,0.6710281968183384,0.7120153339969174,0.715993939274374,0.1741622634787755,0.24214815773602172
2025-26,0.0,False,0.15999999999999992,0.1629006831318969,0.15757024680663473,0.15307865767219944,0.15562177017184364,-0.05242785581551375,0.021426064172675785
2025-26,0.0,False,0.4066302458405761,0.2559309849029475,0.402248686476981,0.43753616036031434,0.4423368080063535,0.12674595821591522,-0.6893125243386331
2025-26,0.0,True,0.4891657638136511,0.4365079365079364,0.48462121182986184,0.4876878267180452,0.4925568650795901,-0.0059149216546815694,-0.21200296259237272
2025-26,1.0,False,0.5634920634920635,0.551441114716549,0.5590126368352563,0.5381536342625932,0.5429924992552511,-0.1024349009528495,-0.04885159848081369
2025-26,1.0,False,0.37753344813882633,0.3425247738043946,0.3732681866948057,0.392340889610264,0.3969956562454279,0.06254775305726278,-0.15203237134995118
2025-26,0.0,False,0.4003612281757977,0.3249687530045188,0.3960021375670633,0.40074639370239395,0.4054343476760663,0.0016041181918654973,-0.3270697316114406
2025-26,1.0,True,0.8933823529411765,0.8933823529411765,0.8916372303193011,0.901873673212628,0.903584501646162,0.09245314761854176,0.0
2025-26,0.0,True,0.644729178800233,0.6369041816941223,0.640551622269,0.6276011338255418,0.6321434371054363,-0.0740106488326103,-0.03399751419392383
2025-26,1.0,False,0.705033164260632,0.740871613663133,0.7012361159294679,0.6845368683082265,0.6887291379835859,-0.09668122786339017,0.17912179593538335
2025-26,0.0,False,0.2664576802507837,0.2820294784580499,0.26291727515423624,0.26598520722919244,0.26980649154057834,-0.0024186278677813255,0.07825294602430266
2025-26,1.0,False,0.7335423197492164,0.6853932584269663,0.7299717055339964,0.7131086129559696,0.7170781158522443,-0.10213981949486468,-0.23400050486927781
2025-26,1.0,False,0.7179705215419501,0.7001620745542949,0.7142725198425094,0.7169654446003879,0.720902469111204,-0.004958261900228517,-0.08634714967729706
2025-26,0.0,False,0.4365079365079364,0.4003612281757977,0.43203884486775945,0.4475644882021361,0.45238666946854145,0.04483062100384126,-0.148613525119899
2025-26,1.0,False,0.3962430290578221,0.4365079365079364,0.39189947233752087,0.4086291612838033,0.4133457227365261,0.05150876953602371,0.16579732641163725
2025-26,0.0,False,0.299837925445705,0.3425247738043946,0.29603298946597584,0.3092343613405164,0.31341168430595473,0.04436859986283817,0.19600666597571526
2025-26,0.0,False,0.1420560747663551,0.136986301369863,0.13985344885182513,0.14607164545045212,0.14851876340400794,0.03256679708193781,-0.04223276362327266
2025-26,1.0,True,0.6636481241914618,0.6690070210631895,0.6595755681006343,0.6624323709321829,0.6667753976868712,-0.005441615779216424,0.024103177299856005
2025-26,0.0,False,0.1881331403762662,0.1776649746192893,0.18537043894643798,0.17350285171007482,0.1763146351347413,-0.09881597622194827,-0.07006181867585637
2025-26,1.0,False,0.7335423197492164,0.7440690150970525,0.7299717055339964,0.7386056357950823,0.7423498179613223,0.02606403298180686,0.05455611598005361
2025-26,1.0,False,0.4066302458405761,0.448558885283451,0.402248686476981,0.39816066893913815,0.4028387086647821,-0.035221452627465136,0.17141835718077514
2025-26,0.0,False,0.11304347826086947,0.1130434782608695,0.11123237914692587,0.12353414345821567,0.12565925448872103,0.10064328964372816,0.0
2025-26,0.0,False,0.5217391304347826,0.5634920634920635,0.5171983485739458,0.5285410468764223,0.533393301574947,0.02727704971054161,0.1683353148192147
2025-26,0.0,False,0.5108342361863488,0.4956702459300312,0.5062878925839033,0.5001131871475859,0.5049839999900414,-0.042890980618394636,-0.06066317841665242
2025-26,1.0,True,0.6853932584269663,0.740871613663133,0.6814576168934005,0.7073544452389885,0.7113713398727904,0.10390035722960876,0.2718343563499711
2025-26,1.0,True,0.8465011286681715,0.8465011286681716,0.8441225400093539,0.8253924789856995,0.828182717017106,-0.15410003364143626,0.0
2025-26,1.0,False,0.47391341473828014,0.4826358742837298,0.46938036167020314,0.4663899015020119,0.4712418935071441,-0.030202262578609897,0.03495672848058115
2025-26,0.0,False,0.3249687530045188,0.355270821199767,0.3209911123602197,0.3246085649167597,0.3288946871397714,-0.0016424372825485194,0.1350799729989045
2025-26,0.0,True,0.4891657638136511,0.4956702459300312,0.48462121182986184,0.4996080373925714,0.5044788954301207,0.04177587846558947,0.02602428001629179
2025-26,0.0,True,0.2904564315352697,0.448558885283451,0.28672179420703364,0.2589324642230484,0.26268868665430284,-0.15835617628781368,0.6866732211252704
2025-26,0.0,True,0.17287630402384502,0.182741116751269,0.17029065285492445,0.18127592346849566,0.18418560454928884,0.05765110798408131,0.0674924961117167
2025-26,0.0,False,0.10661764705882348,0.127906976744186,0.10489732233020636,0.11311777781060542,0.11508722902501367,0.06648297948381973,0.20617277261613465
2025-26,1.0,False,0.817258883248731,0.8370993168681029,0.814526446455526,0.8221184580634231,0.8249499192585137,0.03288123369741396,0.138916585902503
2025-26,0.0,False,0.1881331403762662,0.24,0.18537043894643798,0.18298197677519126,0.1859128236464354,-0.03408703937630762,0.3095069451287289
2025-26,1.0,False,0.4782608695652174,0.4365079365079364,0.47372367751638933,0.48980724870278214,0.49467701545334847,0.04623472267403829,-0.16833531481921526
2025-26,1.0,False,0.7867435158501441,0.7335423197492164,0.7836755733516588,0.7705818367556925,0.7740081374106731,-0.09380721906655252,-0.292736843113405
2025-26,1.0,False,0.8630136986301371,0.8370993168681029,0.860848923743992,0.8579598123391362,0.860317695263696,-0.04210240302929827,-0.20374762096663113
2025-26,1.0,False,0.8579439252336448,0.8524590163934427,0.8557124282189903,0.8488081924496009,0.8512916616768862,-0.07303291012870244,-0.044297728529006264
2025-26,1.0,True,0.8869565217391304,0.8933823529411765,0.8851197457161499,0.8831608043286121,0.8851563454884758,-0.037314753919884175,0.0657421575313406
2025-26,0.0,False,0.3363518758085381,0.2779207411219763,0.33230349423527833,0.33313871328180505,0.3374811871987581,-0.014428884546000335,-0.2752047263888989
2025-26,0.0,False,0.2086383601756954,0.2491874322860238,0.2056508176531566,0.21557563851383335,0.21888867725200736,0.041514324796497214,0.23020194710385034
2025-26,0.0,False,0.47391341473828014,0.4279403644395361,0.46938036167020314,0.4572207012227955,0.4620599026789818,-0.06709540595267385,-0.18581821919199093
2025-26,0.0,True,0.6574752261956054,0.6853932584269663,0.653366967131338,0.6605981362780834,0.6649528258668467,0.013897750495835456,0.12660625680803683
2025-26,1.0,False,0.84,0.8316498316498315,0.8375400051200096,0.8444306540217562,0.8469730650842996,0.03334295438262135,-0.060862745403701846
2025-26,0.0,True,0.299837925445705,0.2340978954835658,0.29603298946597584,0.29600552617022063,0.3000817781135161,-0.0183226196440629,-0.33724521287690823
2025-26,0.0,False,0.5,0.5108342361863488,0.4954524171900907,0.4639489172859233,0.4687978249021936,-0.14445500599126365,0.043343729216472
2025-26,0.0,True,0.4003612281757977,0.3835616438356164,0.3960021375670633,0.43053952366489207,0.4353228186416091,0.12430996548958083,-0.07049776266637203
2025-26,1.0,True,0.7768331562167907,0.7335423197492164,0.7736636578791571,0.7551404569988054,0.7587251640248383,-0.12108691360206937,-0.23463607016492505
2025-26,1.0,False,0.6164383561643836,0.6037569709421778,0.612128266884414,0.6117882782416167,0.6164055702727667,-0.01962257295510813,-0.053313961374633956
2025-26,0.0,False,0.7335423197492164,0.7659021045164341,0.7299717055339964,0.7218380938602197,0.7257332675634743,-0.05907233220267099,0.1726451171753085
2025-26,1.0,False,0.8524590163934428,0.8524590163934427,0.8501564075563418,0.8505403167266283,0.8530002615512068,-0.015174006334299286,0.0
2025-26,1.0,False,0.6750312469954812,0.6574752261956054,0.6710281968183384,0.6638338444563109,0.6681678725429537,-0.05060361290996124,-0.07896685135011394
2025-26,1.0,False,0.7477827050997783,0.7335423197492164,0.7443364074355254,0.7404879808990421,0.744214537916563,-0.03831505265677816,-0.07415157838942021
2025-26,0.0,False,0.7913616398243045,0.8223350253807106,0.7883422608295344,0.7816519613743554,0.7849590699336277,-0.057833355258880045,0.19909563637241212
2025-26,0.0,False,0.38356164383561636,0.3042300479266513,0.3792697739547536,0.37792262641555757,0.38251401341052443,-0.02391701759297925,-0.35277694564615675
2025-26,1.0,False,0.5720596355604638,0.5720596355604638,0.5676006629315716,0.5774365554350871,0.5821833876072404,0.021999582001945454,0.0
2025-26,0.0,True,0.5634920634920635,0.5996387718242023,0.5590126368352563,0.5665299208151067,0.5713083132373401,0.012360431886907768,0.14861352511989984
2025-26,1.0,True,0.8761776581426649,0.8869565217391304,0.8741905852500373,0.8857037164214022,0.8876613507152012,0.09086736802531908,0.10330239066320512
2025-26,0.0,True,0.6805555555555556,0.7179705215419501,0.6765879520989925,0.6986740107713423,0.702759986297026,0.08466548673802983,0.17809083066160525
2025-26,0.0,True,0.5,0.5108342361863488,0.4954524171900907,0.44734782650171134,0.45216958408432817,-0.21139239524123637,0.043343729216472
2025-26,1.0,True,0.705033164260632,0.6957699520733487,0.7012361159294679,0.6881577357996418,0.6923235145651717,-0.07986133211520309,-0.044146989171422346
2025-26,1.0,True,0.7957758771164253,0.771505376344086,0.7928036544411187,0.7884983740529248,0.791729416294771,-0.044201894246671855,-0.14326859315233542
2025-26,1.0,True,0.6636481241914618,0.6092362344582594,0.6595755681006343,0.6505308734781722,0.6549472621760525,-0.05822067781866718,-0.23549131334166318
2025-26,1.0,True,0.725752508361204,0.705033164260632,0.7221170520921916,0.7124697628061926,0.716444590203234,-0.06576866075582687,-0.10179619186351108
2025-26,1.0,False,0.6224665518611737,0.705033164260632,0.6181822444816055,0.6231480436155434,0.6277124431905481,0.0029009732290192908,0.37135118857257543
2025-26,0.0,False,0.8465011286681715,0.8524590163934427,0.8441225400093539,0.8580318141294432,0.8603886963110418,0.09161986807643006,0.04660082045090386
2025-26,0.0,True,0.2949668357393679,0.2779207411219763,0.29119800526997075,0.30238875560596856,0.30651463791851885,0.035433383035070966,-0.0834170261314453
2025-26,1.0,False,0.7957758771164253,0.7819063004846527,0.7928036544411187,0.7681216703959077,0.7715738214571661,-0.16236419956437842,-0.08328942414343743
2025-26,0.0,False,0.7179705215419501,0.6957699520733487,0.7142725198425094,0.7098951456961627,0.7138912720568911,-0.03954206002791624,-0.10718198760180941
2025-26,1.0,False,0.8524590163934428,0.827123695976155,0.8501564075563418,0.8383416410151803,0.8409648212975733,-0.10807865089513623,-0.1886412186051385
2025-26,0.0,False,0.5,0.5217391304347826,0.4954524171900907,0.4883928365969446,0.4932621366909708,-0.04643699652072146,0.08701137698962969
2025-26,1.0,False,0.4003612281757977,0.3630958183058778,0.3960021375670633,0.37412523243679785,0.37869856993866613,-0.11059949488856294,-0.15799224441861148
2025-26,1.0,True,0.46753246753246747,0.4891657638136511,0.4630067327675126,0.48516356876815564,0.4900315110845813,0.07068997656332701,0.08670939903172571
2025-26,0.0,True,0.4826358742837298,0.3363518758085381,0.47809521030313673,0.4573666878022247,0.46220611862385036,-0.10146389673243558,-0.6101097683617326
2025-26,1.0,False,0.7508125677139763,0.8081570996978852,0.7473936848680003,0.7400891744831216,0.7438194770504231,-0.05651859867410861,0.335128970170707
2025-26,1.0,False,0.4066302458405761,0.355270821199767,0.402248686476981,0.36102061669267593,0.3655273185769328,-0.1930236726992567,-0.21803652503247423
2025-26,1.0,False,0.725752508361204,0.771505376344086,0.7221170520921916,0.720255060267001,0.724163930682744,-0.027450965122931076,0.24365285299309825
2025-26,1.0,False,0.3962430290578221,0.355270821199767,0.39189947233752087,0.4050351716514498,0.40973899205903275,0.03661563336096043,-0.17480595732079784
2025-26,1.0,False,0.6164383561643836,0.6690070210631895,0.612128266884414,0.6309585422497598,0.6354836789405499,0.06187318976701893,0.2292394118599818
2025-26,1.0,False,0.771505376344086,0.7659021045164341,0.7682827812177262,0.7768549307397775,0.7802142658269671,0.030600574589027103,-0.031515983226610755
2025-26,1.0,False,0.4956702459300312,0.5260865852617197,0.4911233622411001,0.4721908096851362,0.47704919843767424,-0.09403222550957738,0.12176062347427072
2025-26,1.0,True,0.7957758771164253,0.8579439252336449,0.7928036544411187,0.78443677056763,0.7877131555317265,-0.06838785642785448,0.43821731735257474
2025-26,1.0,True,0.46753246753246747,0.4572564612326044,0.4630067327675126,0.47732969118458735,0.4821926496481269,0.03930967625688262,-0.04133935801356631
2025-26,1.0,False,0.7179705215419501,0.5829926410466066,0.7142725198425094,0.7123730198503785,0.716348652182943,-0.02747966715232516,-0.599346218147158
2025-26,1.0,False,0.35527082119976705,0.3042300479266513,0.35111520318136225,0.33619612086323136,0.3405580955280789,-0.08434208483514799,-0.2312849496999927
2025-26,1.0,False,0.7508125677139763,0.7768331562167907,0.7473936848680003,0.7660477117625483,0.7695214747668122,0.08317656628355832,0.1443552387656022
2025-26,0.0,True,0.127906976744186,0.12,0.125891545268644,0.11939176801511836,0.12145549408443765,-0.07860974670983734,-0.07283732395226594
2025-26,0.0,True,0.644729178800233,0.6750312469954812,0.640551622269,0.6298237063119441,0.6343546942401345,-0.06448938815658828,0.13507997299890473
2025-26,1.0,False,0.6574752261956054,0.6309403437815976,0.653366967131338,0.646654730940844,0.6510938317345681,-0.047696269502679564,-0.1158100824031344
2025-26,1.0,False,0.4782608695652174,0.4365079365079364,0.47372367751638933,0.4877096456585904,0.49257869241094676,0.037840054739319326,-0.16833531481921526
2025-26,1.0,False,0.8869565217391304,0.8869565217391304,0.8851197457161499,0.8844288763494911,0.8864055453178638,-0.024967486216237667,0.0
2025-26,0.0,False,0.4572564612326044,0.4572564612326044,0.4527456196073573,0.4229656616930535,0.42772801374802627,-0.139218292552156,0.0
2025-26,1.0,True,0.6574752261956054,0.6309403437815976,0.653366967131338,0.6597624004782962,0.6641223609618261,0.010172478069413172,-0.1158100824031344
2025-26,0.0,False,0.41700735895339336,0.4170073589533933,0.41259173322489107,0.37971631878687684,0.3843160346463905,-0.15568178462242044,0.0
2025-26,1.0,False,0.593369754159424,0.593369754159424,0.5889732859589498,0.5939861926377471,0.5986763242594246,0.00255545656120304,0.0
2025-26,1.0,False,0.551441114716549,0.593369754159424,0.546937452732281,0.5475325497442719,0.5523548882024297,-0.015789009232995324,0.1714183571807755
2025-26,1.0,True,0.6574752261956054,0.6957699520733487,0.653366967131338,0.6587619327912847,0.6631281676590568,0.005718738794379799,0.17517182805120224
2025-26,1.0,True,0.5108342361863488,0.5108342361863488,0.5062878925839033,0.5547896395862767,0.5595968448171783,0.17669839440814122,0.0
2025-26,1.0,True,0.46753246753246747,0.4365079365079364,0.4630067327675126,0.48360552206521334,0.4884726638547708,0.06445170005821116,-0.12529356356064703
2025-26,1.0,False,0.44855888528345095,0.4170073589533933,0.4440636438513201,0.44528211845923354,0.45009974439636236,-0.013256514275767305,-0.1285756013678936
2025-26,0.0,True,0.15999999999999992,0.127906976744186,0.15757024680663473,0.15234156571247257,0.15487467211054046,-0.058124545649440015,-0.26136476413440723
2025-26,0.0,False,0.15999999999999992,0.127906976744186,0.15757024680663473,0.1524283277856225,0.1549626131098862,-0.05745282422202079,-0.26136476413440723
2025-26,1.0,False,0.8524590163934428,0.8869565217391304,0.8501564075563418,0.8559916950025264,0.8583768559081763,0.028370561243105177,0.30600431457752597
2025-26,1.0,False,0.8761776581426649,0.8761776581426649,0.8741905852500373,0.8692209173927896,0.8714198802531281,-0.06263325928734773,0.0
2025-26,0.0,False,0.2522172949002217,0.2284946236559139,0.24880192448585656,0.24564610299453074,0.24927441807272865,-0.03514828562780742,-0.1300095220124997
2025-26,1.0,False,0.8,0.817258883248731,0.7970735772217529,0.8039160461242094,0.8069692174026549,0.024657578741613187,0.11159106540846286
2025-26,0.0,False,0.3907637655417407,0.3425247738043946,0.38644182773584534,0.4140858530082626,0.41882079172001907,0.09700295555208545,-0.2079601963764921
2025-26,1.0,False,0.6690070210631895,0.6574752261956054,0.6649665940131344,0.6983542993360398,0.7024427637968437,0.1357760226428394,-0.05163429426502708
2025-26,1.0,False,0.6750312469954812,0.7440690150970525,0.6710281968183384,0.6420017126362447,0.6464673110278111,-0.146967179685212,0.3361960263072543
2025-26,1.0,True,0.8720930232558137,0.8677165354330709,0.8700501229807092,0.8612369319043397,0.8635490662065031,-0.09399112459558173,-0.0386748304283373
2025-26,0.0,True,0.6224665518611737,0.5829926410466066,0.6181822444816055,0.6564077001304377,0.6607885470088384,0.14729558445721308,-0.1649600311441955
2025-26,0.0,True,0.17287630402384502,0.1599999999999999,0.17029065285492445,0.1540176003567564,0.15657342781498357,-0.13805374863140368,-0.09285015396346319
2025-26,1.0,True,0.8869565217391304,0.9039548022598868,0.8851197457161499,0.8871935799152976,0.8891288905513476,0.0023664907540455436,0.18193701535487383
2025-26,0.0,False,0.3249687530045188,0.355270821199767,0.3209911123602197,0.341289816874276,0.34568346351943696,0.07347831276197901,0.1350799729989045
2025-26,1.0,False,0.690792883054068,0.6636481241914618,0.6868939316584368,0.6849973997609499,0.6891863281544817,-0.02699456124511934,-0.12423449585677593
2025-26,0.0,True,0.15349887133182843,0.1629006831318969,0.15115007921367027,0.13103530687911186,0.13326983662635383,-0.18441736927684216,0.07061630836344701
2025-26,1.0,True,0.7957758771164253,0.8579439252336449,0.7928036544411187,0.8246237173938991,0.8274236717130516,0.18789377783732936,0.43821731735257474
2025-26,1.0,False,0.8465011286681715,0.8869565217391304,0.8441225400093539,0.8275262910262551,0.8302894416670518,-0.1392222555240157,0.35260513502842983
2025-26,1.0,True,0.593369754159424,0.644729178800233,0.5889732859589498,0.5990620253202678,0.6037326394857968,0.023644951626114463,0.21803652503247362
2025-26,1.0,False,0.705033164260632,0.7999999999999999,0.7012361159294679,0.7159906290320385,0.7199359165149642,0.05327793053532237,0.5149124467071949
2025-26,1.0,False,0.9197080291970804,0.9258160237388724,0.918354426839634,0.9233685606685835,0.9247359016985851,0.05063440030396055,0.08574072878817285
2025-26,0.0,True,0.8465011286681715,0.8677165354330709,0.8441225400093539,0.8398525611710009,0.8424558315852216,-0.05028685037962085,0.17349968951529693
2025-26,1.0,False,0.47391341473828014,0.4739134147382802,0.46938036167020314,0.48921073320773156,0.4940803126609302,0.06127740677982267,0.0
2025-26,0.0,False,0.5634920634920635,0.6224665518611737,0.5590126368352563,0.57000363294411,0.5747724744908156,0.026519282640913383,0.24468403403127537
2025-26,1.0,False,0.771505376344086,0.7600000000000001,0.7682827812177262,0.7694102575708758,0.7728488976458557,-0.011846761882464012,-0.06415144933091832
2025-26,1.0,False,0.644729178800233,0.6805555555555556,0.640551622269,0.6357957920192636,0.6402954292878902,-0.03878726675467683,0.1603761066401972
2025-26,0.0,False,0.8988580750407831,0.8869565217391304,0.8971922653045007,0.9024846714124628,0.9041859788513393,0.040541699441394186,-0.12457696828508924
2025-26,1.0,True,0.690792883054068,0.7179705215419501,0.6868939316584368,0.6437095950035148,0.6481655646671267,-0.2123271677325353,0.13058820283106465
2025-26,1.0,False,0.837099316868103,0.8677165354330709,0.8346035054325838,0.830037997834572,0.8327690409356214,-0.05090542755726177,0.2441159978787455
2025-26,1.0,False,0.7408716136631329,0.7600000000000001,0.7373640496111179,0.7447410492981099,0.7484272818851476,0.020254339932266448,0.10217579959030765
2025-26,1.0,True,0.3146067415730336,0.2591283863368669,0.3106975556592592,0.3166588943060435,0.320889921012855,0.00950034774072736,-0.2718343563499711
2025-26,1.0,True,0.5634920634920635,0.593369754159424,0.5590126368352563,0.5459661358994663,0.5507914723225831,-0.07096152593896536,0.12256675869996181
2025-26,1.0,False,0.3907637655417407,0.4170073589533933,0.38644182773584534,0.38814514650034243,0.392782310700725,-0.011012827498004862,0.10903220611765413
2025-26,1.0,False,0.5,0.5829926410466066,0.4954524171900907,0.5109036731797056,0.5157711465989122,0.04362160849850664,0.33507069469592426
2025-26,0.0,True,0.1918429003021148,0.1957070707070707,0.18903840639801633,0.2090374854786681,0.2122772352562289,0.10734267601802229,0.024735121784498437
2025-26,1.0,False,0.7659021045164341,0.7571884984025559,0.7626247977658676,0.7570603447476946,0.760625854581962,-0.048685090337455786,-0.047988175193893756
2025-26,1.0,False,0.6309403437815976,0.705033164260632,0.6266945281087104,0.6154153072367085,0.6200162540581188,-0.06611971052569202,0.335128899625759
2025-26,0.0,False,0.5108342361863488,0.4826358742837298,0.5062878925839033,0.516762835722695,0.52162659641187,0.023732751876305754,-0.11282817500998157
2025-26,0.0,False,0.3092071169459319,0.2591283863368669,0.30533513523991684,0.31890802595405526,0.3231548927817406,0.04503409696516686,-0.24667500033606105
2025-26,1.0,True,0.7179705215419501,0.740871613663133,0.7142725198425094,0.7445857396695833,0.7482734570107479,0.1355243194269209,0.11608679750499629
2025-26,0.0,True,0.2820294784580499,0.2742474916387959,0.27836068577410705,0.295687643416741,0.29976138179122164,0.06649860517643956,-0.03876119343312445
2025-26,1.0,False,0.593369754159424,0.644729178800233,0.5889732859589498,0.5910080100365828,0.5957091285746449,-0.00977945124266313,0.21803652503247362
2025-26,1.0,False,0.8800000000000001,0.8869565217391304,0.878065730721519,0.8633892722709418,0.8656711369538304,-0.14869998456831035,0.06759329113252721
2025-26,0.0,False,0.2340978954835658,0.172876304023845,0.23085213979034952,0.22268297831897918,0.22607376516421474,-0.06478416031507359,-0.38006294659737594
2025-26,1.0,True,0.6369041816941224,0.6037569709421778,0.6326870337050478,0.6245503746181696,0.6291078985459315,-0.053044779875625794,-0.14080844312687407
2025-26,1.0,False,0.8630136986301371,0.8524590163934427,0.860848923743992,0.8677221976405401,0.8699425899194375,0.04041770681061344,-0.0865304921522787
2025-26,0.0,True,0.22849462365591386,0.2132564841498559,0.22530370342430125,0.23017126660297998,0.23364180467684062,0.00948656254378935,-0.08857574271148483
2025-26,0.0,True,0.12382234185733508,0.1420560747663551,0.12186227841425226,0.13279962954703048,0.1350595698178032,0.08029245477433572,0.1584041953853148
2025-26,0.0,True,0.091743119266055,0.0802919708029197,0.09023855927224717,0.08863048071182757,0.09021696158372244,-0.03793785275382247,-0.14585187701256297
2025-26,0.0,True,0.0741839762611276,0.0741839762611276,0.07294425388541624,0.08207507867114155,0.08355497613085636,0.10964618262484686,0.0
2025-26,1.0,False,0.8223350253807106,0.827123695976155,0.8196617411122857,0.8225732998289275,0.8253990586304559,0.001631756416150515,0.03312964889710024
2025-26,0.0,False,0.2864487697392581,0.2864487697392581,0.28274512816868197,0.2861969519325333,0.2901938096320181,-0.0012323346166013757,0.0
2025-26,0.0,False,0.2231668437832093,0.2664576802507837,0.220029106707751,0.21222239408838733,0.21549805646815434,-0.06427514144712825,0.23463607016492505
2025-26,0.0,False,0.5260865852617197,0.5427435387673957,0.5215492280696692,0.5222404368062247,0.5270995179579028,-0.015420685600575947,0.06695131198767428
2025-26,0.0,True,0.2086383601756954,0.1629006831318969,0.2056508176531566,0.19930993693288437,0.20243751076981045,-0.057460212176590544,-0.3036493750602991
2025-26,1.0,True,0.15999999999999992,0.1534988713318284,0.15757024680663473,0.17401327636283181,0.17683156191369054,0.10078097352979289,-0.049190244190771226
2025-26,1.0,True,0.8316498316498315,0.8524590163934427,0.8290875750408953,0.8097710176231123,0.8127542568554212,-0.14884233472162067,0.15665381004537804
2025-26,1.0,False,0.5324675324675325,0.4572564612326044,0.5279364487893485,0.5136017734867467,0.5184677032427466,-0.07563260732446012,-0.3014456145099624
2025-26,1.0,False,0.6164383561643836,0.6636481241914618,0.612128266884414,0.6189671411510104,0.6235515882242375,0.010708592811921547,0.2051362345601258
2025-26,0.0,True,0.15349887133182843,0.2042241228835748,0.15115007921367027,0.14764789010055862,0.15011677249837693,-0.04575107697356466,0.34731876837266484
2025-26,0.0,True,0.5427435387673957,0.5720596355604638,0.5382256771526737,0.5610672735480001,0.5658597380101188,0.07410217064314281,0.11886690720431675
2025-26,1.0,True,0.5217391304347826,0.5996387718242023,0.5171983485739458,0.5108495328960189,0.5157170343896125,-0.0436064321517545,0.31694883993911455
2025-26,0.0,False,0.4066302458405761,0.4279403644395361,0.402248686476981,0.4079852054177666,0.4126995211940658,0.00561273760444209,0.08765405704272416
2025-26,1.0,False,0.7600000000000002,0.7913616398243045,0.756666316974284,0.7571660319743189,0.7607304809204751,-0.015474902313000104,0.18047312743217137
2025-26,1.0,True,0.36905965621840253,0.3146067415730336,0.3648340182623132,0.3521220950767935,0.35657970368200487,-0.07347126901465001,-0.242416339211172
2025-26,0.0,False,0.11304347826086947,0.1130434782608695,0.11123237914692587,0.1146355264705521,0.11662792766961576,0.015781821444138443,0.0
2025-26,0.0,False,0.08029197080291968,0.0802919708029197,0.07895888034586399,0.07733801615994672,0.07873982638675694,-0.040690683628293936,0.0
2025-26,1.0,False,0.690792883054068,0.7001620745542949,0.6868939316584368,0.6806491636073339,0.684869313823046,-0.04707201392009276,0.044241053153767584
2025-26,1.0,True,0.6750312469954812,0.6750312469954812,0.6710281968183384,0.6777352722244057,0.681975937262375,0.01235346548210213,0.0
2025-26,1.0,False,0.5996387718242023,0.5720596355604638,0.5952638511496052,0.5814827279306679,0.5862166782995053,-0.07509710847418657,-0.11370082346266291
2025-26,0.0,False,0.136986301369863,0.1066176470588235,0.13484992842276777,0.13012930434035877,0.13235073729238647,-0.05926633663442896,-0.2852159799565879
2025-26,0.0,False,0.551441114716549,0.5108342361863488,0.546937452732281,0.5548588678760171,0.5596659188944284,0.013827313240442896,-0.1631513641115587
2025-26,1.0,True,0.7508125677139763,0.725752508361204,0.7473936848680003,0.7498157423112745,0.7534529513512891,-0.005320867981533681,-0.12977258399050184
2025-26,1.0,True,0.8869565217391304,0.9082568807339452,0.8851197457161499,0.8946597772264798,0.8964819431609563,0.0792247241469108,0.2325113013178126
2025-26,0.0,False,0.2864487697392581,0.299837925445705,0.28274512816868197,0.2747098819600815,0.27860893319416047,-0.058161641832302456,0.0646247665280173
2025-26,1.0,True,0.551441114716549,0.5634920634920635,0.546937452732281,0.5219895569708106,0.5268488779654587,-0.11848009104276215,0.04885159848081369
2025-26,0.0,False,0.35527082119976705,0.355270821199767,0.35111520318136225,0.3608036495828538,0.3653091914580498,0.024072194104859043,0.0
2025-26,0.0,False,0.4365079365079364,0.4170073589533933,0.43203884486775945,0.4334339392228876,0.4382246449785927,-0.012507598727937627,-0.07972400288707931
2025-26,0.0,False,0.7957758771164253,0.8223350253807106,0.7928036544411187,0.7975495731917995,0.8006772967062125,0.010949390356217212,0.17214872132132975
2025-26,1.0,False,0.912442396313364,0.9039548022598868,0.9109781622911869,0.9137294531357051,0.9152530001359933,0.016218220920599352,-0.10186758035048582
2025-26,0.0,False,0.299837925445705,0.3363518758085381,0.29603298946597584,0.2995933252505796,0.30369767045694207,-0.0011653945861611753,0.16847554901054362
2025-26,0.0,False,0.0537383177570093,0.0688836104513064,0.052820778380431595,0.05666383447605762,0.05771434990944922,0.05610631418936472,0.2644268413734019
2025-26,0.0,False,0.7600000000000002,0.7819063004846527,0.756666316974284,0.7581458580866756,0.7617004511287845,-0.010138542972780197,0.12413061833981631
2025-26,1.0,False,0.7508125677139763,0.740871613663133,0.7473936848680003,0.7336762372953063,0.7374659302443443,-0.08959557424234445,-0.052446979918629566
2025-26,1.0,True,0.9197080291970804,0.9396411092985318,0.918354426839634,0.9240130891396218,0.9253698592992304,0.059778503191288745,0.3068031138985585
2025-26,1.0,True,0.4891657638136511,0.3835616438356164,0.48462121182986184,0.469259680315558,0.474115001034852,-0.07977282767497278,-0.43111425037864376
2025-26,1.0,False,0.6224665518611737,0.6853932584269663,0.6181822444816055,0.6290874721967928,0.6336222295294404,0.02827332599430301,0.2786386281579877
2025-26,1.0,False,0.84,0.863013698630137,0.8375400051200096,0.8450056963310716,0.8475404064226747,0.03772692623023483,0.1823215567939549
2025-26,1.0,False,0.2559309849029476,0.2428115015974441,0.2524823054682959,0.2648982188303145,0.26870960371920916,0.046562679762925704,-0.07010082600136114
2025-26,0.0,False,0.44855888528345095,0.448558885283451,0.4440636438513201,0.43519006740649446,0.43998510977446936,-0.05421130650667597,0.0
2025-26,1.0,False,0.46753246753246747,0.4675324675324675,0.4630067327675126,0.5007414037516045,0.5056121465176784,0.13301874542813608,0.0
2025-26,1.0,False,0.817258883248731,0.863013698630137,0.814526446455526,0.8182204689440578,0.8211004751688984,0.0064518107431473445,0.3426642068691341
2025-26,0.0,False,0.3363518758085381,0.4170073589533933,0.33230349423527833,0.3394246794085241,0.34380684727914324,0.013735125949292791,0.34452351945931786
2025-26,0.0,False,0.84,0.8081570996978852,0.8375400051200096,0.8375423451308691,0.8401760227147297,-0.01817363522298069,-0.22014841616611713
2025-26,0.0,False,0.136986301369863,0.1130434782608695,0.13484992842276777,0.15047660251973807,0.15298429535667826,0.10968175713373486,-0.21947382242524816
2025-26,1.0,True,0.8630136986301371,0.8800000000000001,0.860848923743992,0.8535421659341986,0.8559610706696249,-0.07789225378025777,0.15188053129272006
2025-26,0.0,True,0.15349887133182843,0.2340978954835658,0.15115007921367027,0.16753097238058448,0.1702659132476674,0.1041905475988118,0.5221033447516104
2025-26,1.0,False,0.8933823529411765,0.912442396313364,0.8916372303193011,0.8928528812394618,0.894702624069095,-0.005546624484526752,0.21806243817401905
2025-26,1.0,True,0.7867435158501441,0.7867435158501441,0.7836755733516588,0.7869774849841713,0.7902255800818537,0.0013950729440732196,0.0
2025-26,1.0,False,0.7571884984025559,0.7477827050997783,0.753828412216121,0.751129699686765,0.7547540541951958,-0.03268033983280076,-0.050505363591994534
2025-26,0.0,False,0.34252477380439467,0.3363518758085381,0.33843998394609914,0.36394430539761263,0.3684664583721921,0.09377781633498519,-0.02753111696517163
2025-26,1.0,False,0.42794036443953615,0.4572564612326044,0.42349306604951903,0.43765765399559353,0.4424585860517613,0.039585565317896365,0.11886690720431742
2025-26,0.0,True,0.593369754159424,0.5720596355604638,0.5889732859589498,0.5872743416516301,0.5919887485737683,-0.025204484330542835,-0.08765405704272489
2025-26,1.0,True,0.8630136986301371,0.8316498316498315,0.860848923743992,0.8521472992673604,0.8545853168471309,-0.08900674788599318,-0.24318430219765674
2025-26,0.0,False,0.5634920634920635,0.5720596355604638,0.5590126368352563,0.5726159414866018,0.5773772920948151,0.0371854975586612,0.03491270165723692
2025-26,1.0,False,0.8118668596237336,0.827123695976155,0.809072633960564,0.7963312502291319,0.7994730635555806,-0.09866611074120529,0.10319146757295661
2025-26,0.0,False,0.1629006831318969,0.2231668437832093,0.16043529352435476,0.15641704295060016,0.15900520389526585,-0.04833044087878036,0.38949608339854724
2025-26,1.0,False,0.5829926410466066,0.6164383561643836,0.5785636629413651,0.5912449187935613,0.5959451759273596,0.034043497846341864,0.1393872848991916
2025-26,0.0,False,0.11304347826086947,0.0875576036866359,0.11123237914692587,0.10443267926709246,0.10626903630715255,-0.08889129328243794,-0.2838045957053601
2025-26,1.0,False,0.5,0.4572564612326044,0.4954524171900907,0.5107249781995187,0.515592543847489,0.04290649404061883,-0.17139248626176423
2025-26,1.0,False,0.6690070210631895,0.6805555555555556,0.6649665940131344,0.6740833229175841,0.6783492366500655,0.023014579397297508,0.052628690726379324
2025-26,1.0,False,0.827123695976155,0.8761776581426649,0.8245070888295462,0.8167148426079373,0.8196134441211307,-0.07113109572558934,0.39134314251945934
2025-26,0.0,False,0.6224665518611737,0.5829926410466066,0.6181822444816055,0.6136726999088542,0.6182815633422167,-0.03725393973324853,-0.1649600311441955
2025-26,1.0,False,0.4956702459300312,0.5427435387673957,0.4911233622411001,0.5046039226874443,0.5094738967163011,0.03573566043096639,0.18871193546194498
2025-26,1.0,True,0.6574752261956054,0.6636481241914618,0.653366967131338,0.6453850631274486,0.6498314772966659,-0.053248477342348687,0.027531116965171076
2025-26,1.0,False,0.8869565217391304,0.8933823529411765,0.8851197457161499,0.882002891932308,0.8840156123062768,-0.04848823725092863,0.0657421575313406
2025-26,1.0,False,0.705033164260632,0.6574752261956054,0.7012361159294679,0.7004043921687968,0.7044768284638238,-0.02215763450333951,-0.21931881722262458
2025-26,1.0,False,0.6164383561643836,0.6574752261956054,0.612128266884414,0.6185163749224392,0.6231029430384658,0.008797759772171464,0.17760511759495473
2025-26,1.0,False,0.9311163895486936,0.9197080291970804,0.9299404643204116,0.9249762061868871,0.926317150896618,-0.09200330972801764,-0.16557937565087988
2025-26,1.0,False,0.8524590163934428,0.8465011286681716,0.8501564075563418,0.8398464415883963,0.8424497928181619,-0.09693316880236998,-0.04660082045090386
2025-26,0.0,False,0.21809369951534732,0.24,0.2150075491541512,0.21074679558137208,0.21400586928795415,-0.043619667299251395,0.12413061833981698
2025-26,1.0,False,0.9039548022598869,0.9197080291970804,0.9023638176147794,0.9066496576683436,0.9082856849018057,0.0314361021784048,0.19642616297550042
2025-26,0.0,False,0.15999999999999992,0.1322834645669291,0.15757024680663473,0.16404298819736057,0.1667323923480608,0.029779402760224255,-0.22268993370606793
2025-26,1.0,False,0.9311163895486936,0.9197080291970804,0.9299404643204116,0.9295375252893697,0.9308030418423341,-0.024359126481042145,-0.16557937565087988
2025-26,0.0,False,0.771505376344086,0.7999999999999999,0.7682827812177262,0.7743874762390992,0.7777733315543179,0.016422373142716343,0.16946340185058562
2025-26,1.0,True,0.705033164260632,0.7335423197492164,0.7012361159294679,0.7000140360488045,0.7040895367264942,-0.024017214804341727,0.14128794445469006
2025-26,1.0,True,0.8630136986301371,0.8524590163934427,0.860848923743992,0.8563248344416916,0.8587053884487484,-0.055454806456236724,-0.0865304921522787
2025-26,0.0,False,0.644729178800233,0.6853932584269663,0.640551622269,0.6673776398481053,0.6716885755636457,0.1003982939834381,0.18271937845682762
2025-26,1.0,True,0.4066302458405761,0.355270821199767,0.402248686476981,0.4050796646207808,0.4097836458538765,-0.006430305423335985,-0.21803652503247423
2025-26,0.0,False,0.0875576036866359,0.0875576036866359,0.08611517678285277,0.0819039320588891,0.08338102388697573,-0.07292698259677206,0.0
2025-26,0.0,False,0.5427435387673957,0.4572564612326044,0.5382256771526737,0.5242797178947218,0.5291367586161548,-0.07419717045773537,-0.3427849725235288
2025-26,1.0,True,0.8933823529411765,0.9082568807339452,0.8916372303193011,0.8973949084999181,0.8991750942708469,0.04284285029642795,0.166769143786472
2025-26,1.0,True,0.5217391304347826,0.5217391304347826,0.5171983485739458,0.5258296063532569,0.5306849880938384,0.016399103608336463,0.0
2025-26,0.0,True,0.5427435387673957,0.551441114716549,0.5382256771526737,0.5253279803297335,0.5301839092334156,-0.06999377492707642,0.03510260706626614
2025-26,1.0,False,0.817258883248731,0.827123695976155,0.814526446455526,0.8117199332012216,0.8146796034801658,-0.036660627029598325,0.06749249611171693
2025-26,1.0,False,0.2340978954835658,0.2522172949002217,0.23085213979034952,0.22417447954266442,0.22758132813710633,-0.05618799890871245,0.09849353878588851
2025-26,0.0,True,0.1475409836065574,0.1066176470588235,0.14526771232134944,0.1364369648509537,0.13874890048355215,-0.0911850412700424,-0.37174647210886724
2025-26,0.0,False,0.3249687530045188,0.3146067415730336,0.3209911123602197,0.34529446639757155,0.34971229700411727,0.0912419597850948,-0.047639405457923334
2025-26,1.0,False,0.7440690150970525,0.7508125677139762,0.7405895769247807,0.7269342210719574,0.7307846475603283,-0.08810269597943103,0.03572471541926925
2025-26,1.0,False,0.8800000000000001,0.9082568807339452,0.878065730721519,0.8759464563600287,0.878048199679332,-0.03783847445144445,0.3001045924503398
2025-26,1.0,False,0.5634920634920635,0.5260865852617197,0.5590126368352563,0.5640607107753,0.5688456074596506,0.0023122083586296464,-0.15090551753475412
2025-26,1.0,True,0.5173641257162701,0.5634920634920635,0.5128205924084027,0.5249493144691009,0.5298056499292707,0.03039576354631538,0.18586224601533535
2025-26,0.0,False,0.3042300479266513,0.2522172949002217,0.30039328862364684,0.3071818004806649,0.31134389351837827,0.013907055115598643,-0.25958651201553273
2025-26,1.0,True,0.8988580750407831,0.8988580750407831,0.8971922653045007,0.9124490830027496,0.9139931131184313,0.15931132768248213,0.0
2025-26,0.0,False,0.1420560747663551,0.1599999999999999,0.13985344885182513,0.14125576086424171,0.14363576979753268,-0.0065821112354100125,0.14008879317068135
2025-26,1.0,True,0.47391341473828014,0.4365079365079364,0.46938036167020314,0.46230752891718,0.4671542316872986,-0.04661529072189327,-0.15090551753475423
2025-26,1.0,True,0.8465011286681715,0.8316498316498315,0.8441225400093539,0.8188796759939461,0.8217515133689567,-0.1986427474086212,-0.11005298959447418
2025-26,1.0,False,0.912442396313364,0.9197080291970804,0.9109781622911869,0.9154694090011264,0.9169650205795048,0.03849540499815844,0.0945585826250146
2025-26,0.0,False,0.091743119266055,0.096045197740113,0.09023855927224717,0.09459237763770652,0.09627430281980943,0.03372640155261518,0.050574285962933896
2025-26,0.0,False,0.10661764705882348,0.0802919708029197,0.10489732233020636,0.09938591451738271,0.10114355107313008,-0.0783008359356866,-0.31262102079903276
2025-26,1.0,True,0.551441114716549,0.5829926410466066,0.546937452732281,0.5541642452713941,0.5589728351905849,0.01101539983497457,0.12857560136789356
2025-26,1.0,False,0.4956702459300312,0.4891657638136511,0.4911233622411001,0.48154417013010814,0.4864101073047388,-0.05653742508219198,-0.02602428001629179
2025-26,0.0,False,0.6369041816941224,0.6369041816941223,0.6326870337050478,0.6371152002828325,0.6416077253170837,0.0009125982957837973,0.0
2025-26,1.0,True,0.5324675324675325,0.5427435387673957,0.5279364487893485,0.540717028627483,0.5455517161982186,0.03317644584375143,0.04133935801356642
2025-26,1.0,True,0.4826358742837298,0.4365079365079364,0.47809521030313673,0.4949372190377535,0.49980802393476487,0.04923262980625838,-0.18586224601533538
2025-26,1.0,True,0.551441114716549,0.5427435387673957,0.546937452732281,0.5450590096875814,0.5498860386678109,-0.025768748789158597,-0.03510260706626614
2025-26,0.0,False,0.6309403437815976,0.6037569709421778,0.6266945281087104,0.6252522037779438,0.6298062580667577,-0.024351176704355167,-0.11510899656645429
2025-26,0.0,False,0.17766497461928926,0.12,0.17502285657913969,0.1641763999971484,0.16686755477187196,-0.0952278527865891,-0.4601818909472355
2025-26,1.0,True,0.9039548022598869,0.9258160237388724,0.9023638176147794,0.9009091056344919,0.9026349357019603,-0.034593654126742604,0.28216689176367327
2025-26,0.0,True,0.127906976744186,0.136986301369863,0.125891545268644,0.12470775163999288,0.12685012985114613,-0.028991974916958804,0.07904320734045323
2025-26,0.0,False,0.36309581830587784,0.3630958183058778,0.35889962233995704,0.35389286894349187,0.3583604949085701,-0.040018629005580564,0.0
2025-26,0.0,True,0.3907637655417407,0.4365079365079364,0.38644182773584534,0.3551796343217613,0.3596544622799309,-0.1522452007002416,0.18875620900473344
2025-26,0.0,True,0.8720930232558137,0.8465011286681716,0.8700501229807092,0.8584863997188146,0.8608369591107823,-0.11681782996349922,-0.21217451994363423
2025-26,0.0,False,0.0875576036866359,0.0875576036866359,0.08611517678285277,0.09198223492525988,0.09362254876751958,0.0541595678225269,0.0
2025-26,0.0,False,0.11304347826086947,0.1130434782608695,0.11123237914692587,0.1193379571585904,0.12140088131863763,0.06130895391265341,0.0
2025-26,1.0,False,0.644729178800233,0.6690070210631895,0.640551622269,0.6471902398165115,0.6516262373693847,0.01076132079051605,0.10774741591381787
2025-26,1.0,False,0.5427435387673957,0.644729178800233,0.5382256771526737,0.5749368300708685,0.5796913032952496,0.1306298947474575,0.42455748927951525
2025-26,0.0,True,0.21809369951534732,0.2042241228835748,0.2150075491541512,0.20244453177394503,0.20560866273065878,-0.09427532473794524,-0.08328942414343699
2025-26,0.0,True,0.3962430290578221,0.5634920634920635,0.39189947233752087,0.4032074202955342,0.4079045670235067,0.029025522977862615,0.6764907100293266
2025-26,1.0,False,0.7179705215419501,0.7600000000000001,0.7142725198425094,0.7177430438089207,0.7216734508283944,-0.0011231337733039332,0.21826259709530393
2025-26,1.0,False,0.6750312469954812,0.6805555555555556,0.6710281968183384,0.6703566832422349,0.6746478317855424,-0.021231226364129194,0.025296133641292462
2025-26,0.0,False,0.10661764705882348,0.0875576036866359,0.10489732233020636,0.10703933606188308,0.10891595447865292,0.004419476439512793,-0.21806243817402038
2025-26,1.0,True,0.8933823529411765,0.9039548022598868,0.8916372303193011,0.8894092662275294,0.8913112213181991,-0.041044420952401434,0.11619485782353323
2025-26,0.0,False,0.2820294784580499,0.299837925445705,0.27836068577410705,0.288211551575797,0.292225025868904,0.0303309331463711,0.08634714967729662
2025-26,1.0,False,0.9039548022598869,0.9197080291970804,0.9023638176147794,0.9005258945639559,0.9022576747701408,-0.03887891463325433,0.19642616297550042
2025-26,0.0,False,0.1475409836065574,0.12,0.14526771232134944,0.1495081626497815,0.1520026041455062,0.015555317931489704,-0.23841102344499854
2025-26,0.0,False,0.0875576036866359,0.0741839762611276,0.08611517678285277,0.08593107462520064,0.08747387398475934,-0.020532410709380874,-0.18029931141318611
2025-26,1.0,False,0.8933823529411765,0.8869565217391304,0.8916372303193011,0.8918214560238901,0.8936868847512877,-0.01628270929936554,-0.0657421575313406
2025-26,1.0,True,0.551441114716549,0.6037569709421778,0.546937452732281,0.5718158977425845,0.5765795706485524,0.08276874059426283,0.21464892489245121
2025-26,1.0,True,0.34252477380439467,0.3194444444444444,0.33843998394609914,0.3662782629725807,0.37081250945715344,0.10384646556532291,-0.10426298499140652
2025-26,1.0,False,0.4572564612326044,0.4675324675324675,0.4527456196073573,0.4311036046172403,0.4358883695615546,-0.10595740619808315,0.04133935801356631
2025-26,1.0,False,0.912442396313364,0.9258160237388724,0.9109781622911869,0.9064924455757088,0.9081309488724748,-0.07228758399798946,0.18029931141318745
2025-26,0.0,True,0.5173641257162701,0.3962430290578221,0.5128205924084027,0.4762629496037025,0.4811250442238135,-0.16450407510367743,-0.49062846401399124
2025-26,1.0,True,0.6224665518611737,0.593369754159424,0.6181822444816055,0.6327505806668112,0.637266376168618,0.04400435734086575,-0.12211727533131356
2025-26,1.0,False,0.7659021045164341,0.7768331562167907,0.7626247977658676,0.7668427084453544,0.7703082065903609,0.005253433701481257,0.06199095298961654
2025-26,0.0,False,0.2086383601756954,0.172876304023845,0.2056508176531566,0.2040932689728059,0.20727647193087564,-0.027752279325408802,-0.2322252852695117
2025-26,1.0,False,0.9039548022598869,0.912442396313364,0.9023638176147794,0.9015613377403546,0.9032770277119883,-0.027266027235760465,0.10186758035048582
2025-26,1.0,False,0.3146067415730336,0.4675324675324675,0.3106975556592592,0.2825424849112224,0.28650879154344094,-0.15321545111725404,0.64861622574991
2025-26,0.0,False,0.41700735895339336,0.3835616438356164,0.41259173322489107,0.37989867435376684,0.3844992298966956,-0.15490762772540934,-0.13938728489919172
2025-26,1.0,False,0.6636481241914618,0.705033164260632,0.6595755681006343,0.6445062132061808,0.6489576531382318,-0.08461752318886859,0.1917877002574535
2025-26,0.0,False,0.5108342361863488,0.3775334481388264,0.5062878925839033,0.46852164515912564,0.4733761405240897,-0.16942389991357332,-0.5433744550565913
2025-26,0.0,False,0.4066302458405761,0.3146067415730336,0.402248686476981,0.4359455893882044,0.44074246034553427,0.12028017152830035,-0.40075590348930207
2025-26,1.0,False,0.9462616822429908,0.962566844919786,0.9453291244289879,0.9492652170182604,0.9501954053283926,0.06068364813996424,0.3786538506575008
2025-26,0.0,False,0.17287630402384502,0.136986301369863,0.17029065285492445,0.18132993351966328,0.18424028643576065,0.05801497822253243,-0.2751717107574172
2025-26,0.0,False,0.5,0.5260865852617197,0.4954524171900907,0.513901625498736,0.5187673662009138,0.055620836971194895,0.10444117427409029
2025-26,1.0,False,0.7659021045164341,0.7135512302607419,0.7626247977658676,0.7374728421493083,0.7412275654956303,-0.15244024787011912,-0.27262044634889093
2025-26,0.0,True,0.13228346456692913,0.12,0.13020936897716034,0.12433815810778856,0.1264751044441272,-0.0710570454833853,-0.11151215438060524
2025-26,1.0,True,0.42794036443953615,0.4826358742837298,0.42349306604951903,0.3739277159750948,0.3785000991716718,-0.22514393471517818,0.22077494767257208
2025-26,1.0,False,0.7408716136631329,0.7571884984025559,0.7373640496111179,0.7626223113152023,0.7661314077861374,0.1166066977438474,0.08682309050072146
2025-26,1.0,False,0.4572564612326044,0.4782608695652174,0.4527456196073573,0.4479037207852925,0.4527265617388493,-0.0377516633160081,0.08438110927213455
2025-26,1.0,False,0.6690070210631895,0.6369041816941223,0.6649665940131344,0.6581250988302464,0.66249530744549,-0.04874724249067007,-0.1417449301077417
2025-26,1.0,False,0.8800000000000001,0.8800000000000001,0.878065730721519,0.8591703139545729,0.8615113459901773,-0.1840142522217203,0.0
2025-26,0.0,False,0.1683501683501683,0.1534988713318284,0.16581864162072546,0.18197104282944856,0.18488936170953277,0.09431516434514818,-0.11005298959447285
2025-26,1.0,False,0.8081570996978852,0.8316498316498315,0.805320987490636,0.8211455677059823,0.8239891995607029,0.08604849108063733,0.1592856707624153
2025-26,0.0,False,0.11304347826086947,0.0802919708029197,0.11123237914692587,0.13575197319620072,0.1380541571888776,0.20899315437857424,-0.3783631783303725
2025-26,1.0,False,0.8223350253807106,0.6805555555555556,0.8196617411122857,0.8165944922729064,0.8194945764344804,-0.03880523018522614,-0.7759221915614927
2025-26,0.0,False,0.46753246753246747,0.4826358742837298,0.4630067327675126,0.4633108716102215,0.4681589346502002,-0.016967636586370485,0.060568682454688355
2025-26,1.0,False,0.47391341473828014,0.5634920634920635,0.46938036167020314,0.49665851321525395,0.5015294366198966,0.09107502814585884,0.3597878660829351
2025-26,0.0,False,0.34252477380439467,0.3363518758085381,0.33843998394609914,0.3536174888544741,0.3580835650717847,0.0488874350970261,-0.02753111696517163
2025-26,1.0,False,0.551441114716549,0.6092362344582594,0.546937452732281,0.5453085089903624,0.5501350756314993,-0.02476253452052571,0.2376078074855478
2025-26,1.0,False,0.9431345353675452,0.949050949050949,0.942151027635833,0.9381188850554619,0.9392403533953563,-0.08985909075358556,0.11611562040441248
2025-26,1.0,True,0.9197080291970804,0.9356725146198832,0.918354426839634,0.9213071264332406,0.9227081708865869,0.021854217685114502,0.2388919082823504
2025-26,0.0,True,0.3092071169459319,0.2428115015974441,0.30533513523991684,0.3024716885952148,0.30659820515164554,-0.03172671101723876,-0.33349809083678206
2025-26,1.0,True,0.6690070210631895,0.7913616398243045,0.6649665940131344,0.6516672418862007,0.6560768620780234,-0.07732154939580226,0.6294552459154599
2025-26,1.0,True,0.8,0.84,0.7970735772217529,0.8044600834094406,0.8075068119753961,0.028112451919073862,0.2719337154836421
2025-26,1.0,False,0.593369754159424,0.5829926410466066,0.5889732859589498,0.6342471762868537,0.6387550754830619,0.1725675357028632,-0.04284275581288194
2025-26,0.0,False,0.47391341473828014,0.4066302458405761,0.46938036167020314,0.4635074605605887,0.4683557855182023,-0.041789000699932986,-0.2734722762347151
2025-26,0.0,False,0.644729178800233,0.5173641257162701,0.640551622269,0.593915990204873,0.5986063847683231,-0.21577215568667157,-0.5264655297477707
2025-26,1.0,False,0.593369754159424,0.690792883054068,0.5889732859589498,0.6037936403785747,0.6084451618348922,0.04338384836743242,0.4259152595032114
2025-26,1.0,False,0.5829926410466066,0.593369754159424,0.5785636629413651,0.5717540339748998,0.5765178854192554,-0.0460595238175704,0.04284275581288194
2025-26,1.0,False,0.6309403437815976,0.6037569709421778,0.6266945281087104,0.6347428411269247,0.6392481060189676,0.016365277113109755,-0.11510899656645429
2025-26,0.0,False,0.34252477380439467,0.2904564315352697,0.33843998394609914,0.3423094410053959,0.34670930497226754,-0.0009563221962607324,-0.24110521726323053
2025-26,1.0,False,0.6805555555555556,0.7477827050997783,0.6765879520989925,0.6773156157040386,0.6815592083008157,-0.014863427519717129,0.33049535507532846
2025-26,1.0,True,0.8933823529411765,0.9197080291970804,0.8916372303193011,0.890110215284277,0.8920015791605641,-0.03389822726507606,0.31262102079903364
2025-26,0.0,False,0.551441114716549,0.6574752261956054,0.546937452732281,0.5760087196479626,0.58075994605044,0.0999148157179589,0.4455680038620399
2025-26,0.0,True,0.12382234185733508,0.1066176470588235,0.12186227841425226,0.1333471986058803,0.13561499999898846,0.08503887091487808,-0.16904454819454573
2025-26,1.0,False,0.7819063004846527,0.5634920634920635,0.778788335612967,0.7224919057609581,0.7263813944319308,-0.3199540126434687,-1.0214634364693582
2025-26,0.0,True,0.7571884984025559,0.7957758771164253,0.753828412216121,0.7354538804347168,0.7392272689106923,-0.11485456900938872,0.22277275157283993
2025-26,0.0,True,0.12,0.12,0.11809228774983567,0.13263373825188565,0.13489129456434343,0.11456031156278389,0.0
2025-26,1.0,True,0.46753246753246747,0.4572564612326044,0.4630067327675126,0.47243071514583074,0.47728934016368485,0.019664027397852668,-0.04133935801356631
2025-26,1.0,True,0.7508125677139763,0.7999999999999999,0.7473936848680003,0.7471627451652694,0.7508257065818352,-0.019413684072535298,0.283343670853182
2025-26,1.0,True,0.6369041816941224,0.7001620745542949,0.6326870337050478,0.6493495396332274,0.6537729117897259,0.054228804365494196,0.2861173018184292
2025-26,1.0,False,0.5260865852617197,0.5260865852617197,0.5215492280696692,0.5325145552711033,0.5373617108088695,0.02580084280405398,0.0
2025-26,1.0,True,0.1999999999999999,0.1999999999999999,0.19710534343020678,0.23803069461130746,0.24158254922635702,0.2227877221974751,0.0
2025-26,1.0,False,0.8988580750407831,0.9197080291970804,0.8971922653045007,0.9078157262616978,0.9094333587595518,0.1026514400670341,0.253786210045285
2025-26,1.0,False,0.5829926410466066,0.6164383561643836,0.5785636629413651,0.5733275470110358,0.5780868111648131,-0.03963013587655497,0.1393872848991916
2025-26,0.0,True,0.0875576036866359,0.096045197740113,0.08611517678285277,0.09605549368550478,0.09776062521243392,0.10198616352038521,0.10186758035048449
2025-26,1.0,False,0.4066302458405761,0.1534988713318284,0.402248686476981,0.47844943256369266,0.483313250030159,0.29165774164260827,-1.3295048702854986
2025-26,1.0,False,0.9082568807339452,0.7999999999999999,0.9067298068327866,0.9117875465795368,0.9133421353951927,0.043124104195052144,-0.9062403960206569
2025-26,1.0,False,0.7135512302607419,0.644729178800233,0.7098187023871627,0.6884498096061753,0.6926134294847888,-0.11981256246586677,-0.316744554152523
2025-26,1.0,False,0.8933823529411765,0.8800000000000001,0.8916372303193011,0.9034849720304006,0.905170661423899,0.11079513700484027,-0.13333544866386782
2025-26,0.0,False,0.1420560747663551,0.1130434782608695,0.13985344885182513,0.13976528541772112,0.14212433768110805,-0.018923923244273257,-0.2617065860485208
2025-26,1.0,False,0.7508125677139763,0.593369754159424,0.7473936848680003,0.7400695828645882,0.7438000692769323,-0.05662044638595687,-0.7250372397579019
2025-26,1.0,False,0.9082568807339452,0.8800000000000001,0.9067298068327866,0.9106673495600728,0.912239779737861,0.02927587728033635,-0.3001045924503398
2025-26,1.0,False,0.3194444444444444,0.7913616398243045,0.31550281778930594,0.31158662964883693,0.315781202240237,-0.03638599994996506,2.0894787195520346
2025-26,1.0,False,0.7913616398243045,0.6164383561643836,0.7883422608295344,0.7808223001019113,0.7841385044878854,-0.06268785795521448,-0.8586946577754417
2025-26,0.0,False,0.2591283863368669,0.136986301369863,0.2556514252224071,0.29068822325597893,0.2947219059503342,0.1584598340138496,-0.7900459230494081
2025-26,0.0,False,0.6636481241914618,0.725752508361204,0.6595755681006343,0.7003204083701072,0.7043935044521398,0.16922986639884607,0.2935838921209646
2025-26,1.0,False,0.8800000000000001,0.8933823529411765,0.878065730721519,0.8644043289321152,0.8666718569563514,-0.14006698276901622,0.13333544866386782
2025-26,1.0,False,0.8988580750407831,0.9258160237388724,0.8971922653045007,0.8890343018160436,0.8909419148685104,-0.10368573280272479,0.33952693883345786
2025-26,0.0,False,0.44855888528345095,0.7819063004846527,0.4440636438513201,0.5028021953882662,0.5076726003284405,0.2177039922362457,1.4833052216062332
2025-26,1.0,False,0.9311163895486936,0.949050949050949,0.9299404643204116,0.9250634290890275,0.9264029388551682,-0.09074573717973057,0.3206703420662711
2025-26,1.0,False,0.644729178800233,0.6750312469954812,0.640551622269,0.6624300703352114,0.666773111799395,0.07819233468024203,0.13507997299890473
2025-26,0.0,False,0.6092362344582594,0.5829926410466066,0.6048970867004264,0.5975491727313725,0.6022257084950603,-0.048839244054563295,-0.10903220611765424
2025-26,0.0,False,0.6037569709421778,0.6574752261956054,0.5993969873891302,0.6065039653691886,0.6111441597128205,0.011496257631690987,0.2309190789695887
2025-26,1.0,False,0.4826358742837298,0.5108342361863488,0.47809521030313673,0.49142702383117154,0.49629722919146996,0.03518918010519814,0.11282817500998157
2025-26,1.0,False,0.42794036443953615,0.4365079365079364,0.42349306604951903,0.3979429902708763,0.4026201834088649,-0.12378399340654525,0.0349127016572367
2025-26,1.0,False,0.5720596355604638,0.5720596355604638,0.5676006629315716,0.5907885906964967,0.595490505106723,0.07696692972522022,0.0
2025-26,1.0,False,0.7095435684647302,0.7571884984025559,0.7057803518145171,0.7021533213249613,0.7062119560958291,-0.03559538084271965,0.24415848639549964
2025-26,1.0,False,0.6636481241914618,0.7001620745542949,0.6595755681006343,0.678845564032482,0.683078450831346,0.0688773249697088,0.1684755490105435
2025-26,1.0,False,0.37753344813882633,0.448558885283451,0.3732681866948057,0.39822749381067885,0.4029057930564953,0.08717468312454509,0.29353563251208864
2025-26,1.0,False,0.644729178800233,0.6750312469954812,0.640551622269,0.6508507795636157,0.6552652678613052,0.026831026590257365,0.13507997299890473
2025-26,1.0,False,0.7867435158501441,0.8579439252336449,0.7836755733516588,0.7993016082409792,0.8024089699630831,0.07652841209958992,0.49291016779342445
2025-26,0.0,False,0.7095435684647302,0.7659021045164341,0.7057803518145171,0.7175994911091381,0.7215311215354612,0.039416979495386126,0.2921466615893934
2025-26,1.0,False,0.8579439252336448,0.8988580750407831,0.8557124282189903,0.8570989701056347,0.8594688024361229,-0.0069157654818848,0.38628355433360895
2025-26,1.0,False,0.7819063004846527,0.84,0.778788335612967,0.7897737660704653,0.7929904397544099,0.046752148840011,0.3814179483253297
2025-26,1.0,False,0.7571884984025559,0.7867435158501441,0.753828412216121,0.75163423724712,0.7552536382166888,-0.029979491314954837,0.16807990113199023
2025-26,0.0,False,0.6805555555555556,0.7179705215419501,0.6765879520989925,0.6974940478519677,0.7015891897734254,0.07906694413233002,0.17809083066160525
2025-26,0.0,False,0.6805555555555556,0.6805555555555556,0.6765879520989925,0.6920662534307934,0.6962028697350667,0.05347095951236146,0.0
2025-26,0.0,False,0.8465011286681715,0.8579439252336449,0.8441225400093539,0.852180613252705,0.8546181752208307,0.044389002251535775,0.09089854897991012
2025-26,1.0,False,0.4003612281757977,0.3309929789368104,0.3960021375670633,0.4239157215816381,0.42868082383200423,0.09724091585753679,-0.29973717452635396
2025-26,0.0,False,0.8316498316498315,0.8316498316498315,0.8290875750408953,0.8305618433439261,0.8332861596563532,-0.007750942482031509,0.0
2025-26,1.0,False,0.7600000000000002,0.7440690150970525,0.756666316974284,0.7481875260459941,0.7518405720562437,-0.06371051963215761,-0.08545353509094733
2025-26,1.0,False,0.9258160237388725,0.912442396313364,0.9245569463233623,0.9176970930866019,0.9191567705724406,-0.11266641872851835,-0.18029931141318745
2025-26,1.0,False,0.5108342361863488,0.4956702459300312,0.5062878925839033,0.5010912789554803,0.5059619760271383,-0.038978606463368634,-0.06066317841665242
2025-26,1.0,False,0.46753246753246747,0.5043297540699688,0.4630067327675126,0.4458085234949359,0.4506272181361438,-0.08756758392679644,0.1473725774483782
2025-26,1.0,False,0.4365079365079364,0.4279403644395361,0.43203884486775945,0.4518476402777757,0.4566778206875992,0.06213845879030776,-0.0349127016572367
2025-26,0.0,False,0.7819063004846527,0.6853932584269663,0.778788335612967,0.7685506512788037,0.7719983114978737,-0.07666471176141317,-0.49814077428009507
2025-26,0.0,False,0.2820294784580499,0.2522172949002217,0.27836068577410705,0.2821535911287063,0.28611661561431767,0.0006128539620642026,-0.1524045244137231
2025-26,0.0,False,0.4003612281757977,0.4739134147382802,0.3960021375670633,0.3871483164525818,0.3917811971498738,-0.05535487167670177,0.29951904265465323
2025-26,0.0,False,0.5,0.4572564612326044,0.4954524171900907,0.4936857650408263,0.4985564112809684,-0.025258282609392405,-0.17139248626176423
2025-26,1.0,False,0.44855888528345095,0.4826358742837298,0.4440636438513201,0.4442106048728587,0.4490260219668433,-0.01759555815252999,0.1370106475345211
2025-26,1.0,False,0.42794036443953615,0.4675324675324675,0.42349306604951903,0.43177076688678373,0.4365572543562027,0.01562929193902353,0.16020626521788373
2025-26,0.0,False,0.2231668437832093,0.2428115015974441,0.220029106707751,0.22975320210814612,0.23321934625194377,0.037600647293737396,0.10997912818351008
2025-26,1.0,False,0.593369754159424,0.593369754159424,0.5889732859589498,0.6051685284050085,0.6098143394176213,0.04913450841027389,0.0
2025-26,0.0,False,0.2949668357393679,0.3309929789368104,0.29119800526997075,0.2938181442503871,0.29787701945688067,-0.005529856976646756,0.16768452295759784
2025-26,0.0,False,0.41700735895339336,0.3363518758085381,0.41259173322489107,0.40220254855194637,0.4068959704191777,-0.061225478079014954,-0.34452351945931786
2025-26,1.0,False,0.44855888528345095,0.3775334481388264,0.4440636438513201,0.4703810130593937,0.4752375470887048,0.08788027024957414,-0.29353563251208864
2025-26,1.0,False,0.7913616398243045,0.8042929292929294,0.7883422608295344,0.7804107385561978,0.7837314452252624,-0.0650910763036804,0.08019190128235976
2025-26,1.0,False,0.4066302458405761,0.4003612281757977,0.402248686476981,0.4166683856794982,0.4214116154194981,0.04144828639335979,-0.02604676641993814
2025-26,0.0,False,0.2042241228835748,0.1918429003021148,0.2012837117225542,0.2141077913330927,0.21740452379273503,0.059759494524363604,-0.07798010801577582
2025-26,0.0,False,0.8081570996978852,0.7819063004846527,0.805320987490636,0.8133616009452042,0.8163013051641115,0.03392307387943796,-0.16126953215921258
2025-26,1.0,False,0.6750312469954812,0.6853932584269663,0.6710281968183384,0.6899569679280367,0.6941093952757983,0.06888818080373155,0.04763940545792289
2025-26,1.0,False,0.8118668596237336,0.817258883248731,0.809072633960564,0.8142380631724493,0.8171670655869282,0.015600384676761295,0.03569897146123968
2025-26,1.0,False,0.6853932584269663,0.7659021045164341,0.6814576168934005,0.6823977909392696,0.6866054730317338,-0.013856279848891394,0.4066456220445863
2025-26,1.0,False,0.771505376344086,0.7867435158501441,0.7682827812177262,0.7522426227379025,0.7558560375934008,-0.10622200054445112,0.08857574271148572
2025-26,0.0,False,0.5634920634920635,0.5829926410466066,0.5590126368352563,0.5561865626696647,0.5609906201082394,-0.029647197407114988,0.07972400288707987
2025-26,0.0,False,0.5173641257162701,0.4365079365079364,0.5128205924084027,0.5002641629789709,0.5051349603839993,-0.06842779377931152,-0.324831137602354
2025-26,1.0,False,0.3194444444444444,0.2742474916387959,0.31550281778930594,0.3420675519523088,0.34646594466091324,0.10223205655424385,-0.2168520240947298
2025-26,1.0,False,0.34252477380439467,0.3309929789368104,0.33843998394609914,0.3394025264836287,0.34378455719445034,-0.013894794487611245,-0.051634294265027414
2025-26,0.0,False,0.5829926410466066,0.6309403437815976,0.5785636629413651,0.5997617738788702,0.604429619104028,0.0694019030101762,0.20118232009101195
2025-26,0.0,False,0.4066302458405761,0.4066302458405761,0.402248686476981,0.41840173731178604,0.4231503853935052,0.04857557643567738,0.0
2025-26,1.0,False,0.3962430290578221,0.3630958183058778,0.39189947233752087,0.4169985089352324,0.421742779686822,0.0860369203982825,-0.14080844312687324
2025-26,0.0,False,0.7571884984025559,0.593369754159424,0.753828412216121,0.7473046237675042,0.7509662148237929,-0.053038619403358994,-0.7594133503399938
2025-26,1.0,False,0.7095435684647302,0.740871613663133,0.7057803518145171,0.7026806980807582,0.7067351479899899,-0.03307237679770597,0.15733539589477818
2025-26,1.0,False,0.7179705215419501,0.7335423197492164,0.7142725198425094,0.7112215879244707,0.7152067729225017,-0.033092528673284424,0.078252946024303
2025-26,1.0,False,0.6574752261956054,0.7135512302607419,0.653366967131338,0.6842085255473926,0.6884031724473597,0.12111753109265215,0.2606314325037322
2025-26,0.0,False,0.8579439252336448,0.7659021045164341,0.8557124282189903,0.8554045046749165,0.8577977753708338,-0.020682564410811163,-0.6130018937315209
2025-26,1.0,False,0.5829926410466066,0.593369754159424,0.5785636629413651,0.6070173326165309,0.6116553494304804,0.09972114296688363,0.04284275581288194
2025-26,1.0,False,0.8720930232558137,0.863013698630137,0.8700501229807092,0.8686609956097281,0.8708679745250666,-0.030421700538281207,-0.07904320734045167
2025-26,1.0,False,0.705033164260632,0.7867435158501441,0.7012361159294679,0.7327110574896649,0.7365095521552508,0.13703926311744513,0.43402478756809504
2025-26,1.0,False,0.7957758771164253,0.7768331562167907,0.7928036544411187,0.800629399910017,0.8037212520195915,0.030133211026942996,-0.11279362338932963
2025-26,1.0,False,0.5829926410466066,0.593369754159424,0.5785636629413651,0.600576018580574,0.605240617921924,0.07279506815968899,0.04284275581288194
2025-26,1.0,False,0.8761776581426649,0.863013698630137,0.8741905852500373,0.8722225035050963,0.8743782906875636,-0.035966951903848396,-0.11617143176204214
2025-26,0.0,False,0.4066302458405761,0.3425247738043946,0.402248686476981,0.388889552987874,0.3935298905782608,-0.0740688788445845,-0.2741496466812647
2025-26,0.0,False,0.44855888528345095,0.5829926410466066,0.4440636438513201,0.4208781824818089,0.42563436769681334,-0.1126743160287258,0.5415657880239549
2025-26,1.0,False,0.5634920634920635,0.6309403437815976,0.5590126368352563,0.5487033957831118,0.5535234310913082,-0.05991344134117578,0.2809063229780918
2025-26,0.0,False,0.2664576802507837,0.24,0.26291727515423624,0.27553533982025946,0.27944159308789895,0.04595277209222508,-0.1400096510710005
2025-26,1.0,False,0.38356164383561636,0.3630958183058778,0.3792697739547536,0.36567996601695885,0.37021113278839923,-0.07633709185060288,-0.08749448175223945
2025-26,0.0,False,0.5,0.4675324675324675,0.4954524171900907,0.45583641808980324,0.4606734032701576,-0.17711589079957485,-0.13005312824819792
2025-26,1.0,False,0.593369754159424,0.5996387718242023,0.5889732859589498,0.5762479652701901,0.5809984608983816,-0.07052384759406483,0.026046766419938028
2025-26,0.0,False,0.2340978954835658,0.182741116751269,0.23085213979034952,0.23740550575086045,0.24095098141927823,0.018358222135837828,-0.31257045048565923
2025-26,1.0,False,0.7659021045164341,0.771505376344086,0.7626247977658676,0.7791731016363246,0.7825073083314878,0.07553912592006169,0.031515983226610755
2025-26,0.0,False,0.593369754159424,0.6037569709421778,0.5889732859589498,0.6027347379958067,0.6073906075819123,0.038959521790177594,0.043230567711675716
2025-26,0.0,False,0.6037569709421778,0.6092362344582594,0.5993969873891302,0.5946372910731257,0.5993249749199233,-0.0379746373018289,0.022958882593096586
2025-26,0.0,False,0.38356164383561636,0.3363518758085381,0.3792697739547536,0.36361003393923336,0.36813043735668327,-0.08527159201132022,-0.20513623456012614
2025-26,0.0,False,0.6224665518611737,0.6309403437815976,0.6181822444816055,0.6292066569092108,0.6337408054565615,0.028784144544499526,0.03622228894681645
2025-26,0.0,False,0.6750312469954812,0.6957699520733487,0.6710281968183384,0.6733409097111138,0.6776118933979828,-0.007695284564479259,0.0962049767010883
2025-26,1.0,False,0.6957699520733487,0.6805555555555556,0.6919057687875548,0.7180159350954092,0.7219440142528767,0.10740627537589116,-0.07090884305979583
2025-26,1.0,False,0.690792883054068,0.690792883054068,0.6868939316584368,0.6828557338091064,0.6870601311836662,-0.036901865788827024,0.0
2025-26,1.0,False,0.6750312469954812,0.6369041816941223,0.6710281968183384,0.6899118139012205,0.694064577845904,0.06867710663169259,-0.16907748719282856
2025-26,0.0,False,0.4891657638136511,0.5720596355604638,0.48462121182986184,0.5062139353084307,0.5110834172954306,0.06820075024151416,0.33360312268255354
2025-26,0.0,False,0.4782608695652174,0.5634920634920635,0.47372367751638933,0.4624608698302587,0.4673077830352445,-0.0634282330773756,0.3423580687984741
2025-26,1.0,False,0.551441114716549,0.5720596355604638,0.546937452732281,0.5546290359799388,0.5594365982535958,0.012896831393750495,0.08376430013805061
2025-26,0.0,False,0.5108342361863488,0.448558885283451,0.5062878925839033,0.4878212036238083,0.49269029298743067,-0.09206855226741927,-0.24983882254450268
2025-26,1.0,False,0.6369041816941224,0.593369754159424,0.6326870337050478,0.6237466319387005,0.6283081059325633,-0.05647098167463814,-0.1840390108385498
2025-26,1.0,False,0.5634920634920635,0.5996387718242023,0.5590126368352563,0.5751667158777519,0.5799204965177167,0.0476164283089576,0.14861352511989984
2025-26,0.0,False,0.6092362344582594,0.5634920634920635,0.6048970867004264,0.5964039744917118,0.6010849338190334,-0.05359909463761571,-0.1887562090047341
2025-26,0.0,False,0.6309403437815976,0.6164383561643836,0.6266945281087104,0.6099150730953162,0.6145406073212624,-0.08929776845731247,-0.061795035191820336
2025-26,0.0,False,0.6574752261956054,0.6636481241914618,0.653366967131338,0.6440182526444387,0.6484724701281152,-0.05921548693623444,0.027531116965171076
2025-26,0.0,False,0.5,0.5324675324675325,0.4954524171900907,0.5083284010913139,0.5131970835040075,0.0333166858209672,0.13005312824819815
2025-26,1.0,False,0.5260865852617197,0.551441114716549,0.5215492280696692,0.5391399581295818,0.543977245998689,0.05243962541505394,0.10205391905394041
2025-26,0.0,False,0.6574752261956054,0.6309403437815976,0.653366967131338,0.6424533647315067,0.6469164277529558,-0.06603466906042313,-0.1158100824031344
