test_season,hl_days,carry,k_games,cap,alpha_3p_luck,per100,sigma,train_logloss
2021-22,30.0,0.55,5.0,,0.0,False,12.8,0.6389
2021-22,30.0,0.55,5.0,,0.0,True,12.843,0.63916
2021-22,30.0,0.55,5.0,,0.2,False,11.642,0.63738
2021-22,30.0,0.55,5.0,,0.2,True,11.681,0.63761
2021-22,30.0,0.55,5.0,,0.35,False,10.953,0.63692
2021-22,30.0,0.55,5.0,,0.35,True,10.989,0.63714
2021-22,30.0,0.55,5.0,25.0,0.0,False,11.544,0.63825
2021-22,30.0,0.55,5.0,25.0,0.0,True,11.592,0.6385
2021-22,30.0,0.55,5.0,25.0,0.2,False,10.828,0.63669
2021-22,30.0,0.55,5.0,25.0,0.2,True,10.866,0.63691
2021-22,30.0,0.55,5.0,25.0,0.35,False,10.375,0.63633
2021-22,30.0,0.55,5.0,25.0,0.35,True,10.408,0.63653
2021-22,30.0,0.55,5.0,18.0,0.0,False,10.049,0.63824
2021-22,30.0,0.55,5.0,18.0,0.0,True,10.098,0.63848
2021-22,30.0,0.55,5.0,18.0,0.2,False,9.645,0.63624
2021-22,30.0,0.55,5.0,18.0,0.2,True,9.684,0.63644
2021-22,30.0,0.55,5.0,18.0,0.35,False,9.355,0.6355
2021-22,30.0,0.55,5.0,18.0,0.35,True,9.388,0.63566
2021-22,30.0,0.55,8.0,,0.0,False,11.278,0.63871
2021-22,30.0,0.55,8.0,,0.0,True,11.305,0.63889
2021-22,30.0,0.55,8.0,,0.2,False,10.275,0.63725
2021-22,30.0,0.55,8.0,,0.2,True,10.299,0.63741
2021-22,30.0,0.55,8.0,,0.35,False,9.668,0.63679
2021-22,30.0,0.55,8.0,,0.35,True,9.691,0.63693
2021-22,30.0,0.55,8.0,25.0,0.0,False,10.149,0.63794
2021-22,30.0,0.55,8.0,25.0,0.0,True,10.183,0.63812
2021-22,30.0,0.55,8.0,25.0,0.2,False,9.539,0.63648
2021-22,30.0,0.55,8.0,25.0,0.2,True,9.564,0.63662
2021-22,30.0,0.55,8.0,25.0,0.35,False,9.144,0.63613
2021-22,30.0,0.55,8.0,25.0,0.35,True,9.165,0.63624
2021-22,30.0,0.55,8.0,18.0,0.0,False,8.818,0.63781
2021-22,30.0,0.55,8.0,18.0,0.0,True,8.853,0.63797
2021-22,30.0,0.55,8.0,18.0,0.2,False,8.485,0.63594
2021-22,30.0,0.55,8.0,18.0,0.2,True,8.512,0.63606
2021-22,30.0,0.55,8.0,18.0,0.35,False,8.238,0.63524
2021-22,30.0,0.55,8.0,18.0,0.35,True,8.26,0.63532
2021-22,30.0,0.55,12.0,,0.0,False,9.901,0.63922
2021-22,30.0,0.55,12.0,,0.0,True,9.917,0.63934
2021-22,30.0,0.55,12.0,,0.2,False,9.036,0.63784
2021-22,30.0,0.55,12.0,,0.2,True,9.049,0.63793
2021-22,30.0,0.55,12.0,,0.35,False,8.506,0.63739
2021-22,30.0,0.55,12.0,,0.35,True,8.519,0.63746
2021-22,30.0,0.55,12.0,25.0,0.0,False,8.882,0.63831
2021-22,30.0,0.55,12.0,25.0,0.0,True,8.906,0.63843
2021-22,30.0,0.55,12.0,25.0,0.2,False,8.367,0.63696
2021-22,30.0,0.55,12.0,25.0,0.2,True,8.384,0.63704
2021-22,30.0,0.55,12.0,25.0,0.35,False,8.026,0.63662
2021-22,30.0,0.55,12.0,25.0,0.35,True,8.04,0.63668
2021-22,30.0,0.55,12.0,18.0,0.0,False,7.701,0.63804
2021-22,30.0,0.55,12.0,18.0,0.0,True,7.727,0.63815
2021-22,30.0,0.55,12.0,18.0,0.2,False,7.43,0.63632
2021-22,30.0,0.55,12.0,18.0,0.2,True,7.449,0.63638
2021-22,30.0,0.55,12.0,18.0,0.35,False,7.223,0.63568
2021-22,30.0,0.55,12.0,18.0,0.35,True,7.238,0.63571
2021-22,30.0,0.7,5.0,,0.0,False,12.994,0.63884
2021-22,30.0,0.7,5.0,,0.0,True,13.042,0.63909
2021-22,30.0,0.7,5.0,,0.2,False,11.834,0.63737
2021-22,30.0,0.7,5.0,,0.2,True,11.877,0.6376
2021-22,30.0,0.7,5.0,,0.35,False,11.142,0.63695
2021-22,30.0,0.7,5.0,,0.35,True,11.181,0.63716
2021-22,30.0,0.7,5.0,25.0,0.0,False,11.733,0.63822
2021-22,30.0,0.7,5.0,25.0,0.0,True,11.788,0.63847
2021-22,30.0,0.7,5.0,25.0,0.2,False,11.019,0.63673
2021-22,30.0,0.7,5.0,25.0,0.2,True,11.062,0.63695
2021-22,30.0,0.7,5.0,25.0,0.35,False,10.565,0.63641
2021-22,30.0,0.7,5.0,25.0,0.35,True,10.602,0.63659
2021-22,30.0,0.7,5.0,18.0,0.0,False,10.213,0.6382
2021-22,30.0,0.7,5.0,18.0,0.0,True,10.268,0.63844
2021-22,30.0,0.7,5.0,18.0,0.2,False,9.819,0.6363
2021-22,30.0,0.7,5.0,18.0,0.2,True,9.863,0.63649
2021-22,30.0,0.7,5.0,18.0,0.35,False,9.534,0.63561
2021-22,30.0,0.7,5.0,18.0,0.35,True,9.57,0.63577
2021-22,30.0,0.7,8.0,,0.0,False,11.493,0.63875
2021-22,30.0,0.7,8.0,,0.0,True,11.523,0.63891
2021-22,30.0,0.7,8.0,,0.2,False,10.485,0.63735
2021-22,30.0,0.7,8.0,,0.2,True,10.512,0.63748
2021-22,30.0,0.7,8.0,,0.35,False,9.875,0.63692
2021-22,30.0,0.7,8.0,,0.35,True,9.899,0.63704
2021-22,30.0,0.7,8.0,25.0,0.0,False,10.356,0.63802
2021-22,30.0,0.7,8.0,25.0,0.0,True,10.395,0.63819
2021-22,30.0,0.7,8.0,25.0,0.2,False,9.747,0.63663
2021-22,30.0,0.7,8.0,25.0,0.2,True,9.775,0.63675
2021-22,30.0,0.7,8.0,25.0,0.35,False,9.35,0.63631
2021-22,30.0,0.7,8.0,25.0,0.35,True,9.374,0.63641
2021-22,30.0,0.7,8.0,18.0,0.0,False,8.996,0.63787
2021-22,30.0,0.7,8.0,18.0,0.0,True,9.035,0.63802
2021-22,30.0,0.7,8.0,18.0,0.2,False,8.674,0.6361
2021-22,30.0,0.7,8.0,18.0,0.2,True,8.704,0.63621
2021-22,30.0,0.7,8.0,18.0,0.35,False,8.432,0.63547
2021-22,30.0,0.7,8.0,18.0,0.35,True,8.456,0.63553
2021-22,30.0,0.7,12.0,,0.0,False,10.116,0.63933
2021-22,30.0,0.7,12.0,,0.0,True,10.134,0.63943
2021-22,30.0,0.7,12.0,,0.2,False,9.245,0.63801
2021-22,30.0,0.7,12.0,,0.2,True,9.26,0.63807
2021-22,30.0,0.7,12.0,,0.35,False,8.712,0.63759
2021-22,30.0,0.7,12.0,,0.35,True,8.725,0.63763
2021-22,30.0,0.7,12.0,25.0,0.0,False,9.089,0.63847
2021-22,30.0,0.7,12.0,25.0,0.0,True,9.115,0.63857
2021-22,30.0,0.7,12.0,25.0,0.2,False,8.574,0.63718
2021-22,30.0,0.7,12.0,25.0,0.2,True,8.591,0.63724
2021-22,30.0,0.7,12.0,25.0,0.35,False,8.232,0.63689
2021-22,30.0,0.7,12.0,25.0,0.35,True,8.245,0.63691
2021-22,30.0,0.7,12.0,18.0,0.0,False,7.877,0.63818
2021-22,30.0,0.7,12.0,18.0,0.0,True,7.905,0.63826
2021-22,30.0,0.7,12.0,18.0,0.2,False,7.617,0.63656
2021-22,30.0,0.7,12.0,18.0,0.2,True,7.637,0.63659
2021-22,30.0,0.7,12.0,18.0,0.35,False,7.415,0.63599
2021-22,30.0,0.7,12.0,18.0,0.35,True,7.43,0.63598
2021-22,30.0,0.85,5.0,,0.0,False,13.252,0.639
2021-22,30.0,0.85,5.0,,0.0,True,13.309,0.63925
2021-22,30.0,0.85,5.0,,0.2,False,12.086,0.6376
2021-22,30.0,0.85,5.0,,0.2,True,12.136,0.63783
2021-22,30.0,0.85,5.0,,0.35,False,11.388,0.63722
2021-22,30.0,0.85,5.0,,0.35,True,11.434,0.63743
2021-22,30.0,0.85,5.0,25.0,0.0,False,11.984,0.63843
2021-22,30.0,0.85,5.0,25.0,0.0,True,12.048,0.6387
2021-22,30.0,0.85,5.0,25.0,0.2,False,11.268,0.63702
2021-22,30.0,0.85,5.0,25.0,0.2,True,11.319,0.63724
2021-22,30.0,0.85,5.0,25.0,0.35,False,10.812,0.63674
2021-22,30.0,0.85,5.0,25.0,0.35,True,10.855,0.63692
2021-22,30.0,0.85,5.0,18.0,0.0,False,10.43,0.6384
2021-22,30.0,0.85,5.0,18.0,0.0,True,10.492,0.63865
2021-22,30.0,0.85,5.0,18.0,0.2,False,10.046,0.63661
2021-22,30.0,0.85,5.0,18.0,0.2,True,10.096,0.63681
2021-22,30.0,0.85,5.0,18.0,0.35,False,9.765,0.63599
2021-22,30.0,0.85,5.0,18.0,0.35,True,9.807,0.63614
2021-22,30.0,0.85,8.0,,0.0,False,11.779,0.63907
2021-22,30.0,0.85,8.0,,0.0,True,11.816,0.63922
2021-22,30.0,0.85,8.0,,0.2,False,10.762,0.63774
2021-22,30.0,0.85,8.0,,0.2,True,10.793,0.63787
2021-22,30.0,0.85,8.0,,0.35,False,10.145,0.63736
2021-22,30.0,0.85,8.0,,0.35,True,10.173,0.63745
2021-22,30.0,0.85,8.0,25.0,0.0,False,10.631,0.63839
2021-22,30.0,0.85,8.0,25.0,0.0,True,10.676,0.63856
2021-22,30.0,0.85,8.0,25.0,0.2,False,10.019,0.63709
2021-22,30.0,0.85,8.0,25.0,0.2,True,10.053,0.6372
2021-22,30.0,0.85,8.0,25.0,0.35,False,9.62,0.63681
2021-22,30.0,0.85,8.0,25.0,0.35,True,9.647,0.63689
2021-22,30.0,0.85,8.0,18.0,0.0,False,9.232,0.63822
2021-22,30.0,0.85,8.0,18.0,0.0,True,9.276,0.63837
2021-22,30.0,0.85,8.0,18.0,0.2,False,8.92,0.63657
2021-22,30.0,0.85,8.0,18.0,0.2,True,8.954,0.63667
2021-22,30.0,0.85,8.0,18.0,0.35,False,8.682,0.63602
2021-22,30.0,0.85,8.0,18.0,0.35,True,8.71,0.63607
2021-22,30.0,0.85,12.0,,0.0,False,10.405,0.63978
2021-22,30.0,0.85,12.0,,0.0,True,10.426,0.63985
2021-22,30.0,0.85,12.0,,0.2,False,9.523,0.63852
2021-22,30.0,0.85,12.0,,0.2,True,9.54,0.63856
2021-22,30.0,0.85,12.0,,0.35,False,8.983,0.63814
2021-22,30.0,0.85,12.0,,0.35,True,8.997,0.63815
2021-22,30.0,0.85,12.0,25.0,0.0,False,9.364,0.63897
2021-22,30.0,0.85,12.0,25.0,0.0,True,9.394,0.63905
2021-22,30.0,0.85,12.0,25.0,0.2,False,8.846,0.63776
2021-22,30.0,0.85,12.0,25.0,0.2,True,8.866,0.6378
2021-22,30.0,0.85,12.0,25.0,0.35,False,8.501,0.63751
2021-22,30.0,0.85,12.0,25.0,0.35,True,8.516,0.6375
2021-22,30.0,0.85,12.0,18.0,0.0,False,8.113,0.63864
2021-22,30.0,0.85,12.0,18.0,0.0,True,8.144,0.63871
2021-22,30.0,0.85,12.0,18.0,0.2,False,7.863,0.63715
2021-22,30.0,0.85,12.0,18.0,0.2,True,7.885,0.63716
2021-22,30.0,0.85,12.0,18.0,0.35,False,7.665,0.63666
2021-22,30.0,0.85,12.0,18.0,0.35,True,7.681,0.63663
2021-22,45.0,0.55,5.0,,0.0,False,13.173,0.6377
2021-22,45.0,0.55,5.0,,0.0,True,13.216,0.63796
2021-22,45.0,0.55,5.0,,0.2,False,12.046,0.63659
2021-22,45.0,0.55,5.0,,0.2,True,12.084,0.63682
2021-22,45.0,0.55,5.0,,0.35,False,11.373,0.63645
2021-22,45.0,0.55,5.0,,0.35,True,11.408,0.63666
2021-22,45.0,0.55,5.0,25.0,0.0,False,11.883,0.63705
2021-22,45.0,0.55,5.0,25.0,0.0,True,11.933,0.6373
2021-22,45.0,0.55,5.0,25.0,0.2,False,11.204,0.63588
2021-22,45.0,0.55,5.0,25.0,0.2,True,11.241,0.63609
2021-22,45.0,0.55,5.0,25.0,0.35,False,10.772,0.63583
2021-22,45.0,0.55,5.0,25.0,0.35,True,10.803,0.63601
2021-22,45.0,0.55,5.0,18.0,0.0,False,10.333,0.63698
2021-22,45.0,0.55,5.0,18.0,0.0,True,10.384,0.63722
2021-22,45.0,0.55,5.0,18.0,0.2,False,9.974,0.63539
2021-22,45.0,0.55,5.0,18.0,0.2,True,10.013,0.63558
2021-22,45.0,0.55,5.0,18.0,0.35,False,9.708,0.63493
2021-22,45.0,0.55,5.0,18.0,0.35,True,9.74,0.63508
2021-22,45.0,0.55,8.0,,0.0,False,11.877,0.63742
2021-22,45.0,0.55,8.0,,0.0,True,11.906,0.63759
2021-22,45.0,0.55,8.0,,0.2,False,10.88,0.63639
2021-22,45.0,0.55,8.0,,0.2,True,10.903,0.63653
2021-22,45.0,0.55,8.0,,0.35,False,10.274,0.63626
2021-22,45.0,0.55,8.0,,0.35,True,10.295,0.63638
2021-22,45.0,0.55,8.0,25.0,0.0,False,10.7,0.63669
2021-22,45.0,0.55,8.0,25.0,0.0,True,10.736,0.63687
2021-22,45.0,0.55,8.0,25.0,0.2,False,10.107,0.63562
2021-22,45.0,0.55,8.0,25.0,0.2,True,10.133,0.63575
2021-22,45.0,0.55,8.0,25.0,0.35,False,9.72,0.63559
2021-22,45.0,0.55,8.0,25.0,0.35,True,9.74,0.63568
2021-22,45.0,0.55,8.0,18.0,0.0,False,9.292,0.63652
2021-22,45.0,0.55,8.0,18.0,0.0,True,9.331,0.63669
2021-22,45.0,0.55,8.0,18.0,0.2,False,8.991,0.63508
2021-22,45.0,0.55,8.0,18.0,0.2,True,9.019,0.63519
2021-22,45.0,0.55,8.0,18.0,0.35,False,8.758,0.63467
2021-22,45.0,0.55,8.0,18.0,0.35,True,8.78,0.63474
2021-22,45.0,0.55,12.0,,0.0,False,10.665,0.63785
2021-22,45.0,0.55,12.0,,0.0,True,10.682,0.63795
2021-22,45.0,0.55,12.0,,0.2,False,9.784,0.63689
2021-22,45.0,0.55,12.0,,0.2,True,9.798,0.63696
2021-22,45.0,0.55,12.0,,0.35,False,9.243,0.63676
2021-22,45.0,0.55,12.0,,0.35,True,9.253,0.63681
2021-22,45.0,0.55,12.0,25.0,0.0,False,9.587,0.63702
2021-22,45.0,0.55,12.0,25.0,0.0,True,9.614,0.63713
2021-22,45.0,0.55,12.0,25.0,0.2,False,9.074,0.63605
2021-22,45.0,0.55,12.0,25.0,0.2,True,9.091,0.63611
2021-22,45.0,0.55,12.0,25.0,0.35,False,8.731,0.63603
2021-22,45.0,0.55,12.0,25.0,0.35,True,8.742,0.63605
2021-22,45.0,0.55,12.0,18.0,0.0,False,8.313,0.63674
2021-22,45.0,0.55,12.0,18.0,0.0,True,8.342,0.63684
2021-22,45.0,0.55,12.0,18.0,0.2,False,8.063,0.63544
2021-22,45.0,0.55,12.0,18.0,0.2,True,8.082,0.63548
2021-22,45.0,0.55,12.0,18.0,0.35,False,7.862,0.63509
2021-22,45.0,0.55,12.0,18.0,0.35,True,7.876,0.63509
2021-22,45.0,0.7,5.0,,0.0,False,13.406,0.63767
2021-22,45.0,0.7,5.0,,0.0,True,13.458,0.63793
2021-22,45.0,0.7,5.0,,0.2,False,12.277,0.63662
2021-22,45.0,0.7,5.0,,0.2,True,12.322,0.63686
2021-22,45.0,0.7,5.0,,0.35,False,11.601,0.63652
2021-22,45.0,0.7,5.0,,0.35,True,11.641,0.63673
2021-22,45.0,0.7,5.0,25.0,0.0,False,12.11,0.63707
2021-22,45.0,0.7,5.0,25.0,0.0,True,12.168,0.63733
2021-22,45.0,0.7,5.0,25.0,0.2,False,11.432,0.63597
2021-22,45.0,0.7,5.0,25.0,0.2,True,11.477,0.63618
2021-22,45.0,0.7,5.0,25.0,0.35,False,11.0,0.63595
2021-22,45.0,0.7,5.0,25.0,0.35,True,11.036,0.63613
2021-22,45.0,0.7,5.0,18.0,0.0,False,10.532,0.637
2021-22,45.0,0.7,5.0,18.0,0.0,True,10.59,0.63726
2021-22,45.0,0.7,5.0,18.0,0.2,False,10.183,0.6355
2021-22,45.0,0.7,5.0,18.0,0.2,True,10.228,0.6357
2021-22,45.0,0.7,5.0,18.0,0.35,False,9.921,0.6351
2021-22,45.0,0.7,5.0,18.0,0.35,True,9.958,0.63525
2021-22,45.0,0.7,8.0,,0.0,False,12.166,0.63755
2021-22,45.0,0.7,8.0,,0.0,True,12.202,0.63772
2021-22,45.0,0.7,8.0,,0.2,False,11.162,0.63659
2021-22,45.0,0.7,8.0,,0.2,True,11.192,0.63672
2021-22,45.0,0.7,8.0,,0.35,False,10.551,0.63649
2021-22,45.0,0.7,8.0,,0.35,True,10.576,0.6366
2021-22,45.0,0.7,8.0,25.0,0.0,False,10.979,0.63689
2021-22,45.0,0.7,8.0,25.0,0.0,True,11.023,0.63706
2021-22,45.0,0.7,8.0,25.0,0.2,False,10.385,0.63589
2021-22,45.0,0.7,8.0,25.0,0.2,True,10.417,0.63601
2021-22,45.0,0.7,8.0,25.0,0.35,False,9.996,0.63589
2021-22,45.0,0.7,8.0,25.0,0.35,True,10.02,0.63597
2021-22,45.0,0.7,8.0,18.0,0.0,False,9.534,0.63671
2021-22,45.0,0.7,8.0,18.0,0.0,True,9.579,0.63688
2021-22,45.0,0.7,8.0,18.0,0.2,False,9.244,0.63537
2021-22,45.0,0.7,8.0,18.0,0.2,True,9.277,0.63548
2021-22,45.0,0.7,8.0,18.0,0.35,False,9.015,0.63503
2021-22,45.0,0.7,8.0,18.0,0.35,True,9.041,0.63509
2021-22,45.0,0.7,12.0,,0.0,False,10.988,0.63814
2021-22,45.0,0.7,12.0,,0.0,True,11.01,0.63822
2021-22,45.0,0.7,12.0,,0.2,False,10.097,0.63725
2021-22,45.0,0.7,12.0,,0.2,True,10.114,0.6373
2021-22,45.0,0.7,12.0,,0.35,False,9.548,0.63716
2021-22,45.0,0.7,12.0,,0.35,True,9.561,0.63718
2021-22,45.0,0.7,12.0,25.0,0.0,False,9.897,0.63739
2021-22,45.0,0.7,12.0,25.0,0.0,True,9.929,0.63748
2021-22,45.0,0.7,12.0,25.0,0.2,False,9.38,0.63649
2021-22,45.0,0.7,12.0,25.0,0.2,True,9.401,0.63653
2021-22,45.0,0.7,12.0,25.0,0.35,False,9.034,0.6365
2021-22,45.0,0.7,12.0,25.0,0.35,True,9.048,0.6365
2021-22,45.0,0.7,12.0,18.0,0.0,False,8.581,0.6371
2021-22,45.0,0.7,12.0,18.0,0.0,True,8.614,0.63718
2021-22,45.0,0.7,12.0,18.0,0.2,False,8.34,0.63591
2021-22,45.0,0.7,12.0,18.0,0.2,True,8.363,0.63593
2021-22,45.0,0.7,12.0,18.0,0.35,False,8.143,0.63563
2021-22,45.0,0.7,12.0,18.0,0.35,True,8.159,0.63561
2021-22,45.0,0.85,5.0,,0.0,False,13.711,0.6379
2021-22,45.0,0.85,5.0,,0.0,True,13.774,0.63817
2021-22,45.0,0.85,5.0,,0.2,False,12.576,0.63692
2021-22,45.0,0.85,5.0,,0.2,True,12.63,0.63717
2021-22,45.0,0.85,5.0,,0.35,False,11.894,0.63686
2021-22,45.0,0.85,5.0,,0.35,True,11.942,0.63707
2021-22,45.0,0.85,5.0,25.0,0.0,False,12.405,0.63736
2021-22,45.0,0.85,5.0,25.0,0.0,True,12.475,0.63764
2021-22,45.0,0.85,5.0,25.0,0.2,False,11.726,0.63633
2021-22,45.0,0.85,5.0,25.0,0.2,True,11.781,0.63656
2021-22,45.0,0.85,5.0,25.0,0.35,False,11.291,0.63635
2021-22,45.0,0.85,5.0,25.0,0.35,True,11.336,0.63654
2021-22,45.0,0.85,5.0,18.0,0.0,False,10.789,0.63728
2021-22,45.0,0.85,5.0,18.0,0.0,True,10.857,0.63756
2021-22,45.0,0.85,5.0,18.0,0.2,False,10.45,0.63589
2021-22,45.0,0.85,5.0,18.0,0.2,True,10.504,0.63611
2021-22,45.0,0.85,5.0,18.0,0.35,False,10.192,0.63555
2021-22,45.0,0.85,5.0,18.0,0.35,True,10.237,0.63572
2021-22,45.0,0.85,8.0,,0.0,False,12.547,0.63802
2021-22,45.0,0.85,8.0,,0.0,True,12.593,0.6382
2021-22,45.0,0.85,8.0,,0.2,False,11.531,0.63714
2021-22,45.0,0.85,8.0,,0.2,True,11.568,0.63728
2021-22,45.0,0.85,8.0,,0.35,False,10.91,0.63709
2021-22,45.0,0.85,8.0,,0.35,True,10.942,0.63719
2021-22,45.0,0.85,8.0,25.0,0.0,False,11.344,0.63744
2021-22,45.0,0.85,8.0,25.0,0.0,True,11.399,0.63763
2021-22,45.0,0.85,8.0,25.0,0.2,False,10.746,0.63653
2021-22,45.0,0.85,8.0,25.0,0.2,True,10.786,0.63666
2021-22,45.0,0.85,8.0,25.0,0.35,False,10.352,0.63656
2021-22,45.0,0.85,8.0,25.0,0.35,True,10.383,0.63665
2021-22,45.0,0.85,8.0,18.0,0.0,False,9.851,0.63726
2021-22,45.0,0.85,8.0,18.0,0.0,True,9.905,0.63744
2021-22,45.0,0.85,8.0,18.0,0.2,False,9.57,0.63604
2021-22,45.0,0.85,8.0,18.0,0.2,True,9.611,0.63615
2021-22,45.0,0.85,8.0,18.0,0.35,False,9.345,0.63577
2021-22,45.0,0.85,8.0,18.0,0.35,True,9.376,0.63583
2021-22,45.0,0.85,12.0,,0.0,False,11.417,0.63886
2021-22,45.0,0.85,12.0,,0.0,True,11.447,0.63894
2021-22,45.0,0.85,12.0,,0.2,False,10.509,0.63805
2021-22,45.0,0.85,12.0,,0.2,True,10.532,0.63809
2021-22,45.0,0.85,12.0,,0.35,False,9.948,0.638
2021-22,45.0,0.85,12.0,,0.35,True,9.966,0.63801
2021-22,45.0,0.85,12.0,25.0,0.0,False,10.307,0.6382
2021-22,45.0,0.85,12.0,25.0,0.0,True,10.347,0.6383
2021-22,45.0,0.85,12.0,25.0,0.2,False,9.782,0.63739
2021-22,45.0,0.85,12.0,25.0,0.2,True,9.809,0.63742
2021-22,45.0,0.85,12.0,25.0,0.35,False,9.429,0.63743
2021-22,45.0,0.85,12.0,25.0,0.35,True,9.447,0.63742
2021-22,45.0,0.85,12.0,18.0,0.0,False,8.934,0.6379
2021-22,45.0,0.85,12.0,18.0,0.0,True,8.974,0.63798
2021-22,45.0,0.85,12.0,18.0,0.2,False,8.703,0.63684
2021-22,45.0,0.85,12.0,18.0,0.2,True,8.731,0.63685
2021-22,45.0,0.85,12.0,18.0,0.35,False,8.508,0.63663
2021-22,45.0,0.85,12.0,18.0,0.35,True,8.528,0.6366
2021-22,65.0,0.55,5.0,,0.0,False,13.433,0.6373
2021-22,65.0,0.55,5.0,,0.0,True,13.478,0.63756
2021-22,65.0,0.55,5.0,,0.2,False,12.336,0.63649
2021-22,65.0,0.55,5.0,,0.2,True,12.373,0.63673
2021-22,65.0,0.55,5.0,,0.35,False,11.681,0.6366
2021-22,65.0,0.55,5.0,,0.35,True,11.714,0.6368
2021-22,65.0,0.55,5.0,25.0,0.0,False,12.113,0.63661
2021-22,65.0,0.55,5.0,25.0,0.0,True,12.164,0.63688
2021-22,65.0,0.55,5.0,25.0,0.2,False,11.468,0.63574
2021-22,65.0,0.55,5.0,25.0,0.2,True,11.505,0.63595
2021-22,65.0,0.55,5.0,25.0,0.35,False,11.059,0.63593
2021-22,65.0,0.55,5.0,25.0,0.35,True,11.087,0.63611
2021-22,65.0,0.55,5.0,18.0,0.0,False,10.522,0.63648
2021-22,65.0,0.55,5.0,18.0,0.0,True,10.574,0.63674
2021-22,65.0,0.55,5.0,18.0,0.2,False,10.202,0.63522
2021-22,65.0,0.55,5.0,18.0,0.2,True,10.24,0.63542
2021-22,65.0,0.55,5.0,18.0,0.35,False,9.959,0.63498
2021-22,65.0,0.55,5.0,18.0,0.35,True,9.989,0.63513
2021-22,65.0,0.55,8.0,,0.0,False,12.284,0.63691
2021-22,65.0,0.55,8.0,,0.0,True,12.314,0.63709
2021-22,65.0,0.55,8.0,,0.2,False,11.3,0.63619
2021-22,65.0,0.55,8.0,,0.2,True,11.324,0.63634
2021-22,65.0,0.55,8.0,,0.35,False,10.703,0.6363
2021-22,65.0,0.55,8.0,,0.35,True,10.723,0.63642
2021-22,65.0,0.55,8.0,25.0,0.0,False,11.067,0.63617
2021-22,65.0,0.55,8.0,25.0,0.0,True,11.105,0.63636
2021-22,65.0,0.55,8.0,25.0,0.2,False,10.497,0.6354
2021-22,65.0,0.55,8.0,25.0,0.2,True,10.523,0.63553
2021-22,65.0,0.55,8.0,25.0,0.35,False,10.125,0.63561
2021-22,65.0,0.55,8.0,25.0,0.35,True,10.144,0.6357
2021-22,65.0,0.55,8.0,18.0,0.0,False,9.604,0.63597
2021-22,65.0,0.55,8.0,18.0,0.0,True,9.645,0.63615
2021-22,65.0,0.55,8.0,18.0,0.2,False,9.335,0.63485
2021-22,65.0,0.55,8.0,18.0,0.2,True,9.363,0.63496
2021-22,65.0,0.55,8.0,18.0,0.35,False,9.12,0.63467
2021-22,65.0,0.55,8.0,18.0,0.35,True,9.141,0.63473
2021-22,65.0,0.55,12.0,,0.0,False,11.2,0.63723
2021-22,65.0,0.55,12.0,,0.0,True,11.218,0.63734
2021-22,65.0,0.55,12.0,,0.2,False,10.319,0.6366
2021-22,65.0,0.55,12.0,,0.2,True,10.332,0.63667
2021-22,65.0,0.55,12.0,,0.35,False,9.777,0.63671
2021-22,65.0,0.55,12.0,,0.35,True,9.786,0.63675
2021-22,65.0,0.55,12.0,25.0,0.0,False,10.076,0.63643
2021-22,65.0,0.55,12.0,25.0,0.0,True,10.104,0.63655
2021-22,65.0,0.55,12.0,25.0,0.2,False,9.574,0.63575
2021-22,65.0,0.55,12.0,25.0,0.2,True,9.591,0.63581
2021-22,65.0,0.55,12.0,25.0,0.35,False,9.239,0.63597
2021-22,65.0,0.55,12.0,25.0,0.35,True,9.249,0.63599
2021-22,65.0,0.55,12.0,18.0,0.0,False,8.734,0.63614
2021-22,65.0,0.55,12.0,18.0,0.0,True,8.765,0.63625
2021-22,65.0,0.55,12.0,18.0,0.2,False,8.508,0.63516
2021-22,65.0,0.55,12.0,18.0,0.2,True,8.528,0.6352
2021-22,65.0,0.55,12.0,18.0,0.35,False,8.32,0.63504
2021-22,65.0,0.55,12.0,18.0,0.35,True,8.333,0.63503
2021-22,65.0,0.7,5.0,,0.0,False,13.677,0.63727
2021-22,65.0,0.7,5.0,,0.0,True,13.73,0.63754
2021-22,65.0,0.7,5.0,,0.2,False,12.578,0.63652
2021-22,65.0,0.7,5.0,,0.2,True,12.622,0.63676
2021-22,65.0,0.7,5.0,,0.35,False,11.92,0.63665
2021-22,65.0,0.7,5.0,,0.35,True,11.958,0.63685
2021-22,65.0,0.7,5.0,25.0,0.0,False,12.347,0.63663
2021-22,65.0,0.7,5.0,25.0,0.0,True,12.406,0.6369
2021-22,65.0,0.7,5.0,25.0,0.2,False,11.704,0.63581
2021-22,65.0,0.7,5.0,25.0,0.2,True,11.748,0.63604
2021-22,65.0,0.7,5.0,25.0,0.35,False,11.295,0.63603
2021-22,65.0,0.7,5.0,25.0,0.35,True,11.33,0.63621
2021-22,65.0,0.7,5.0,18.0,0.0,False,10.726,0.6365
2021-22,65.0,0.7,5.0,18.0,0.0,True,10.785,0.63677
2021-22,65.0,0.7,5.0,18.0,0.2,False,10.418,0.63532
2021-22,65.0,0.7,5.0,18.0,0.2,True,10.463,0.63552
2021-22,65.0,0.7,5.0,18.0,0.35,False,10.179,0.63512
2021-22,65.0,0.7,5.0,18.0,0.35,True,10.214,0.63527
2021-22,65.0,0.7,8.0,,0.0,False,12.606,0.63705
2021-22,65.0,0.7,8.0,,0.0,True,12.644,0.63723
2021-22,65.0,0.7,8.0,,0.2,False,11.616,0.6364
2021-22,65.0,0.7,8.0,,0.2,True,11.646,0.63655
2021-22,65.0,0.7,8.0,,0.35,False,11.014,0.63655
2021-22,65.0,0.7,8.0,,0.35,True,11.038,0.63665
2021-22,65.0,0.7,8.0,25.0,0.0,False,11.375,0.63638
2021-22,65.0,0.7,8.0,25.0,0.0,True,11.422,0.63657
2021-22,65.0,0.7,8.0,25.0,0.2,False,10.805,0.63567
2021-22,65.0,0.7,8.0,25.0,0.2,True,10.838,0.63581
2021-22,65.0,0.7,8.0,25.0,0.35,False,10.432,0.63591
2021-22,65.0,0.7,8.0,25.0,0.35,True,10.455,0.636
2021-22,65.0,0.7,8.0,18.0,0.0,False,9.872,0.63617
2021-22,65.0,0.7,8.0,18.0,0.0,True,9.92,0.63635
2021-22,65.0,0.7,8.0,18.0,0.2,False,9.615,0.63515
2021-22,65.0,0.7,8.0,18.0,0.2,True,9.649,0.63527
2021-22,65.0,0.7,8.0,18.0,0.35,False,9.404,0.63503
2021-22,65.0,0.7,8.0,18.0,0.35,True,9.429,0.63509
2021-22,65.0,0.7,12.0,,0.0,False,11.587,0.63759
2021-22,65.0,0.7,12.0,,0.0,True,11.612,0.63769
2021-22,65.0,0.7,12.0,,0.2,False,10.696,0.63703
2021-22,65.0,0.7,12.0,,0.2,True,10.714,0.63709
2021-22,65.0,0.7,12.0,,0.35,False,10.146,0.63718
2021-22,65.0,0.7,12.0,,0.35,True,10.159,0.6372
2021-22,65.0,0.7,12.0,25.0,0.0,False,10.444,0.63687
2021-22,65.0,0.7,12.0,25.0,0.0,True,10.48,0.63698
2021-22,65.0,0.7,12.0,25.0,0.2,False,9.94,0.63627
2021-22,65.0,0.7,12.0,25.0,0.2,True,9.962,0.63632
2021-22,65.0,0.7,12.0,25.0,0.35,False,9.601,0.63652
2021-22,65.0,0.7,12.0,25.0,0.35,True,9.615,0.63652
2021-22,65.0,0.7,12.0,18.0,0.0,False,9.054,0.63657
2021-22,65.0,0.7,12.0,18.0,0.0,True,9.091,0.63668
2021-22,65.0,0.7,12.0,18.0,0.2,False,8.84,0.63571
2021-22,65.0,0.7,12.0,18.0,0.2,True,8.864,0.63575
2021-22,65.0,0.7,12.0,18.0,0.35,False,8.655,0.63566
2021-22,65.0,0.7,12.0,18.0,0.35,True,8.671,0.63563
2021-22,65.0,0.85,5.0,,0.0,False,13.985,0.63747
2021-22,65.0,0.85,5.0,,0.0,True,14.049,0.63776
2021-22,65.0,0.85,5.0,,0.2,False,12.88,0.63679
2021-22,65.0,0.85,5.0,,0.2,True,12.934,0.63704
2021-22,65.0,0.85,5.0,,0.35,False,12.218,0.63695
2021-22,65.0,0.85,5.0,,0.35,True,12.264,0.63716
2021-22,65.0,0.85,5.0,25.0,0.0,False,12.642,0.63688
2021-22,65.0,0.85,5.0,25.0,0.0,True,12.712,0.63718
2021-22,65.0,0.85,5.0,25.0,0.2,False,11.999,0.63613
2021-22,65.0,0.85,5.0,25.0,0.2,True,12.053,0.63637
2021-22,65.0,0.85,5.0,25.0,0.35,False,11.589,0.63638
2021-22,65.0,0.85,5.0,25.0,0.35,True,11.632,0.63657
2021-22,65.0,0.85,5.0,18.0,0.0,False,10.983,0.63675
2021-22,65.0,0.85,5.0,18.0,0.0,True,11.053,0.63704
2021-22,65.0,0.85,5.0,18.0,0.2,False,10.686,0.63567
2021-22,65.0,0.85,5.0,18.0,0.2,True,10.739,0.63589
2021-22,65.0,0.85,5.0,18.0,0.35,False,10.451,0.63552
2021-22,65.0,0.85,5.0,18.0,0.35,True,10.494,0.63568
2021-22,65.0,0.85,8.0,,0.0,False,13.017,0.63752
2021-22,65.0,0.85,8.0,,0.0,True,13.067,0.63772
2021-22,65.0,0.85,8.0,,0.2,False,12.017,0.63696
2021-22,65.0,0.85,8.0,,0.2,True,12.057,0.63711
2021-22,65.0,0.85,8.0,,0.35,False,11.406,0.63714
2021-22,65.0,0.85,8.0,,0.35,True,11.439,0.63725
2021-22,65.0,0.85,8.0,25.0,0.0,False,11.766,0.63693
2021-22,65.0,0.85,8.0,25.0,0.0,True,11.825,0.63714
2021-22,65.0,0.85,8.0,25.0,0.2,False,11.194,0.6363
2021-22,65.0,0.85,8.0,25.0,0.2,True,11.236,0.63645
2021-22,65.0,0.85,8.0,25.0,0.35,False,10.817,0.63657
2021-22,65.0,0.85,8.0,25.0,0.35,True,10.849,0.63667
2021-22,65.0,0.85,8.0,18.0,0.0,False,10.213,0.63672
2021-22,65.0,0.85,8.0,18.0,0.0,True,10.271,0.63692
2021-22,65.0,0.85,8.0,18.0,0.2,False,9.967,0.63582
2021-22,65.0,0.85,8.0,18.0,0.2,True,10.009,0.63595
2021-22,65.0,0.85,8.0,18.0,0.35,False,9.76,0.63575
2021-22,65.0,0.85,8.0,18.0,0.35,True,9.792,0.63582
2021-22,65.0,0.85,12.0,,0.0,False,12.088,0.63839
2021-22,65.0,0.85,12.0,,0.0,True,12.123,0.63849
2021-22,65.0,0.85,12.0,,0.2,False,11.18,0.63791
2021-22,65.0,0.85,12.0,,0.2,True,11.206,0.63797
2021-22,65.0,0.85,12.0,,0.35,False,10.618,0.6381
2021-22,65.0,0.85,12.0,,0.35,True,10.638,0.63811
2021-22,65.0,0.85,12.0,25.0,0.0,False,10.92,0.63776
2021-22,65.0,0.85,12.0,25.0,0.0,True,10.966,0.63789
2021-22,65.0,0.85,12.0,25.0,0.2,False,10.409,0.63724
2021-22,65.0,0.85,12.0,25.0,0.2,True,10.439,0.6373
2021-22,65.0,0.85,12.0,25.0,0.35,False,10.064,0.63752
2021-22,65.0,0.85,12.0,25.0,0.35,True,10.084,0.63753
2021-22,65.0,0.85,12.0,18.0,0.0,False,9.467,0.63747
2021-22,65.0,0.85,12.0,18.0,0.0,True,9.513,0.63758
2021-22,65.0,0.85,12.0,18.0,0.2,False,9.263,0.63673
2021-22,65.0,0.85,12.0,18.0,0.2,True,9.294,0.63677
2021-22,65.0,0.85,12.0,18.0,0.35,False,9.081,0.63674
2021-22,65.0,0.85,12.0,18.0,0.35,True,9.103,0.63671
2021-22,90.0,0.55,5.0,,0.0,False,13.625,0.63725
2021-22,90.0,0.55,5.0,,0.0,True,13.671,0.63753
2021-22,90.0,0.55,5.0,,0.2,False,12.55,0.63668
2021-22,90.0,0.55,5.0,,0.2,True,12.587,0.63692
2021-22,90.0,0.55,5.0,,0.35,False,11.911,0.63695
2021-22,90.0,0.55,5.0,,0.35,True,11.942,0.63716
2021-22,90.0,0.55,5.0,25.0,0.0,False,12.282,0.63654
2021-22,90.0,0.55,5.0,25.0,0.0,True,12.332,0.63682
2021-22,90.0,0.55,5.0,25.0,0.2,False,11.662,0.63589
2021-22,90.0,0.55,5.0,25.0,0.2,True,11.698,0.63611
2021-22,90.0,0.55,5.0,25.0,0.35,False,11.272,0.63627
2021-22,90.0,0.55,5.0,25.0,0.35,True,11.299,0.63644
2021-22,90.0,0.55,5.0,18.0,0.0,False,10.66,0.63637
2021-22,90.0,0.55,5.0,18.0,0.0,True,10.712,0.63664
2021-22,90.0,0.55,5.0,18.0,0.2,False,10.369,0.63535
2021-22,90.0,0.55,5.0,18.0,0.2,True,10.407,0.63555
2021-22,90.0,0.55,5.0,18.0,0.35,False,10.144,0.63527
2021-22,90.0,0.55,5.0,18.0,0.35,True,10.173,0.63542
2021-22,90.0,0.55,8.0,,0.0,False,12.571,0.63679
2021-22,90.0,0.55,8.0,,0.0,True,12.602,0.63699
2021-22,90.0,0.55,8.0,,0.2,False,11.601,0.63631
2021-22,90.0,0.55,8.0,,0.2,True,11.625,0.63646
2021-22,90.0,0.55,8.0,,0.35,False,11.014,0.6366
2021-22,90.0,0.55,8.0,,0.35,True,11.032,0.63672
2021-22,90.0,0.55,8.0,25.0,0.0,False,11.323,0.63604
2021-22,90.0,0.55,8.0,25.0,0.0,True,11.363,0.63624
2021-22,90.0,0.55,8.0,25.0,0.2,False,10.773,0.63549
2021-22,90.0,0.55,8.0,25.0,0.2,True,10.799,0.63563
2021-22,90.0,0.55,8.0,25.0,0.35,False,10.417,0.63588
2021-22,90.0,0.55,8.0,25.0,0.35,True,10.434,0.63597
2021-22,90.0,0.55,8.0,18.0,0.0,False,9.821,0.6358
2021-22,90.0,0.55,8.0,18.0,0.0,True,9.863,0.63599
2021-22,90.0,0.55,8.0,18.0,0.2,False,9.578,0.63493
2021-22,90.0,0.55,8.0,18.0,0.2,True,9.606,0.63505
2021-22,90.0,0.55,8.0,18.0,0.35,False,9.378,0.63491
2021-22,90.0,0.55,8.0,18.0,0.35,True,9.398,0.63498
2021-22,90.0,0.55,12.0,,0.0,False,11.577,0.63705
2021-22,90.0,0.55,12.0,,0.0,True,11.597,0.63717
2021-22,90.0,0.55,12.0,,0.2,False,10.702,0.63664
2021-22,90.0,0.55,12.0,,0.2,True,10.715,0.63672
2021-22,90.0,0.55,12.0,,0.35,False,10.164,0.63693
2021-22,90.0,0.55,12.0,,0.35,True,10.172,0.63697
2021-22,90.0,0.55,12.0,25.0,0.0,False,10.417,0.63624
2021-22,90.0,0.55,12.0,25.0,0.0,True,10.447,0.63636
2021-22,90.0,0.55,12.0,25.0,0.2,False,9.929,0.63578
2021-22,90.0,0.55,12.0,25.0,0.2,True,9.946,0.63584
2021-22,90.0,0.55,12.0,25.0,0.35,False,9.604,0.63618
2021-22,90.0,0.55,12.0,25.0,0.35,True,9.613,0.6362
2021-22,90.0,0.55,12.0,18.0,0.0,False,9.026,0.63592
2021-22,90.0,0.55,12.0,18.0,0.0,True,9.06,0.63604
2021-22,90.0,0.55,12.0,18.0,0.2,False,8.823,0.63519
2021-22,90.0,0.55,12.0,18.0,0.2,True,8.843,0.63524
2021-22,90.0,0.55,12.0,18.0,0.35,False,8.647,0.63524
2021-22,90.0,0.55,12.0,18.0,0.35,True,8.659,0.63523
2021-22,90.0,0.7,5.0,,0.0,False,13.873,0.63723
2021-22,90.0,0.7,5.0,,0.0,True,13.926,0.63752
2021-22,90.0,0.7,5.0,,0.2,False,12.795,0.6367
2021-22,90.0,0.7,5.0,,0.2,True,12.839,0.63695
2021-22,90.0,0.7,5.0,,0.35,False,12.153,0.637
2021-22,90.0,0.7,5.0,,0.35,True,12.189,0.6372
2021-22,90.0,0.7,5.0,25.0,0.0,False,12.516,0.63655
2021-22,90.0,0.7,5.0,25.0,0.0,True,12.575,0.63684
2021-22,90.0,0.7,5.0,25.0,0.2,False,11.899,0.63595
2021-22,90.0,0.7,5.0,25.0,0.2,True,11.942,0.63618
2021-22,90.0,0.7,5.0,25.0,0.35,False,11.51,0.63635
2021-22,90.0,0.7,5.0,25.0,0.35,True,11.542,0.63652
2021-22,90.0,0.7,5.0,18.0,0.0,False,10.864,0.63638
2021-22,90.0,0.7,5.0,18.0,0.0,True,10.924,0.63666
2021-22,90.0,0.7,5.0,18.0,0.2,False,10.585,0.63543
2021-22,90.0,0.7,5.0,18.0,0.2,True,10.629,0.63564
2021-22,90.0,0.7,5.0,18.0,0.35,False,10.364,0.63539
2021-22,90.0,0.7,5.0,18.0,0.35,True,10.398,0.63554
2021-22,90.0,0.7,8.0,,0.0,False,12.908,0.63694
2021-22,90.0,0.7,8.0,,0.0,True,12.947,0.63714
2021-22,90.0,0.7,8.0,,0.2,False,11.932,0.63651
2021-22,90.0,0.7,8.0,,0.2,True,11.962,0.63667
2021-22,90.0,0.7,8.0,,0.35,False,11.338,0.63683
2021-22,90.0,0.7,8.0,,0.35,True,11.362,0.63694
2021-22,90.0,0.7,8.0,25.0,0.0,False,11.642,0.63623
2021-22,90.0,0.7,8.0,25.0,0.0,True,11.69,0.63644
2021-22,90.0,0.7,8.0,25.0,0.2,False,11.092,0.63575
2021-22,90.0,0.7,8.0,25.0,0.2,True,11.125,0.63589
2021-22,90.0,0.7,8.0,25.0,0.35,False,10.735,0.63616
2021-22,90.0,0.7,8.0,25.0,0.35,True,10.757,0.63625
2021-22,90.0,0.7,8.0,18.0,0.0,False,10.098,0.63599
2021-22,90.0,0.7,8.0,18.0,0.0,True,10.148,0.63619
2021-22,90.0,0.7,8.0,18.0,0.2,False,9.867,0.63522
2021-22,90.0,0.7,8.0,18.0,0.2,True,9.901,0.63534
2021-22,90.0,0.7,8.0,18.0,0.35,False,9.672,0.63525
2021-22,90.0,0.7,8.0,18.0,0.35,True,9.696,0.63531
2021-22,90.0,0.7,12.0,,0.0,False,11.998,0.63742
2021-22,90.0,0.7,12.0,,0.0,True,12.025,0.63754
2021-22,90.0,0.7,12.0,,0.2,False,11.112,0.63708
2021-22,90.0,0.7,12.0,,0.2,True,11.131,0.63715
2021-22,90.0,0.7,12.0,,0.35,False,10.566,0.6374
2021-22,90.0,0.7,12.0,,0.35,True,10.578,0.63743
2021-22,90.0,0.7,12.0,25.0,0.0,False,10.814,0.63668
2021-22,90.0,0.7,12.0,25.0,0.0,True,10.852,0.63681
2021-22,90.0,0.7,12.0,25.0,0.2,False,10.324,0.6363
2021-22,90.0,0.7,12.0,25.0,0.2,True,10.347,0.63636
2021-22,90.0,0.7,12.0,25.0,0.35,False,9.997,0.63672
2021-22,90.0,0.7,12.0,25.0,0.35,True,10.01,0.63673
2021-22,90.0,0.7,12.0,18.0,0.0,False,9.372,0.63636
2021-22,90.0,0.7,12.0,18.0,0.0,True,9.411,0.63649
2021-22,90.0,0.7,12.0,18.0,0.2,False,9.181,0.63575
2021-22,90.0,0.7,12.0,18.0,0.2,True,9.206,0.6358
2021-22,90.0,0.7,12.0,18.0,0.35,False,9.009,0.63585
2021-22,90.0,0.7,12.0,18.0,0.35,True,9.024,0.63583
2021-22,90.0,0.85,5.0,,0.0,False,14.177,0.63741
2021-22,90.0,0.85,5.0,,0.0,True,14.241,0.63772
2021-22,90.0,0.85,5.0,,0.2,False,13.094,0.63694
2021-22,90.0,0.85,5.0,,0.2,True,13.148,0.6372
2021-22,90.0,0.85,5.0,,0.35,False,12.447,0.63726
2021-22,90.0,0.85,5.0,,0.35,True,12.492,0.63747
2021-22,90.0,0.85,5.0,25.0,0.0,False,12.803,0.63677
2021-22,90.0,0.85,5.0,25.0,0.0,True,12.873,0.63708
2021-22,90.0,0.85,5.0,25.0,0.2,False,12.188,0.63623
2021-22,90.0,0.85,5.0,25.0,0.2,True,12.24,0.63647
2021-22,90.0,0.85,5.0,25.0,0.35,False,11.798,0.63665
2021-22,90.0,0.85,5.0,25.0,0.35,True,11.838,0.63683
2021-22,90.0,0.85,5.0,18.0,0.0,False,11.115,0.6366
2021-22,90.0,0.85,5.0,18.0,0.0,True,11.184,0.6369
2021-22,90.0,0.85,5.0,18.0,0.2,False,10.847,0.63574
2021-22,90.0,0.85,5.0,18.0,0.2,True,10.899,0.63596
2021-22,90.0,0.85,5.0,18.0,0.35,False,10.63,0.63574
2021-22,90.0,0.85,5.0,18.0,0.35,True,10.671,0.6359
2021-22,90.0,0.85,8.0,,0.0,False,13.326,0.63738
2021-22,90.0,0.85,8.0,,0.0,True,13.376,0.6376
2021-22,90.0,0.85,8.0,,0.2,False,12.339,0.63702
2021-22,90.0,0.85,8.0,,0.2,True,12.379,0.63719
2021-22,90.0,0.85,8.0,,0.35,False,11.738,0.63736
2021-22,90.0,0.85,8.0,,0.35,True,11.77,0.63749
2021-22,90.0,0.85,8.0,25.0,0.0,False,12.036,0.63674
2021-22,90.0,0.85,8.0,25.0,0.0,True,12.095,0.63696
2021-22,90.0,0.85,8.0,25.0,0.2,False,11.485,0.63632
2021-22,90.0,0.85,8.0,25.0,0.2,True,11.527,0.63648
2021-22,90.0,0.85,8.0,25.0,0.35,False,11.125,0.63676
2021-22,90.0,0.85,8.0,25.0,0.35,True,11.155,0.63686
2021-22,90.0,0.85,8.0,18.0,0.0,False,10.442,0.6365
2021-22,90.0,0.85,8.0,18.0,0.0,True,10.501,0.63672
2021-22,90.0,0.85,8.0,18.0,0.2,False,10.223,0.63583
2021-22,90.0,0.85,8.0,18.0,0.2,True,10.265,0.63597
2021-22,90.0,0.85,8.0,18.0,0.35,False,10.031,0.63591
2021-22,90.0,0.85,8.0,18.0,0.35,True,10.062,0.63598
2021-22,90.0,0.85,12.0,,0.0,False,12.527,0.6382
2021-22,90.0,0.85,12.0,,0.0,True,12.565,0.63833
2021-22,90.0,0.85,12.0,,0.2,False,11.625,0.63793
2021-22,90.0,0.85,12.0,,0.2,True,11.653,0.63801
2021-22,90.0,0.85,12.0,,0.35,False,11.067,0.63828
2021-22,90.0,0.85,12.0,,0.35,True,11.087,0.63832
2021-22,90.0,0.85,12.0,25.0,0.0,False,11.313,0.63755
2021-22,90.0,0.85,12.0,25.0,0.0,True,11.361,0.63769
2021-22,90.0,0.85,12.0,25.0,0.2,False,10.818,0.63724
2021-22,90.0,0.85,12.0,25.0,0.2,True,10.849,0.63731
2021-22,90.0,0.85,12.0,25.0,0.35,False,10.485,0.63769
2021-22,90.0,0.85,12.0,25.0,0.35,True,10.505,0.6377
2021-22,90.0,0.85,12.0,18.0,0.0,False,9.805,0.63724
2021-22,90.0,0.85,12.0,18.0,0.0,True,9.854,0.63737
2021-22,90.0,0.85,12.0,18.0,0.2,False,9.626,0.63674
2021-22,90.0,0.85,12.0,18.0,0.2,True,9.659,0.63679
2021-22,90.0,0.85,12.0,18.0,0.35,False,9.457,0.63689
2021-22,90.0,0.85,12.0,18.0,0.35,True,9.479,0.63688
2021-22,130.0,0.55,5.0,,0.0,False,13.792,0.63733
2021-22,130.0,0.55,5.0,,0.0,True,13.838,0.63762
2021-22,130.0,0.55,5.0,,0.2,False,12.737,0.63696
2021-22,130.0,0.55,5.0,,0.2,True,12.774,0.6372
2021-22,130.0,0.55,5.0,,0.35,False,12.114,0.6374
2021-22,130.0,0.55,5.0,,0.35,True,12.144,0.6376
2021-22,130.0,0.55,5.0,25.0,0.0,False,12.429,0.6366
2021-22,130.0,0.55,5.0,25.0,0.0,True,12.479,0.63688
2021-22,130.0,0.55,5.0,25.0,0.2,False,11.832,0.63615
2021-22,130.0,0.55,5.0,25.0,0.2,True,11.868,0.63637
2021-22,130.0,0.55,5.0,25.0,0.35,False,11.461,0.63669
2021-22,130.0,0.55,5.0,25.0,0.35,True,11.486,0.63686
2021-22,130.0,0.55,5.0,18.0,0.0,False,10.781,0.6364
2021-22,130.0,0.55,5.0,18.0,0.0,True,10.834,0.63668
2021-22,130.0,0.55,5.0,18.0,0.2,False,10.516,0.63558
2021-22,130.0,0.55,5.0,18.0,0.2,True,10.554,0.63579
2021-22,130.0,0.55,5.0,18.0,0.35,False,10.309,0.63566
2021-22,130.0,0.55,5.0,18.0,0.35,True,10.337,0.63581
2021-22,130.0,0.55,8.0,,0.0,False,12.818,0.63684
2021-22,130.0,0.55,8.0,,0.0,True,12.85,0.63705
2021-22,130.0,0.55,8.0,,0.2,False,11.861,0.63657
2021-22,130.0,0.55,8.0,,0.2,True,11.885,0.63673
2021-22,130.0,0.55,8.0,,0.35,False,11.285,0.63702
2021-22,130.0,0.55,8.0,,0.35,True,11.303,0.63714
2021-22,130.0,0.55,8.0,25.0,0.0,False,11.543,0.63607
2021-22,130.0,0.55,8.0,25.0,0.0,True,11.583,0.63628
2021-22,130.0,0.55,8.0,25.0,0.2,False,11.012,0.63572
2021-22,130.0,0.55,8.0,25.0,0.2,True,11.037,0.63586
2021-22,130.0,0.55,8.0,25.0,0.35,False,10.671,0.63628
2021-22,130.0,0.55,8.0,25.0,0.35,True,10.687,0.63638
2021-22,130.0,0.55,8.0,18.0,0.0,False,10.008,0.6358
2021-22,130.0,0.55,8.0,18.0,0.0,True,10.051,0.63601
2021-22,130.0,0.55,8.0,18.0,0.2,False,9.787,0.63515
2021-22,130.0,0.55,8.0,18.0,0.2,True,9.816,0.63528
2021-22,130.0,0.55,8.0,18.0,0.35,False,9.603,0.63529
2021-22,130.0,0.55,8.0,18.0,0.35,True,9.622,0.63536
2021-22,130.0,0.55,12.0,,0.0,False,11.906,0.63706
2021-22,130.0,0.55,12.0,,0.0,True,11.928,0.63719
2021-22,130.0,0.55,12.0,,0.2,False,11.038,0.63686
2021-22,130.0,0.55,12.0,,0.2,True,11.051,0.63694
2021-22,130.0,0.55,12.0,,0.35,False,10.506,0.63731
2021-22,130.0,0.55,12.0,,0.35,True,10.514,0.63735
2021-22,130.0,0.55,12.0,25.0,0.0,False,10.713,0.63623
2021-22,130.0,0.55,12.0,25.0,0.0,True,10.744,0.63638
2021-22,130.0,0.55,12.0,25.0,0.2,False,10.239,0.63597
2021-22,130.0,0.55,12.0,25.0,0.2,True,10.256,0.63605
2021-22,130.0,0.55,12.0,25.0,0.35,False,9.927,0.63655
2021-22,130.0,0.55,12.0,25.0,0.35,True,9.934,0.63657
2021-22,130.0,0.55,12.0,18.0,0.0,False,9.28,0.6359
2021-22,130.0,0.55,12.0,18.0,0.0,True,9.315,0.63604
2021-22,130.0,0.55,12.0,18.0,0.2,False,9.098,0.63539
2021-22,130.0,0.55,12.0,18.0,0.2,True,9.118,0.63545
2021-22,130.0,0.55,12.0,18.0,0.35,False,8.935,0.63559
2021-22,130.0,0.55,12.0,18.0,0.35,True,8.946,0.63559
2021-22,130.0,0.7,5.0,,0.0,False,14.041,0.63732
2021-22,130.0,0.7,5.0,,0.0,True,14.095,0.63762
2021-22,130.0,0.7,5.0,,0.2,False,12.984,0.63699
2021-22,130.0,0.7,5.0,,0.2,True,13.027,0.63724
2021-22,130.0,0.7,5.0,,0.35,False,12.356,0.63744
2021-22,130.0,0.7,5.0,,0.35,True,12.392,0.63764
2021-22,130.0,0.7,5.0,25.0,0.0,False,12.662,0.63661
2021-22,130.0,0.7,5.0,25.0,0.0,True,12.72,0.6369
2021-22,130.0,0.7,5.0,25.0,0.2,False,12.068,0.6362
2021-22,130.0,0.7,5.0,25.0,0.2,True,12.11,0.63643
2021-22,130.0,0.7,5.0,25.0,0.35,False,11.698,0.63676
2021-22,130.0,0.7,5.0,25.0,0.35,True,11.729,0.63693
2021-22,130.0,0.7,5.0,18.0,0.0,False,10.984,0.63641
2021-22,130.0,0.7,5.0,18.0,0.0,True,11.044,0.6367
2021-22,130.0,0.7,5.0,18.0,0.2,False,10.731,0.63566
2021-22,130.0,0.7,5.0,18.0,0.2,True,10.774,0.63587
2021-22,130.0,0.7,5.0,18.0,0.35,False,10.527,0.63577
2021-22,130.0,0.7,5.0,18.0,0.35,True,10.559,0.63592
2021-22,130.0,0.7,8.0,,0.0,False,13.163,0.63699
2021-22,130.0,0.7,8.0,,0.0,True,13.204,0.63721
2021-22,130.0,0.7,8.0,,0.2,False,12.2,0.63676
2021-22,130.0,0.7,8.0,,0.2,True,12.231,0.63693
2021-22,130.0,0.7,8.0,,0.35,False,11.617,0.63723
2021-22,130.0,0.7,8.0,,0.35,True,11.641,0.63735
2021-22,130.0,0.7,8.0,25.0,0.0,False,11.867,0.63625
2021-22,130.0,0.7,8.0,25.0,0.0,True,11.915,0.63647
2021-22,130.0,0.7,8.0,25.0,0.2,False,11.337,0.63596
2021-22,130.0,0.7,8.0,25.0,0.2,True,11.369,0.63611
2021-22,130.0,0.7,8.0,25.0,0.35,False,10.995,0.63654
2021-22,130.0,0.7,8.0,25.0,0.35,True,11.016,0.63663
2021-22,130.0,0.7,8.0,18.0,0.0,False,10.289,0.63598
2021-22,130.0,0.7,8.0,18.0,0.0,True,10.34,0.6362
2021-22,130.0,0.7,8.0,18.0,0.2,False,10.081,0.63542
2021-22,130.0,0.7,8.0,18.0,0.2,True,10.115,0.63555
2021-22,130.0,0.7,8.0,18.0,0.35,False,9.9,0.6356
2021-22,130.0,0.7,8.0,18.0,0.35,True,9.924,0.63566
2021-22,130.0,0.7,12.0,,0.0,False,12.349,0.63743
2021-22,130.0,0.7,12.0,,0.0,True,12.379,0.63757
2021-22,130.0,0.7,12.0,,0.2,False,11.47,0.63729
2021-22,130.0,0.7,12.0,,0.2,True,11.489,0.63738
2021-22,130.0,0.7,12.0,,0.35,False,10.929,0.63776
2021-22,130.0,0.7,12.0,,0.35,True,10.941,0.6378
2021-22,130.0,0.7,12.0,25.0,0.0,False,11.127,0.63667
2021-22,130.0,0.7,12.0,25.0,0.0,True,11.167,0.63682
2021-22,130.0,0.7,12.0,25.0,0.2,False,10.652,0.63647
2021-22,130.0,0.7,12.0,25.0,0.2,True,10.676,0.63655
2021-22,130.0,0.7,12.0,25.0,0.35,False,10.337,0.63706
2021-22,130.0,0.7,12.0,25.0,0.35,True,10.35,0.63708
2021-22,130.0,0.7,12.0,18.0,0.0,False,9.641,0.63633
2021-22,130.0,0.7,12.0,18.0,0.0,True,9.682,0.63648
2021-22,130.0,0.7,12.0,18.0,0.2,False,9.471,0.63593
2021-22,130.0,0.7,12.0,18.0,0.2,True,9.497,0.63599
2021-22,130.0,0.7,12.0,18.0,0.35,False,9.312,0.63617
2021-22,130.0,0.7,12.0,18.0,0.35,True,9.327,0.63616
2021-22,130.0,0.85,5.0,,0.0,False,14.342,0.6375
2021-22,130.0,0.85,5.0,,0.0,True,14.407,0.63782
2021-22,130.0,0.85,5.0,,0.2,False,13.279,0.63721
2021-22,130.0,0.85,5.0,,0.2,True,13.331,0.63748
2021-22,130.0,0.85,5.0,,0.35,False,12.646,0.63767
2021-22,130.0,0.85,5.0,,0.35,True,12.69,0.63789
2021-22,130.0,0.85,5.0,25.0,0.0,False,12.943,0.63681
2021-22,130.0,0.85,5.0,25.0,0.0,True,13.012,0.63713
2021-22,130.0,0.85,5.0,25.0,0.2,False,12.351,0.63645
2021-22,130.0,0.85,5.0,25.0,0.2,True,12.402,0.6367
2021-22,130.0,0.85,5.0,25.0,0.35,False,11.98,0.63702
2021-22,130.0,0.85,5.0,25.0,0.35,True,12.018,0.63721
2021-22,130.0,0.85,5.0,18.0,0.0,False,11.23,0.63661
2021-22,130.0,0.85,5.0,18.0,0.0,True,11.299,0.63692
2021-22,130.0,0.85,5.0,18.0,0.2,False,10.987,0.63594
2021-22,130.0,0.85,5.0,18.0,0.2,True,11.038,0.63617
2021-22,130.0,0.85,5.0,18.0,0.35,False,10.786,0.63607
2021-22,130.0,0.85,5.0,18.0,0.35,True,10.825,0.63624
2021-22,130.0,0.85,8.0,,0.0,False,13.583,0.63741
2021-22,130.0,0.85,8.0,,0.0,True,13.635,0.63765
2021-22,130.0,0.85,8.0,,0.2,False,12.61,0.63724
2021-22,130.0,0.85,8.0,,0.2,True,12.65,0.63742
2021-22,130.0,0.85,8.0,,0.35,False,12.018,0.63771
2021-22,130.0,0.85,8.0,,0.35,True,12.049,0.63785
2021-22,130.0,0.85,8.0,25.0,0.0,False,12.259,0.63672
2021-22,130.0,0.85,8.0,25.0,0.0,True,12.319,0.63696
2021-22,130.0,0.85,8.0,25.0,0.2,False,11.728,0.63648
2021-22,130.0,0.85,8.0,25.0,0.2,True,11.769,0.63665
2021-22,130.0,0.85,8.0,25.0,0.35,False,11.383,0.63707
2021-22,130.0,0.85,8.0,25.0,0.35,True,11.412,0.63718
2021-22,130.0,0.85,8.0,18.0,0.0,False,10.631,0.63645
2021-22,130.0,0.85,8.0,18.0,0.0,True,10.691,0.63669
2021-22,130.0,0.85,8.0,18.0,0.2,False,10.435,0.63598
2021-22,130.0,0.85,8.0,18.0,0.2,True,10.477,0.63613
2021-22,130.0,0.85,8.0,18.0,0.35,False,10.257,0.63619
2021-22,130.0,0.85,8.0,18.0,0.35,True,10.288,0.63627
2021-22,130.0,0.85,12.0,,0.0,False,12.893,0.63818
2021-22,130.0,0.85,12.0,,0.0,True,12.933,0.63833
2021-22,130.0,0.85,12.0,,0.2,False,11.997,0.6381
2021-22,130.0,0.85,12.0,,0.2,True,12.026,0.6382
2021-22,130.0,0.85,12.0,,0.35,False,11.443,0.63858
2021-22,130.0,0.85,12.0,,0.35,True,11.464,0.63863
2021-22,130.0,0.85,12.0,25.0,0.0,False,11.636,0.63749
2021-22,130.0,0.85,12.0,25.0,0.0,True,11.686,0.63765
2021-22,130.0,0.85,12.0,25.0,0.2,False,11.157,0.63735
2021-22,130.0,0.85,12.0,25.0,0.2,True,11.188,0.63744
2021-22,130.0,0.85,12.0,25.0,0.35,False,10.836,0.63795
2021-22,130.0,0.85,12.0,25.0,0.35,True,10.856,0.63798
2021-22,130.0,0.85,12.0,18.0,0.0,False,10.083,0.63716
2021-22,130.0,0.85,12.0,18.0,0.0,True,10.134,0.63732
2021-22,130.0,0.85,12.0,18.0,0.2,False,9.926,0.63686
2021-22,130.0,0.85,12.0,18.0,0.2,True,9.959,0.63693
2021-22,130.0,0.85,12.0,18.0,0.35,False,9.769,0.63714
2021-22,130.0,0.85,12.0,18.0,0.35,True,9.791,0.63714
2022-23,30.0,0.55,5.0,,0.0,False,13.029,0.63838
2022-23,30.0,0.55,5.0,,0.0,True,13.041,0.6385
2022-23,30.0,0.55,5.0,,0.2,False,11.899,0.63704
2022-23,30.0,0.55,5.0,,0.2,True,11.911,0.63714
2022-23,30.0,0.55,5.0,,0.35,False,11.213,0.63665
2022-23,30.0,0.55,5.0,,0.35,True,11.226,0.63675
2022-23,30.0,0.55,5.0,25.0,0.0,False,11.773,0.63799
2022-23,30.0,0.55,5.0,25.0,0.0,True,11.797,0.63813
2022-23,30.0,0.55,5.0,25.0,0.2,False,11.093,0.63661
2022-23,30.0,0.55,5.0,25.0,0.2,True,11.109,0.63673
2022-23,30.0,0.55,5.0,25.0,0.35,False,10.639,0.63628
2022-23,30.0,0.55,5.0,25.0,0.35,True,10.652,0.63638
2022-23,30.0,0.55,5.0,18.0,0.0,False,10.255,0.63811
2022-23,30.0,0.55,5.0,18.0,0.0,True,10.285,0.63825
2022-23,30.0,0.55,5.0,18.0,0.2,False,9.855,0.63618
2022-23,30.0,0.55,5.0,18.0,0.2,True,9.879,0.63629
2022-23,30.0,0.55,5.0,18.0,0.35,False,9.572,0.63547
2022-23,30.0,0.55,5.0,18.0,0.35,True,9.592,0.63556
2022-23,30.0,0.55,8.0,,0.0,False,11.516,0.63793
2022-23,30.0,0.55,8.0,,0.0,True,11.517,0.638
2022-23,30.0,0.55,8.0,,0.2,False,10.533,0.63664
2022-23,30.0,0.55,8.0,,0.2,True,10.535,0.63669
2022-23,30.0,0.55,8.0,,0.35,False,9.93,0.63625
2022-23,30.0,0.55,8.0,,0.35,True,9.933,0.6363
2022-23,30.0,0.55,8.0,25.0,0.0,False,10.388,0.63746
2022-23,30.0,0.55,8.0,25.0,0.0,True,10.4,0.63754
2022-23,30.0,0.55,8.0,25.0,0.2,False,9.805,0.63615
2022-23,30.0,0.55,8.0,25.0,0.2,True,9.812,0.63621
2022-23,30.0,0.55,8.0,25.0,0.35,False,9.41,0.63583
2022-23,30.0,0.55,8.0,25.0,0.35,True,9.415,0.63588
2022-23,30.0,0.55,8.0,18.0,0.0,False,9.042,0.63755
2022-23,30.0,0.55,8.0,18.0,0.0,True,9.061,0.63764
2022-23,30.0,0.55,8.0,18.0,0.2,False,8.708,0.63571
2022-23,30.0,0.55,8.0,18.0,0.2,True,8.721,0.63577
2022-23,30.0,0.55,8.0,18.0,0.35,False,8.463,0.63502
2022-23,30.0,0.55,8.0,18.0,0.35,True,8.474,0.63506
2022-23,30.0,0.55,12.0,,0.0,False,10.139,0.63825
2022-23,30.0,0.55,12.0,,0.0,True,10.135,0.63828
2022-23,30.0,0.55,12.0,,0.2,False,9.294,0.63704
2022-23,30.0,0.55,12.0,,0.2,True,9.291,0.63706
2022-23,30.0,0.55,12.0,,0.35,False,8.769,0.63668
2022-23,30.0,0.55,12.0,,0.35,True,8.768,0.6367
2022-23,30.0,0.55,12.0,25.0,0.0,False,9.125,0.63767
2022-23,30.0,0.55,12.0,25.0,0.0,True,9.131,0.63772
2022-23,30.0,0.55,12.0,25.0,0.2,False,8.634,0.63647
2022-23,30.0,0.55,12.0,25.0,0.2,True,8.635,0.6365
2022-23,30.0,0.55,12.0,25.0,0.35,False,8.295,0.63618
2022-23,30.0,0.55,12.0,25.0,0.35,True,8.295,0.6362
2022-23,30.0,0.55,12.0,18.0,0.0,False,7.935,0.63772
2022-23,30.0,0.55,12.0,18.0,0.0,True,7.949,0.63778
2022-23,30.0,0.55,12.0,18.0,0.2,False,7.66,0.63599
2022-23,30.0,0.55,12.0,18.0,0.2,True,7.668,0.63602
2022-23,30.0,0.55,12.0,18.0,0.35,False,7.453,0.63535
2022-23,30.0,0.55,12.0,18.0,0.35,True,7.46,0.63537
2022-23,30.0,0.7,5.0,,0.0,False,13.232,0.63817
2022-23,30.0,0.7,5.0,,0.0,True,13.246,0.63828
2022-23,30.0,0.7,5.0,,0.2,False,12.091,0.63685
2022-23,30.0,0.7,5.0,,0.2,True,12.104,0.63694
2022-23,30.0,0.7,5.0,,0.35,False,11.395,0.63646
2022-23,30.0,0.7,5.0,,0.35,True,11.409,0.63655
2022-23,30.0,0.7,5.0,25.0,0.0,False,11.97,0.63782
2022-23,30.0,0.7,5.0,25.0,0.0,True,11.996,0.63795
2022-23,30.0,0.7,5.0,25.0,0.2,False,11.283,0.63647
2022-23,30.0,0.7,5.0,25.0,0.2,True,11.302,0.63658
2022-23,30.0,0.7,5.0,25.0,0.35,False,10.822,0.63613
2022-23,30.0,0.7,5.0,25.0,0.35,True,10.837,0.63622
2022-23,30.0,0.7,5.0,18.0,0.0,False,10.425,0.63794
2022-23,30.0,0.7,5.0,18.0,0.0,True,10.458,0.63808
2022-23,30.0,0.7,5.0,18.0,0.2,False,10.029,0.63605
2022-23,30.0,0.7,5.0,18.0,0.2,True,10.055,0.63616
2022-23,30.0,0.7,5.0,18.0,0.35,False,9.744,0.63536
2022-23,30.0,0.7,5.0,18.0,0.35,True,9.765,0.63545
2022-23,30.0,0.7,8.0,,0.0,False,11.744,0.63778
2022-23,30.0,0.7,8.0,,0.0,True,11.746,0.63783
2022-23,30.0,0.7,8.0,,0.2,False,10.747,0.6365
2022-23,30.0,0.7,8.0,,0.2,True,10.75,0.63654
2022-23,30.0,0.7,8.0,,0.35,False,10.132,0.63611
2022-23,30.0,0.7,8.0,,0.35,True,10.136,0.63614
2022-23,30.0,0.7,8.0,25.0,0.0,False,10.608,0.63735
2022-23,30.0,0.7,8.0,25.0,0.0,True,10.621,0.63743
2022-23,30.0,0.7,8.0,25.0,0.2,False,10.017,0.63606
2022-23,30.0,0.7,8.0,25.0,0.2,True,10.024,0.63611
2022-23,30.0,0.7,8.0,25.0,0.35,False,9.613,0.63573
2022-23,30.0,0.7,8.0,25.0,0.35,True,9.618,0.63577
2022-23,30.0,0.7,8.0,18.0,0.0,False,9.231,0.63744
2022-23,30.0,0.7,8.0,18.0,0.0,True,9.252,0.63752
2022-23,30.0,0.7,8.0,18.0,0.2,False,8.9,0.63564
2022-23,30.0,0.7,8.0,18.0,0.2,True,8.914,0.63569
2022-23,30.0,0.7,8.0,18.0,0.35,False,8.653,0.63497
2022-23,30.0,0.7,8.0,18.0,0.35,True,8.664,0.635
2022-23,30.0,0.7,12.0,,0.0,False,10.37,0.63814
2022-23,30.0,0.7,12.0,,0.0,True,10.365,0.63815
2022-23,30.0,0.7,12.0,,0.2,False,9.509,0.63694
2022-23,30.0,0.7,12.0,,0.2,True,9.505,0.63694
2022-23,30.0,0.7,12.0,,0.35,False,8.973,0.63657
2022-23,30.0,0.7,12.0,,0.35,True,8.971,0.63656
2022-23,30.0,0.7,12.0,25.0,0.0,False,9.346,0.63762
2022-23,30.0,0.7,12.0,25.0,0.0,True,9.352,0.63765
2022-23,30.0,0.7,12.0,25.0,0.2,False,8.846,0.63642
2022-23,30.0,0.7,12.0,25.0,0.2,True,8.847,0.63643
2022-23,30.0,0.7,12.0,25.0,0.35,False,8.499,0.63612
2022-23,30.0,0.7,12.0,25.0,0.35,True,8.498,0.63612
2022-23,30.0,0.7,12.0,18.0,0.0,False,8.126,0.63766
2022-23,30.0,0.7,12.0,18.0,0.0,True,8.14,0.63769
2022-23,30.0,0.7,12.0,18.0,0.2,False,7.853,0.63597
2022-23,30.0,0.7,12.0,18.0,0.2,True,7.861,0.63598
2022-23,30.0,0.7,12.0,18.0,0.35,False,7.644,0.63535
2022-23,30.0,0.7,12.0,18.0,0.35,True,7.65,0.63534
2022-23,30.0,0.85,5.0,,0.0,False,13.5,0.63818
2022-23,30.0,0.85,5.0,,0.0,True,13.518,0.63829
2022-23,30.0,0.85,5.0,,0.2,False,12.343,0.63688
2022-23,30.0,0.85,5.0,,0.2,True,12.36,0.63698
2022-23,30.0,0.85,5.0,,0.35,False,11.635,0.63651
2022-23,30.0,0.85,5.0,,0.35,True,11.652,0.63659
2022-23,30.0,0.85,5.0,25.0,0.0,False,12.228,0.63788
2022-23,30.0,0.85,5.0,25.0,0.0,True,12.259,0.63802
2022-23,30.0,0.85,5.0,25.0,0.2,False,11.532,0.63655
2022-23,30.0,0.85,5.0,25.0,0.2,True,11.554,0.63667
2022-23,30.0,0.85,5.0,25.0,0.35,False,11.061,0.63622
2022-23,30.0,0.85,5.0,25.0,0.35,True,11.079,0.63631
2022-23,30.0,0.85,5.0,18.0,0.0,False,10.649,0.638
2022-23,30.0,0.85,5.0,18.0,0.0,True,10.686,0.63814
2022-23,30.0,0.85,5.0,18.0,0.2,False,10.255,0.63616
2022-23,30.0,0.85,5.0,18.0,0.2,True,10.284,0.63627
2022-23,30.0,0.85,5.0,18.0,0.35,False,9.967,0.63549
2022-23,30.0,0.85,5.0,18.0,0.35,True,9.992,0.63558
2022-23,30.0,0.85,8.0,,0.0,False,12.05,0.63792
2022-23,30.0,0.85,8.0,,0.0,True,12.053,0.63797
2022-23,30.0,0.85,8.0,,0.2,False,11.033,0.63667
2022-23,30.0,0.85,8.0,,0.2,True,11.037,0.6367
2022-23,30.0,0.85,8.0,,0.35,False,10.403,0.63628
2022-23,30.0,0.85,8.0,,0.35,True,10.408,0.6363
2022-23,30.0,0.85,8.0,25.0,0.0,False,10.899,0.63755
2022-23,30.0,0.85,8.0,25.0,0.0,True,10.916,0.63762
2022-23,30.0,0.85,8.0,25.0,0.2,False,10.296,0.63629
2022-23,30.0,0.85,8.0,25.0,0.2,True,10.306,0.63633
2022-23,30.0,0.85,8.0,25.0,0.35,False,9.881,0.63595
2022-23,30.0,0.85,8.0,25.0,0.35,True,9.888,0.63598
2022-23,30.0,0.85,8.0,18.0,0.0,False,9.484,0.63763
2022-23,30.0,0.85,8.0,18.0,0.0,True,9.507,0.63771
2022-23,30.0,0.85,8.0,18.0,0.2,False,9.154,0.63589
2022-23,30.0,0.85,8.0,18.0,0.2,True,9.171,0.63593
2022-23,30.0,0.85,8.0,18.0,0.35,False,8.903,0.63525
2022-23,30.0,0.85,8.0,18.0,0.35,True,8.916,0.63527
2022-23,30.0,0.85,12.0,,0.0,False,10.685,0.63839
2022-23,30.0,0.85,12.0,,0.0,True,10.68,0.63839
2022-23,30.0,0.85,12.0,,0.2,False,9.802,0.6372
2022-23,30.0,0.85,12.0,,0.2,True,9.799,0.63719
2022-23,30.0,0.85,12.0,,0.35,False,9.252,0.63683
2022-23,30.0,0.85,12.0,,0.35,True,9.249,0.63681
2022-23,30.0,0.85,12.0,25.0,0.0,False,9.646,0.63793
2022-23,30.0,0.85,12.0,25.0,0.0,True,9.653,0.63795
2022-23,30.0,0.85,12.0,25.0,0.2,False,9.133,0.63675
2022-23,30.0,0.85,12.0,25.0,0.2,True,9.134,0.63675
2022-23,30.0,0.85,12.0,25.0,0.35,False,8.775,0.63644
2022-23,30.0,0.85,12.0,25.0,0.35,True,8.774,0.63643
2022-23,30.0,0.85,12.0,18.0,0.0,False,8.385,0.63796
2022-23,30.0,0.85,12.0,18.0,0.0,True,8.4,0.63799
2022-23,30.0,0.85,12.0,18.0,0.2,False,8.114,0.63634
2022-23,30.0,0.85,12.0,18.0,0.2,True,8.123,0.63633
2022-23,30.0,0.85,12.0,18.0,0.35,False,7.901,0.63574
2022-23,30.0,0.85,12.0,18.0,0.35,True,7.907,0.63571
2022-23,45.0,0.55,5.0,,0.0,False,13.347,0.63757
2022-23,45.0,0.55,5.0,,0.0,True,13.356,0.63766
2022-23,45.0,0.55,5.0,,0.2,False,12.229,0.63653
2022-23,45.0,0.55,5.0,,0.2,True,12.239,0.63661
2022-23,45.0,0.55,5.0,,0.35,False,11.546,0.63637
2022-23,45.0,0.55,5.0,,0.35,True,11.557,0.63644
2022-23,45.0,0.55,5.0,25.0,0.0,False,12.069,0.63717
2022-23,45.0,0.55,5.0,25.0,0.0,True,12.091,0.63729
2022-23,45.0,0.55,5.0,25.0,0.2,False,11.408,0.63609
2022-23,45.0,0.55,5.0,25.0,0.2,True,11.423,0.63619
2022-23,45.0,0.55,5.0,25.0,0.35,False,10.962,0.63599
2022-23,45.0,0.55,5.0,25.0,0.35,True,10.973,0.63607
2022-23,45.0,0.55,5.0,18.0,0.0,False,10.505,0.63718
2022-23,45.0,0.55,5.0,18.0,0.0,True,10.535,0.6373
2022-23,45.0,0.55,5.0,18.0,0.2,False,10.136,0.63558
2022-23,45.0,0.55,5.0,18.0,0.2,True,10.158,0.63568
2022-23,45.0,0.55,5.0,18.0,0.35,False,9.864,0.63509
2022-23,45.0,0.55,5.0,18.0,0.35,True,9.883,0.63517
2022-23,45.0,0.55,8.0,,0.0,False,12.063,0.63691
2022-23,45.0,0.55,8.0,,0.0,True,12.061,0.63695
2022-23,45.0,0.55,8.0,,0.2,False,11.065,0.63592
2022-23,45.0,0.55,8.0,,0.2,True,11.065,0.63594
2022-23,45.0,0.55,8.0,,0.35,False,10.447,0.63574
2022-23,45.0,0.55,8.0,,0.35,True,10.447,0.63575
2022-23,45.0,0.55,8.0,25.0,0.0,False,10.895,0.63647
2022-23,45.0,0.55,8.0,25.0,0.0,True,10.906,0.63652
2022-23,45.0,0.55,8.0,25.0,0.2,False,10.313,0.63544
2022-23,45.0,0.55,8.0,25.0,0.2,True,10.317,0.63548
2022-23,45.0,0.55,8.0,25.0,0.35,False,9.91,0.63533
2022-23,45.0,0.55,8.0,25.0,0.35,True,9.913,0.63535
2022-23,45.0,0.55,8.0,18.0,0.0,False,9.48,0.63646
2022-23,45.0,0.55,8.0,18.0,0.0,True,9.498,0.63652
2022-23,45.0,0.55,8.0,18.0,0.2,False,9.162,0.63495
2022-23,45.0,0.55,8.0,18.0,0.2,True,9.174,0.63498
2022-23,45.0,0.55,8.0,18.0,0.35,False,8.919,0.63447
2022-23,45.0,0.55,8.0,18.0,0.35,True,8.928,0.63448
2022-23,45.0,0.55,12.0,,0.0,False,10.856,0.63699
2022-23,45.0,0.55,12.0,,0.0,True,10.847,0.63698
2022-23,45.0,0.55,12.0,,0.2,False,9.972,0.63605
2022-23,45.0,0.55,12.0,,0.2,True,9.964,0.63602
2022-23,45.0,0.55,12.0,,0.35,False,9.417,0.63587
2022-23,45.0,0.55,12.0,,0.35,True,9.411,0.63583
2022-23,45.0,0.55,12.0,25.0,0.0,False,9.788,0.63648
2022-23,45.0,0.55,12.0,25.0,0.0,True,9.792,0.63649
2022-23,45.0,0.55,12.0,25.0,0.2,False,9.28,0.63551
2022-23,45.0,0.55,12.0,25.0,0.2,True,9.278,0.6355
2022-23,45.0,0.55,12.0,25.0,0.35,False,8.922,0.63541
2022-23,45.0,0.55,12.0,25.0,0.35,True,8.918,0.63538
2022-23,45.0,0.55,12.0,18.0,0.0,False,8.511,0.63644
2022-23,45.0,0.55,12.0,18.0,0.0,True,8.522,0.63645
2022-23,45.0,0.55,12.0,18.0,0.2,False,8.239,0.63501
2022-23,45.0,0.55,12.0,18.0,0.2,True,8.245,0.63499
2022-23,45.0,0.55,12.0,18.0,0.35,False,8.025,0.63455
2022-23,45.0,0.55,12.0,18.0,0.35,True,8.028,0.63452
2022-23,45.0,0.7,5.0,,0.0,False,13.586,0.63742
2022-23,45.0,0.7,5.0,,0.0,True,13.6,0.63751
2022-23,45.0,0.7,5.0,,0.2,False,12.456,0.63641
2022-23,45.0,0.7,5.0,,0.2,True,12.47,0.63649
2022-23,45.0,0.7,5.0,,0.35,False,11.763,0.63626
2022-23,45.0,0.7,5.0,,0.35,True,11.777,0.63633
2022-23,45.0,0.7,5.0,25.0,0.0,False,12.299,0.63707
2022-23,45.0,0.7,5.0,25.0,0.0,True,12.327,0.6372
2022-23,45.0,0.7,5.0,25.0,0.2,False,11.632,0.63602
2022-23,45.0,0.7,5.0,25.0,0.2,True,11.651,0.63612
2022-23,45.0,0.7,5.0,25.0,0.35,False,11.179,0.63592
2022-23,45.0,0.7,5.0,25.0,0.35,True,11.193,0.636
2022-23,45.0,0.7,5.0,18.0,0.0,False,10.706,0.63708
2022-23,45.0,0.7,5.0,18.0,0.0,True,10.74,0.63721
2022-23,45.0,0.7,5.0,18.0,0.2,False,10.34,0.63554
2022-23,45.0,0.7,5.0,18.0,0.2,True,10.366,0.63563
2022-23,45.0,0.7,5.0,18.0,0.35,False,10.066,0.63506
2022-23,45.0,0.7,5.0,18.0,0.35,True,10.088,0.63514
2022-23,45.0,0.7,8.0,,0.0,False,12.363,0.63688
2022-23,45.0,0.7,8.0,,0.0,True,12.365,0.63691
2022-23,45.0,0.7,8.0,,0.2,False,11.348,0.63591
2022-23,45.0,0.7,8.0,,0.2,True,11.349,0.63592
2022-23,45.0,0.7,8.0,,0.35,False,10.715,0.63573
2022-23,45.0,0.7,8.0,,0.35,True,10.717,0.63574
2022-23,45.0,0.7,8.0,25.0,0.0,False,11.182,0.6365
2022-23,45.0,0.7,8.0,25.0,0.0,True,11.197,0.63655
2022-23,45.0,0.7,8.0,25.0,0.2,False,10.589,0.6355
2022-23,45.0,0.7,8.0,25.0,0.2,True,10.597,0.63552
2022-23,45.0,0.7,8.0,25.0,0.35,False,10.177,0.63538
2022-23,45.0,0.7,8.0,25.0,0.35,True,10.181,0.63539
2022-23,45.0,0.7,8.0,18.0,0.0,False,9.728,0.63649
2022-23,45.0,0.7,8.0,18.0,0.0,True,9.75,0.63655
2022-23,45.0,0.7,8.0,18.0,0.2,False,9.412,0.63503
2022-23,45.0,0.7,8.0,18.0,0.2,True,9.427,0.63505
2022-23,45.0,0.7,8.0,18.0,0.35,False,9.166,0.63457
2022-23,45.0,0.7,8.0,18.0,0.35,True,9.177,0.63457
2022-23,45.0,0.7,12.0,,0.0,False,11.194,0.63708
2022-23,45.0,0.7,12.0,,0.0,True,11.187,0.63706
2022-23,45.0,0.7,12.0,,0.2,False,10.287,0.63616
2022-23,45.0,0.7,12.0,,0.2,True,10.281,0.63612
2022-23,45.0,0.7,12.0,,0.35,False,9.716,0.63597
2022-23,45.0,0.7,12.0,,0.35,True,9.71,0.63593
2022-23,45.0,0.7,12.0,25.0,0.0,False,10.11,0.63664
2022-23,45.0,0.7,12.0,25.0,0.0,True,10.116,0.63665
2022-23,45.0,0.7,12.0,25.0,0.2,False,9.588,0.63569
2022-23,45.0,0.7,12.0,25.0,0.2,True,9.587,0.63567
2022-23,45.0,0.7,12.0,25.0,0.35,False,9.218,0.63558
2022-23,45.0,0.7,12.0,25.0,0.35,True,9.214,0.63553
2022-23,45.0,0.7,12.0,18.0,0.0,False,8.789,0.6366
2022-23,45.0,0.7,12.0,18.0,0.0,True,8.803,0.6366
2022-23,45.0,0.7,12.0,18.0,0.2,False,8.518,0.63522
2022-23,45.0,0.7,12.0,18.0,0.2,True,8.525,0.6352
2022-23,45.0,0.7,12.0,18.0,0.35,False,8.299,0.63478
2022-23,45.0,0.7,12.0,18.0,0.35,True,8.303,0.63474
2022-23,45.0,0.85,5.0,,0.0,False,13.892,0.63751
2022-23,45.0,0.85,5.0,,0.0,True,13.912,0.63761
2022-23,45.0,0.85,5.0,,0.2,False,12.747,0.63654
2022-23,45.0,0.85,5.0,,0.2,True,12.765,0.63663
2022-23,45.0,0.85,5.0,,0.35,False,12.041,0.6364
2022-23,45.0,0.85,5.0,,0.35,True,12.059,0.63647
2022-23,45.0,0.85,5.0,25.0,0.0,False,12.592,0.63722
2022-23,45.0,0.85,5.0,25.0,0.0,True,12.627,0.63736
2022-23,45.0,0.85,5.0,25.0,0.2,False,11.916,0.63621
2022-23,45.0,0.85,5.0,25.0,0.2,True,11.941,0.63631
2022-23,45.0,0.85,5.0,25.0,0.35,False,11.454,0.63611
2022-23,45.0,0.85,5.0,25.0,0.35,True,11.473,0.63619
2022-23,45.0,0.85,5.0,18.0,0.0,False,10.96,0.63722
2022-23,45.0,0.85,5.0,18.0,0.0,True,11.0,0.63736
2022-23,45.0,0.85,5.0,18.0,0.2,False,10.597,0.63574
2022-23,45.0,0.85,5.0,18.0,0.2,True,10.629,0.63585
2022-23,45.0,0.85,5.0,18.0,0.35,False,10.322,0.6353
2022-23,45.0,0.85,5.0,18.0,0.35,True,10.348,0.63538
2022-23,45.0,0.85,8.0,,0.0,False,12.751,0.63719
2022-23,45.0,0.85,8.0,,0.0,True,12.758,0.63722
2022-23,45.0,0.85,8.0,,0.2,False,11.712,0.63625
2022-23,45.0,0.85,8.0,,0.2,True,11.718,0.63627
2022-23,45.0,0.85,8.0,,0.35,False,11.062,0.63609
2022-23,45.0,0.85,8.0,,0.35,True,11.068,0.63609
2022-23,45.0,0.85,8.0,25.0,0.0,False,11.55,0.63687
2022-23,45.0,0.85,8.0,25.0,0.0,True,11.571,0.63694
2022-23,45.0,0.85,8.0,25.0,0.2,False,10.944,0.63591
2022-23,45.0,0.85,8.0,25.0,0.2,True,10.956,0.63594
2022-23,45.0,0.85,8.0,25.0,0.35,False,10.519,0.63579
2022-23,45.0,0.85,8.0,25.0,0.35,True,10.527,0.6358
2022-23,45.0,0.85,8.0,18.0,0.0,False,10.048,0.63686
2022-23,45.0,0.85,8.0,18.0,0.0,True,10.075,0.63692
2022-23,45.0,0.85,8.0,18.0,0.2,False,9.733,0.63547
2022-23,45.0,0.85,8.0,18.0,0.2,True,9.752,0.6355
2022-23,45.0,0.85,8.0,18.0,0.35,False,9.482,0.63503
2022-23,45.0,0.85,8.0,18.0,0.35,True,9.497,0.63505
2022-23,45.0,0.85,12.0,,0.0,False,11.639,0.63762
2022-23,45.0,0.85,12.0,,0.0,True,11.635,0.6376
2022-23,45.0,0.85,12.0,,0.2,False,10.703,0.63672
2022-23,45.0,0.85,12.0,,0.2,True,10.699,0.63669
2022-23,45.0,0.85,12.0,,0.35,False,10.111,0.63654
2022-23,45.0,0.85,12.0,,0.35,True,10.107,0.63649
2022-23,45.0,0.85,12.0,25.0,0.0,False,10.53,0.63726
2022-23,45.0,0.85,12.0,25.0,0.0,True,10.54,0.63727
2022-23,45.0,0.85,12.0,25.0,0.2,False,9.99,0.63634
2022-23,45.0,0.85,12.0,25.0,0.2,True,9.993,0.63631
2022-23,45.0,0.85,12.0,25.0,0.35,False,9.605,0.63621
2022-23,45.0,0.85,12.0,25.0,0.35,True,9.604,0.63617
2022-23,45.0,0.85,12.0,18.0,0.0,False,9.153,0.63721
2022-23,45.0,0.85,12.0,18.0,0.0,True,9.17,0.63721
2022-23,45.0,0.85,12.0,18.0,0.2,False,8.882,0.6359
2022-23,45.0,0.85,12.0,18.0,0.2,True,8.891,0.63588
2022-23,45.0,0.85,12.0,18.0,0.35,False,8.657,0.63549
2022-23,45.0,0.85,12.0,18.0,0.35,True,8.663,0.63544
2022-23,65.0,0.55,5.0,,0.0,False,13.567,0.63755
2022-23,65.0,0.55,5.0,,0.0,True,13.575,0.63764
2022-23,65.0,0.55,5.0,,0.2,False,12.46,0.63672
2022-23,65.0,0.55,5.0,,0.2,True,12.469,0.6368
2022-23,65.0,0.55,5.0,,0.35,False,11.784,0.63672
2022-23,65.0,0.55,5.0,,0.35,True,11.792,0.63679
2022-23,65.0,0.55,5.0,25.0,0.0,False,12.27,0.63713
2022-23,65.0,0.55,5.0,25.0,0.0,True,12.292,0.63724
2022-23,65.0,0.55,5.0,25.0,0.2,False,11.626,0.63627
2022-23,65.0,0.55,5.0,25.0,0.2,True,11.639,0.63636
2022-23,65.0,0.55,5.0,25.0,0.35,False,11.19,0.63634
2022-23,65.0,0.55,5.0,25.0,0.35,True,11.199,0.63641
2022-23,65.0,0.55,5.0,18.0,0.0,False,10.675,0.63706
2022-23,65.0,0.55,5.0,18.0,0.0,True,10.704,0.63718
2022-23,65.0,0.55,5.0,18.0,0.2,False,10.329,0.63572
2022-23,65.0,0.55,5.0,18.0,0.2,True,10.351,0.6358
2022-23,65.0,0.55,5.0,18.0,0.35,False,10.07,0.63539
2022-23,65.0,0.55,5.0,18.0,0.35,True,10.087,0.63545
2022-23,65.0,0.55,8.0,,0.0,False,12.426,0.63676
2022-23,65.0,0.55,8.0,,0.0,True,12.423,0.63679
2022-23,65.0,0.55,8.0,,0.2,False,11.425,0.63598
2022-23,65.0,0.55,8.0,,0.2,True,11.422,0.63599
2022-23,65.0,0.55,8.0,,0.35,False,10.802,0.63596
2022-23,65.0,0.55,8.0,,0.35,True,10.8,0.63596
2022-23,65.0,0.55,8.0,25.0,0.0,False,11.229,0.63632
2022-23,65.0,0.55,8.0,25.0,0.0,True,11.24,0.63636
2022-23,65.0,0.55,8.0,25.0,0.2,False,10.653,0.6355
2022-23,65.0,0.55,8.0,25.0,0.2,True,10.656,0.63552
2022-23,65.0,0.55,8.0,25.0,0.35,False,10.253,0.63556
2022-23,65.0,0.55,8.0,25.0,0.35,True,10.253,0.63556
2022-23,65.0,0.55,8.0,18.0,0.0,False,9.767,0.63624
2022-23,65.0,0.55,8.0,18.0,0.0,True,9.786,0.63629
2022-23,65.0,0.55,8.0,18.0,0.2,False,9.467,0.63498
2022-23,65.0,0.55,8.0,18.0,0.2,True,9.478,0.635
2022-23,65.0,0.55,8.0,18.0,0.35,False,9.23,0.63466
2022-23,65.0,0.55,8.0,18.0,0.35,True,9.238,0.63466
2022-23,65.0,0.55,12.0,,0.0,False,11.35,0.63669
2022-23,65.0,0.55,12.0,,0.0,True,11.34,0.63667
2022-23,65.0,0.55,12.0,,0.2,False,10.446,0.63595
2022-23,65.0,0.55,12.0,,0.2,True,10.437,0.63591
2022-23,65.0,0.55,12.0,,0.35,False,9.877,0.63592
2022-23,65.0,0.55,12.0,,0.35,True,9.868,0.63587
2022-23,65.0,0.55,12.0,25.0,0.0,False,10.244,0.6362
2022-23,65.0,0.55,12.0,25.0,0.0,True,10.247,0.6362
2022-23,65.0,0.55,12.0,25.0,0.2,False,9.73,0.63544
2022-23,65.0,0.55,12.0,25.0,0.2,True,9.727,0.63541
2022-23,65.0,0.55,12.0,25.0,0.35,False,9.366,0.63549
2022-23,65.0,0.55,12.0,25.0,0.35,True,9.36,0.63544
2022-23,65.0,0.55,12.0,18.0,0.0,False,8.906,0.6361
2022-23,65.0,0.55,12.0,18.0,0.0,True,8.917,0.6361
2022-23,65.0,0.55,12.0,18.0,0.2,False,8.643,0.63492
2022-23,65.0,0.55,12.0,18.0,0.2,True,8.648,0.63489
2022-23,65.0,0.55,12.0,18.0,0.35,False,8.43,0.63462
2022-23,65.0,0.55,12.0,18.0,0.35,True,8.431,0.63456
2022-23,65.0,0.7,5.0,,0.0,False,13.813,0.63742
2022-23,65.0,0.7,5.0,,0.0,True,13.826,0.63751
2022-23,65.0,0.7,5.0,,0.2,False,12.696,0.63663
2022-23,65.0,0.7,5.0,,0.2,True,12.708,0.6367
2022-23,65.0,0.7,5.0,,0.35,False,12.009,0.63664
2022-23,65.0,0.7,5.0,,0.35,True,12.021,0.6367
2022-23,65.0,0.7,5.0,25.0,0.0,False,12.506,0.63705
2022-23,65.0,0.7,5.0,25.0,0.0,True,12.533,0.63717
2022-23,65.0,0.7,5.0,25.0,0.2,False,11.856,0.63622
2022-23,65.0,0.7,5.0,25.0,0.2,True,11.874,0.63631
2022-23,65.0,0.7,5.0,25.0,0.35,False,11.414,0.6363
2022-23,65.0,0.7,5.0,25.0,0.35,True,11.427,0.63636
2022-23,65.0,0.7,5.0,18.0,0.0,False,10.88,0.63698
2022-23,65.0,0.7,5.0,18.0,0.0,True,10.914,0.6371
2022-23,65.0,0.7,5.0,18.0,0.2,False,10.539,0.63569
2022-23,65.0,0.7,5.0,18.0,0.2,True,10.564,0.63578
2022-23,65.0,0.7,5.0,18.0,0.35,False,10.277,0.63538
2022-23,65.0,0.7,5.0,18.0,0.35,True,10.298,0.63544
2022-23,65.0,0.7,8.0,,0.0,False,12.754,0.63677
2022-23,65.0,0.7,8.0,,0.0,True,12.756,0.6368
2022-23,65.0,0.7,8.0,,0.2,False,11.735,0.63602
2022-23,65.0,0.7,8.0,,0.2,True,11.736,0.63603
2022-23,65.0,0.7,8.0,,0.35,False,11.098,0.63601
2022-23,65.0,0.7,8.0,,0.35,True,11.099,0.63601
2022-23,65.0,0.7,8.0,25.0,0.0,False,11.541,0.63639
2022-23,65.0,0.7,8.0,25.0,0.0,True,11.557,0.63644
2022-23,65.0,0.7,8.0,25.0,0.2,False,10.955,0.6356
2022-23,65.0,0.7,8.0,25.0,0.2,True,10.962,0.63563
2022-23,65.0,0.7,8.0,25.0,0.35,False,10.545,0.63566
2022-23,65.0,0.7,8.0,25.0,0.35,True,10.549,0.63566
2022-23,65.0,0.7,8.0,18.0,0.0,False,10.038,0.63631
2022-23,65.0,0.7,8.0,18.0,0.0,True,10.061,0.63636
2022-23,65.0,0.7,8.0,18.0,0.2,False,9.74,0.63511
2022-23,65.0,0.7,8.0,18.0,0.2,True,9.755,0.63513
2022-23,65.0,0.7,8.0,18.0,0.35,False,9.5,0.63481
2022-23,65.0,0.7,8.0,18.0,0.35,True,9.511,0.63481
2022-23,65.0,0.7,12.0,,0.0,False,11.746,0.63689
2022-23,65.0,0.7,12.0,,0.0,True,11.739,0.63686
2022-23,65.0,0.7,12.0,,0.2,False,10.819,0.63617
2022-23,65.0,0.7,12.0,,0.2,True,10.812,0.63613
2022-23,65.0,0.7,12.0,,0.35,False,10.232,0.63614
2022-23,65.0,0.7,12.0,,0.35,True,10.225,0.63609
2022-23,65.0,0.7,12.0,25.0,0.0,False,10.618,0.63647
2022-23,65.0,0.7,12.0,25.0,0.0,True,10.625,0.63647
2022-23,65.0,0.7,12.0,25.0,0.2,False,10.091,0.63573
2022-23,65.0,0.7,12.0,25.0,0.2,True,10.091,0.63569
2022-23,65.0,0.7,12.0,25.0,0.35,False,9.715,0.63577
2022-23,65.0,0.7,12.0,25.0,0.35,True,9.71,0.63571
2022-23,65.0,0.7,12.0,18.0,0.0,False,9.23,0.63637
2022-23,65.0,0.7,12.0,18.0,0.0,True,9.245,0.63636
2022-23,65.0,0.7,12.0,18.0,0.2,False,8.969,0.63525
2022-23,65.0,0.7,12.0,18.0,0.2,True,8.977,0.63521
2022-23,65.0,0.7,12.0,18.0,0.35,False,8.751,0.63496
2022-23,65.0,0.7,12.0,18.0,0.35,True,8.754,0.6349
2022-23,65.0,0.85,5.0,,0.0,False,14.119,0.63752
2022-23,65.0,0.85,5.0,,0.0,True,14.139,0.63762
2022-23,65.0,0.85,5.0,,0.2,False,12.987,0.63676
2022-23,65.0,0.85,5.0,,0.2,True,13.005,0.63685
2022-23,65.0,0.85,5.0,,0.35,False,12.289,0.63679
2022-23,65.0,0.85,5.0,,0.35,True,12.306,0.63685
2022-23,65.0,0.85,5.0,25.0,0.0,False,12.797,0.6372
2022-23,65.0,0.85,5.0,25.0,0.0,True,12.831,0.63733
2022-23,65.0,0.85,5.0,25.0,0.2,False,12.14,0.6364
2022-23,65.0,0.85,5.0,25.0,0.2,True,12.164,0.6365
2022-23,65.0,0.85,5.0,25.0,0.35,False,11.69,0.63648
2022-23,65.0,0.85,5.0,25.0,0.35,True,11.708,0.63655
2022-23,65.0,0.85,5.0,18.0,0.0,False,11.133,0.63712
2022-23,65.0,0.85,5.0,18.0,0.0,True,11.173,0.63725
2022-23,65.0,0.85,5.0,18.0,0.2,False,10.795,0.63589
2022-23,65.0,0.85,5.0,18.0,0.2,True,10.826,0.63599
2022-23,65.0,0.85,5.0,18.0,0.35,False,10.532,0.63561
2022-23,65.0,0.85,5.0,18.0,0.35,True,10.557,0.63568
2022-23,65.0,0.85,8.0,,0.0,False,13.167,0.63711
2022-23,65.0,0.85,8.0,,0.0,True,13.175,0.63714
2022-23,65.0,0.85,8.0,,0.2,False,12.125,0.6364
2022-23,65.0,0.85,8.0,,0.2,True,12.132,0.63642
2022-23,65.0,0.85,8.0,,0.35,False,11.472,0.6364
2022-23,65.0,0.85,8.0,,0.35,True,11.477,0.6364
2022-23,65.0,0.85,8.0,25.0,0.0,False,11.93,0.63679
2022-23,65.0,0.85,8.0,25.0,0.0,True,11.953,0.63685
2022-23,65.0,0.85,8.0,25.0,0.2,False,11.332,0.63604
2022-23,65.0,0.85,8.0,25.0,0.2,True,11.345,0.63607
2022-23,65.0,0.85,8.0,25.0,0.35,False,10.911,0.6361
2022-23,65.0,0.85,8.0,25.0,0.35,True,10.919,0.63611
2022-23,65.0,0.85,8.0,18.0,0.0,False,10.376,0.6367
2022-23,65.0,0.85,8.0,18.0,0.0,True,10.405,0.63677
2022-23,65.0,0.85,8.0,18.0,0.2,False,10.08,0.63558
2022-23,65.0,0.85,8.0,18.0,0.2,True,10.1,0.63561
2022-23,65.0,0.85,8.0,18.0,0.35,False,9.837,0.6353
2022-23,65.0,0.85,8.0,18.0,0.35,True,9.852,0.63531
2022-23,65.0,0.85,12.0,,0.0,False,12.253,0.63752
2022-23,65.0,0.85,12.0,,0.0,True,12.25,0.6375
2022-23,65.0,0.85,12.0,,0.2,False,11.295,0.63685
2022-23,65.0,0.85,12.0,,0.2,True,11.292,0.63681
2022-23,65.0,0.85,12.0,,0.35,False,10.687,0.63683
2022-23,65.0,0.85,12.0,,0.35,True,10.683,0.63677
2022-23,65.0,0.85,12.0,25.0,0.0,False,11.095,0.63719
2022-23,65.0,0.85,12.0,25.0,0.0,True,11.107,0.63719
2022-23,65.0,0.85,12.0,25.0,0.2,False,10.551,0.63648
2022-23,65.0,0.85,12.0,25.0,0.2,True,10.554,0.63645
2022-23,65.0,0.85,12.0,25.0,0.35,False,10.16,0.63652
2022-23,65.0,0.85,12.0,25.0,0.35,True,10.159,0.63646
2022-23,65.0,0.85,12.0,18.0,0.0,False,9.643,0.63707
2022-23,65.0,0.85,12.0,18.0,0.0,True,9.663,0.63708
2022-23,65.0,0.85,12.0,18.0,0.2,False,9.383,0.63604
2022-23,65.0,0.85,12.0,18.0,0.2,True,9.394,0.636
2022-23,65.0,0.85,12.0,18.0,0.35,False,9.16,0.63578
2022-23,65.0,0.85,12.0,18.0,0.35,True,9.166,0.63572
2022-23,90.0,0.55,5.0,,0.0,False,13.73,0.63778
2022-23,90.0,0.55,5.0,,0.0,True,13.738,0.63787
2022-23,90.0,0.55,5.0,,0.2,False,12.632,0.63711
2022-23,90.0,0.55,5.0,,0.2,True,12.639,0.63718
2022-23,90.0,0.55,5.0,,0.35,False,11.961,0.63723
2022-23,90.0,0.55,5.0,,0.35,True,11.968,0.63728
2022-23,90.0,0.55,5.0,25.0,0.0,False,12.419,0.63735
2022-23,90.0,0.55,5.0,25.0,0.0,True,12.44,0.63746
2022-23,90.0,0.55,5.0,25.0,0.2,False,11.787,0.63665
2022-23,90.0,0.55,5.0,25.0,0.2,True,11.799,0.63673
2022-23,90.0,0.55,5.0,25.0,0.35,False,11.36,0.63684
2022-23,90.0,0.55,5.0,25.0,0.35,True,11.368,0.6369
2022-23,90.0,0.55,5.0,18.0,0.0,False,10.801,0.63723
2022-23,90.0,0.55,5.0,18.0,0.0,True,10.83,0.63735
2022-23,90.0,0.55,5.0,18.0,0.2,False,10.473,0.63607
2022-23,90.0,0.55,5.0,18.0,0.2,True,10.493,0.63615
2022-23,90.0,0.55,5.0,18.0,0.35,False,10.222,0.63585
2022-23,90.0,0.55,5.0,18.0,0.35,True,10.238,0.63591
2022-23,90.0,0.55,8.0,,0.0,False,12.677,0.63693
2022-23,90.0,0.55,8.0,,0.0,True,12.674,0.63695
2022-23,90.0,0.55,8.0,,0.2,False,11.676,0.6363
2022-23,90.0,0.55,8.0,,0.2,True,11.672,0.6363
2022-23,90.0,0.55,8.0,,0.35,False,11.053,0.6364
2022-23,90.0,0.55,8.0,,0.35,True,11.049,0.63639
2022-23,90.0,0.55,8.0,25.0,0.0,False,11.459,0.63647
2022-23,90.0,0.55,8.0,25.0,0.0,True,11.469,0.63651
2022-23,90.0,0.55,8.0,25.0,0.2,False,10.889,0.63581
2022-23,90.0,0.55,8.0,25.0,0.2,True,10.892,0.63583
2022-23,90.0,0.55,8.0,25.0,0.35,False,10.494,0.636
2022-23,90.0,0.55,8.0,25.0,0.35,True,10.493,0.636
2022-23,90.0,0.55,8.0,18.0,0.0,False,9.965,0.63635
2022-23,90.0,0.55,8.0,18.0,0.0,True,9.985,0.6364
2022-23,90.0,0.55,8.0,18.0,0.2,False,9.678,0.63528
2022-23,90.0,0.55,8.0,18.0,0.2,True,9.689,0.63529
2022-23,90.0,0.55,8.0,18.0,0.35,False,9.448,0.63508
2022-23,90.0,0.55,8.0,18.0,0.35,True,9.455,0.63507
2022-23,90.0,0.55,12.0,,0.0,False,11.689,0.63677
2022-23,90.0,0.55,12.0,,0.0,True,11.677,0.63674
2022-23,90.0,0.55,12.0,,0.2,False,10.776,0.63618
2022-23,90.0,0.55,12.0,,0.2,True,10.765,0.63614
2022-23,90.0,0.55,12.0,,0.35,False,10.201,0.63627
2022-23,90.0,0.55,12.0,,0.35,True,10.19,0.63621
2022-23,90.0,0.55,12.0,25.0,0.0,False,10.555,0.63628
2022-23,90.0,0.55,12.0,25.0,0.0,True,10.558,0.63628
2022-23,90.0,0.55,12.0,25.0,0.2,False,10.041,0.63567
2022-23,90.0,0.55,12.0,25.0,0.2,True,10.037,0.63563
2022-23,90.0,0.55,12.0,25.0,0.35,False,9.677,0.63584
2022-23,90.0,0.55,12.0,25.0,0.35,True,9.67,0.63579
2022-23,90.0,0.55,12.0,18.0,0.0,False,9.175,0.63615
2022-23,90.0,0.55,12.0,18.0,0.0,True,9.187,0.63614
2022-23,90.0,0.55,12.0,18.0,0.2,False,8.923,0.63515
2022-23,90.0,0.55,12.0,18.0,0.2,True,8.927,0.63511
2022-23,90.0,0.55,12.0,18.0,0.35,False,8.713,0.63496
2022-23,90.0,0.55,12.0,18.0,0.35,True,8.713,0.6349
2022-23,90.0,0.7,5.0,,0.0,False,13.977,0.63767
2022-23,90.0,0.7,5.0,,0.0,True,13.989,0.63776
2022-23,90.0,0.7,5.0,,0.2,False,12.867,0.63703
2022-23,90.0,0.7,5.0,,0.2,True,12.878,0.6371
2022-23,90.0,0.7,5.0,,0.35,False,12.187,0.63715
2022-23,90.0,0.7,5.0,,0.35,True,12.197,0.63721
2022-23,90.0,0.7,5.0,25.0,0.0,False,12.653,0.63728
2022-23,90.0,0.7,5.0,25.0,0.0,True,12.679,0.63739
2022-23,90.0,0.7,5.0,25.0,0.2,False,12.016,0.6366
2022-23,90.0,0.7,5.0,25.0,0.2,True,12.033,0.63668
2022-23,90.0,0.7,5.0,25.0,0.35,False,11.584,0.6368
2022-23,90.0,0.7,5.0,25.0,0.35,True,11.595,0.63686
2022-23,90.0,0.7,5.0,18.0,0.0,False,11.004,0.63715
2022-23,90.0,0.7,5.0,18.0,0.0,True,11.038,0.63727
2022-23,90.0,0.7,5.0,18.0,0.2,False,10.681,0.63604
2022-23,90.0,0.7,5.0,18.0,0.2,True,10.705,0.63613
2022-23,90.0,0.7,5.0,18.0,0.35,False,10.428,0.63584
2022-23,90.0,0.7,5.0,18.0,0.35,True,10.448,0.6359
2022-23,90.0,0.7,8.0,,0.0,False,13.015,0.63695
2022-23,90.0,0.7,8.0,,0.0,True,13.016,0.63698
2022-23,90.0,0.7,8.0,,0.2,False,11.996,0.63635
2022-23,90.0,0.7,8.0,,0.2,True,11.996,0.63636
2022-23,90.0,0.7,8.0,,0.35,False,11.359,0.63646
2022-23,90.0,0.7,8.0,,0.35,True,11.359,0.63645
2022-23,90.0,0.7,8.0,25.0,0.0,False,11.778,0.63655
2022-23,90.0,0.7,8.0,25.0,0.0,True,11.794,0.6366
2022-23,90.0,0.7,8.0,25.0,0.2,False,11.199,0.63592
2022-23,90.0,0.7,8.0,25.0,0.2,True,11.206,0.63594
2022-23,90.0,0.7,8.0,25.0,0.35,False,10.795,0.63611
2022-23,90.0,0.7,8.0,25.0,0.35,True,10.797,0.6361
2022-23,90.0,0.7,8.0,18.0,0.0,False,10.242,0.63642
2022-23,90.0,0.7,8.0,18.0,0.0,True,10.266,0.63648
2022-23,90.0,0.7,8.0,18.0,0.2,False,9.958,0.63541
2022-23,90.0,0.7,8.0,18.0,0.2,True,9.973,0.63543
2022-23,90.0,0.7,8.0,18.0,0.35,False,9.725,0.63523
2022-23,90.0,0.7,8.0,18.0,0.35,True,9.735,0.63522
2022-23,90.0,0.7,12.0,,0.0,False,12.112,0.637
2022-23,90.0,0.7,12.0,,0.0,True,12.105,0.63697
2022-23,90.0,0.7,12.0,,0.2,False,11.176,0.63644
2022-23,90.0,0.7,12.0,,0.2,True,11.168,0.63639
2022-23,90.0,0.7,12.0,,0.35,False,10.582,0.63652
2022-23,90.0,0.7,12.0,,0.35,True,10.574,0.63646
2022-23,90.0,0.7,12.0,25.0,0.0,False,10.953,0.63658
2022-23,90.0,0.7,12.0,25.0,0.0,True,10.96,0.63658
2022-23,90.0,0.7,12.0,25.0,0.2,False,10.427,0.63599
2022-23,90.0,0.7,12.0,25.0,0.2,True,10.426,0.63596
2022-23,90.0,0.7,12.0,25.0,0.35,False,10.051,0.63616
2022-23,90.0,0.7,12.0,25.0,0.35,True,10.046,0.6361
2022-23,90.0,0.7,12.0,18.0,0.0,False,9.521,0.63643
2022-23,90.0,0.7,12.0,18.0,0.0,True,9.536,0.63643
2022-23,90.0,0.7,12.0,18.0,0.2,False,9.271,0.63551
2022-23,90.0,0.7,12.0,18.0,0.2,True,9.278,0.63547
2022-23,90.0,0.7,12.0,18.0,0.35,False,9.056,0.63534
2022-23,90.0,0.7,12.0,18.0,0.35,True,9.059,0.63527
2022-23,90.0,0.85,5.0,,0.0,False,14.277,0.63776
2022-23,90.0,0.85,5.0,,0.0,True,14.296,0.63786
2022-23,90.0,0.85,5.0,,0.2,False,13.154,0.63715
2022-23,90.0,0.85,5.0,,0.2,True,13.17,0.63723
2022-23,90.0,0.85,5.0,,0.35,False,12.462,0.63728
2022-23,90.0,0.85,5.0,,0.35,True,12.477,0.63735
2022-23,90.0,0.85,5.0,25.0,0.0,False,12.937,0.63741
2022-23,90.0,0.85,5.0,25.0,0.0,True,12.97,0.63753
2022-23,90.0,0.85,5.0,25.0,0.2,False,12.294,0.63676
2022-23,90.0,0.85,5.0,25.0,0.2,True,12.316,0.63686
2022-23,90.0,0.85,5.0,25.0,0.35,False,11.854,0.63697
2022-23,90.0,0.85,5.0,25.0,0.35,True,11.87,0.63703
2022-23,90.0,0.85,5.0,18.0,0.0,False,11.25,0.63728
2022-23,90.0,0.85,5.0,18.0,0.0,True,11.291,0.63741
2022-23,90.0,0.85,5.0,18.0,0.2,False,10.931,0.63623
2022-23,90.0,0.85,5.0,18.0,0.2,True,10.961,0.63632
2022-23,90.0,0.85,5.0,18.0,0.35,False,10.677,0.63605
2022-23,90.0,0.85,5.0,18.0,0.35,True,10.701,0.63611
2022-23,90.0,0.85,8.0,,0.0,False,13.43,0.63728
2022-23,90.0,0.85,8.0,,0.0,True,13.438,0.63731
2022-23,90.0,0.85,8.0,,0.2,False,12.39,0.63672
2022-23,90.0,0.85,8.0,,0.2,True,12.396,0.63673
2022-23,90.0,0.85,8.0,,0.35,False,11.736,0.63683
2022-23,90.0,0.85,8.0,,0.35,True,11.741,0.63683
2022-23,90.0,0.85,8.0,25.0,0.0,False,12.168,0.63693
2022-23,90.0,0.85,8.0,25.0,0.0,True,12.19,0.63699
2022-23,90.0,0.85,8.0,25.0,0.2,False,11.578,0.63634
2022-23,90.0,0.85,8.0,25.0,0.2,True,11.591,0.63637
2022-23,90.0,0.85,8.0,25.0,0.35,False,11.164,0.63652
2022-23,90.0,0.85,8.0,25.0,0.35,True,11.171,0.63653
2022-23,90.0,0.85,8.0,18.0,0.0,False,10.58,0.63679
2022-23,90.0,0.85,8.0,18.0,0.0,True,10.61,0.63686
2022-23,90.0,0.85,8.0,18.0,0.2,False,10.3,0.63585
2022-23,90.0,0.85,8.0,18.0,0.2,True,10.32,0.63588
2022-23,90.0,0.85,8.0,18.0,0.35,False,10.063,0.63569
2022-23,90.0,0.85,8.0,18.0,0.35,True,10.078,0.63569
2022-23,90.0,0.85,12.0,,0.0,False,12.64,0.63763
2022-23,90.0,0.85,12.0,,0.0,True,12.639,0.63762
2022-23,90.0,0.85,12.0,,0.2,False,11.675,0.63712
2022-23,90.0,0.85,12.0,,0.2,True,11.671,0.63708
2022-23,90.0,0.85,12.0,,0.35,False,11.059,0.63721
2022-23,90.0,0.85,12.0,,0.35,True,11.055,0.63716
2022-23,90.0,0.85,12.0,25.0,0.0,False,11.448,0.63729
2022-23,90.0,0.85,12.0,25.0,0.0,True,11.461,0.6373
2022-23,90.0,0.85,12.0,25.0,0.2,False,10.906,0.63674
2022-23,90.0,0.85,12.0,25.0,0.2,True,10.91,0.63671
2022-23,90.0,0.85,12.0,25.0,0.35,False,10.516,0.6369
2022-23,90.0,0.85,12.0,25.0,0.35,True,10.515,0.63685
2022-23,90.0,0.85,12.0,18.0,0.0,False,9.949,0.63714
2022-23,90.0,0.85,12.0,18.0,0.0,True,9.971,0.63715
2022-23,90.0,0.85,12.0,18.0,0.2,False,9.701,0.63629
2022-23,90.0,0.85,12.0,18.0,0.2,True,9.713,0.63626
2022-23,90.0,0.85,12.0,18.0,0.35,False,9.482,0.63614
2022-23,90.0,0.85,12.0,18.0,0.35,True,9.488,0.63609
2022-23,130.0,0.55,5.0,,0.0,False,13.877,0.63811
2022-23,130.0,0.55,5.0,,0.0,True,13.884,0.63819
2022-23,130.0,0.55,5.0,,0.2,False,12.786,0.63757
2022-23,130.0,0.55,5.0,,0.2,True,12.791,0.63764
2022-23,130.0,0.55,5.0,,0.35,False,12.121,0.63779
2022-23,130.0,0.55,5.0,,0.35,True,12.126,0.63784
2022-23,130.0,0.55,5.0,25.0,0.0,False,12.553,0.63766
2022-23,130.0,0.55,5.0,25.0,0.0,True,12.573,0.63777
2022-23,130.0,0.55,5.0,25.0,0.2,False,11.932,0.63709
2022-23,130.0,0.55,5.0,25.0,0.2,True,11.943,0.63717
2022-23,130.0,0.55,5.0,25.0,0.35,False,11.514,0.6374
2022-23,130.0,0.55,5.0,25.0,0.35,True,11.52,0.63745
2022-23,130.0,0.55,5.0,18.0,0.0,False,10.916,0.63751
2022-23,130.0,0.55,5.0,18.0,0.0,True,10.945,0.63763
2022-23,130.0,0.55,5.0,18.0,0.2,False,10.602,0.6365
2022-23,130.0,0.55,5.0,18.0,0.2,True,10.622,0.63658
2022-23,130.0,0.55,5.0,18.0,0.35,False,10.36,0.63639
2022-23,130.0,0.55,5.0,18.0,0.35,True,10.375,0.63644
2022-23,130.0,0.55,8.0,,0.0,False,12.894,0.63722
2022-23,130.0,0.55,8.0,,0.0,True,12.889,0.63724
2022-23,130.0,0.55,8.0,,0.2,False,11.893,0.63672
2022-23,130.0,0.55,8.0,,0.2,True,11.888,0.63673
2022-23,130.0,0.55,8.0,,0.35,False,11.271,0.63693
2022-23,130.0,0.55,8.0,,0.35,True,11.267,0.63692
2022-23,130.0,0.55,8.0,25.0,0.0,False,11.657,0.63675
2022-23,130.0,0.55,8.0,25.0,0.0,True,11.667,0.63679
2022-23,130.0,0.55,8.0,25.0,0.2,False,11.093,0.63623
2022-23,130.0,0.55,8.0,25.0,0.2,True,11.095,0.63624
2022-23,130.0,0.55,8.0,25.0,0.35,False,10.704,0.63653
2022-23,130.0,0.55,8.0,25.0,0.35,True,10.702,0.63653
2022-23,130.0,0.55,8.0,18.0,0.0,False,10.137,0.6366
2022-23,130.0,0.55,8.0,18.0,0.0,True,10.156,0.63665
2022-23,130.0,0.55,8.0,18.0,0.2,False,9.862,0.63569
2022-23,130.0,0.55,8.0,18.0,0.2,True,9.872,0.6357
2022-23,130.0,0.55,8.0,18.0,0.35,False,9.638,0.63559
2022-23,130.0,0.55,8.0,18.0,0.35,True,9.645,0.63558
2022-23,130.0,0.55,12.0,,0.0,False,11.979,0.63702
2022-23,130.0,0.55,12.0,,0.0,True,11.967,0.63699
2022-23,130.0,0.55,12.0,,0.2,False,11.061,0.63656
2022-23,130.0,0.55,12.0,,0.2,True,11.049,0.63651
2022-23,130.0,0.55,12.0,,0.35,False,10.482,0.63675
2022-23,130.0,0.55,12.0,,0.35,True,10.47,0.63669
2022-23,130.0,0.55,12.0,25.0,0.0,False,10.821,0.63652
2022-23,130.0,0.55,12.0,25.0,0.0,True,10.823,0.63651
2022-23,130.0,0.55,12.0,25.0,0.2,False,10.309,0.63604
2022-23,130.0,0.55,12.0,25.0,0.2,True,10.304,0.636
2022-23,130.0,0.55,12.0,25.0,0.35,False,9.948,0.63633
2022-23,130.0,0.55,12.0,25.0,0.35,True,9.939,0.63627
2022-23,130.0,0.55,12.0,18.0,0.0,False,9.406,0.63635
2022-23,130.0,0.55,12.0,18.0,0.0,True,9.418,0.63635
2022-23,130.0,0.55,12.0,18.0,0.2,False,9.164,0.63553
2022-23,130.0,0.55,12.0,18.0,0.2,True,9.168,0.63549
2022-23,130.0,0.55,12.0,18.0,0.35,False,8.959,0.63544
2022-23,130.0,0.55,12.0,18.0,0.35,True,8.958,0.63538
2022-23,130.0,0.7,5.0,,0.0,False,14.122,0.63801
2022-23,130.0,0.7,5.0,,0.0,True,14.133,0.6381
2022-23,130.0,0.7,5.0,,0.2,False,13.019,0.63749
2022-23,130.0,0.7,5.0,,0.2,True,13.029,0.63756
2022-23,130.0,0.7,5.0,,0.35,False,12.345,0.63772
2022-23,130.0,0.7,5.0,,0.35,True,12.354,0.63777
2022-23,130.0,0.7,5.0,25.0,0.0,False,12.784,0.63759
2022-23,130.0,0.7,5.0,25.0,0.0,True,12.809,0.63771
2022-23,130.0,0.7,5.0,25.0,0.2,False,12.158,0.63705
2022-23,130.0,0.7,5.0,25.0,0.2,True,12.173,0.63713
2022-23,130.0,0.7,5.0,25.0,0.35,False,11.735,0.63736
2022-23,130.0,0.7,5.0,25.0,0.35,True,11.745,0.63741
2022-23,130.0,0.7,5.0,18.0,0.0,False,11.116,0.63743
2022-23,130.0,0.7,5.0,18.0,0.0,True,11.15,0.63755
2022-23,130.0,0.7,5.0,18.0,0.2,False,10.807,0.63648
2022-23,130.0,0.7,5.0,18.0,0.2,True,10.83,0.63656
2022-23,130.0,0.7,5.0,18.0,0.35,False,10.563,0.63638
2022-23,130.0,0.7,5.0,18.0,0.35,True,10.582,0.63643
2022-23,130.0,0.7,8.0,,0.0,False,13.235,0.63725
2022-23,130.0,0.7,8.0,,0.0,True,13.236,0.63728
2022-23,130.0,0.7,8.0,,0.2,False,12.217,0.63678
2022-23,130.0,0.7,8.0,,0.2,True,12.216,0.63679
2022-23,130.0,0.7,8.0,,0.35,False,11.581,0.63699
2022-23,130.0,0.7,8.0,,0.35,True,11.58,0.63699
2022-23,130.0,0.7,8.0,25.0,0.0,False,11.978,0.63683
2022-23,130.0,0.7,8.0,25.0,0.0,True,11.993,0.63688
2022-23,130.0,0.7,8.0,25.0,0.2,False,11.406,0.63633
2022-23,130.0,0.7,8.0,25.0,0.2,True,11.412,0.63635
2022-23,130.0,0.7,8.0,25.0,0.35,False,11.008,0.63663
2022-23,130.0,0.7,8.0,25.0,0.35,True,11.009,0.63663
2022-23,130.0,0.7,8.0,18.0,0.0,False,10.414,0.63667
2022-23,130.0,0.7,8.0,18.0,0.0,True,10.438,0.63672
2022-23,130.0,0.7,8.0,18.0,0.2,False,10.143,0.63581
2022-23,130.0,0.7,8.0,18.0,0.2,True,10.158,0.63583
2022-23,130.0,0.7,8.0,18.0,0.35,False,9.917,0.63573
2022-23,130.0,0.7,8.0,18.0,0.35,True,9.926,0.63572
2022-23,130.0,0.7,12.0,,0.0,False,12.418,0.63725
2022-23,130.0,0.7,12.0,,0.0,True,12.411,0.63723
2022-23,130.0,0.7,12.0,,0.2,False,11.475,0.63682
2022-23,130.0,0.7,12.0,,0.2,True,11.467,0.63678
2022-23,130.0,0.7,12.0,,0.35,False,10.878,0.63701
2022-23,130.0,0.7,12.0,,0.35,True,10.87,0.63696
2022-23,130.0,0.7,12.0,25.0,0.0,False,11.232,0.63682
2022-23,130.0,0.7,12.0,25.0,0.0,True,11.239,0.63682
2022-23,130.0,0.7,12.0,25.0,0.2,False,10.708,0.63636
2022-23,130.0,0.7,12.0,25.0,0.2,True,10.707,0.63633
2022-23,130.0,0.7,12.0,25.0,0.35,False,10.334,0.63664
2022-23,130.0,0.7,12.0,25.0,0.35,True,10.329,0.63659
2022-23,130.0,0.7,12.0,18.0,0.0,False,9.763,0.63664
2022-23,130.0,0.7,12.0,18.0,0.0,True,9.779,0.63665
2022-23,130.0,0.7,12.0,18.0,0.2,False,9.523,0.63588
2022-23,130.0,0.7,12.0,18.0,0.2,True,9.53,0.63584
2022-23,130.0,0.7,12.0,18.0,0.35,False,9.313,0.63581
2022-23,130.0,0.7,12.0,18.0,0.35,True,9.315,0.63575
2022-23,130.0,0.85,5.0,,0.0,False,14.416,0.63809
2022-23,130.0,0.85,5.0,,0.0,True,14.433,0.63819
2022-23,130.0,0.85,5.0,,0.2,False,13.3,0.63761
2022-23,130.0,0.85,5.0,,0.2,True,13.315,0.63769
2022-23,130.0,0.85,5.0,,0.35,False,12.614,0.63784
2022-23,130.0,0.85,5.0,,0.35,True,12.628,0.6379
2022-23,130.0,0.85,5.0,25.0,0.0,False,13.061,0.63771
2022-23,130.0,0.85,5.0,25.0,0.0,True,13.092,0.63784
2022-23,130.0,0.85,5.0,25.0,0.2,False,12.428,0.63719
2022-23,130.0,0.85,5.0,25.0,0.2,True,12.45,0.63729
2022-23,130.0,0.85,5.0,25.0,0.35,False,11.998,0.63751
2022-23,130.0,0.85,5.0,25.0,0.35,True,12.013,0.63757
2022-23,130.0,0.85,5.0,18.0,0.0,False,11.356,0.63754
2022-23,130.0,0.85,5.0,18.0,0.0,True,11.395,0.63768
2022-23,130.0,0.85,5.0,18.0,0.2,False,11.051,0.63664
2022-23,130.0,0.85,5.0,18.0,0.2,True,11.08,0.63673
2022-23,130.0,0.85,5.0,18.0,0.35,False,10.805,0.63656
2022-23,130.0,0.85,5.0,18.0,0.35,True,10.828,0.63662
2022-23,130.0,0.85,8.0,,0.0,False,13.648,0.63756
2022-23,130.0,0.85,8.0,,0.0,True,13.655,0.6376
2022-23,130.0,0.85,8.0,,0.2,False,12.608,0.63712
2022-23,130.0,0.85,8.0,,0.2,True,12.614,0.63714
2022-23,130.0,0.85,8.0,,0.35,False,11.956,0.63733
2022-23,130.0,0.85,8.0,,0.35,True,11.96,0.63734
2022-23,130.0,0.85,8.0,25.0,0.0,False,12.364,0.63718
2022-23,130.0,0.85,8.0,25.0,0.0,True,12.386,0.63725
2022-23,130.0,0.85,8.0,25.0,0.2,False,11.781,0.63672
2022-23,130.0,0.85,8.0,25.0,0.2,True,11.793,0.63675
2022-23,130.0,0.85,8.0,25.0,0.35,False,11.373,0.63702
2022-23,130.0,0.85,8.0,25.0,0.35,True,11.379,0.63702
2022-23,130.0,0.85,8.0,18.0,0.0,False,10.749,0.63701
2022-23,130.0,0.85,8.0,18.0,0.0,True,10.779,0.63708
2022-23,130.0,0.85,8.0,18.0,0.2,False,10.481,0.63622
2022-23,130.0,0.85,8.0,18.0,0.2,True,10.501,0.63625
2022-23,130.0,0.85,8.0,18.0,0.35,False,10.251,0.63616
2022-23,130.0,0.85,8.0,18.0,0.35,True,10.265,0.63616
2022-23,130.0,0.85,12.0,,0.0,False,12.955,0.63786
2022-23,130.0,0.85,12.0,,0.0,True,12.953,0.63785
2022-23,130.0,0.85,12.0,,0.2,False,11.982,0.63747
2022-23,130.0,0.85,12.0,,0.2,True,11.98,0.63744
2022-23,130.0,0.85,12.0,,0.35,False,11.363,0.63766
2022-23,130.0,0.85,12.0,,0.35,True,11.359,0.63762
2022-23,130.0,0.85,12.0,25.0,0.0,False,11.733,0.6375
2022-23,130.0,0.85,12.0,25.0,0.0,True,11.746,0.63751
2022-23,130.0,0.85,12.0,25.0,0.2,False,11.193,0.63707
2022-23,130.0,0.85,12.0,25.0,0.2,True,11.198,0.63705
2022-23,130.0,0.85,12.0,25.0,0.35,False,10.806,0.63735
2022-23,130.0,0.85,12.0,25.0,0.35,True,10.805,0.6373
2022-23,130.0,0.85,12.0,18.0,0.0,False,10.196,0.63731
2022-23,130.0,0.85,12.0,18.0,0.0,True,10.218,0.63733
2022-23,130.0,0.85,12.0,18.0,0.2,False,9.959,0.63662
2022-23,130.0,0.85,12.0,18.0,0.2,True,9.971,0.6366
2022-23,130.0,0.85,12.0,18.0,0.35,False,9.743,0.63657
2022-23,130.0,0.85,12.0,18.0,0.35,True,9.75,0.63652
2023-24,30.0,0.55,5.0,,0.0,False,13.184,0.64121
2023-24,30.0,0.55,5.0,,0.0,True,13.205,0.6413
2023-24,30.0,0.55,5.0,,0.2,False,12.003,0.63979
2023-24,30.0,0.55,5.0,,0.2,True,12.024,0.63989
2023-24,30.0,0.55,5.0,,0.35,False,11.289,0.63933
2023-24,30.0,0.55,5.0,,0.35,True,11.313,0.63945
2023-24,30.0,0.55,5.0,25.0,0.0,False,11.983,0.64085
2023-24,30.0,0.55,5.0,25.0,0.0,True,12.016,0.64096
2023-24,30.0,0.55,5.0,25.0,0.2,False,11.227,0.6394
2023-24,30.0,0.55,5.0,25.0,0.2,True,11.255,0.63952
2023-24,30.0,0.55,5.0,25.0,0.35,False,10.734,0.63898
2023-24,30.0,0.55,5.0,25.0,0.35,True,10.76,0.63911
2023-24,30.0,0.55,5.0,18.0,0.0,False,10.488,0.64109
2023-24,30.0,0.55,5.0,18.0,0.0,True,10.527,0.6412
2023-24,30.0,0.55,5.0,18.0,0.2,False,10.026,0.6392
2023-24,30.0,0.55,5.0,18.0,0.2,True,10.06,0.63932
2023-24,30.0,0.55,5.0,18.0,0.35,False,9.703,0.63852
2023-24,30.0,0.55,5.0,18.0,0.35,True,9.734,0.63865
2023-24,30.0,0.55,8.0,,0.0,False,11.727,0.64066
2023-24,30.0,0.55,8.0,,0.0,True,11.738,0.6407
2023-24,30.0,0.55,8.0,,0.2,False,10.693,0.63929
2023-24,30.0,0.55,8.0,,0.2,True,10.705,0.63934
2023-24,30.0,0.55,8.0,,0.35,False,10.059,0.63883
2023-24,30.0,0.55,8.0,,0.35,True,10.074,0.6389
2023-24,30.0,0.55,8.0,25.0,0.0,False,10.652,0.64026
2023-24,30.0,0.55,8.0,25.0,0.0,True,10.674,0.64032
2023-24,30.0,0.55,8.0,25.0,0.2,False,9.996,0.63887
2023-24,30.0,0.55,8.0,25.0,0.2,True,10.013,0.63894
2023-24,30.0,0.55,8.0,25.0,0.35,False,9.56,0.63846
2023-24,30.0,0.55,8.0,25.0,0.35,True,9.576,0.63853
2023-24,30.0,0.55,8.0,18.0,0.0,False,9.324,0.64051
2023-24,30.0,0.55,8.0,18.0,0.0,True,9.351,0.64057
2023-24,30.0,0.55,8.0,18.0,0.2,False,8.929,0.63869
2023-24,30.0,0.55,8.0,18.0,0.2,True,8.952,0.63876
2023-24,30.0,0.55,8.0,18.0,0.35,False,8.642,0.63801
2023-24,30.0,0.55,8.0,18.0,0.35,True,8.663,0.63809
2023-24,30.0,0.55,12.0,,0.0,False,10.423,0.64089
2023-24,30.0,0.55,12.0,,0.0,True,10.428,0.6409
2023-24,30.0,0.55,12.0,,0.2,False,9.522,0.6396
2023-24,30.0,0.55,12.0,,0.2,True,9.529,0.63963
2023-24,30.0,0.55,12.0,,0.35,False,8.964,0.63916
2023-24,30.0,0.55,12.0,,0.35,True,8.973,0.6392
2023-24,30.0,0.55,12.0,25.0,0.0,False,9.459,0.64046
2023-24,30.0,0.55,12.0,25.0,0.0,True,9.474,0.64049
2023-24,30.0,0.55,12.0,25.0,0.2,False,8.894,0.63915
2023-24,30.0,0.55,12.0,25.0,0.2,True,8.905,0.63919
2023-24,30.0,0.55,12.0,25.0,0.35,False,8.511,0.63876
2023-24,30.0,0.55,12.0,25.0,0.35,True,8.521,0.6388
2023-24,30.0,0.55,12.0,18.0,0.0,False,8.281,0.64071
2023-24,30.0,0.55,12.0,18.0,0.0,True,8.302,0.64074
2023-24,30.0,0.55,12.0,18.0,0.2,False,7.945,0.63899
2023-24,30.0,0.55,12.0,18.0,0.2,True,7.962,0.63902
2023-24,30.0,0.55,12.0,18.0,0.35,False,7.693,0.63833
2023-24,30.0,0.55,12.0,18.0,0.35,True,7.708,0.63837
2023-24,30.0,0.7,5.0,,0.0,False,13.394,0.64089
2023-24,30.0,0.7,5.0,,0.0,True,13.418,0.64097
2023-24,30.0,0.7,5.0,,0.2,False,12.196,0.63947
2023-24,30.0,0.7,5.0,,0.2,True,12.221,0.63956
2023-24,30.0,0.7,5.0,,0.35,False,11.468,0.639
2023-24,30.0,0.7,5.0,,0.35,True,11.495,0.63911
2023-24,30.0,0.7,5.0,25.0,0.0,False,12.18,0.64056
2023-24,30.0,0.7,5.0,25.0,0.0,True,12.218,0.64067
2023-24,30.0,0.7,5.0,25.0,0.2,False,11.413,0.6391
2023-24,30.0,0.7,5.0,25.0,0.2,True,11.445,0.63922
2023-24,30.0,0.7,5.0,25.0,0.35,False,10.909,0.63866
2023-24,30.0,0.7,5.0,25.0,0.35,True,10.937,0.63878
2023-24,30.0,0.7,5.0,18.0,0.0,False,10.66,0.64081
2023-24,30.0,0.7,5.0,18.0,0.0,True,10.702,0.64092
2023-24,30.0,0.7,5.0,18.0,0.2,False,10.195,0.63892
2023-24,30.0,0.7,5.0,18.0,0.2,True,10.232,0.63904
2023-24,30.0,0.7,5.0,18.0,0.35,False,9.866,0.63824
2023-24,30.0,0.7,5.0,18.0,0.35,True,9.9,0.63836
2023-24,30.0,0.7,8.0,,0.0,False,11.965,0.64036
2023-24,30.0,0.7,8.0,,0.0,True,11.978,0.64039
2023-24,30.0,0.7,8.0,,0.2,False,10.91,0.63898
2023-24,30.0,0.7,8.0,,0.2,True,10.925,0.63902
2023-24,30.0,0.7,8.0,,0.35,False,10.261,0.6385
2023-24,30.0,0.7,8.0,,0.35,True,10.277,0.63856
2023-24,30.0,0.7,8.0,25.0,0.0,False,10.874,0.64
2023-24,30.0,0.7,8.0,25.0,0.0,True,10.899,0.64005
2023-24,30.0,0.7,8.0,25.0,0.2,False,10.205,0.63859
2023-24,30.0,0.7,8.0,25.0,0.2,True,10.224,0.63865
2023-24,30.0,0.7,8.0,25.0,0.35,False,9.756,0.63815
2023-24,30.0,0.7,8.0,25.0,0.35,True,9.774,0.63821
2023-24,30.0,0.7,8.0,18.0,0.0,False,9.516,0.64025
2023-24,30.0,0.7,8.0,18.0,0.0,True,9.546,0.64031
2023-24,30.0,0.7,8.0,18.0,0.2,False,9.117,0.63844
2023-24,30.0,0.7,8.0,18.0,0.2,True,9.143,0.6385
2023-24,30.0,0.7,8.0,18.0,0.35,False,8.824,0.63775
2023-24,30.0,0.7,8.0,18.0,0.35,True,8.848,0.63782
2023-24,30.0,0.7,12.0,,0.0,False,10.662,0.6406
2023-24,30.0,0.7,12.0,,0.0,True,10.669,0.6406
2023-24,30.0,0.7,12.0,,0.2,False,9.741,0.63929
2023-24,30.0,0.7,12.0,,0.2,True,9.749,0.6393
2023-24,30.0,0.7,12.0,,0.35,False,9.167,0.63882
2023-24,30.0,0.7,12.0,,0.35,True,9.177,0.63885
2023-24,30.0,0.7,12.0,25.0,0.0,False,9.682,0.6402
2023-24,30.0,0.7,12.0,25.0,0.0,True,9.699,0.64022
2023-24,30.0,0.7,12.0,25.0,0.2,False,9.103,0.63886
2023-24,30.0,0.7,12.0,25.0,0.2,True,9.116,0.63889
2023-24,30.0,0.7,12.0,25.0,0.35,False,8.709,0.63844
2023-24,30.0,0.7,12.0,25.0,0.35,True,8.72,0.63847
2023-24,30.0,0.7,12.0,18.0,0.0,False,8.474,0.64045
2023-24,30.0,0.7,12.0,18.0,0.0,True,8.497,0.64047
2023-24,30.0,0.7,12.0,18.0,0.2,False,8.134,0.63873
2023-24,30.0,0.7,12.0,18.0,0.2,True,8.152,0.63875
2023-24,30.0,0.7,12.0,18.0,0.35,False,7.876,0.63806
2023-24,30.0,0.7,12.0,18.0,0.35,True,7.892,0.63809
2023-24,30.0,0.85,5.0,,0.0,False,13.678,0.64079
2023-24,30.0,0.85,5.0,,0.0,True,13.709,0.64088
2023-24,30.0,0.85,5.0,,0.2,False,12.457,0.63937
2023-24,30.0,0.85,5.0,,0.2,True,12.488,0.63947
2023-24,30.0,0.85,5.0,,0.35,False,11.711,0.63889
2023-24,30.0,0.85,5.0,,0.35,True,11.743,0.639
2023-24,30.0,0.85,5.0,25.0,0.0,False,12.445,0.64049
2023-24,30.0,0.85,5.0,25.0,0.0,True,12.488,0.6406
2023-24,30.0,0.85,5.0,25.0,0.2,False,11.663,0.63903
2023-24,30.0,0.85,5.0,25.0,0.2,True,11.699,0.63915
2023-24,30.0,0.85,5.0,25.0,0.35,False,11.145,0.63858
2023-24,30.0,0.85,5.0,25.0,0.35,True,11.178,0.6387
2023-24,30.0,0.85,5.0,18.0,0.0,False,10.889,0.64074
2023-24,30.0,0.85,5.0,18.0,0.0,True,10.937,0.64086
2023-24,30.0,0.85,5.0,18.0,0.2,False,10.42,0.63888
2023-24,30.0,0.85,5.0,18.0,0.2,True,10.462,0.639
2023-24,30.0,0.85,5.0,18.0,0.35,False,10.084,0.63819
2023-24,30.0,0.85,5.0,18.0,0.35,True,10.123,0.63832
2023-24,30.0,0.85,8.0,,0.0,False,12.295,0.64037
2023-24,30.0,0.85,8.0,,0.0,True,12.314,0.64041
2023-24,30.0,0.85,8.0,,0.2,False,11.213,0.63899
2023-24,30.0,0.85,8.0,,0.2,True,11.232,0.63904
2023-24,30.0,0.85,8.0,,0.35,False,10.544,0.63849
2023-24,30.0,0.85,8.0,,0.35,True,10.563,0.63855
2023-24,30.0,0.85,8.0,25.0,0.0,False,11.18,0.64004
2023-24,30.0,0.85,8.0,25.0,0.0,True,11.21,0.6401
2023-24,30.0,0.85,8.0,25.0,0.2,False,10.493,0.63863
2023-24,30.0,0.85,8.0,25.0,0.2,True,10.517,0.63869
2023-24,30.0,0.85,8.0,25.0,0.35,False,10.03,0.63816
2023-24,30.0,0.85,8.0,25.0,0.35,True,10.051,0.63823
2023-24,30.0,0.85,8.0,18.0,0.0,False,9.781,0.64029
2023-24,30.0,0.85,8.0,18.0,0.0,True,9.816,0.64035
2023-24,30.0,0.85,8.0,18.0,0.2,False,9.377,0.6385
2023-24,30.0,0.85,8.0,18.0,0.2,True,9.406,0.63856
2023-24,30.0,0.85,8.0,18.0,0.35,False,9.077,0.63781
2023-24,30.0,0.85,8.0,18.0,0.35,True,9.103,0.63788
2023-24,30.0,0.85,12.0,,0.0,False,11.006,0.6407
2023-24,30.0,0.85,12.0,,0.0,True,11.017,0.6407
2023-24,30.0,0.85,12.0,,0.2,False,10.056,0.63938
2023-24,30.0,0.85,12.0,,0.2,True,10.067,0.63939
2023-24,30.0,0.85,12.0,,0.35,False,9.462,0.63889
2023-24,30.0,0.85,12.0,,0.35,True,9.474,0.63891
2023-24,30.0,0.85,12.0,25.0,0.0,False,10.001,0.64033
2023-24,30.0,0.85,12.0,25.0,0.0,True,10.021,0.64035
2023-24,30.0,0.85,12.0,25.0,0.2,False,9.403,0.63899
2023-24,30.0,0.85,12.0,25.0,0.2,True,9.418,0.639
2023-24,30.0,0.85,12.0,25.0,0.35,False,8.994,0.63853
2023-24,30.0,0.85,12.0,25.0,0.35,True,9.007,0.63855
2023-24,30.0,0.85,12.0,18.0,0.0,False,8.75,0.64057
2023-24,30.0,0.85,12.0,18.0,0.0,True,8.775,0.6406
2023-24,30.0,0.85,12.0,18.0,0.2,False,8.405,0.63888
2023-24,30.0,0.85,12.0,18.0,0.2,True,8.426,0.6389
2023-24,30.0,0.85,12.0,18.0,0.35,False,8.14,0.63821
2023-24,30.0,0.85,12.0,18.0,0.35,True,8.158,0.63823
2023-24,45.0,0.55,5.0,,0.0,False,13.485,0.64056
2023-24,45.0,0.55,5.0,,0.0,True,13.503,0.64061
2023-24,45.0,0.55,5.0,,0.2,False,12.314,0.63939
2023-24,45.0,0.55,5.0,,0.2,True,12.333,0.63947
2023-24,45.0,0.55,5.0,,0.35,False,11.601,0.63912
2023-24,45.0,0.55,5.0,,0.35,True,11.622,0.63922
2023-24,45.0,0.55,5.0,25.0,0.0,False,12.266,0.64019
2023-24,45.0,0.55,5.0,25.0,0.0,True,12.297,0.64028
2023-24,45.0,0.55,5.0,25.0,0.2,False,11.526,0.63899
2023-24,45.0,0.55,5.0,25.0,0.2,True,11.552,0.63909
2023-24,45.0,0.55,5.0,25.0,0.35,False,11.037,0.63876
2023-24,45.0,0.55,5.0,25.0,0.35,True,11.06,0.63886
2023-24,45.0,0.55,5.0,18.0,0.0,False,10.731,0.64034
2023-24,45.0,0.55,5.0,18.0,0.0,True,10.768,0.64043
2023-24,45.0,0.55,5.0,18.0,0.2,False,10.293,0.63872
2023-24,45.0,0.55,5.0,18.0,0.2,True,10.325,0.63881
2023-24,45.0,0.55,5.0,18.0,0.35,False,9.977,0.63821
2023-24,45.0,0.55,5.0,18.0,0.35,True,10.007,0.63831
2023-24,45.0,0.55,8.0,,0.0,False,12.247,0.63976
2023-24,45.0,0.55,8.0,,0.0,True,12.256,0.63977
2023-24,45.0,0.55,8.0,,0.2,False,11.198,0.63864
2023-24,45.0,0.55,8.0,,0.2,True,11.207,0.63867
2023-24,45.0,0.55,8.0,,0.35,False,10.548,0.63836
2023-24,45.0,0.55,8.0,,0.35,True,10.559,0.6384
2023-24,45.0,0.55,8.0,25.0,0.0,False,11.136,0.63938
2023-24,45.0,0.55,8.0,25.0,0.0,True,11.156,0.63942
2023-24,45.0,0.55,8.0,25.0,0.2,False,10.477,0.63823
2023-24,45.0,0.55,8.0,25.0,0.2,True,10.493,0.63827
2023-24,45.0,0.55,8.0,25.0,0.35,False,10.032,0.63798
2023-24,45.0,0.55,8.0,25.0,0.35,True,10.046,0.63803
2023-24,45.0,0.55,8.0,18.0,0.0,False,9.745,0.63955
2023-24,45.0,0.55,8.0,18.0,0.0,True,9.771,0.63958
2023-24,45.0,0.55,8.0,18.0,0.2,False,9.36,0.63799
2023-24,45.0,0.55,8.0,18.0,0.2,True,9.381,0.63803
2023-24,45.0,0.55,8.0,18.0,0.35,False,9.071,0.63747
2023-24,45.0,0.55,8.0,18.0,0.35,True,9.092,0.63752
2023-24,45.0,0.55,12.0,,0.0,False,11.099,0.63967
2023-24,45.0,0.55,12.0,,0.0,True,11.102,0.63965
2023-24,45.0,0.55,12.0,,0.2,False,10.161,0.63861
2023-24,45.0,0.55,12.0,,0.2,True,10.165,0.6386
2023-24,45.0,0.55,12.0,,0.35,False,9.573,0.63832
2023-24,45.0,0.55,12.0,,0.35,True,9.578,0.63832
2023-24,45.0,0.55,12.0,25.0,0.0,False,10.085,0.63928
2023-24,45.0,0.55,12.0,25.0,0.0,True,10.099,0.63927
2023-24,45.0,0.55,12.0,25.0,0.2,False,9.501,0.63817
2023-24,45.0,0.55,12.0,25.0,0.2,True,9.51,0.63817
2023-24,45.0,0.55,12.0,25.0,0.35,False,9.098,0.63792
2023-24,45.0,0.55,12.0,25.0,0.35,True,9.105,0.63792
2023-24,45.0,0.55,12.0,18.0,0.0,False,8.827,0.63944
2023-24,45.0,0.55,12.0,18.0,0.0,True,8.847,0.63944
2023-24,45.0,0.55,12.0,18.0,0.2,False,8.489,0.63796
2023-24,45.0,0.55,12.0,18.0,0.2,True,8.504,0.63795
2023-24,45.0,0.55,12.0,18.0,0.35,False,8.227,0.63744
2023-24,45.0,0.55,12.0,18.0,0.35,True,8.24,0.63745
2023-24,45.0,0.7,5.0,,0.0,False,13.731,0.64032
2023-24,45.0,0.7,5.0,,0.0,True,13.756,0.64038
2023-24,45.0,0.7,5.0,,0.2,False,12.544,0.63917
2023-24,45.0,0.7,5.0,,0.2,True,12.569,0.63925
2023-24,45.0,0.7,5.0,,0.35,False,11.817,0.63889
2023-24,45.0,0.7,5.0,,0.35,True,11.842,0.63899
2023-24,45.0,0.7,5.0,25.0,0.0,False,12.496,0.63999
2023-24,45.0,0.7,5.0,25.0,0.0,True,12.534,0.64008
2023-24,45.0,0.7,5.0,25.0,0.2,False,11.747,0.6388
2023-24,45.0,0.7,5.0,25.0,0.2,True,11.777,0.6389
2023-24,45.0,0.7,5.0,25.0,0.35,False,11.247,0.63855
2023-24,45.0,0.7,5.0,25.0,0.35,True,11.274,0.63865
2023-24,45.0,0.7,5.0,18.0,0.0,False,10.932,0.64014
2023-24,45.0,0.7,5.0,18.0,0.0,True,10.974,0.64024
2023-24,45.0,0.7,5.0,18.0,0.2,False,10.492,0.63854
2023-24,45.0,0.7,5.0,18.0,0.2,True,10.528,0.63864
2023-24,45.0,0.7,5.0,18.0,0.35,False,10.171,0.63803
2023-24,45.0,0.7,5.0,18.0,0.35,True,10.205,0.63814
2023-24,45.0,0.7,8.0,,0.0,False,12.56,0.6396
2023-24,45.0,0.7,8.0,,0.0,True,12.575,0.63962
2023-24,45.0,0.7,8.0,,0.2,False,11.488,0.6385
2023-24,45.0,0.7,8.0,,0.2,True,11.502,0.63852
2023-24,45.0,0.7,8.0,,0.35,False,10.819,0.6382
2023-24,45.0,0.7,8.0,,0.35,True,10.835,0.63824
2023-24,45.0,0.7,8.0,25.0,0.0,False,11.426,0.63926
2023-24,45.0,0.7,8.0,25.0,0.0,True,11.452,0.6393
2023-24,45.0,0.7,8.0,25.0,0.2,False,10.753,0.63811
2023-24,45.0,0.7,8.0,25.0,0.2,True,10.773,0.63815
2023-24,45.0,0.7,8.0,25.0,0.35,False,10.294,0.63784
2023-24,45.0,0.7,8.0,25.0,0.35,True,10.312,0.63789
2023-24,45.0,0.7,8.0,18.0,0.0,False,9.996,0.63943
2023-24,45.0,0.7,8.0,18.0,0.0,True,10.027,0.63946
2023-24,45.0,0.7,8.0,18.0,0.2,False,9.607,0.63789
2023-24,45.0,0.7,8.0,18.0,0.2,True,9.633,0.63793
2023-24,45.0,0.7,8.0,18.0,0.35,False,9.313,0.63738
2023-24,45.0,0.7,8.0,18.0,0.35,True,9.336,0.63743
2023-24,45.0,0.7,12.0,,0.0,False,11.455,0.63961
2023-24,45.0,0.7,12.0,,0.0,True,11.463,0.63958
2023-24,45.0,0.7,12.0,,0.2,False,10.489,0.63854
2023-24,45.0,0.7,12.0,,0.2,True,10.496,0.63852
2023-24,45.0,0.7,12.0,,0.35,False,9.879,0.63823
2023-24,45.0,0.7,12.0,,0.35,True,9.887,0.63823
2023-24,45.0,0.7,12.0,25.0,0.0,False,10.413,0.63924
2023-24,45.0,0.7,12.0,25.0,0.0,True,10.432,0.63924
2023-24,45.0,0.7,12.0,25.0,0.2,False,9.811,0.63813
2023-24,45.0,0.7,12.0,25.0,0.2,True,9.824,0.63812
2023-24,45.0,0.7,12.0,25.0,0.35,False,9.393,0.63785
2023-24,45.0,0.7,12.0,25.0,0.35,True,9.403,0.63785
2023-24,45.0,0.7,12.0,18.0,0.0,False,9.11,0.63941
2023-24,45.0,0.7,12.0,18.0,0.0,True,9.134,0.6394
2023-24,45.0,0.7,12.0,18.0,0.2,False,8.767,0.63794
2023-24,45.0,0.7,12.0,18.0,0.2,True,8.785,0.63793
2023-24,45.0,0.7,12.0,18.0,0.35,False,8.498,0.63742
2023-24,45.0,0.7,12.0,18.0,0.35,True,8.513,0.63742
2023-24,45.0,0.85,5.0,,0.0,False,14.05,0.64031
2023-24,45.0,0.85,5.0,,0.0,True,14.082,0.64039
2023-24,45.0,0.85,5.0,,0.2,False,12.841,0.63919
2023-24,45.0,0.85,5.0,,0.2,True,12.873,0.63927
2023-24,45.0,0.85,5.0,,0.35,False,12.096,0.63891
2023-24,45.0,0.85,5.0,,0.35,True,12.128,0.63901
2023-24,45.0,0.85,5.0,25.0,0.0,False,12.792,0.64001
2023-24,45.0,0.85,5.0,25.0,0.0,True,12.837,0.64012
2023-24,45.0,0.85,5.0,25.0,0.2,False,12.029,0.63884
2023-24,45.0,0.85,5.0,25.0,0.2,True,12.067,0.63894
2023-24,45.0,0.85,5.0,25.0,0.35,False,11.516,0.63858
2023-24,45.0,0.85,5.0,25.0,0.35,True,11.55,0.63869
2023-24,45.0,0.85,5.0,18.0,0.0,False,11.187,0.64016
2023-24,45.0,0.85,5.0,18.0,0.0,True,11.237,0.64027
2023-24,45.0,0.85,5.0,18.0,0.2,False,10.745,0.6386
2023-24,45.0,0.85,5.0,18.0,0.2,True,10.788,0.63871
2023-24,45.0,0.85,5.0,18.0,0.35,False,10.419,0.6381
2023-24,45.0,0.85,5.0,18.0,0.35,True,10.459,0.63822
2023-24,45.0,0.85,8.0,,0.0,False,12.972,0.63979
2023-24,45.0,0.85,8.0,,0.0,True,12.994,0.63981
2023-24,45.0,0.85,8.0,,0.2,False,11.868,0.6387
2023-24,45.0,0.85,8.0,,0.2,True,11.89,0.63873
2023-24,45.0,0.85,8.0,,0.35,False,11.177,0.63839
2023-24,45.0,0.85,8.0,,0.35,True,11.199,0.63844
2023-24,45.0,0.85,8.0,25.0,0.0,False,11.804,0.63948
2023-24,45.0,0.85,8.0,25.0,0.0,True,11.838,0.63952
2023-24,45.0,0.85,8.0,25.0,0.2,False,11.113,0.63833
2023-24,45.0,0.85,8.0,25.0,0.2,True,11.14,0.63838
2023-24,45.0,0.85,8.0,25.0,0.35,False,10.638,0.63805
2023-24,45.0,0.85,8.0,25.0,0.35,True,10.661,0.6381
2023-24,45.0,0.85,8.0,18.0,0.0,False,10.323,0.63963
2023-24,45.0,0.85,8.0,18.0,0.0,True,10.361,0.63968
2023-24,45.0,0.85,8.0,18.0,0.2,False,9.929,0.63814
2023-24,45.0,0.85,8.0,18.0,0.2,True,9.962,0.63819
2023-24,45.0,0.85,8.0,18.0,0.35,False,9.627,0.63763
2023-24,45.0,0.85,8.0,18.0,0.35,True,9.656,0.63768
2023-24,45.0,0.85,12.0,,0.0,False,11.934,0.64
2023-24,45.0,0.85,12.0,,0.0,True,11.949,0.63998
2023-24,45.0,0.85,12.0,,0.2,False,10.931,0.63894
2023-24,45.0,0.85,12.0,,0.2,True,10.944,0.63893
2023-24,45.0,0.85,12.0,,0.35,False,10.294,0.63862
2023-24,45.0,0.85,12.0,,0.35,True,10.308,0.63862
2023-24,45.0,0.85,12.0,25.0,0.0,False,10.853,0.63966
2023-24,45.0,0.85,12.0,25.0,0.0,True,10.877,0.63967
2023-24,45.0,0.85,12.0,25.0,0.2,False,10.228,0.63855
2023-24,45.0,0.85,12.0,25.0,0.2,True,10.246,0.63855
2023-24,45.0,0.85,12.0,25.0,0.35,False,9.791,0.63826
2023-24,45.0,0.85,12.0,25.0,0.35,True,9.806,0.63826
2023-24,45.0,0.85,12.0,18.0,0.0,False,9.489,0.63981
2023-24,45.0,0.85,12.0,18.0,0.0,True,9.519,0.63981
2023-24,45.0,0.85,12.0,18.0,0.2,False,9.14,0.63839
2023-24,45.0,0.85,12.0,18.0,0.2,True,9.163,0.63838
2023-24,45.0,0.85,12.0,18.0,0.35,False,8.861,0.63787
2023-24,45.0,0.85,12.0,18.0,0.35,True,8.881,0.63787
2023-24,65.0,0.55,5.0,,0.0,False,13.694,0.64063
2023-24,65.0,0.55,5.0,,0.0,True,13.709,0.64067
2023-24,65.0,0.55,5.0,,0.2,False,12.533,0.63965
2023-24,65.0,0.55,5.0,,0.2,True,12.549,0.63971
2023-24,65.0,0.55,5.0,,0.35,False,11.824,0.63951
2023-24,65.0,0.55,5.0,,0.35,True,11.842,0.63959
2023-24,65.0,0.55,5.0,25.0,0.0,False,12.461,0.64025
2023-24,65.0,0.55,5.0,25.0,0.0,True,12.489,0.64033
2023-24,65.0,0.55,5.0,25.0,0.2,False,11.735,0.63924
2023-24,65.0,0.55,5.0,25.0,0.2,True,11.758,0.63932
2023-24,65.0,0.55,5.0,25.0,0.35,False,11.253,0.63914
2023-24,65.0,0.55,5.0,25.0,0.35,True,11.274,0.63922
2023-24,65.0,0.55,5.0,18.0,0.0,False,10.899,0.64033
2023-24,65.0,0.55,5.0,18.0,0.0,True,10.934,0.64041
2023-24,65.0,0.55,5.0,18.0,0.2,False,10.48,0.63891
2023-24,65.0,0.55,5.0,18.0,0.2,True,10.51,0.639
2023-24,65.0,0.55,5.0,18.0,0.35,False,10.173,0.63853
2023-24,65.0,0.55,5.0,18.0,0.35,True,10.201,0.63862
2023-24,65.0,0.55,8.0,,0.0,False,12.592,0.6397
2023-24,65.0,0.55,8.0,,0.0,True,12.598,0.6397
2023-24,65.0,0.55,8.0,,0.2,False,11.538,0.63877
2023-24,65.0,0.55,8.0,,0.2,True,11.546,0.63878
2023-24,65.0,0.55,8.0,,0.35,False,10.884,0.63862
2023-24,65.0,0.55,8.0,,0.35,True,10.893,0.63865
2023-24,65.0,0.55,8.0,25.0,0.0,False,11.456,0.63933
2023-24,65.0,0.55,8.0,25.0,0.0,True,11.475,0.63935
2023-24,65.0,0.55,8.0,25.0,0.2,False,10.802,0.63835
2023-24,65.0,0.55,8.0,25.0,0.2,True,10.816,0.63838
2023-24,65.0,0.55,8.0,25.0,0.35,False,10.357,0.63824
2023-24,65.0,0.55,8.0,25.0,0.35,True,10.369,0.63828
2023-24,65.0,0.55,8.0,18.0,0.0,False,10.023,0.63943
2023-24,65.0,0.55,8.0,18.0,0.0,True,10.049,0.63945
2023-24,65.0,0.55,8.0,18.0,0.2,False,9.651,0.63808
2023-24,65.0,0.55,8.0,18.0,0.2,True,9.672,0.6381
2023-24,65.0,0.55,8.0,18.0,0.35,False,9.368,0.63769
2023-24,65.0,0.55,8.0,18.0,0.35,True,9.387,0.63773
2023-24,65.0,0.55,12.0,,0.0,False,11.567,0.63944
2023-24,65.0,0.55,12.0,,0.0,True,11.568,0.6394
2023-24,65.0,0.55,12.0,,0.2,False,10.611,0.63856
2023-24,65.0,0.55,12.0,,0.2,True,10.613,0.63853
2023-24,65.0,0.55,12.0,,0.35,False,10.009,0.63839
2023-24,65.0,0.55,12.0,,0.35,True,10.012,0.63838
2023-24,65.0,0.55,12.0,25.0,0.0,False,10.519,0.63906
2023-24,65.0,0.55,12.0,25.0,0.0,True,10.531,0.63904
2023-24,65.0,0.55,12.0,25.0,0.2,False,9.929,0.63812
2023-24,65.0,0.55,12.0,25.0,0.2,True,9.937,0.63811
2023-24,65.0,0.55,12.0,25.0,0.35,False,9.52,0.638
2023-24,65.0,0.55,12.0,25.0,0.35,True,9.525,0.63799
2023-24,65.0,0.55,12.0,18.0,0.0,False,9.206,0.63917
2023-24,65.0,0.55,12.0,18.0,0.0,True,9.225,0.63915
2023-24,65.0,0.55,12.0,18.0,0.2,False,8.874,0.63789
2023-24,65.0,0.55,12.0,18.0,0.2,True,8.888,0.63787
2023-24,65.0,0.55,12.0,18.0,0.35,False,8.612,0.63749
2023-24,65.0,0.55,12.0,18.0,0.35,True,8.624,0.63749
2023-24,65.0,0.7,5.0,,0.0,False,13.944,0.64042
2023-24,65.0,0.7,5.0,,0.0,True,13.966,0.64047
2023-24,65.0,0.7,5.0,,0.2,False,12.768,0.63946
2023-24,65.0,0.7,5.0,,0.2,True,12.791,0.63953
2023-24,65.0,0.7,5.0,,0.35,False,12.046,0.63932
2023-24,65.0,0.7,5.0,,0.35,True,12.07,0.6394
2023-24,65.0,0.7,5.0,25.0,0.0,False,12.694,0.64008
2023-24,65.0,0.7,5.0,25.0,0.0,True,12.73,0.64016
2023-24,65.0,0.7,5.0,25.0,0.2,False,11.961,0.63907
2023-24,65.0,0.7,5.0,25.0,0.2,True,11.99,0.63916
2023-24,65.0,0.7,5.0,25.0,0.35,False,11.469,0.63897
2023-24,65.0,0.7,5.0,25.0,0.35,True,11.495,0.63906
2023-24,65.0,0.7,5.0,18.0,0.0,False,11.102,0.64016
2023-24,65.0,0.7,5.0,18.0,0.0,True,11.143,0.64025
2023-24,65.0,0.7,5.0,18.0,0.2,False,10.683,0.63877
2023-24,65.0,0.7,5.0,18.0,0.2,True,10.718,0.63886
2023-24,65.0,0.7,5.0,18.0,0.35,False,10.372,0.63839
2023-24,65.0,0.7,5.0,18.0,0.35,True,10.405,0.63849
2023-24,65.0,0.7,8.0,,0.0,False,12.928,0.6396
2023-24,65.0,0.7,8.0,,0.0,True,12.942,0.6396
2023-24,65.0,0.7,8.0,,0.2,False,11.853,0.63869
2023-24,65.0,0.7,8.0,,0.2,True,11.867,0.6387
2023-24,65.0,0.7,8.0,,0.35,False,11.181,0.63853
2023-24,65.0,0.7,8.0,,0.35,True,11.195,0.63856
2023-24,65.0,0.7,8.0,25.0,0.0,False,11.768,0.63926
2023-24,65.0,0.7,8.0,25.0,0.0,True,11.793,0.63929
2023-24,65.0,0.7,8.0,25.0,0.2,False,11.101,0.63829
2023-24,65.0,0.7,8.0,25.0,0.2,True,11.121,0.63833
2023-24,65.0,0.7,8.0,25.0,0.35,False,10.644,0.63817
2023-24,65.0,0.7,8.0,25.0,0.35,True,10.661,0.63821
2023-24,65.0,0.7,8.0,18.0,0.0,False,10.293,0.63936
2023-24,65.0,0.7,8.0,18.0,0.0,True,10.325,0.63938
2023-24,65.0,0.7,8.0,18.0,0.2,False,9.92,0.63804
2023-24,65.0,0.7,8.0,18.0,0.2,True,9.946,0.63807
2023-24,65.0,0.7,8.0,18.0,0.35,False,9.631,0.63766
2023-24,65.0,0.7,8.0,18.0,0.35,True,9.654,0.6377
2023-24,65.0,0.7,12.0,,0.0,False,11.977,0.63948
2023-24,65.0,0.7,12.0,,0.0,True,11.985,0.63945
2023-24,65.0,0.7,12.0,,0.2,False,10.993,0.63861
2023-24,65.0,0.7,12.0,,0.2,True,11.0,0.63858
2023-24,65.0,0.7,12.0,,0.35,False,10.368,0.63844
2023-24,65.0,0.7,12.0,,0.35,True,10.376,0.63843
2023-24,65.0,0.7,12.0,25.0,0.0,False,10.896,0.63913
2023-24,65.0,0.7,12.0,25.0,0.0,True,10.915,0.63912
2023-24,65.0,0.7,12.0,25.0,0.2,False,10.29,0.6382
2023-24,65.0,0.7,12.0,25.0,0.2,True,10.303,0.63819
2023-24,65.0,0.7,12.0,25.0,0.35,False,9.865,0.63806
2023-24,65.0,0.7,12.0,25.0,0.35,True,9.875,0.63806
2023-24,65.0,0.7,12.0,18.0,0.0,False,9.532,0.63923
2023-24,65.0,0.7,12.0,18.0,0.0,True,9.556,0.63922
2023-24,65.0,0.7,12.0,18.0,0.2,False,9.196,0.63799
2023-24,65.0,0.7,12.0,18.0,0.2,True,9.215,0.63797
2023-24,65.0,0.7,12.0,18.0,0.35,False,8.927,0.6376
2023-24,65.0,0.7,12.0,18.0,0.35,True,8.943,0.63759
2023-24,65.0,0.85,5.0,,0.0,False,14.258,0.64043
2023-24,65.0,0.85,5.0,,0.0,True,14.288,0.64049
2023-24,65.0,0.85,5.0,,0.2,False,13.063,0.63949
2023-24,65.0,0.85,5.0,,0.2,True,13.093,0.63957
2023-24,65.0,0.85,5.0,,0.35,False,12.326,0.63936
2023-24,65.0,0.85,5.0,,0.35,True,12.356,0.63945
2023-24,65.0,0.85,5.0,25.0,0.0,False,12.985,0.64011
2023-24,65.0,0.85,5.0,25.0,0.0,True,13.029,0.64021
2023-24,65.0,0.85,5.0,25.0,0.2,False,12.241,0.63913
2023-24,65.0,0.85,5.0,25.0,0.2,True,12.277,0.63922
2023-24,65.0,0.85,5.0,25.0,0.35,False,11.739,0.63901
2023-24,65.0,0.85,5.0,25.0,0.35,True,11.771,0.63911
2023-24,65.0,0.85,5.0,18.0,0.0,False,11.354,0.64019
2023-24,65.0,0.85,5.0,18.0,0.0,True,11.402,0.64029
2023-24,65.0,0.85,5.0,18.0,0.2,False,10.934,0.63884
2023-24,65.0,0.85,5.0,18.0,0.2,True,10.976,0.63894
2023-24,65.0,0.85,5.0,18.0,0.35,False,10.619,0.63847
2023-24,65.0,0.85,5.0,18.0,0.35,True,10.658,0.63858
2023-24,65.0,0.85,8.0,,0.0,False,13.356,0.63981
2023-24,65.0,0.85,8.0,,0.0,True,13.378,0.63983
2023-24,65.0,0.85,8.0,,0.2,False,12.252,0.63893
2023-24,65.0,0.85,8.0,,0.2,True,12.274,0.63895
2023-24,65.0,0.85,8.0,,0.35,False,11.559,0.63877
2023-24,65.0,0.85,8.0,,0.35,True,11.581,0.63881
2023-24,65.0,0.85,8.0,25.0,0.0,False,12.161,0.6395
2023-24,65.0,0.85,8.0,25.0,0.0,True,12.195,0.63954
2023-24,65.0,0.85,8.0,25.0,0.2,False,11.478,0.63856
2023-24,65.0,0.85,8.0,25.0,0.2,True,11.506,0.6386
2023-24,65.0,0.85,8.0,25.0,0.35,False,11.006,0.63843
2023-24,65.0,0.85,8.0,25.0,0.35,True,11.03,0.63848
2023-24,65.0,0.85,8.0,18.0,0.0,False,10.633,0.63959
2023-24,65.0,0.85,8.0,18.0,0.0,True,10.673,0.63963
2023-24,65.0,0.85,8.0,18.0,0.2,False,10.257,0.63832
2023-24,65.0,0.85,8.0,18.0,0.2,True,10.29,0.63836
2023-24,65.0,0.85,8.0,18.0,0.35,False,9.961,0.63795
2023-24,65.0,0.85,8.0,18.0,0.35,True,9.991,0.638
2023-24,65.0,0.85,12.0,,0.0,False,12.508,0.63995
2023-24,65.0,0.85,12.0,,0.0,True,12.524,0.63993
2023-24,65.0,0.85,12.0,,0.2,False,11.487,0.63911
2023-24,65.0,0.85,12.0,,0.2,True,11.501,0.6391
2023-24,65.0,0.85,12.0,,0.35,False,10.835,0.63894
2023-24,65.0,0.85,12.0,,0.35,True,10.85,0.63893
2023-24,65.0,0.85,12.0,25.0,0.0,False,11.382,0.63963
2023-24,65.0,0.85,12.0,25.0,0.0,True,11.409,0.63963
2023-24,65.0,0.85,12.0,25.0,0.2,False,10.755,0.63873
2023-24,65.0,0.85,12.0,25.0,0.2,True,10.775,0.63872
2023-24,65.0,0.85,12.0,25.0,0.35,False,10.312,0.63858
2023-24,65.0,0.85,12.0,25.0,0.35,True,10.328,0.63858
2023-24,65.0,0.85,12.0,18.0,0.0,False,9.951,0.63972
2023-24,65.0,0.85,12.0,18.0,0.0,True,9.983,0.63971
2023-24,65.0,0.85,12.0,18.0,0.2,False,9.611,0.63852
2023-24,65.0,0.85,12.0,18.0,0.2,True,9.636,0.63852
2023-24,65.0,0.85,12.0,18.0,0.35,False,9.333,0.63815
2023-24,65.0,0.85,12.0,18.0,0.35,True,9.355,0.63815
2023-24,90.0,0.55,5.0,,0.0,False,13.848,0.64089
2023-24,90.0,0.55,5.0,,0.0,True,13.862,0.64093
2023-24,90.0,0.55,5.0,,0.2,False,12.694,0.64004
2023-24,90.0,0.55,5.0,,0.2,True,12.708,0.6401
2023-24,90.0,0.55,5.0,,0.35,False,11.989,0.64
2023-24,90.0,0.55,5.0,,0.35,True,12.006,0.64007
2023-24,90.0,0.55,5.0,25.0,0.0,False,12.604,0.64051
2023-24,90.0,0.55,5.0,25.0,0.0,True,12.632,0.64058
2023-24,90.0,0.55,5.0,25.0,0.2,False,11.889,0.63962
2023-24,90.0,0.55,5.0,25.0,0.2,True,11.91,0.63969
2023-24,90.0,0.55,5.0,25.0,0.35,False,11.414,0.63962
2023-24,90.0,0.55,5.0,25.0,0.35,True,11.433,0.6397
2023-24,90.0,0.55,5.0,18.0,0.0,False,11.024,0.64055
2023-24,90.0,0.55,5.0,18.0,0.0,True,11.057,0.64062
2023-24,90.0,0.55,5.0,18.0,0.2,False,10.618,0.63927
2023-24,90.0,0.55,5.0,18.0,0.2,True,10.646,0.63935
2023-24,90.0,0.55,5.0,18.0,0.35,False,10.318,0.63897
2023-24,90.0,0.55,5.0,18.0,0.35,True,10.344,0.63906
2023-24,90.0,0.55,8.0,,0.0,False,12.827,0.63991
2023-24,90.0,0.55,8.0,,0.0,True,12.832,0.6399
2023-24,90.0,0.55,8.0,,0.2,False,11.773,0.6391
2023-24,90.0,0.55,8.0,,0.2,True,11.779,0.63911
2023-24,90.0,0.55,8.0,,0.35,False,11.118,0.63905
2023-24,90.0,0.55,8.0,,0.35,True,11.126,0.63907
2023-24,90.0,0.55,8.0,25.0,0.0,False,11.674,0.63953
2023-24,90.0,0.55,8.0,25.0,0.0,True,11.692,0.63954
2023-24,90.0,0.55,8.0,25.0,0.2,False,11.025,0.63868
2023-24,90.0,0.55,8.0,25.0,0.2,True,11.038,0.6387
2023-24,90.0,0.55,8.0,25.0,0.35,False,10.584,0.63868
2023-24,90.0,0.55,8.0,25.0,0.35,True,10.595,0.6387
2023-24,90.0,0.55,8.0,18.0,0.0,False,10.214,0.63959
2023-24,90.0,0.55,8.0,18.0,0.0,True,10.239,0.6396
2023-24,90.0,0.55,8.0,18.0,0.2,False,9.853,0.63839
2023-24,90.0,0.55,8.0,18.0,0.2,True,9.873,0.63841
2023-24,90.0,0.55,8.0,18.0,0.35,False,9.574,0.6381
2023-24,90.0,0.55,8.0,18.0,0.35,True,9.592,0.63813
2023-24,90.0,0.55,12.0,,0.0,False,11.883,0.63956
2023-24,90.0,0.55,12.0,,0.0,True,11.882,0.63951
2023-24,90.0,0.55,12.0,,0.2,False,10.919,0.6388
2023-24,90.0,0.55,12.0,,0.2,True,10.919,0.63877
2023-24,90.0,0.55,12.0,,0.35,False,10.311,0.63874
2023-24,90.0,0.55,12.0,,0.35,True,10.312,0.63872
2023-24,90.0,0.55,12.0,25.0,0.0,False,10.812,0.63918
2023-24,90.0,0.55,12.0,25.0,0.0,True,10.823,0.63915
2023-24,90.0,0.55,12.0,25.0,0.2,False,10.222,0.63837
2023-24,90.0,0.55,12.0,25.0,0.2,True,10.228,0.63835
2023-24,90.0,0.55,12.0,25.0,0.35,False,9.813,0.63835
2023-24,90.0,0.55,12.0,25.0,0.35,True,9.817,0.63834
2023-24,90.0,0.55,12.0,18.0,0.0,False,9.462,0.63925
2023-24,90.0,0.55,12.0,18.0,0.0,True,9.48,0.63922
2023-24,90.0,0.55,12.0,18.0,0.2,False,9.138,0.63812
2023-24,90.0,0.55,12.0,18.0,0.2,True,9.151,0.63809
2023-24,90.0,0.55,12.0,18.0,0.35,False,8.879,0.63782
2023-24,90.0,0.55,12.0,18.0,0.35,True,8.89,0.63781
2023-24,90.0,0.7,5.0,,0.0,False,14.096,0.64071
2023-24,90.0,0.7,5.0,,0.0,True,14.116,0.64075
2023-24,90.0,0.7,5.0,,0.2,False,12.927,0.63987
2023-24,90.0,0.7,5.0,,0.2,True,12.948,0.63993
2023-24,90.0,0.7,5.0,,0.35,False,12.211,0.63983
2023-24,90.0,0.7,5.0,,0.35,True,12.232,0.6399
2023-24,90.0,0.7,5.0,25.0,0.0,False,12.835,0.64035
2023-24,90.0,0.7,5.0,25.0,0.0,True,12.869,0.64042
2023-24,90.0,0.7,5.0,25.0,0.2,False,12.112,0.63947
2023-24,90.0,0.7,5.0,25.0,0.2,True,12.14,0.63955
2023-24,90.0,0.7,5.0,25.0,0.35,False,11.629,0.63946
2023-24,90.0,0.7,5.0,25.0,0.35,True,11.653,0.63955
2023-24,90.0,0.7,5.0,18.0,0.0,False,11.224,0.64039
2023-24,90.0,0.7,5.0,18.0,0.0,True,11.264,0.64047
2023-24,90.0,0.7,5.0,18.0,0.2,False,10.819,0.63914
2023-24,90.0,0.7,5.0,18.0,0.2,True,10.853,0.63922
2023-24,90.0,0.7,5.0,18.0,0.35,False,10.516,0.63885
2023-24,90.0,0.7,5.0,18.0,0.35,True,10.547,0.63894
2023-24,90.0,0.7,8.0,,0.0,False,13.169,0.63982
2023-24,90.0,0.7,8.0,,0.0,True,13.181,0.63982
2023-24,90.0,0.7,8.0,,0.2,False,12.094,0.63904
2023-24,90.0,0.7,8.0,,0.2,True,12.106,0.63905
2023-24,90.0,0.7,8.0,,0.35,False,11.422,0.63899
2023-24,90.0,0.7,8.0,,0.35,True,11.435,0.63901
2023-24,90.0,0.7,8.0,25.0,0.0,False,11.99,0.63947
2023-24,90.0,0.7,8.0,25.0,0.0,True,12.015,0.6395
2023-24,90.0,0.7,8.0,25.0,0.2,False,11.33,0.63864
2023-24,90.0,0.7,8.0,25.0,0.2,True,11.349,0.63867
2023-24,90.0,0.7,8.0,25.0,0.35,False,10.877,0.63863
2023-24,90.0,0.7,8.0,25.0,0.35,True,10.893,0.63866
2023-24,90.0,0.7,8.0,18.0,0.0,False,10.488,0.63953
2023-24,90.0,0.7,8.0,18.0,0.0,True,10.519,0.63956
2023-24,90.0,0.7,8.0,18.0,0.2,False,10.126,0.63837
2023-24,90.0,0.7,8.0,18.0,0.2,True,10.152,0.6384
2023-24,90.0,0.7,8.0,18.0,0.35,False,9.843,0.63808
2023-24,90.0,0.7,8.0,18.0,0.35,True,9.866,0.63812
2023-24,90.0,0.7,12.0,,0.0,False,12.314,0.63963
2023-24,90.0,0.7,12.0,,0.0,True,12.321,0.63959
2023-24,90.0,0.7,12.0,,0.2,False,11.322,0.6389
2023-24,90.0,0.7,12.0,,0.2,True,11.329,0.63887
2023-24,90.0,0.7,12.0,,0.35,False,10.692,0.63883
2023-24,90.0,0.7,12.0,,0.35,True,10.7,0.63881
2023-24,90.0,0.7,12.0,25.0,0.0,False,11.209,0.63928
2023-24,90.0,0.7,12.0,25.0,0.0,True,11.227,0.63926
2023-24,90.0,0.7,12.0,25.0,0.2,False,10.603,0.63849
2023-24,90.0,0.7,12.0,25.0,0.2,True,10.616,0.63847
2023-24,90.0,0.7,12.0,25.0,0.35,False,10.179,0.63846
2023-24,90.0,0.7,12.0,25.0,0.35,True,10.188,0.63845
2023-24,90.0,0.7,12.0,18.0,0.0,False,9.805,0.63935
2023-24,90.0,0.7,12.0,18.0,0.0,True,9.829,0.63933
2023-24,90.0,0.7,12.0,18.0,0.2,False,9.478,0.63826
2023-24,90.0,0.7,12.0,18.0,0.2,True,9.497,0.63824
2023-24,90.0,0.7,12.0,18.0,0.35,False,9.213,0.63797
2023-24,90.0,0.7,12.0,18.0,0.35,True,9.229,0.63796
2023-24,90.0,0.85,5.0,,0.0,False,14.4,0.64071
2023-24,90.0,0.85,5.0,,0.0,True,14.428,0.64077
2023-24,90.0,0.85,5.0,,0.2,False,13.214,0.6399
2023-24,90.0,0.85,5.0,,0.2,True,13.242,0.63997
2023-24,90.0,0.85,5.0,,0.35,False,12.483,0.63986
2023-24,90.0,0.85,5.0,,0.35,True,12.511,0.63994
2023-24,90.0,0.85,5.0,25.0,0.0,False,13.116,0.64038
2023-24,90.0,0.85,5.0,25.0,0.0,True,13.158,0.64046
2023-24,90.0,0.85,5.0,25.0,0.2,False,12.384,0.63952
2023-24,90.0,0.85,5.0,25.0,0.2,True,12.419,0.63961
2023-24,90.0,0.85,5.0,25.0,0.35,False,11.891,0.63951
2023-24,90.0,0.85,5.0,25.0,0.35,True,11.922,0.6396
2023-24,90.0,0.85,5.0,18.0,0.0,False,11.468,0.64041
2023-24,90.0,0.85,5.0,18.0,0.0,True,11.515,0.6405
2023-24,90.0,0.85,5.0,18.0,0.2,False,11.063,0.63921
2023-24,90.0,0.85,5.0,18.0,0.2,True,11.104,0.6393
2023-24,90.0,0.85,5.0,18.0,0.35,False,10.756,0.63892
2023-24,90.0,0.85,5.0,18.0,0.35,True,10.794,0.63903
2023-24,90.0,0.85,8.0,,0.0,False,13.592,0.64003
2023-24,90.0,0.85,8.0,,0.0,True,13.614,0.64004
2023-24,90.0,0.85,8.0,,0.2,False,12.491,0.63928
2023-24,90.0,0.85,8.0,,0.2,True,12.512,0.6393
2023-24,90.0,0.85,8.0,,0.35,False,11.799,0.63922
2023-24,90.0,0.85,8.0,,0.35,True,11.82,0.63926
2023-24,90.0,0.85,8.0,25.0,0.0,False,12.38,0.6397
2023-24,90.0,0.85,8.0,25.0,0.0,True,12.413,0.63974
2023-24,90.0,0.85,8.0,25.0,0.2,False,11.706,0.63889
2023-24,90.0,0.85,8.0,25.0,0.2,True,11.732,0.63893
2023-24,90.0,0.85,8.0,25.0,0.35,False,11.239,0.63888
2023-24,90.0,0.85,8.0,25.0,0.35,True,11.262,0.63892
2023-24,90.0,0.85,8.0,18.0,0.0,False,10.825,0.63975
2023-24,90.0,0.85,8.0,18.0,0.0,True,10.864,0.63979
2023-24,90.0,0.85,8.0,18.0,0.2,False,10.462,0.63864
2023-24,90.0,0.85,8.0,18.0,0.2,True,10.494,0.63868
2023-24,90.0,0.85,8.0,18.0,0.35,False,10.173,0.63836
2023-24,90.0,0.85,8.0,18.0,0.35,True,10.202,0.63841
2023-24,90.0,0.85,12.0,,0.0,False,12.858,0.6401
2023-24,90.0,0.85,12.0,,0.0,True,12.873,0.64008
2023-24,90.0,0.85,12.0,,0.2,False,11.83,0.6394
2023-24,90.0,0.85,12.0,,0.2,True,11.845,0.63939
2023-24,90.0,0.85,12.0,,0.35,False,11.174,0.63933
2023-24,90.0,0.85,12.0,,0.35,True,11.189,0.63933
2023-24,90.0,0.85,12.0,25.0,0.0,False,11.706,0.63978
2023-24,90.0,0.85,12.0,25.0,0.0,True,11.733,0.63978
2023-24,90.0,0.85,12.0,25.0,0.2,False,11.081,0.63901
2023-24,90.0,0.85,12.0,25.0,0.2,True,11.101,0.63901
2023-24,90.0,0.85,12.0,25.0,0.35,False,10.639,0.63898
2023-24,90.0,0.85,12.0,25.0,0.35,True,10.656,0.63898
2023-24,90.0,0.85,12.0,18.0,0.0,False,10.234,0.63982
2023-24,90.0,0.85,12.0,18.0,0.0,True,10.267,0.63982
2023-24,90.0,0.85,12.0,18.0,0.2,False,9.904,0.63879
2023-24,90.0,0.85,12.0,18.0,0.2,True,9.93,0.63879
2023-24,90.0,0.85,12.0,18.0,0.35,False,9.631,0.63852
2023-24,90.0,0.85,12.0,18.0,0.35,True,9.653,0.63852
2023-24,130.0,0.55,5.0,,0.0,False,13.987,0.64124
2023-24,130.0,0.55,5.0,,0.0,True,13.999,0.64127
2023-24,130.0,0.55,5.0,,0.2,False,12.838,0.64049
2023-24,130.0,0.55,5.0,,0.2,True,12.851,0.64054
2023-24,130.0,0.55,5.0,,0.35,False,12.139,0.64052
2023-24,130.0,0.55,5.0,,0.35,True,12.153,0.64059
2023-24,130.0,0.55,5.0,25.0,0.0,False,12.734,0.64085
2023-24,130.0,0.55,5.0,25.0,0.0,True,12.76,0.6409
2023-24,130.0,0.55,5.0,25.0,0.2,False,12.027,0.64006
2023-24,130.0,0.55,5.0,25.0,0.2,True,12.047,0.64013
2023-24,130.0,0.55,5.0,25.0,0.35,False,11.559,0.64015
2023-24,130.0,0.55,5.0,25.0,0.35,True,11.577,0.64022
2023-24,130.0,0.55,5.0,18.0,0.0,False,11.137,0.64086
2023-24,130.0,0.55,5.0,18.0,0.0,True,11.17,0.64092
2023-24,130.0,0.55,5.0,18.0,0.2,False,10.742,0.6397
2023-24,130.0,0.55,5.0,18.0,0.2,True,10.769,0.63976
2023-24,130.0,0.55,5.0,18.0,0.35,False,10.449,0.63948
2023-24,130.0,0.55,5.0,18.0,0.35,True,10.474,0.63956
2023-24,130.0,0.55,8.0,,0.0,False,13.028,0.64022
2023-24,130.0,0.55,8.0,,0.0,True,13.032,0.6402
2023-24,130.0,0.55,8.0,,0.2,False,11.975,0.63953
2023-24,130.0,0.55,8.0,,0.2,True,11.979,0.63953
2023-24,130.0,0.55,8.0,,0.35,False,11.321,0.63956
2023-24,130.0,0.55,8.0,,0.35,True,11.327,0.63958
2023-24,130.0,0.55,8.0,25.0,0.0,False,11.861,0.63983
2023-24,130.0,0.55,8.0,25.0,0.0,True,11.878,0.63984
2023-24,130.0,0.55,8.0,25.0,0.2,False,11.218,0.6391
2023-24,130.0,0.55,8.0,25.0,0.2,True,11.229,0.63912
2023-24,130.0,0.55,8.0,25.0,0.35,False,10.781,0.63919
2023-24,130.0,0.55,8.0,25.0,0.35,True,10.791,0.63921
2023-24,130.0,0.55,8.0,18.0,0.0,False,10.378,0.63987
2023-24,130.0,0.55,8.0,18.0,0.0,True,10.403,0.63988
2023-24,130.0,0.55,8.0,18.0,0.2,False,10.027,0.63879
2023-24,130.0,0.55,8.0,18.0,0.2,True,10.046,0.63881
2023-24,130.0,0.55,8.0,18.0,0.35,False,9.753,0.63858
2023-24,130.0,0.55,8.0,18.0,0.35,True,9.77,0.63861
2023-24,130.0,0.55,12.0,,0.0,False,12.151,0.63982
2023-24,130.0,0.55,12.0,,0.0,True,12.149,0.63977
2023-24,130.0,0.55,12.0,,0.2,False,11.181,0.63917
2023-24,130.0,0.55,12.0,,0.2,True,11.18,0.63914
2023-24,130.0,0.55,12.0,,0.35,False,10.57,0.6392
2023-24,130.0,0.55,12.0,,0.35,True,10.571,0.63918
2023-24,130.0,0.55,12.0,25.0,0.0,False,11.06,0.63943
2023-24,130.0,0.55,12.0,25.0,0.0,True,11.071,0.6394
2023-24,130.0,0.55,12.0,25.0,0.2,False,10.472,0.63874
2023-24,130.0,0.55,12.0,25.0,0.2,True,10.477,0.63872
2023-24,130.0,0.55,12.0,25.0,0.35,False,10.064,0.63882
2023-24,130.0,0.55,12.0,25.0,0.35,True,10.067,0.6388
2023-24,130.0,0.55,12.0,18.0,0.0,False,9.68,0.63948
2023-24,130.0,0.55,12.0,18.0,0.0,True,9.698,0.63945
2023-24,130.0,0.55,12.0,18.0,0.2,False,9.363,0.63848
2023-24,130.0,0.55,12.0,18.0,0.2,True,9.376,0.63845
2023-24,130.0,0.55,12.0,18.0,0.35,False,9.108,0.63827
2023-24,130.0,0.55,12.0,18.0,0.35,True,9.118,0.63825
2023-24,130.0,0.7,5.0,,0.0,False,14.23,0.64106
2023-24,130.0,0.7,5.0,,0.0,True,14.248,0.6411
2023-24,130.0,0.7,5.0,,0.2,False,13.068,0.64033
2023-24,130.0,0.7,5.0,,0.2,True,13.087,0.64039
2023-24,130.0,0.7,5.0,,0.35,False,12.356,0.64036
2023-24,130.0,0.7,5.0,,0.35,True,12.377,0.64044
2023-24,130.0,0.7,5.0,25.0,0.0,False,12.961,0.64069
2023-24,130.0,0.7,5.0,25.0,0.0,True,12.992,0.64076
2023-24,130.0,0.7,5.0,25.0,0.2,False,12.246,0.63992
2023-24,130.0,0.7,5.0,25.0,0.2,True,12.272,0.63999
2023-24,130.0,0.7,5.0,25.0,0.35,False,11.77,0.64
2023-24,130.0,0.7,5.0,25.0,0.35,True,11.793,0.64008
2023-24,130.0,0.7,5.0,18.0,0.0,False,11.334,0.6407
2023-24,130.0,0.7,5.0,18.0,0.0,True,11.372,0.64077
2023-24,130.0,0.7,5.0,18.0,0.2,False,10.94,0.63957
2023-24,130.0,0.7,5.0,18.0,0.2,True,10.972,0.63965
2023-24,130.0,0.7,5.0,18.0,0.35,False,10.643,0.63936
2023-24,130.0,0.7,5.0,18.0,0.35,True,10.674,0.63944
2023-24,130.0,0.7,8.0,,0.0,False,13.37,0.64014
2023-24,130.0,0.7,8.0,,0.0,True,13.38,0.64014
2023-24,130.0,0.7,8.0,,0.2,False,12.296,0.63947
2023-24,130.0,0.7,8.0,,0.2,True,12.307,0.63948
2023-24,130.0,0.7,8.0,,0.35,False,11.625,0.6395
2023-24,130.0,0.7,8.0,,0.35,True,11.638,0.63953
2023-24,130.0,0.7,8.0,25.0,0.0,False,12.177,0.63978
2023-24,130.0,0.7,8.0,25.0,0.0,True,12.201,0.6398
2023-24,130.0,0.7,8.0,25.0,0.2,False,11.522,0.63907
2023-24,130.0,0.7,8.0,25.0,0.2,True,11.54,0.63909
2023-24,130.0,0.7,8.0,25.0,0.35,False,11.075,0.63914
2023-24,130.0,0.7,8.0,25.0,0.35,True,11.09,0.63917
2023-24,130.0,0.7,8.0,18.0,0.0,False,10.652,0.63981
2023-24,130.0,0.7,8.0,18.0,0.0,True,10.682,0.63983
2023-24,130.0,0.7,8.0,18.0,0.2,False,10.3,0.63878
2023-24,130.0,0.7,8.0,18.0,0.2,True,10.325,0.6388
2023-24,130.0,0.7,8.0,18.0,0.35,False,10.022,0.63857
2023-24,130.0,0.7,8.0,18.0,0.35,True,10.044,0.63861
2023-24,130.0,0.7,12.0,,0.0,False,12.591,0.6399
2023-24,130.0,0.7,12.0,,0.0,True,12.597,0.63987
2023-24,130.0,0.7,12.0,,0.2,False,11.594,0.63928
2023-24,130.0,0.7,12.0,,0.2,True,11.6,0.63926
2023-24,130.0,0.7,12.0,,0.35,False,10.962,0.6393
2023-24,130.0,0.7,12.0,,0.35,True,10.968,0.63929
2023-24,130.0,0.7,12.0,25.0,0.0,False,11.465,0.63955
2023-24,130.0,0.7,12.0,25.0,0.0,True,11.483,0.63953
2023-24,130.0,0.7,12.0,25.0,0.2,False,10.862,0.63887
2023-24,130.0,0.7,12.0,25.0,0.2,True,10.874,0.63886
2023-24,130.0,0.7,12.0,25.0,0.35,False,10.44,0.63894
2023-24,130.0,0.7,12.0,25.0,0.35,True,10.449,0.63893
2023-24,130.0,0.7,12.0,18.0,0.0,False,10.03,0.63958
2023-24,130.0,0.7,12.0,18.0,0.0,True,10.055,0.63956
2023-24,130.0,0.7,12.0,18.0,0.2,False,9.712,0.63863
2023-24,130.0,0.7,12.0,18.0,0.2,True,9.731,0.63861
2023-24,130.0,0.7,12.0,18.0,0.35,False,9.45,0.63843
2023-24,130.0,0.7,12.0,18.0,0.35,True,9.467,0.63842
2023-24,130.0,0.85,5.0,,0.0,False,14.525,0.64106
2023-24,130.0,0.85,5.0,,0.0,True,14.552,0.64111
2023-24,130.0,0.85,5.0,,0.2,False,13.346,0.64035
2023-24,130.0,0.85,5.0,,0.2,True,13.373,0.64042
2023-24,130.0,0.85,5.0,,0.35,False,12.621,0.64039
2023-24,130.0,0.85,5.0,,0.35,True,12.648,0.64047
2023-24,130.0,0.85,5.0,25.0,0.0,False,13.233,0.64071
2023-24,130.0,0.85,5.0,25.0,0.0,True,13.273,0.64079
2023-24,130.0,0.85,5.0,25.0,0.2,False,12.51,0.63996
2023-24,130.0,0.85,5.0,25.0,0.2,True,12.543,0.64004
2023-24,130.0,0.85,5.0,25.0,0.35,False,12.025,0.64003
2023-24,130.0,0.85,5.0,25.0,0.35,True,12.054,0.64012
2023-24,130.0,0.85,5.0,18.0,0.0,False,11.57,0.64072
2023-24,130.0,0.85,5.0,18.0,0.0,True,11.616,0.6408
2023-24,130.0,0.85,5.0,18.0,0.2,False,11.177,0.63963
2023-24,130.0,0.85,5.0,18.0,0.2,True,11.216,0.63971
2023-24,130.0,0.85,5.0,18.0,0.35,False,10.877,0.63942
2023-24,130.0,0.85,5.0,18.0,0.35,True,10.914,0.63952
2023-24,130.0,0.85,8.0,,0.0,False,13.786,0.64033
2023-24,130.0,0.85,8.0,,0.0,True,13.806,0.64034
2023-24,130.0,0.85,8.0,,0.2,False,12.687,0.63969
2023-24,130.0,0.85,8.0,,0.2,True,12.706,0.63971
2023-24,130.0,0.85,8.0,,0.35,False,11.997,0.63972
2023-24,130.0,0.85,8.0,,0.35,True,12.017,0.63976
2023-24,130.0,0.85,8.0,25.0,0.0,False,12.559,0.63999
2023-24,130.0,0.85,8.0,25.0,0.0,True,12.592,0.64003
2023-24,130.0,0.85,8.0,25.0,0.2,False,11.892,0.6393
2023-24,130.0,0.85,8.0,25.0,0.2,True,11.917,0.63934
2023-24,130.0,0.85,8.0,25.0,0.35,False,11.431,0.63937
2023-24,130.0,0.85,8.0,25.0,0.35,True,11.453,0.63941
2023-24,130.0,0.85,8.0,18.0,0.0,False,10.982,0.64001
2023-24,130.0,0.85,8.0,18.0,0.0,True,11.021,0.64005
2023-24,130.0,0.85,8.0,18.0,0.2,False,10.63,0.63902
2023-24,130.0,0.85,8.0,18.0,0.2,True,10.662,0.63906
2023-24,130.0,0.85,8.0,18.0,0.35,False,10.347,0.63883
2023-24,130.0,0.85,8.0,18.0,0.35,True,10.376,0.63888
2023-24,130.0,0.85,12.0,,0.0,False,13.135,0.64035
2023-24,130.0,0.85,12.0,,0.0,True,13.15,0.64033
2023-24,130.0,0.85,12.0,,0.2,False,12.104,0.63976
2023-24,130.0,0.85,12.0,,0.2,True,12.118,0.63975
2023-24,130.0,0.85,12.0,,0.35,False,11.446,0.63978
2023-24,130.0,0.85,12.0,,0.35,True,11.46,0.63978
2023-24,130.0,0.85,12.0,25.0,0.0,False,11.963,0.64002
2023-24,130.0,0.85,12.0,25.0,0.0,True,11.989,0.64002
2023-24,130.0,0.85,12.0,25.0,0.2,False,11.341,0.63937
2023-24,130.0,0.85,12.0,25.0,0.2,True,11.361,0.63937
2023-24,130.0,0.85,12.0,25.0,0.35,False,10.902,0.63943
2023-24,130.0,0.85,12.0,25.0,0.35,True,10.918,0.63943
2023-24,130.0,0.85,12.0,18.0,0.0,False,10.46,0.64004
2023-24,130.0,0.85,12.0,18.0,0.0,True,10.492,0.64003
2023-24,130.0,0.85,12.0,18.0,0.2,False,10.139,0.63914
2023-24,130.0,0.85,12.0,18.0,0.2,True,10.165,0.63913
2023-24,130.0,0.85,12.0,18.0,0.35,False,9.871,0.63895
2023-24,130.0,0.85,12.0,18.0,0.35,True,9.893,0.63896
2024-25,30.0,0.55,5.0,,0.0,False,12.953,0.63589
2024-25,30.0,0.55,5.0,,0.0,True,12.993,0.63612
2024-25,30.0,0.55,5.0,,0.2,False,11.831,0.63453
2024-25,30.0,0.55,5.0,,0.2,True,11.869,0.63477
2024-25,30.0,0.55,5.0,,0.35,False,11.142,0.63412
2024-25,30.0,0.55,5.0,,0.35,True,11.181,0.63437
2024-25,30.0,0.55,5.0,25.0,0.0,False,11.685,0.63548
2024-25,30.0,0.55,5.0,25.0,0.0,True,11.741,0.63575
2024-25,30.0,0.55,5.0,25.0,0.2,False,10.992,0.6341
2024-25,30.0,0.55,5.0,25.0,0.2,True,11.04,0.63436
2024-25,30.0,0.55,5.0,25.0,0.35,False,10.529,0.63374
2024-25,30.0,0.55,5.0,25.0,0.35,True,10.572,0.634
2024-25,30.0,0.55,5.0,18.0,0.0,False,10.197,0.63566
2024-25,30.0,0.55,5.0,18.0,0.0,True,10.255,0.63592
2024-25,30.0,0.55,5.0,18.0,0.2,False,9.777,0.63388
2024-25,30.0,0.55,5.0,18.0,0.2,True,9.829,0.63414
2024-25,30.0,0.55,5.0,18.0,0.35,False,9.482,0.63329
2024-25,30.0,0.55,5.0,18.0,0.35,True,9.53,0.63355
2024-25,30.0,0.55,8.0,,0.0,False,11.559,0.63553
2024-25,30.0,0.55,8.0,,0.0,True,11.585,0.6357
2024-25,30.0,0.55,8.0,,0.2,False,10.572,0.63424
2024-25,30.0,0.55,8.0,,0.2,True,10.598,0.63441
2024-25,30.0,0.55,8.0,,0.35,False,9.96,0.63383
2024-25,30.0,0.55,8.0,,0.35,True,9.985,0.63402
2024-25,30.0,0.55,8.0,25.0,0.0,False,10.418,0.63509
2024-25,30.0,0.55,8.0,25.0,0.0,True,10.458,0.63529
2024-25,30.0,0.55,8.0,25.0,0.2,False,9.816,0.63378
2024-25,30.0,0.55,8.0,25.0,0.2,True,9.85,0.63398
2024-25,30.0,0.55,8.0,25.0,0.35,False,9.405,0.63344
2024-25,30.0,0.55,8.0,25.0,0.35,True,9.436,0.63364
2024-25,30.0,0.55,8.0,18.0,0.0,False,9.085,0.63524
2024-25,30.0,0.55,8.0,18.0,0.0,True,9.13,0.63544
2024-25,30.0,0.55,8.0,18.0,0.2,False,8.729,0.63357
2024-25,30.0,0.55,8.0,18.0,0.2,True,8.767,0.63377
2024-25,30.0,0.55,8.0,18.0,0.35,False,8.468,0.63301
2024-25,30.0,0.55,8.0,18.0,0.35,True,8.503,0.6332
2024-25,30.0,0.55,12.0,,0.0,False,10.3,0.63602
2024-25,30.0,0.55,12.0,,0.0,True,10.317,0.63614
2024-25,30.0,0.55,12.0,,0.2,False,9.437,0.63481
2024-25,30.0,0.55,12.0,,0.2,True,9.453,0.63494
2024-25,30.0,0.55,12.0,,0.35,False,8.894,0.63443
2024-25,30.0,0.55,12.0,,0.35,True,8.911,0.63456
2024-25,30.0,0.55,12.0,25.0,0.0,False,9.273,0.63554
2024-25,30.0,0.55,12.0,25.0,0.0,True,9.303,0.63569
2024-25,30.0,0.55,12.0,25.0,0.2,False,8.753,0.63433
2024-25,30.0,0.55,12.0,25.0,0.2,True,8.777,0.63447
2024-25,30.0,0.55,12.0,25.0,0.35,False,8.39,0.634
2024-25,30.0,0.55,12.0,25.0,0.35,True,8.412,0.63414
2024-25,30.0,0.55,12.0,18.0,0.0,False,8.081,0.63566
2024-25,30.0,0.55,12.0,18.0,0.0,True,8.116,0.63581
2024-25,30.0,0.55,12.0,18.0,0.2,False,7.779,0.63411
2024-25,30.0,0.55,12.0,18.0,0.2,True,7.809,0.63426
2024-25,30.0,0.55,12.0,18.0,0.35,False,7.551,0.63358
2024-25,30.0,0.55,12.0,18.0,0.35,True,7.577,0.63372
2024-25,30.0,0.7,5.0,,0.0,False,13.151,0.63546
2024-25,30.0,0.7,5.0,,0.0,True,13.195,0.63569
2024-25,30.0,0.7,5.0,,0.2,False,12.014,0.63412
2024-25,30.0,0.7,5.0,,0.2,True,12.057,0.63435
2024-25,30.0,0.7,5.0,,0.35,False,11.314,0.63371
2024-25,30.0,0.7,5.0,,0.35,True,11.356,0.63395
2024-25,30.0,0.7,5.0,25.0,0.0,False,11.869,0.63508
2024-25,30.0,0.7,5.0,25.0,0.0,True,11.929,0.63535
2024-25,30.0,0.7,5.0,25.0,0.2,False,11.169,0.63371
2024-25,30.0,0.7,5.0,25.0,0.2,True,11.22,0.63397
2024-25,30.0,0.7,5.0,25.0,0.35,False,10.697,0.63336
2024-25,30.0,0.7,5.0,25.0,0.35,True,10.743,0.63362
2024-25,30.0,0.7,5.0,18.0,0.0,False,10.357,0.63527
2024-25,30.0,0.7,5.0,18.0,0.0,True,10.419,0.63553
2024-25,30.0,0.7,5.0,18.0,0.2,False,9.937,0.63353
2024-25,30.0,0.7,5.0,18.0,0.2,True,9.992,0.63379
2024-25,30.0,0.7,5.0,18.0,0.35,False,9.638,0.63295
2024-25,30.0,0.7,5.0,18.0,0.35,True,9.689,0.63321
2024-25,30.0,0.7,8.0,,0.0,False,11.788,0.63511
2024-25,30.0,0.7,8.0,,0.0,True,11.818,0.63528
2024-25,30.0,0.7,8.0,,0.2,False,10.784,0.63383
2024-25,30.0,0.7,8.0,,0.2,True,10.813,0.634
2024-25,30.0,0.7,8.0,,0.35,False,10.158,0.63343
2024-25,30.0,0.7,8.0,,0.35,True,10.186,0.6336
2024-25,30.0,0.7,8.0,25.0,0.0,False,10.63,0.63471
2024-25,30.0,0.7,8.0,25.0,0.0,True,10.675,0.6349
2024-25,30.0,0.7,8.0,25.0,0.2,False,10.019,0.63341
2024-25,30.0,0.7,8.0,25.0,0.2,True,10.056,0.6336
2024-25,30.0,0.7,8.0,25.0,0.35,False,9.598,0.63307
2024-25,30.0,0.7,8.0,25.0,0.35,True,9.631,0.63325
2024-25,30.0,0.7,8.0,18.0,0.0,False,9.27,0.63487
2024-25,30.0,0.7,8.0,18.0,0.0,True,9.319,0.63507
2024-25,30.0,0.7,8.0,18.0,0.2,False,8.912,0.63324
2024-25,30.0,0.7,8.0,18.0,0.2,True,8.954,0.63343
2024-25,30.0,0.7,8.0,18.0,0.35,False,8.648,0.63269
2024-25,30.0,0.7,8.0,18.0,0.35,True,8.686,0.63288
2024-25,30.0,0.7,12.0,,0.0,False,10.536,0.63561
2024-25,30.0,0.7,12.0,,0.0,True,10.556,0.63572
2024-25,30.0,0.7,12.0,,0.2,False,9.654,0.63441
2024-25,30.0,0.7,12.0,,0.2,True,9.673,0.63452
2024-25,30.0,0.7,12.0,,0.35,False,9.098,0.63402
2024-25,30.0,0.7,12.0,,0.35,True,9.117,0.63414
2024-25,30.0,0.7,12.0,25.0,0.0,False,9.492,0.63517
2024-25,30.0,0.7,12.0,25.0,0.0,True,9.525,0.6353
2024-25,30.0,0.7,12.0,25.0,0.2,False,8.961,0.63396
2024-25,30.0,0.7,12.0,25.0,0.2,True,8.988,0.63409
2024-25,30.0,0.7,12.0,25.0,0.35,False,8.589,0.63363
2024-25,30.0,0.7,12.0,25.0,0.35,True,8.613,0.63376
2024-25,30.0,0.7,12.0,18.0,0.0,False,8.272,0.6353
2024-25,30.0,0.7,12.0,18.0,0.0,True,8.31,0.63544
2024-25,30.0,0.7,12.0,18.0,0.2,False,7.969,0.63379
2024-25,30.0,0.7,12.0,18.0,0.2,True,8.001,0.63393
2024-25,30.0,0.7,12.0,18.0,0.35,False,7.736,0.63328
2024-25,30.0,0.7,12.0,18.0,0.35,True,7.765,0.63341
2024-25,30.0,0.85,5.0,,0.0,False,13.423,0.63527
2024-25,30.0,0.85,5.0,,0.0,True,13.474,0.6355
2024-25,30.0,0.85,5.0,,0.2,False,12.267,0.63395
2024-25,30.0,0.85,5.0,,0.2,True,12.315,0.63419
2024-25,30.0,0.85,5.0,,0.35,False,11.551,0.63355
2024-25,30.0,0.85,5.0,,0.35,True,11.598,0.63379
2024-25,30.0,0.85,5.0,25.0,0.0,False,12.12,0.63492
2024-25,30.0,0.85,5.0,25.0,0.0,True,12.186,0.63519
2024-25,30.0,0.85,5.0,25.0,0.2,False,11.409,0.63358
2024-25,30.0,0.85,5.0,25.0,0.2,True,11.466,0.63384
2024-25,30.0,0.85,5.0,25.0,0.35,False,10.926,0.63322
2024-25,30.0,0.85,5.0,25.0,0.35,True,10.978,0.63348
2024-25,30.0,0.85,5.0,18.0,0.0,False,10.575,0.63512
2024-25,30.0,0.85,5.0,18.0,0.0,True,10.644,0.63538
2024-25,30.0,0.85,5.0,18.0,0.2,False,10.153,0.63342
2024-25,30.0,0.85,5.0,18.0,0.2,True,10.214,0.63369
2024-25,30.0,0.85,5.0,18.0,0.35,False,9.85,0.63287
2024-25,30.0,0.85,5.0,18.0,0.35,True,9.906,0.63313
2024-25,30.0,0.85,8.0,,0.0,False,12.117,0.63506
2024-25,30.0,0.85,8.0,,0.0,True,12.153,0.63522
2024-25,30.0,0.85,8.0,,0.2,False,11.088,0.6338
2024-25,30.0,0.85,8.0,,0.2,True,11.122,0.63397
2024-25,30.0,0.85,8.0,,0.35,False,10.443,0.6334
2024-25,30.0,0.85,8.0,,0.35,True,10.476,0.63357
2024-25,30.0,0.85,8.0,25.0,0.0,False,10.933,0.63469
2024-25,30.0,0.85,8.0,25.0,0.0,True,10.983,0.63488
2024-25,30.0,0.85,8.0,25.0,0.2,False,10.307,0.63342
2024-25,30.0,0.85,8.0,25.0,0.2,True,10.349,0.6336
2024-25,30.0,0.85,8.0,25.0,0.35,False,9.874,0.63307
2024-25,30.0,0.85,8.0,25.0,0.35,True,9.912,0.63325
2024-25,30.0,0.85,8.0,18.0,0.0,False,9.533,0.63486
2024-25,30.0,0.85,8.0,18.0,0.0,True,9.587,0.63505
2024-25,30.0,0.85,8.0,18.0,0.2,False,9.173,0.63329
2024-25,30.0,0.85,8.0,18.0,0.2,True,9.219,0.63347
2024-25,30.0,0.85,8.0,18.0,0.35,False,8.903,0.63276
2024-25,30.0,0.85,8.0,18.0,0.35,True,8.945,0.63295
2024-25,30.0,0.85,12.0,,0.0,False,10.892,0.63569
2024-25,30.0,0.85,12.0,,0.0,True,10.916,0.63579
2024-25,30.0,0.85,12.0,,0.2,False,9.983,0.63451
2024-25,30.0,0.85,12.0,,0.2,True,10.005,0.63461
2024-25,30.0,0.85,12.0,,0.35,False,9.407,0.63412
2024-25,30.0,0.85,12.0,,0.35,True,9.43,0.63423
2024-25,30.0,0.85,12.0,25.0,0.0,False,9.819,0.63529
2024-25,30.0,0.85,12.0,25.0,0.0,True,9.857,0.63542
2024-25,30.0,0.85,12.0,25.0,0.2,False,9.274,0.63411
2024-25,30.0,0.85,12.0,25.0,0.2,True,9.304,0.63423
2024-25,30.0,0.85,12.0,25.0,0.35,False,8.889,0.63378
2024-25,30.0,0.85,12.0,25.0,0.35,True,8.916,0.6339
2024-25,30.0,0.85,12.0,18.0,0.0,False,8.557,0.63543
2024-25,30.0,0.85,12.0,18.0,0.0,True,8.6,0.63556
2024-25,30.0,0.85,12.0,18.0,0.2,False,8.251,0.63399
2024-25,30.0,0.85,12.0,18.0,0.2,True,8.287,0.63412
2024-25,30.0,0.85,12.0,18.0,0.35,False,8.014,0.63351
2024-25,30.0,0.85,12.0,18.0,0.35,True,8.046,0.63363
2024-25,45.0,0.55,5.0,,0.0,False,13.237,0.63509
2024-25,45.0,0.55,5.0,,0.0,True,13.278,0.63531
2024-25,45.0,0.55,5.0,,0.2,False,12.122,0.63399
2024-25,45.0,0.55,5.0,,0.2,True,12.16,0.63422
2024-25,45.0,0.55,5.0,,0.35,False,11.431,0.63376
2024-25,45.0,0.55,5.0,,0.35,True,11.469,0.634
2024-25,45.0,0.55,5.0,25.0,0.0,False,11.948,0.63467
2024-25,45.0,0.55,5.0,25.0,0.0,True,12.004,0.63493
2024-25,45.0,0.55,5.0,25.0,0.2,False,11.27,0.63355
2024-25,45.0,0.55,5.0,25.0,0.2,True,11.317,0.63381
2024-25,45.0,0.55,5.0,25.0,0.35,False,10.809,0.63337
2024-25,45.0,0.55,5.0,25.0,0.35,True,10.852,0.63363
2024-25,45.0,0.55,5.0,18.0,0.0,False,10.426,0.63478
2024-25,45.0,0.55,5.0,18.0,0.0,True,10.484,0.63504
2024-25,45.0,0.55,5.0,18.0,0.2,False,10.027,0.63328
2024-25,45.0,0.55,5.0,18.0,0.2,True,10.079,0.63354
2024-25,45.0,0.55,5.0,18.0,0.35,False,9.738,0.63287
2024-25,45.0,0.55,5.0,18.0,0.35,True,9.785,0.63313
2024-25,45.0,0.55,8.0,,0.0,False,12.059,0.63444
2024-25,45.0,0.55,8.0,,0.0,True,12.086,0.6346
2024-25,45.0,0.55,8.0,,0.2,False,11.057,0.6334
2024-25,45.0,0.55,8.0,,0.2,True,11.082,0.63357
2024-25,45.0,0.55,8.0,,0.35,False,10.427,0.63317
2024-25,45.0,0.55,8.0,,0.35,True,10.452,0.63335
2024-25,45.0,0.55,8.0,25.0,0.0,False,10.878,0.634
2024-25,45.0,0.55,8.0,25.0,0.0,True,10.919,0.63419
2024-25,45.0,0.55,8.0,25.0,0.2,False,10.275,0.63295
2024-25,45.0,0.55,8.0,25.0,0.2,True,10.309,0.63314
2024-25,45.0,0.55,8.0,25.0,0.35,False,9.855,0.63279
2024-25,45.0,0.55,8.0,25.0,0.35,True,9.885,0.63297
2024-25,45.0,0.55,8.0,18.0,0.0,False,9.489,0.63411
2024-25,45.0,0.55,8.0,18.0,0.0,True,9.534,0.63429
2024-25,45.0,0.55,8.0,18.0,0.2,False,9.141,0.63271
2024-25,45.0,0.55,8.0,18.0,0.2,True,9.18,0.6329
2024-25,45.0,0.55,8.0,18.0,0.35,False,8.879,0.63232
2024-25,45.0,0.55,8.0,18.0,0.35,True,8.914,0.63251
2024-25,45.0,0.55,12.0,,0.0,False,10.958,0.63454
2024-25,45.0,0.55,12.0,,0.0,True,10.975,0.63465
2024-25,45.0,0.55,12.0,,0.2,False,10.058,0.63357
2024-25,45.0,0.55,12.0,,0.2,True,10.074,0.63368
2024-25,45.0,0.55,12.0,,0.35,False,9.486,0.63334
2024-25,45.0,0.55,12.0,,0.35,True,9.502,0.63346
2024-25,45.0,0.55,12.0,25.0,0.0,False,9.875,0.63408
2024-25,45.0,0.55,12.0,25.0,0.0,True,9.906,0.63421
2024-25,45.0,0.55,12.0,25.0,0.2,False,9.34,0.6331
2024-25,45.0,0.55,12.0,25.0,0.2,True,9.364,0.63323
2024-25,45.0,0.55,12.0,25.0,0.35,False,8.959,0.63294
2024-25,45.0,0.55,12.0,25.0,0.35,True,8.98,0.63306
2024-25,45.0,0.55,12.0,18.0,0.0,False,8.611,0.63417
2024-25,45.0,0.55,12.0,18.0,0.0,True,8.646,0.6343
2024-25,45.0,0.55,12.0,18.0,0.2,False,8.307,0.63287
2024-25,45.0,0.55,12.0,18.0,0.2,True,8.337,0.633
2024-25,45.0,0.55,12.0,18.0,0.35,False,8.07,0.6325
2024-25,45.0,0.55,12.0,18.0,0.35,True,8.096,0.63262
2024-25,45.0,0.7,5.0,,0.0,False,13.461,0.63475
2024-25,45.0,0.7,5.0,,0.0,True,13.508,0.63498
2024-25,45.0,0.7,5.0,,0.2,False,12.333,0.63368
2024-25,45.0,0.7,5.0,,0.2,True,12.377,0.63392
2024-25,45.0,0.7,5.0,,0.35,False,11.631,0.63347
2024-25,45.0,0.7,5.0,,0.35,True,11.674,0.63371
2024-25,45.0,0.7,5.0,25.0,0.0,False,12.156,0.63436
2024-25,45.0,0.7,5.0,25.0,0.0,True,12.217,0.63463
2024-25,45.0,0.7,5.0,25.0,0.2,False,11.472,0.63327
2024-25,45.0,0.7,5.0,25.0,0.2,True,11.524,0.63353
2024-25,45.0,0.7,5.0,25.0,0.35,False,11.003,0.6331
2024-25,45.0,0.7,5.0,25.0,0.35,True,11.05,0.63336
2024-25,45.0,0.7,5.0,18.0,0.0,False,10.607,0.63448
2024-25,45.0,0.7,5.0,18.0,0.0,True,10.671,0.63474
2024-25,45.0,0.7,5.0,18.0,0.2,False,10.209,0.63303
2024-25,45.0,0.7,5.0,18.0,0.2,True,10.265,0.63329
2024-25,45.0,0.7,5.0,18.0,0.35,False,9.917,0.63264
2024-25,45.0,0.7,5.0,18.0,0.35,True,9.969,0.6329
2024-25,45.0,0.7,8.0,,0.0,False,12.349,0.63415
2024-25,45.0,0.7,8.0,,0.0,True,12.381,0.63431
2024-25,45.0,0.7,8.0,,0.2,False,11.327,0.63314
2024-25,45.0,0.7,8.0,,0.2,True,11.357,0.63331
2024-25,45.0,0.7,8.0,,0.35,False,10.682,0.63293
2024-25,45.0,0.7,8.0,,0.35,True,10.711,0.6331
2024-25,45.0,0.7,8.0,25.0,0.0,False,11.144,0.63375
2024-25,45.0,0.7,8.0,25.0,0.0,True,11.192,0.63394
2024-25,45.0,0.7,8.0,25.0,0.2,False,10.531,0.63273
2024-25,45.0,0.7,8.0,25.0,0.2,True,10.57,0.63292
2024-25,45.0,0.7,8.0,25.0,0.35,False,10.102,0.63257
2024-25,45.0,0.7,8.0,25.0,0.35,True,10.136,0.63275
2024-25,45.0,0.7,8.0,18.0,0.0,False,9.721,0.63386
2024-25,45.0,0.7,8.0,18.0,0.0,True,9.771,0.63405
2024-25,45.0,0.7,8.0,18.0,0.2,False,9.372,0.63252
2024-25,45.0,0.7,8.0,18.0,0.2,True,9.416,0.63271
2024-25,45.0,0.7,8.0,18.0,0.35,False,9.106,0.63216
2024-25,45.0,0.7,8.0,18.0,0.35,True,9.145,0.63234
2024-25,45.0,0.7,12.0,,0.0,False,11.293,0.63433
2024-25,45.0,0.7,12.0,,0.0,True,11.315,0.63443
2024-25,45.0,0.7,12.0,,0.2,False,10.369,0.63338
2024-25,45.0,0.7,12.0,,0.2,True,10.389,0.63348
2024-25,45.0,0.7,12.0,,0.35,False,9.779,0.63316
2024-25,45.0,0.7,12.0,,0.35,True,9.798,0.63327
2024-25,45.0,0.7,12.0,25.0,0.0,False,10.183,0.63391
2024-25,45.0,0.7,12.0,25.0,0.0,True,10.219,0.63404
2024-25,45.0,0.7,12.0,25.0,0.2,False,9.635,0.63296
2024-25,45.0,0.7,12.0,25.0,0.2,True,9.663,0.63308
2024-25,45.0,0.7,12.0,25.0,0.35,False,9.242,0.6328
2024-25,45.0,0.7,12.0,25.0,0.35,True,9.267,0.63291
2024-25,45.0,0.7,12.0,18.0,0.0,False,8.879,0.634
2024-25,45.0,0.7,12.0,18.0,0.0,True,8.919,0.63413
2024-25,45.0,0.7,12.0,18.0,0.2,False,8.572,0.63277
2024-25,45.0,0.7,12.0,18.0,0.2,True,8.606,0.63289
2024-25,45.0,0.7,12.0,18.0,0.35,False,8.33,0.63242
2024-25,45.0,0.7,12.0,18.0,0.35,True,8.36,0.63254
2024-25,45.0,0.85,5.0,,0.0,False,13.752,0.63465
2024-25,45.0,0.85,5.0,,0.0,True,13.806,0.63489
2024-25,45.0,0.85,5.0,,0.2,False,12.605,0.63361
2024-25,45.0,0.85,5.0,,0.2,True,12.656,0.63386
2024-25,45.0,0.85,5.0,,0.35,False,11.889,0.63341
2024-25,45.0,0.85,5.0,,0.35,True,11.938,0.63366
2024-25,45.0,0.85,5.0,25.0,0.0,False,12.424,0.63429
2024-25,45.0,0.85,5.0,25.0,0.0,True,12.493,0.63456
2024-25,45.0,0.85,5.0,25.0,0.2,False,11.73,0.63323
2024-25,45.0,0.85,5.0,25.0,0.2,True,11.79,0.6335
2024-25,45.0,0.85,5.0,25.0,0.35,False,11.252,0.63308
2024-25,45.0,0.85,5.0,25.0,0.35,True,11.306,0.63334
2024-25,45.0,0.85,5.0,18.0,0.0,False,10.84,0.63441
2024-25,45.0,0.85,5.0,18.0,0.0,True,10.911,0.63468
2024-25,45.0,0.85,5.0,18.0,0.2,False,10.441,0.63301
2024-25,45.0,0.85,5.0,18.0,0.2,True,10.504,0.63329
2024-25,45.0,0.85,5.0,18.0,0.35,False,10.146,0.63265
2024-25,45.0,0.85,5.0,18.0,0.35,True,10.204,0.63292
2024-25,45.0,0.85,8.0,,0.0,False,12.733,0.63422
2024-25,45.0,0.85,8.0,,0.0,True,12.774,0.63439
2024-25,45.0,0.85,8.0,,0.2,False,11.684,0.63325
2024-25,45.0,0.85,8.0,,0.2,True,11.722,0.63342
2024-25,45.0,0.85,8.0,,0.35,False,11.02,0.63305
2024-25,45.0,0.85,8.0,,0.35,True,11.055,0.63322
2024-25,45.0,0.85,8.0,25.0,0.0,False,11.496,0.63386
2024-25,45.0,0.85,8.0,25.0,0.0,True,11.552,0.63406
2024-25,45.0,0.85,8.0,25.0,0.2,False,10.869,0.63287
2024-25,45.0,0.85,8.0,25.0,0.2,True,10.915,0.63306
2024-25,45.0,0.85,8.0,25.0,0.35,False,10.427,0.63272
2024-25,45.0,0.85,8.0,25.0,0.35,True,10.467,0.63291
2024-25,45.0,0.85,8.0,18.0,0.0,False,10.026,0.63397
2024-25,45.0,0.85,8.0,18.0,0.0,True,10.084,0.63416
2024-25,45.0,0.85,8.0,18.0,0.2,False,9.675,0.63269
2024-25,45.0,0.85,8.0,18.0,0.2,True,9.725,0.63289
2024-25,45.0,0.85,8.0,18.0,0.35,False,9.404,0.63236
2024-25,45.0,0.85,8.0,18.0,0.35,True,9.449,0.63255
2024-25,45.0,0.85,12.0,,0.0,False,11.753,0.63462
2024-25,45.0,0.85,12.0,,0.0,True,11.783,0.63473
2024-25,45.0,0.85,12.0,,0.2,False,10.796,0.63371
2024-25,45.0,0.85,12.0,,0.2,True,10.823,0.63381
2024-25,45.0,0.85,12.0,,0.35,False,10.182,0.6335
2024-25,45.0,0.85,12.0,,0.35,True,10.207,0.63361
2024-25,45.0,0.85,12.0,25.0,0.0,False,10.605,0.63425
2024-25,45.0,0.85,12.0,25.0,0.0,True,10.648,0.63438
2024-25,45.0,0.85,12.0,25.0,0.2,False,10.038,0.63333
2024-25,45.0,0.85,12.0,25.0,0.2,True,10.072,0.63345
2024-25,45.0,0.85,12.0,25.0,0.35,False,9.63,0.63317
2024-25,45.0,0.85,12.0,25.0,0.35,True,9.659,0.63329
2024-25,45.0,0.85,12.0,18.0,0.0,False,9.244,0.63434
2024-25,45.0,0.85,12.0,18.0,0.0,True,9.291,0.63447
2024-25,45.0,0.85,12.0,18.0,0.2,False,8.934,0.63318
2024-25,45.0,0.85,12.0,18.0,0.2,True,8.974,0.6333
2024-25,45.0,0.85,12.0,18.0,0.35,False,8.685,0.63286
2024-25,45.0,0.85,12.0,18.0,0.35,True,8.72,0.63298
2024-25,65.0,0.55,5.0,,0.0,False,13.433,0.63509
2024-25,65.0,0.55,5.0,,0.0,True,13.473,0.63532
2024-25,65.0,0.55,5.0,,0.2,False,12.324,0.63416
2024-25,65.0,0.55,5.0,,0.2,True,12.362,0.6344
2024-25,65.0,0.55,5.0,,0.35,False,11.635,0.63406
2024-25,65.0,0.55,5.0,,0.35,True,11.672,0.6343
2024-25,65.0,0.55,5.0,25.0,0.0,False,12.13,0.63466
2024-25,65.0,0.55,5.0,25.0,0.0,True,12.185,0.63492
2024-25,65.0,0.55,5.0,25.0,0.2,False,11.463,0.63371
2024-25,65.0,0.55,5.0,25.0,0.2,True,11.51,0.63397
2024-25,65.0,0.55,5.0,25.0,0.35,False,11.007,0.63367
2024-25,65.0,0.55,5.0,25.0,0.35,True,11.049,0.63392
2024-25,65.0,0.55,5.0,18.0,0.0,False,10.584,0.63473
2024-25,65.0,0.55,5.0,18.0,0.0,True,10.641,0.63498
2024-25,65.0,0.55,5.0,18.0,0.2,False,10.201,0.63342
2024-25,65.0,0.55,5.0,18.0,0.2,True,10.252,0.63368
2024-25,65.0,0.55,5.0,18.0,0.35,False,9.918,0.63312
2024-25,65.0,0.55,5.0,18.0,0.35,True,9.965,0.63338
2024-25,65.0,0.55,8.0,,0.0,False,12.388,0.6343
2024-25,65.0,0.55,8.0,,0.0,True,12.415,0.63446
2024-25,65.0,0.55,8.0,,0.2,False,11.379,0.63344
2024-25,65.0,0.55,8.0,,0.2,True,11.405,0.63361
2024-25,65.0,0.55,8.0,,0.35,False,10.743,0.63334
2024-25,65.0,0.55,8.0,,0.35,True,10.768,0.63351
2024-25,65.0,0.55,8.0,25.0,0.0,False,11.181,0.63386
2024-25,65.0,0.55,8.0,25.0,0.0,True,11.223,0.63405
2024-25,65.0,0.55,8.0,25.0,0.2,False,10.581,0.63299
2024-25,65.0,0.55,8.0,25.0,0.2,True,10.615,0.63317
2024-25,65.0,0.55,8.0,25.0,0.35,False,10.161,0.63295
2024-25,65.0,0.55,8.0,25.0,0.35,True,10.191,0.63314
2024-25,65.0,0.55,8.0,18.0,0.0,False,9.755,0.63392
2024-25,65.0,0.55,8.0,18.0,0.0,True,9.8,0.6341
2024-25,65.0,0.55,8.0,18.0,0.2,False,9.417,0.63273
2024-25,65.0,0.55,8.0,18.0,0.2,True,9.456,0.63291
2024-25,65.0,0.55,8.0,18.0,0.35,False,9.157,0.63246
2024-25,65.0,0.55,8.0,18.0,0.35,True,9.193,0.63264
2024-25,65.0,0.55,12.0,,0.0,False,11.408,0.6342
2024-25,65.0,0.55,12.0,,0.0,True,11.425,0.6343
2024-25,65.0,0.55,12.0,,0.2,False,10.49,0.6334
2024-25,65.0,0.55,12.0,,0.2,True,10.506,0.63351
2024-25,65.0,0.55,12.0,,0.35,False,9.904,0.6333
2024-25,65.0,0.55,12.0,,0.35,True,9.919,0.63342
2024-25,65.0,0.55,12.0,25.0,0.0,False,10.29,0.63375
2024-25,65.0,0.55,12.0,25.0,0.0,True,10.321,0.63388
2024-25,65.0,0.55,12.0,25.0,0.2,False,9.749,0.63295
2024-25,65.0,0.55,12.0,25.0,0.2,True,9.773,0.63307
2024-25,65.0,0.55,12.0,25.0,0.35,False,9.362,0.63291
2024-25,65.0,0.55,12.0,25.0,0.35,True,9.382,0.63303
2024-25,65.0,0.55,12.0,18.0,0.0,False,8.974,0.6338
2024-25,65.0,0.55,12.0,18.0,0.0,True,9.01,0.63393
2024-25,65.0,0.55,12.0,18.0,0.2,False,8.675,0.63271
2024-25,65.0,0.55,12.0,18.0,0.2,True,8.705,0.63283
2024-25,65.0,0.55,12.0,18.0,0.35,False,8.437,0.63246
2024-25,65.0,0.55,12.0,18.0,0.35,True,8.463,0.63258
2024-25,65.0,0.7,5.0,,0.0,False,13.657,0.63481
2024-25,65.0,0.7,5.0,,0.0,True,13.703,0.63504
2024-25,65.0,0.7,5.0,,0.2,False,12.536,0.63391
2024-25,65.0,0.7,5.0,,0.2,True,12.579,0.63415
2024-25,65.0,0.7,5.0,,0.35,False,11.837,0.63382
2024-25,65.0,0.7,5.0,,0.35,True,11.879,0.63407
2024-25,65.0,0.7,5.0,25.0,0.0,False,12.337,0.6344
2024-25,65.0,0.7,5.0,25.0,0.0,True,12.398,0.63466
2024-25,65.0,0.7,5.0,25.0,0.2,False,11.665,0.63349
2024-25,65.0,0.7,5.0,25.0,0.2,True,11.717,0.63375
2024-25,65.0,0.7,5.0,25.0,0.35,False,11.203,0.63345
2024-25,65.0,0.7,5.0,25.0,0.35,True,11.25,0.63371
2024-25,65.0,0.7,5.0,18.0,0.0,False,10.765,0.63447
2024-25,65.0,0.7,5.0,18.0,0.0,True,10.828,0.63473
2024-25,65.0,0.7,5.0,18.0,0.2,False,10.383,0.63321
2024-25,65.0,0.7,5.0,18.0,0.2,True,10.439,0.63347
2024-25,65.0,0.7,5.0,18.0,0.35,False,10.098,0.63294
2024-25,65.0,0.7,5.0,18.0,0.35,True,10.15,0.6332
2024-25,65.0,0.7,8.0,,0.0,False,12.692,0.63407
2024-25,65.0,0.7,8.0,,0.0,True,12.725,0.63424
2024-25,65.0,0.7,8.0,,0.2,False,11.665,0.63325
2024-25,65.0,0.7,8.0,,0.2,True,11.696,0.63342
2024-25,65.0,0.7,8.0,,0.35,False,11.014,0.63317
2024-25,65.0,0.7,8.0,,0.35,True,11.044,0.63334
2024-25,65.0,0.7,8.0,25.0,0.0,False,11.461,0.63367
2024-25,65.0,0.7,8.0,25.0,0.0,True,11.509,0.63386
2024-25,65.0,0.7,8.0,25.0,0.2,False,10.852,0.63283
2024-25,65.0,0.7,8.0,25.0,0.2,True,10.892,0.63302
2024-25,65.0,0.7,8.0,25.0,0.35,False,10.423,0.63281
2024-25,65.0,0.7,8.0,25.0,0.35,True,10.458,0.633
2024-25,65.0,0.7,8.0,18.0,0.0,False,9.998,0.63374
2024-25,65.0,0.7,8.0,18.0,0.0,True,10.049,0.63392
2024-25,65.0,0.7,8.0,18.0,0.2,False,9.66,0.6326
2024-25,65.0,0.7,8.0,18.0,0.2,True,9.705,0.63279
2024-25,65.0,0.7,8.0,18.0,0.35,False,9.398,0.63236
2024-25,65.0,0.7,8.0,18.0,0.35,True,9.438,0.63255
2024-25,65.0,0.7,12.0,,0.0,False,11.781,0.63408
2024-25,65.0,0.7,12.0,,0.0,True,11.805,0.63418
2024-25,65.0,0.7,12.0,,0.2,False,10.84,0.63332
2024-25,65.0,0.7,12.0,,0.2,True,10.861,0.63343
2024-25,65.0,0.7,12.0,,0.35,False,10.235,0.63324
2024-25,65.0,0.7,12.0,,0.35,True,10.255,0.63335
2024-25,65.0,0.7,12.0,25.0,0.0,False,10.633,0.63367
2024-25,65.0,0.7,12.0,25.0,0.0,True,10.671,0.6338
2024-25,65.0,0.7,12.0,25.0,0.2,False,10.08,0.6329
2024-25,65.0,0.7,12.0,25.0,0.2,True,10.11,0.63303
2024-25,65.0,0.7,12.0,25.0,0.35,False,9.682,0.63288
2024-25,65.0,0.7,12.0,25.0,0.35,True,9.707,0.633
2024-25,65.0,0.7,12.0,18.0,0.0,False,9.273,0.63373
2024-25,65.0,0.7,12.0,18.0,0.0,True,9.315,0.63385
2024-25,65.0,0.7,12.0,18.0,0.2,False,8.973,0.6327
2024-25,65.0,0.7,12.0,18.0,0.2,True,9.008,0.63282
2024-25,65.0,0.7,12.0,18.0,0.35,False,8.73,0.63248
2024-25,65.0,0.7,12.0,18.0,0.35,True,8.761,0.63261
2024-25,65.0,0.85,5.0,,0.0,False,13.936,0.63472
2024-25,65.0,0.85,5.0,,0.0,True,13.991,0.63497
2024-25,65.0,0.85,5.0,,0.2,False,12.8,0.63387
2024-25,65.0,0.85,5.0,,0.2,True,12.851,0.63412
2024-25,65.0,0.85,5.0,,0.35,False,12.089,0.63379
2024-25,65.0,0.85,5.0,,0.35,True,12.138,0.63405
2024-25,65.0,0.85,5.0,25.0,0.0,False,12.595,0.63434
2024-25,65.0,0.85,5.0,25.0,0.0,True,12.664,0.63462
2024-25,65.0,0.85,5.0,25.0,0.2,False,11.916,0.63347
2024-25,65.0,0.85,5.0,25.0,0.2,True,11.975,0.63374
2024-25,65.0,0.85,5.0,25.0,0.35,False,11.446,0.63345
2024-25,65.0,0.85,5.0,25.0,0.35,True,11.499,0.63372
2024-25,65.0,0.85,5.0,18.0,0.0,False,10.989,0.63441
2024-25,65.0,0.85,5.0,18.0,0.0,True,11.059,0.63468
2024-25,65.0,0.85,5.0,18.0,0.2,False,10.608,0.63322
2024-25,65.0,0.85,5.0,18.0,0.2,True,10.671,0.63349
2024-25,65.0,0.85,5.0,18.0,0.35,False,10.321,0.63297
2024-25,65.0,0.85,5.0,18.0,0.35,True,10.379,0.63325
2024-25,65.0,0.85,8.0,,0.0,False,13.078,0.63416
2024-25,65.0,0.85,8.0,,0.0,True,13.12,0.63434
2024-25,65.0,0.85,8.0,,0.2,False,12.027,0.63338
2024-25,65.0,0.85,8.0,,0.2,True,12.066,0.63356
2024-25,65.0,0.85,8.0,,0.35,False,11.359,0.63332
2024-25,65.0,0.85,8.0,,0.35,True,11.396,0.6335
2024-25,65.0,0.85,8.0,25.0,0.0,False,11.815,0.63379
2024-25,65.0,0.85,8.0,25.0,0.0,True,11.872,0.63399
2024-25,65.0,0.85,8.0,25.0,0.2,False,11.195,0.633
2024-25,65.0,0.85,8.0,25.0,0.2,True,11.242,0.6332
2024-25,65.0,0.85,8.0,25.0,0.35,False,10.754,0.633
2024-25,65.0,0.85,8.0,25.0,0.35,True,10.796,0.63319
2024-25,65.0,0.85,8.0,18.0,0.0,False,10.306,0.63386
2024-25,65.0,0.85,8.0,18.0,0.0,True,10.365,0.63406
2024-25,65.0,0.85,8.0,18.0,0.2,False,9.968,0.63279
2024-25,65.0,0.85,8.0,18.0,0.2,True,10.019,0.63299
2024-25,65.0,0.85,8.0,18.0,0.35,False,9.701,0.63259
2024-25,65.0,0.85,8.0,18.0,0.35,True,9.748,0.63279
2024-25,65.0,0.85,12.0,,0.0,False,12.27,0.63441
2024-25,65.0,0.85,12.0,,0.0,True,12.302,0.63452
2024-25,65.0,0.85,12.0,,0.2,False,11.296,0.6337
2024-25,65.0,0.85,12.0,,0.2,True,11.325,0.63381
2024-25,65.0,0.85,12.0,,0.35,False,10.668,0.63364
2024-25,65.0,0.85,12.0,,0.35,True,10.695,0.63375
2024-25,65.0,0.85,12.0,25.0,0.0,False,11.08,0.63405
2024-25,65.0,0.85,12.0,25.0,0.0,True,11.127,0.63418
2024-25,65.0,0.85,12.0,25.0,0.2,False,10.511,0.63332
2024-25,65.0,0.85,12.0,25.0,0.2,True,10.548,0.63346
2024-25,65.0,0.85,12.0,25.0,0.35,False,10.097,0.63332
2024-25,65.0,0.85,12.0,25.0,0.35,True,10.129,0.63344
2024-25,65.0,0.85,12.0,18.0,0.0,False,9.662,0.6341
2024-25,65.0,0.85,12.0,18.0,0.0,True,9.711,0.63424
2024-25,65.0,0.85,12.0,18.0,0.2,False,9.359,0.63315
2024-25,65.0,0.85,12.0,18.0,0.2,True,9.401,0.63328
2024-25,65.0,0.85,12.0,18.0,0.35,False,9.11,0.63298
2024-25,65.0,0.85,12.0,18.0,0.35,True,9.147,0.6331
2024-25,90.0,0.55,5.0,,0.0,False,13.577,0.63533
2024-25,90.0,0.55,5.0,,0.0,True,13.617,0.63555
2024-25,90.0,0.55,5.0,,0.2,False,12.471,0.63451
2024-25,90.0,0.55,5.0,,0.2,True,12.509,0.63475
2024-25,90.0,0.55,5.0,,0.35,False,11.784,0.63449
2024-25,90.0,0.55,5.0,,0.35,True,11.821,0.63473
2024-25,90.0,0.55,5.0,25.0,0.0,False,12.263,0.63489
2024-25,90.0,0.55,5.0,25.0,0.0,True,12.317,0.63514
2024-25,90.0,0.55,5.0,25.0,0.2,False,11.603,0.63405
2024-25,90.0,0.55,5.0,25.0,0.2,True,11.65,0.63431
2024-25,90.0,0.55,5.0,25.0,0.35,False,11.151,0.6341
2024-25,90.0,0.55,5.0,25.0,0.35,True,11.193,0.63435
2024-25,90.0,0.55,5.0,18.0,0.0,False,10.7,0.63492
2024-25,90.0,0.55,5.0,18.0,0.0,True,10.757,0.63517
2024-25,90.0,0.55,5.0,18.0,0.2,False,10.327,0.63375
2024-25,90.0,0.55,5.0,18.0,0.2,True,10.378,0.634
2024-25,90.0,0.55,5.0,18.0,0.35,False,10.049,0.63353
2024-25,90.0,0.55,5.0,18.0,0.35,True,10.096,0.63378
2024-25,90.0,0.55,8.0,,0.0,False,12.61,0.63447
2024-25,90.0,0.55,8.0,,0.0,True,12.637,0.63463
2024-25,90.0,0.55,8.0,,0.2,False,11.598,0.63372
2024-25,90.0,0.55,8.0,,0.2,True,11.623,0.63389
2024-25,90.0,0.55,8.0,,0.35,False,10.959,0.63371
2024-25,90.0,0.55,8.0,,0.35,True,10.984,0.63388
2024-25,90.0,0.55,8.0,25.0,0.0,False,11.386,0.63402
2024-25,90.0,0.55,8.0,25.0,0.0,True,11.427,0.63421
2024-25,90.0,0.55,8.0,25.0,0.2,False,10.788,0.63327
2024-25,90.0,0.55,8.0,25.0,0.2,True,10.823,0.63346
2024-25,90.0,0.55,8.0,25.0,0.35,False,10.37,0.63333
2024-25,90.0,0.55,8.0,25.0,0.35,True,10.399,0.63351
2024-25,90.0,0.55,8.0,18.0,0.0,False,9.934,0.63406
2024-25,90.0,0.55,8.0,18.0,0.0,True,9.979,0.63424
2024-25,90.0,0.55,8.0,18.0,0.2,False,9.604,0.633
2024-25,90.0,0.55,8.0,18.0,0.2,True,9.643,0.63318
2024-25,90.0,0.55,8.0,18.0,0.35,False,9.348,0.63281
2024-25,90.0,0.55,8.0,18.0,0.35,True,9.383,0.633
2024-25,90.0,0.55,12.0,,0.0,False,11.707,0.63426
2024-25,90.0,0.55,12.0,,0.0,True,11.725,0.63437
2024-25,90.0,0.55,12.0,,0.2,False,10.78,0.63359
2024-25,90.0,0.55,12.0,,0.2,True,10.795,0.63369
2024-25,90.0,0.55,12.0,,0.35,False,10.186,0.63358
2024-25,90.0,0.55,12.0,,0.35,True,10.201,0.63369
2024-25,90.0,0.55,12.0,25.0,0.0,False,10.566,0.63381
2024-25,90.0,0.55,12.0,25.0,0.0,True,10.598,0.63394
2024-25,90.0,0.55,12.0,25.0,0.2,False,10.023,0.63313
2024-25,90.0,0.55,12.0,25.0,0.2,True,10.048,0.63326
2024-25,90.0,0.55,12.0,25.0,0.35,False,9.634,0.63319
2024-25,90.0,0.55,12.0,25.0,0.35,True,9.655,0.63331
2024-25,90.0,0.55,12.0,18.0,0.0,False,9.216,0.63384
2024-25,90.0,0.55,12.0,18.0,0.0,True,9.253,0.63397
2024-25,90.0,0.55,12.0,18.0,0.2,False,8.923,0.63289
2024-25,90.0,0.55,12.0,18.0,0.2,True,8.953,0.63301
2024-25,90.0,0.55,12.0,18.0,0.35,False,8.686,0.63272
2024-25,90.0,0.55,12.0,18.0,0.35,True,8.712,0.63285
2024-25,90.0,0.7,5.0,,0.0,False,13.795,0.63506
2024-25,90.0,0.7,5.0,,0.0,True,13.841,0.6353
2024-25,90.0,0.7,5.0,,0.2,False,12.679,0.63428
2024-25,90.0,0.7,5.0,,0.2,True,12.722,0.63452
2024-25,90.0,0.7,5.0,,0.35,False,11.982,0.63427
2024-25,90.0,0.7,5.0,,0.35,True,12.024,0.63452
2024-25,90.0,0.7,5.0,25.0,0.0,False,12.465,0.63464
2024-25,90.0,0.7,5.0,25.0,0.0,True,12.525,0.6349
2024-25,90.0,0.7,5.0,25.0,0.2,False,11.801,0.63385
2024-25,90.0,0.7,5.0,25.0,0.2,True,11.853,0.63411
2024-25,90.0,0.7,5.0,25.0,0.35,False,11.343,0.6339
2024-25,90.0,0.7,5.0,25.0,0.35,True,11.39,0.63416
2024-25,90.0,0.7,5.0,18.0,0.0,False,10.876,0.63468
2024-25,90.0,0.7,5.0,18.0,0.0,True,10.939,0.63494
2024-25,90.0,0.7,5.0,18.0,0.2,False,10.506,0.63355
2024-25,90.0,0.7,5.0,18.0,0.2,True,10.561,0.63381
2024-25,90.0,0.7,5.0,18.0,0.35,False,10.226,0.63336
2024-25,90.0,0.7,5.0,18.0,0.35,True,10.278,0.63362
2024-25,90.0,0.7,8.0,,0.0,False,12.913,0.63427
2024-25,90.0,0.7,8.0,,0.0,True,12.946,0.63443
2024-25,90.0,0.7,8.0,,0.2,False,11.884,0.63356
2024-25,90.0,0.7,8.0,,0.2,True,11.915,0.63374
2024-25,90.0,0.7,8.0,,0.35,False,11.232,0.63357
2024-25,90.0,0.7,8.0,,0.35,True,11.262,0.63375
2024-25,90.0,0.7,8.0,25.0,0.0,False,11.665,0.63385
2024-25,90.0,0.7,8.0,25.0,0.0,True,11.713,0.63404
2024-25,90.0,0.7,8.0,25.0,0.2,False,11.06,0.63314
2024-25,90.0,0.7,8.0,25.0,0.2,True,11.1,0.63333
2024-25,90.0,0.7,8.0,25.0,0.35,False,10.633,0.63321
2024-25,90.0,0.7,8.0,25.0,0.35,True,10.668,0.6334
2024-25,90.0,0.7,8.0,18.0,0.0,False,10.177,0.63389
2024-25,90.0,0.7,8.0,18.0,0.0,True,10.229,0.63408
2024-25,90.0,0.7,8.0,18.0,0.2,False,9.849,0.63289
2024-25,90.0,0.7,8.0,18.0,0.2,True,9.893,0.63308
2024-25,90.0,0.7,8.0,18.0,0.35,False,9.59,0.63274
2024-25,90.0,0.7,8.0,18.0,0.35,True,9.63,0.63293
2024-25,90.0,0.7,12.0,,0.0,False,12.092,0.63418
2024-25,90.0,0.7,12.0,,0.0,True,12.117,0.63429
2024-25,90.0,0.7,12.0,,0.2,False,11.142,0.63354
2024-25,90.0,0.7,12.0,,0.2,True,11.164,0.63366
2024-25,90.0,0.7,12.0,,0.35,False,10.531,0.63355
2024-25,90.0,0.7,12.0,,0.35,True,10.552,0.63367
2024-25,90.0,0.7,12.0,25.0,0.0,False,10.92,0.63377
2024-25,90.0,0.7,12.0,25.0,0.0,True,10.959,0.6339
2024-25,90.0,0.7,12.0,25.0,0.2,False,10.367,0.63313
2024-25,90.0,0.7,12.0,25.0,0.2,True,10.397,0.63326
2024-25,90.0,0.7,12.0,25.0,0.35,False,9.967,0.6332
2024-25,90.0,0.7,12.0,25.0,0.35,True,9.993,0.63333
2024-25,90.0,0.7,12.0,18.0,0.0,False,9.525,0.6338
2024-25,90.0,0.7,12.0,18.0,0.0,True,9.568,0.63393
2024-25,90.0,0.7,12.0,18.0,0.2,False,9.231,0.63291
2024-25,90.0,0.7,12.0,18.0,0.2,True,9.267,0.63304
2024-25,90.0,0.7,12.0,18.0,0.35,False,8.99,0.63279
2024-25,90.0,0.7,12.0,18.0,0.35,True,9.022,0.63291
2024-25,90.0,0.85,5.0,,0.0,False,14.063,0.63499
2024-25,90.0,0.85,5.0,,0.0,True,14.116,0.63523
2024-25,90.0,0.85,5.0,,0.2,False,12.933,0.63424
2024-25,90.0,0.85,5.0,,0.2,True,12.983,0.6345
2024-25,90.0,0.85,5.0,,0.35,False,12.225,0.63425
2024-25,90.0,0.85,5.0,,0.35,True,12.273,0.63451
2024-25,90.0,0.85,5.0,25.0,0.0,False,12.712,0.63459
2024-25,90.0,0.85,5.0,25.0,0.0,True,12.78,0.63486
2024-25,90.0,0.85,5.0,25.0,0.2,False,12.042,0.63383
2024-25,90.0,0.85,5.0,25.0,0.2,True,12.101,0.6341
2024-25,90.0,0.85,5.0,25.0,0.35,False,11.578,0.6339
2024-25,90.0,0.85,5.0,25.0,0.35,True,11.631,0.63417
2024-25,90.0,0.85,5.0,18.0,0.0,False,11.091,0.63463
2024-25,90.0,0.85,5.0,18.0,0.0,True,11.161,0.6349
2024-25,90.0,0.85,5.0,18.0,0.2,False,10.722,0.63356
2024-25,90.0,0.85,5.0,18.0,0.2,True,10.784,0.63383
2024-25,90.0,0.85,5.0,18.0,0.35,False,10.441,0.63339
2024-25,90.0,0.85,5.0,18.0,0.35,True,10.498,0.63366
2024-25,90.0,0.85,8.0,,0.0,False,13.289,0.63435
2024-25,90.0,0.85,8.0,,0.0,True,13.331,0.63453
2024-25,90.0,0.85,8.0,,0.2,False,12.239,0.63369
2024-25,90.0,0.85,8.0,,0.2,True,12.278,0.63388
2024-25,90.0,0.85,8.0,,0.35,False,11.57,0.63372
2024-25,90.0,0.85,8.0,,0.35,True,11.607,0.63391
2024-25,90.0,0.85,8.0,25.0,0.0,False,12.01,0.63397
2024-25,90.0,0.85,8.0,25.0,0.0,True,12.067,0.63417
2024-25,90.0,0.85,8.0,25.0,0.2,False,11.396,0.6333
2024-25,90.0,0.85,8.0,25.0,0.2,True,11.444,0.6335
2024-25,90.0,0.85,8.0,25.0,0.35,False,10.959,0.63339
2024-25,90.0,0.85,8.0,25.0,0.35,True,11.001,0.63359
2024-25,90.0,0.85,8.0,18.0,0.0,False,10.478,0.634
2024-25,90.0,0.85,8.0,18.0,0.0,True,10.537,0.6342
2024-25,90.0,0.85,8.0,18.0,0.2,False,10.15,0.63307
2024-25,90.0,0.85,8.0,18.0,0.2,True,10.202,0.63328
2024-25,90.0,0.85,8.0,18.0,0.35,False,9.888,0.63296
2024-25,90.0,0.85,8.0,18.0,0.35,True,9.935,0.63316
2024-25,90.0,0.85,12.0,,0.0,False,12.581,0.6345
2024-25,90.0,0.85,12.0,,0.0,True,12.614,0.63462
2024-25,90.0,0.85,12.0,,0.2,False,11.6,0.63391
2024-25,90.0,0.85,12.0,,0.2,True,11.63,0.63404
2024-25,90.0,0.85,12.0,,0.35,False,10.967,0.63395
2024-25,90.0,0.85,12.0,,0.35,True,10.995,0.63408
2024-25,90.0,0.85,12.0,25.0,0.0,False,11.368,0.63413
2024-25,90.0,0.85,12.0,25.0,0.0,True,11.415,0.63428
2024-25,90.0,0.85,12.0,25.0,0.2,False,10.799,0.63354
2024-25,90.0,0.85,12.0,25.0,0.2,True,10.838,0.63368
2024-25,90.0,0.85,12.0,25.0,0.35,False,10.386,0.63363
2024-25,90.0,0.85,12.0,25.0,0.35,True,10.419,0.63377
2024-25,90.0,0.85,12.0,18.0,0.0,False,9.914,0.63416
2024-25,90.0,0.85,12.0,18.0,0.0,True,9.965,0.6343
2024-25,90.0,0.85,12.0,18.0,0.2,False,9.619,0.63335
2024-25,90.0,0.85,12.0,18.0,0.2,True,9.662,0.63349
2024-25,90.0,0.85,12.0,18.0,0.35,False,9.373,0.63327
2024-25,90.0,0.85,12.0,18.0,0.35,True,9.412,0.6334
2024-25,130.0,0.55,5.0,,0.0,False,13.706,0.63564
2024-25,130.0,0.55,5.0,,0.0,True,13.745,0.63586
2024-25,130.0,0.55,5.0,,0.2,False,12.603,0.63492
2024-25,130.0,0.55,5.0,,0.2,True,12.64,0.63515
2024-25,130.0,0.55,5.0,,0.35,False,11.918,0.63496
2024-25,130.0,0.55,5.0,,0.35,True,11.954,0.63521
2024-25,130.0,0.55,5.0,25.0,0.0,False,12.383,0.63519
2024-25,130.0,0.55,5.0,25.0,0.0,True,12.437,0.63544
2024-25,130.0,0.55,5.0,25.0,0.2,False,11.729,0.63445
2024-25,130.0,0.55,5.0,25.0,0.2,True,11.774,0.63471
2024-25,130.0,0.55,5.0,25.0,0.35,False,11.281,0.63457
2024-25,130.0,0.55,5.0,25.0,0.35,True,11.322,0.63482
2024-25,130.0,0.55,5.0,18.0,0.0,False,10.805,0.63521
2024-25,130.0,0.55,5.0,18.0,0.0,True,10.862,0.63545
2024-25,130.0,0.55,5.0,18.0,0.2,False,10.441,0.63413
2024-25,130.0,0.55,5.0,18.0,0.2,True,10.491,0.63438
2024-25,130.0,0.55,5.0,18.0,0.35,False,10.167,0.63398
2024-25,130.0,0.55,5.0,18.0,0.35,True,10.213,0.63424
2024-25,130.0,0.55,8.0,,0.0,False,12.798,0.63475
2024-25,130.0,0.55,8.0,,0.0,True,12.825,0.63491
2024-25,130.0,0.55,8.0,,0.2,False,11.784,0.6341
2024-25,130.0,0.55,8.0,,0.2,True,11.809,0.63427
2024-25,130.0,0.55,8.0,,0.35,False,11.144,0.63416
2024-25,130.0,0.55,8.0,,0.35,True,11.168,0.63434
2024-25,130.0,0.55,8.0,25.0,0.0,False,11.559,0.6343
2024-25,130.0,0.55,8.0,25.0,0.0,True,11.601,0.63448
2024-25,130.0,0.55,8.0,25.0,0.2,False,10.965,0.63364
2024-25,130.0,0.55,8.0,25.0,0.2,True,10.999,0.63383
2024-25,130.0,0.55,8.0,25.0,0.35,False,10.548,0.63378
2024-25,130.0,0.55,8.0,25.0,0.35,True,10.578,0.63396
2024-25,130.0,0.55,8.0,18.0,0.0,False,10.086,0.63431
2024-25,130.0,0.55,8.0,18.0,0.0,True,10.132,0.63449
2024-25,130.0,0.55,8.0,18.0,0.2,False,9.764,0.63336
2024-25,130.0,0.55,8.0,18.0,0.2,True,9.803,0.63354
2024-25,130.0,0.55,8.0,18.0,0.35,False,9.51,0.63325
2024-25,130.0,0.55,8.0,18.0,0.35,True,9.546,0.63343
2024-25,130.0,0.55,12.0,,0.0,False,11.958,0.63449
2024-25,130.0,0.55,12.0,,0.0,True,11.975,0.63459
2024-25,130.0,0.55,12.0,,0.2,False,11.023,0.6339
2024-25,130.0,0.55,12.0,,0.2,True,11.039,0.63402
2024-25,130.0,0.55,12.0,,0.35,False,10.425,0.63397
2024-25,130.0,0.55,12.0,,0.35,True,10.44,0.63409
2024-25,130.0,0.55,12.0,25.0,0.0,False,10.797,0.63403
2024-25,130.0,0.55,12.0,25.0,0.0,True,10.829,0.63416
2024-25,130.0,0.55,12.0,25.0,0.2,False,10.254,0.63345
2024-25,130.0,0.55,12.0,25.0,0.2,True,10.279,0.63358
2024-25,130.0,0.55,12.0,25.0,0.35,False,9.865,0.63359
2024-25,130.0,0.55,12.0,25.0,0.35,True,9.885,0.63372
2024-25,130.0,0.55,12.0,18.0,0.0,False,9.42,0.63404
2024-25,130.0,0.55,12.0,18.0,0.0,True,9.456,0.63416
2024-25,130.0,0.55,12.0,18.0,0.2,False,9.132,0.6332
2024-25,130.0,0.55,12.0,18.0,0.2,True,9.162,0.63332
2024-25,130.0,0.55,12.0,18.0,0.35,False,8.896,0.63311
2024-25,130.0,0.55,12.0,18.0,0.35,True,8.923,0.63324
2024-25,130.0,0.7,5.0,,0.0,False,13.918,0.63539
2024-25,130.0,0.7,5.0,,0.0,True,13.963,0.63562
2024-25,130.0,0.7,5.0,,0.2,False,12.804,0.6347
2024-25,130.0,0.7,5.0,,0.2,True,12.847,0.63494
2024-25,130.0,0.7,5.0,,0.35,False,12.111,0.63476
2024-25,130.0,0.7,5.0,,0.35,True,12.152,0.63501
2024-25,130.0,0.7,5.0,25.0,0.0,False,12.579,0.63496
2024-25,130.0,0.7,5.0,25.0,0.0,True,12.639,0.63522
2024-25,130.0,0.7,5.0,25.0,0.2,False,11.921,0.63426
2024-25,130.0,0.7,5.0,25.0,0.2,True,11.972,0.63452
2024-25,130.0,0.7,5.0,25.0,0.35,False,11.468,0.63439
2024-25,130.0,0.7,5.0,25.0,0.35,True,11.514,0.63465
2024-25,130.0,0.7,5.0,18.0,0.0,False,10.976,0.63498
2024-25,130.0,0.7,5.0,18.0,0.0,True,11.038,0.63523
2024-25,130.0,0.7,5.0,18.0,0.2,False,10.614,0.63395
2024-25,130.0,0.7,5.0,18.0,0.2,True,10.669,0.63421
2024-25,130.0,0.7,5.0,18.0,0.35,False,10.339,0.63383
2024-25,130.0,0.7,5.0,18.0,0.35,True,10.391,0.63409
2024-25,130.0,0.7,8.0,,0.0,False,13.097,0.63456
2024-25,130.0,0.7,8.0,,0.0,True,13.13,0.63473
2024-25,130.0,0.7,8.0,,0.2,False,12.067,0.63396
2024-25,130.0,0.7,8.0,,0.2,True,12.098,0.63413
2024-25,130.0,0.7,8.0,,0.35,False,11.414,0.63403
2024-25,130.0,0.7,8.0,,0.35,True,11.444,0.63422
2024-25,130.0,0.7,8.0,25.0,0.0,False,11.835,0.63414
2024-25,130.0,0.7,8.0,25.0,0.0,True,11.883,0.63433
2024-25,130.0,0.7,8.0,25.0,0.2,False,11.233,0.63352
2024-25,130.0,0.7,8.0,25.0,0.2,True,11.274,0.63372
2024-25,130.0,0.7,8.0,25.0,0.35,False,10.809,0.63368
2024-25,130.0,0.7,8.0,25.0,0.35,True,10.844,0.63387
2024-25,130.0,0.7,8.0,18.0,0.0,False,10.326,0.63415
2024-25,130.0,0.7,8.0,18.0,0.0,True,10.378,0.63434
2024-25,130.0,0.7,8.0,18.0,0.2,False,10.005,0.63327
2024-25,130.0,0.7,8.0,18.0,0.2,True,10.05,0.63346
2024-25,130.0,0.7,8.0,18.0,0.35,False,9.75,0.63318
2024-25,130.0,0.7,8.0,18.0,0.35,True,9.791,0.63337
2024-25,130.0,0.7,12.0,,0.0,False,12.346,0.63442
2024-25,130.0,0.7,12.0,,0.0,True,12.37,0.63453
2024-25,130.0,0.7,12.0,,0.2,False,11.389,0.63388
2024-25,130.0,0.7,12.0,,0.2,True,11.411,0.634
2024-25,130.0,0.7,12.0,,0.35,False,10.774,0.63397
2024-25,130.0,0.7,12.0,,0.35,True,10.795,0.63409
2024-25,130.0,0.7,12.0,25.0,0.0,False,11.154,0.634
2024-25,130.0,0.7,12.0,25.0,0.0,True,11.193,0.63414
2024-25,130.0,0.7,12.0,25.0,0.2,False,10.601,0.63346
2024-25,130.0,0.7,12.0,25.0,0.2,True,10.632,0.6336
2024-25,130.0,0.7,12.0,25.0,0.35,False,10.201,0.63362
2024-25,130.0,0.7,12.0,25.0,0.35,True,10.227,0.63375
2024-25,130.0,0.7,12.0,18.0,0.0,False,9.731,0.63401
2024-25,130.0,0.7,12.0,18.0,0.0,True,9.774,0.63414
2024-25,130.0,0.7,12.0,18.0,0.2,False,9.443,0.63324
2024-25,130.0,0.7,12.0,18.0,0.2,True,9.479,0.63337
2024-25,130.0,0.7,12.0,18.0,0.35,False,9.204,0.63319
2024-25,130.0,0.7,12.0,18.0,0.35,True,9.236,0.63332
2024-25,130.0,0.85,5.0,,0.0,False,14.175,0.63532
2024-25,130.0,0.85,5.0,,0.0,True,14.228,0.63557
2024-25,130.0,0.85,5.0,,0.2,False,13.049,0.63467
2024-25,130.0,0.85,5.0,,0.2,True,13.098,0.63492
2024-25,130.0,0.85,5.0,,0.35,False,12.345,0.63474
2024-25,130.0,0.85,5.0,,0.35,True,12.392,0.635
2024-25,130.0,0.85,5.0,25.0,0.0,False,12.816,0.63491
2024-25,130.0,0.85,5.0,25.0,0.0,True,12.883,0.63518
2024-25,130.0,0.85,5.0,25.0,0.2,False,12.152,0.63424
2024-25,130.0,0.85,5.0,25.0,0.2,True,12.211,0.63451
2024-25,130.0,0.85,5.0,25.0,0.35,False,11.693,0.63438
2024-25,130.0,0.85,5.0,25.0,0.35,True,11.746,0.63465
2024-25,130.0,0.85,5.0,18.0,0.0,False,11.183,0.63492
2024-25,130.0,0.85,5.0,18.0,0.0,True,11.252,0.63519
2024-25,130.0,0.85,5.0,18.0,0.2,False,10.823,0.63395
2024-25,130.0,0.85,5.0,18.0,0.2,True,10.884,0.63422
2024-25,130.0,0.85,5.0,18.0,0.35,False,10.546,0.63385
2024-25,130.0,0.85,5.0,18.0,0.35,True,10.603,0.63413
2024-25,130.0,0.85,8.0,,0.0,False,13.462,0.63464
2024-25,130.0,0.85,8.0,,0.0,True,13.504,0.63482
2024-25,130.0,0.85,8.0,,0.2,False,12.411,0.63408
2024-25,130.0,0.85,8.0,,0.2,True,12.45,0.63427
2024-25,130.0,0.85,8.0,,0.35,False,11.743,0.63417
2024-25,130.0,0.85,8.0,,0.35,True,11.78,0.63437
2024-25,130.0,0.85,8.0,25.0,0.0,False,12.17,0.63424
2024-25,130.0,0.85,8.0,25.0,0.0,True,12.227,0.63445
2024-25,130.0,0.85,8.0,25.0,0.2,False,11.56,0.63367
2024-25,130.0,0.85,8.0,25.0,0.2,True,11.607,0.63388
2024-25,130.0,0.85,8.0,25.0,0.35,False,11.126,0.63384
2024-25,130.0,0.85,8.0,25.0,0.35,True,11.168,0.63404
2024-25,130.0,0.85,8.0,18.0,0.0,False,10.618,0.63426
2024-25,130.0,0.85,8.0,18.0,0.0,True,10.678,0.63446
2024-25,130.0,0.85,8.0,18.0,0.2,False,10.298,0.63343
2024-25,130.0,0.85,8.0,18.0,0.2,True,10.35,0.63364
2024-25,130.0,0.85,8.0,18.0,0.35,False,10.04,0.63338
2024-25,130.0,0.85,8.0,18.0,0.35,True,10.087,0.63359
2024-25,130.0,0.85,12.0,,0.0,False,12.826,0.63472
2024-25,130.0,0.85,12.0,,0.0,True,12.86,0.63484
2024-25,130.0,0.85,12.0,,0.2,False,11.841,0.63423
2024-25,130.0,0.85,12.0,,0.2,True,11.872,0.63436
2024-25,130.0,0.85,12.0,,0.35,False,11.205,0.63434
2024-25,130.0,0.85,12.0,,0.35,True,11.234,0.63448
2024-25,130.0,0.85,12.0,25.0,0.0,False,11.595,0.63434
2024-25,130.0,0.85,12.0,25.0,0.0,True,11.643,0.63449
2024-25,130.0,0.85,12.0,25.0,0.2,False,11.028,0.63385
2024-25,130.0,0.85,12.0,25.0,0.2,True,11.067,0.634
2024-25,130.0,0.85,12.0,25.0,0.35,False,10.616,0.63403
2024-25,130.0,0.85,12.0,25.0,0.35,True,10.65,0.63417
2024-25,130.0,0.85,12.0,18.0,0.0,False,10.114,0.63435
2024-25,130.0,0.85,12.0,18.0,0.0,True,10.166,0.6345
2024-25,130.0,0.85,12.0,18.0,0.2,False,9.826,0.63366
2024-25,130.0,0.85,12.0,18.0,0.2,True,9.87,0.6338
2024-25,130.0,0.85,12.0,18.0,0.35,False,9.583,0.63364
2024-25,130.0,0.85,12.0,18.0,0.35,True,9.622,0.63378
2025-26,30.0,0.55,5.0,,0.0,False,12.797,0.63118
2025-26,30.0,0.55,5.0,,0.0,True,12.818,0.63128
2025-26,30.0,0.55,5.0,,0.2,False,11.723,0.62967
2025-26,30.0,0.55,5.0,,0.2,True,11.744,0.62977
2025-26,30.0,0.55,5.0,,0.35,False,11.065,0.62917
2025-26,30.0,0.55,5.0,,0.35,True,11.087,0.62927
2025-26,30.0,0.55,5.0,25.0,0.0,False,11.516,0.6307
2025-26,30.0,0.55,5.0,25.0,0.0,True,11.554,0.63082
2025-26,30.0,0.55,5.0,25.0,0.2,False,10.871,0.62917
2025-26,30.0,0.55,5.0,25.0,0.2,True,10.903,0.62929
2025-26,30.0,0.55,5.0,25.0,0.35,False,10.444,0.62877
2025-26,30.0,0.55,5.0,25.0,0.35,True,10.472,0.62888
2025-26,30.0,0.55,5.0,18.0,0.0,False,10.016,0.63085
2025-26,30.0,0.55,5.0,18.0,0.0,True,10.059,0.63097
2025-26,30.0,0.55,5.0,18.0,0.2,False,9.657,0.62908
2025-26,30.0,0.55,5.0,18.0,0.2,True,9.695,0.6292
2025-26,30.0,0.55,5.0,18.0,0.35,False,9.397,0.62848
2025-26,30.0,0.55,5.0,18.0,0.35,True,9.432,0.6286
2025-26,30.0,0.55,8.0,,0.0,False,11.436,0.63099
2025-26,30.0,0.55,8.0,,0.0,True,11.449,0.63104
2025-26,30.0,0.55,8.0,,0.2,False,10.487,0.62954
2025-26,30.0,0.55,8.0,,0.2,True,10.501,0.62959
2025-26,30.0,0.55,8.0,,0.35,False,9.899,0.62905
2025-26,30.0,0.55,8.0,,0.35,True,9.913,0.6291
2025-26,30.0,0.55,8.0,25.0,0.0,False,10.282,0.63047
2025-26,30.0,0.55,8.0,25.0,0.0,True,10.31,0.63054
2025-26,30.0,0.55,8.0,25.0,0.2,False,9.718,0.62902
2025-26,30.0,0.55,8.0,25.0,0.2,True,9.74,0.62908
2025-26,30.0,0.55,8.0,25.0,0.35,False,9.336,0.62861
2025-26,30.0,0.55,8.0,25.0,0.35,True,9.356,0.62866
2025-26,30.0,0.55,8.0,18.0,0.0,False,8.937,0.63058
2025-26,30.0,0.55,8.0,18.0,0.0,True,8.97,0.63065
2025-26,30.0,0.55,8.0,18.0,0.2,False,8.63,0.62891
2025-26,30.0,0.55,8.0,18.0,0.2,True,8.659,0.62898
2025-26,30.0,0.55,8.0,18.0,0.35,False,8.398,0.62833
2025-26,30.0,0.55,8.0,18.0,0.35,True,8.425,0.62838
2025-26,30.0,0.55,12.0,,0.0,False,10.19,0.63163
2025-26,30.0,0.55,12.0,,0.0,True,10.199,0.63165
2025-26,30.0,0.55,12.0,,0.2,False,9.354,0.63025
2025-26,30.0,0.55,12.0,,0.2,True,9.364,0.63027
2025-26,30.0,0.55,12.0,,0.35,False,8.83,0.62976
2025-26,30.0,0.55,12.0,,0.35,True,8.84,0.62978
2025-26,30.0,0.55,12.0,25.0,0.0,False,9.153,0.63107
2025-26,30.0,0.55,12.0,25.0,0.0,True,9.175,0.63111
2025-26,30.0,0.55,12.0,25.0,0.2,False,8.659,0.62969
2025-26,30.0,0.55,12.0,25.0,0.2,True,8.677,0.62972
2025-26,30.0,0.55,12.0,25.0,0.35,False,8.318,0.62928
2025-26,30.0,0.55,12.0,25.0,0.35,True,8.333,0.6293
2025-26,30.0,0.55,12.0,18.0,0.0,False,7.952,0.63115
2025-26,30.0,0.55,12.0,18.0,0.0,True,7.979,0.63118
2025-26,30.0,0.55,12.0,18.0,0.2,False,7.688,0.62958
2025-26,30.0,0.55,12.0,18.0,0.2,True,7.712,0.62961
2025-26,30.0,0.55,12.0,18.0,0.35,False,7.482,0.629
2025-26,30.0,0.55,12.0,18.0,0.35,True,7.503,0.62902
2025-26,30.0,0.7,5.0,,0.0,False,13.005,0.63079
2025-26,30.0,0.7,5.0,,0.0,True,13.03,0.63088
2025-26,30.0,0.7,5.0,,0.2,False,11.914,0.62929
2025-26,30.0,0.7,5.0,,0.2,True,11.939,0.62939
2025-26,30.0,0.7,5.0,,0.35,False,11.242,0.62879
2025-26,30.0,0.7,5.0,,0.35,True,11.267,0.62888
2025-26,30.0,0.7,5.0,25.0,0.0,False,11.707,0.63033
2025-26,30.0,0.7,5.0,25.0,0.0,True,11.749,0.63046
2025-26,30.0,0.7,5.0,25.0,0.2,False,11.051,0.62881
2025-26,30.0,0.7,5.0,25.0,0.2,True,11.087,0.62893
2025-26,30.0,0.7,5.0,25.0,0.35,False,10.615,0.6284
2025-26,30.0,0.7,5.0,25.0,0.35,True,10.646,0.6285
2025-26,30.0,0.7,5.0,18.0,0.0,False,10.181,0.63049
2025-26,30.0,0.7,5.0,18.0,0.0,True,10.229,0.63061
2025-26,30.0,0.7,5.0,18.0,0.2,False,9.82,0.62874
2025-26,30.0,0.7,5.0,18.0,0.2,True,9.862,0.62886
2025-26,30.0,0.7,5.0,18.0,0.35,False,9.554,0.62814
2025-26,30.0,0.7,5.0,18.0,0.35,True,9.592,0.62826
2025-26,30.0,0.7,8.0,,0.0,False,11.68,0.63066
2025-26,30.0,0.7,8.0,,0.0,True,11.697,0.6307
2025-26,30.0,0.7,8.0,,0.2,False,10.71,0.62922
2025-26,30.0,0.7,8.0,,0.2,True,10.727,0.62926
2025-26,30.0,0.7,8.0,,0.35,False,10.105,0.62871
2025-26,30.0,0.7,8.0,,0.35,True,10.122,0.62875
2025-26,30.0,0.7,8.0,25.0,0.0,False,10.505,0.63017
2025-26,30.0,0.7,8.0,25.0,0.0,True,10.538,0.63023
2025-26,30.0,0.7,8.0,25.0,0.2,False,9.928,0.62872
2025-26,30.0,0.7,8.0,25.0,0.2,True,9.954,0.62877
2025-26,30.0,0.7,8.0,25.0,0.35,False,9.535,0.62829
2025-26,30.0,0.7,8.0,25.0,0.35,True,9.557,0.62834
2025-26,30.0,0.7,8.0,18.0,0.0,False,9.132,0.63029
2025-26,30.0,0.7,8.0,18.0,0.0,True,9.169,0.63036
2025-26,30.0,0.7,8.0,18.0,0.2,False,8.82,0.62865
2025-26,30.0,0.7,8.0,18.0,0.2,True,8.853,0.62871
2025-26,30.0,0.7,8.0,18.0,0.35,False,8.581,0.62806
2025-26,30.0,0.7,8.0,18.0,0.35,True,8.611,0.62811
2025-26,30.0,0.7,12.0,,0.0,False,10.446,0.63137
2025-26,30.0,0.7,12.0,,0.0,True,10.458,0.63138
2025-26,30.0,0.7,12.0,,0.2,False,9.587,0.62998
2025-26,30.0,0.7,12.0,,0.2,True,9.599,0.62999
2025-26,30.0,0.7,12.0,,0.35,False,9.045,0.62947
2025-26,30.0,0.7,12.0,,0.35,True,9.057,0.62947
2025-26,30.0,0.7,12.0,25.0,0.0,False,9.388,0.63084
2025-26,30.0,0.7,12.0,25.0,0.0,True,9.413,0.63087
2025-26,30.0,0.7,12.0,25.0,0.2,False,8.879,0.62945
2025-26,30.0,0.7,12.0,25.0,0.2,True,8.9,0.62947
2025-26,30.0,0.7,12.0,25.0,0.35,False,8.526,0.62901
2025-26,30.0,0.7,12.0,25.0,0.35,True,8.543,0.62903
2025-26,30.0,0.7,12.0,18.0,0.0,False,8.157,0.63093
2025-26,30.0,0.7,12.0,18.0,0.0,True,8.188,0.63096
2025-26,30.0,0.7,12.0,18.0,0.2,False,7.888,0.62938
2025-26,30.0,0.7,12.0,18.0,0.2,True,7.915,0.62941
2025-26,30.0,0.7,12.0,18.0,0.35,False,7.674,0.6288
2025-26,30.0,0.7,12.0,18.0,0.35,True,7.698,0.62881
2025-26,30.0,0.85,5.0,,0.0,False,13.287,0.63068
2025-26,30.0,0.85,5.0,,0.0,True,13.318,0.63078
2025-26,30.0,0.85,5.0,,0.2,False,12.172,0.62919
2025-26,30.0,0.85,5.0,,0.2,True,12.202,0.62929
2025-26,30.0,0.85,5.0,,0.35,False,11.482,0.62868
2025-26,30.0,0.85,5.0,,0.35,True,11.512,0.62878
2025-26,30.0,0.85,5.0,25.0,0.0,False,11.964,0.63024
2025-26,30.0,0.85,5.0,25.0,0.0,True,12.013,0.63037
2025-26,30.0,0.85,5.0,25.0,0.2,False,11.294,0.62873
2025-26,30.0,0.85,5.0,25.0,0.2,True,11.335,0.62886
2025-26,30.0,0.85,5.0,25.0,0.35,False,10.844,0.6283
2025-26,30.0,0.85,5.0,25.0,0.35,True,10.88,0.62842
2025-26,30.0,0.85,5.0,18.0,0.0,False,10.405,0.6304
2025-26,30.0,0.85,5.0,18.0,0.0,True,10.459,0.63054
2025-26,30.0,0.85,5.0,18.0,0.2,False,10.038,0.62869
2025-26,30.0,0.85,5.0,18.0,0.2,True,10.085,0.62882
2025-26,30.0,0.85,5.0,18.0,0.35,False,9.764,0.62809
2025-26,30.0,0.85,5.0,18.0,0.35,True,9.807,0.62821
2025-26,30.0,0.85,8.0,,0.0,False,12.028,0.63079
2025-26,30.0,0.85,8.0,,0.0,True,12.051,0.63083
2025-26,30.0,0.85,8.0,,0.2,False,11.027,0.62934
2025-26,30.0,0.85,8.0,,0.2,True,11.049,0.62938
2025-26,30.0,0.85,8.0,,0.35,False,10.398,0.62881
2025-26,30.0,0.85,8.0,,0.35,True,10.42,0.62886
2025-26,30.0,0.85,8.0,25.0,0.0,False,10.822,0.63031
2025-26,30.0,0.85,8.0,25.0,0.0,True,10.861,0.63038
2025-26,30.0,0.85,8.0,25.0,0.2,False,10.226,0.62887
2025-26,30.0,0.85,8.0,25.0,0.2,True,10.257,0.62893
2025-26,30.0,0.85,8.0,25.0,0.35,False,9.816,0.62842
2025-26,30.0,0.85,8.0,25.0,0.35,True,9.843,0.62847
2025-26,30.0,0.85,8.0,18.0,0.0,False,9.409,0.63045
2025-26,30.0,0.85,8.0,18.0,0.0,True,9.452,0.63052
2025-26,30.0,0.85,8.0,18.0,0.2,False,9.089,0.62884
2025-26,30.0,0.85,8.0,18.0,0.2,True,9.127,0.6289
2025-26,30.0,0.85,8.0,18.0,0.35,False,8.84,0.62824
2025-26,30.0,0.85,8.0,18.0,0.35,True,8.874,0.6283
2025-26,30.0,0.85,12.0,,0.0,False,10.832,0.63174
2025-26,30.0,0.85,12.0,,0.0,True,10.849,0.63175
2025-26,30.0,0.85,12.0,,0.2,False,9.937,0.63035
2025-26,30.0,0.85,12.0,,0.2,True,9.953,0.63036
2025-26,30.0,0.85,12.0,,0.35,False,9.368,0.62981
2025-26,30.0,0.85,12.0,,0.35,True,9.385,0.62981
2025-26,30.0,0.85,12.0,25.0,0.0,False,9.74,0.63125
2025-26,30.0,0.85,12.0,25.0,0.0,True,9.772,0.63127
2025-26,30.0,0.85,12.0,25.0,0.2,False,9.209,0.62986
2025-26,30.0,0.85,12.0,25.0,0.2,True,9.234,0.62987
2025-26,30.0,0.85,12.0,25.0,0.35,False,8.838,0.6294
2025-26,30.0,0.85,12.0,25.0,0.35,True,8.859,0.6294
2025-26,30.0,0.85,12.0,18.0,0.0,False,8.466,0.63136
2025-26,30.0,0.85,12.0,18.0,0.0,True,8.502,0.63139
2025-26,30.0,0.85,12.0,18.0,0.2,False,8.187,0.62985
2025-26,30.0,0.85,12.0,18.0,0.2,True,8.219,0.62987
2025-26,30.0,0.85,12.0,18.0,0.35,False,7.962,0.62925
2025-26,30.0,0.85,12.0,18.0,0.35,True,7.99,0.62927
2025-26,45.0,0.55,5.0,,0.0,False,13.091,0.63044
2025-26,45.0,0.55,5.0,,0.0,True,13.109,0.63052
2025-26,45.0,0.55,5.0,,0.2,False,12.027,0.62922
2025-26,45.0,0.55,5.0,,0.2,True,12.046,0.62931
2025-26,45.0,0.55,5.0,,0.35,False,11.372,0.62894
2025-26,45.0,0.55,5.0,,0.35,True,11.391,0.62903
2025-26,45.0,0.55,5.0,25.0,0.0,False,11.792,0.62992
2025-26,45.0,0.55,5.0,25.0,0.0,True,11.828,0.63003
2025-26,45.0,0.55,5.0,25.0,0.2,False,11.166,0.62871
2025-26,45.0,0.55,5.0,25.0,0.2,True,11.195,0.62882
2025-26,45.0,0.55,5.0,25.0,0.35,False,10.746,0.62853
2025-26,45.0,0.55,5.0,25.0,0.35,True,10.771,0.62863
2025-26,45.0,0.55,5.0,18.0,0.0,False,10.25,0.62997
2025-26,45.0,0.55,5.0,18.0,0.0,True,10.292,0.63008
2025-26,45.0,0.55,5.0,18.0,0.2,False,9.917,0.62854
2025-26,45.0,0.55,5.0,18.0,0.2,True,9.954,0.62865
2025-26,45.0,0.55,5.0,18.0,0.35,False,9.669,0.62816
2025-26,45.0,0.55,5.0,18.0,0.35,True,9.701,0.62827
2025-26,45.0,0.55,8.0,,0.0,False,11.947,0.62995
2025-26,45.0,0.55,8.0,,0.0,True,11.958,0.62998
2025-26,45.0,0.55,8.0,,0.2,False,10.988,0.6288
2025-26,45.0,0.55,8.0,,0.2,True,10.999,0.62883
2025-26,45.0,0.55,8.0,,0.35,False,10.389,0.62852
2025-26,45.0,0.55,8.0,,0.35,True,10.399,0.62855
2025-26,45.0,0.55,8.0,25.0,0.0,False,10.754,0.6294
2025-26,45.0,0.55,8.0,25.0,0.0,True,10.78,0.62945
2025-26,45.0,0.55,8.0,25.0,0.2,False,10.194,0.62827
2025-26,45.0,0.55,8.0,25.0,0.2,True,10.214,0.62831
2025-26,45.0,0.55,8.0,25.0,0.35,False,9.81,0.62809
2025-26,45.0,0.55,8.0,25.0,0.35,True,9.827,0.62813
2025-26,45.0,0.55,8.0,18.0,0.0,False,9.344,0.62943
2025-26,45.0,0.55,8.0,18.0,0.0,True,9.376,0.62947
2025-26,45.0,0.55,8.0,18.0,0.2,False,9.053,0.6281
2025-26,45.0,0.55,8.0,18.0,0.2,True,9.08,0.62814
2025-26,45.0,0.55,8.0,18.0,0.35,False,8.826,0.62773
2025-26,45.0,0.55,8.0,18.0,0.35,True,8.85,0.62778
2025-26,45.0,0.55,12.0,,0.0,False,10.862,0.63019
2025-26,45.0,0.55,12.0,,0.0,True,10.867,0.63018
2025-26,45.0,0.55,12.0,,0.2,False,9.997,0.62909
2025-26,45.0,0.55,12.0,,0.2,True,10.003,0.62908
2025-26,45.0,0.55,12.0,,0.35,False,9.45,0.62881
2025-26,45.0,0.55,12.0,,0.35,True,9.456,0.62879
2025-26,45.0,0.55,12.0,25.0,0.0,False,9.769,0.62962
2025-26,45.0,0.55,12.0,25.0,0.0,True,9.789,0.62962
2025-26,45.0,0.55,12.0,25.0,0.2,False,9.267,0.62854
2025-26,45.0,0.55,12.0,25.0,0.2,True,9.282,0.62854
2025-26,45.0,0.55,12.0,25.0,0.35,False,8.916,0.62835
2025-26,45.0,0.55,12.0,25.0,0.35,True,8.927,0.62834
2025-26,45.0,0.55,12.0,18.0,0.0,False,8.485,0.62962
2025-26,45.0,0.55,12.0,18.0,0.0,True,8.511,0.62962
2025-26,45.0,0.55,12.0,18.0,0.2,False,8.229,0.62837
2025-26,45.0,0.55,12.0,18.0,0.2,True,8.25,0.62837
2025-26,45.0,0.55,12.0,18.0,0.35,False,8.021,0.62801
2025-26,45.0,0.55,12.0,18.0,0.35,True,8.039,0.62801
2025-26,45.0,0.7,5.0,,0.0,False,13.322,0.63012
2025-26,45.0,0.7,5.0,,0.0,True,13.346,0.63021
2025-26,45.0,0.7,5.0,,0.2,False,12.243,0.62893
2025-26,45.0,0.7,5.0,,0.2,True,12.266,0.62902
2025-26,45.0,0.7,5.0,,0.35,False,11.575,0.62865
2025-26,45.0,0.7,5.0,,0.35,True,11.598,0.62874
2025-26,45.0,0.7,5.0,25.0,0.0,False,12.004,0.62962
2025-26,45.0,0.7,5.0,25.0,0.0,True,12.045,0.62974
2025-26,45.0,0.7,5.0,25.0,0.2,False,11.369,0.62844
2025-26,45.0,0.7,5.0,25.0,0.2,True,11.402,0.62855
2025-26,45.0,0.7,5.0,25.0,0.35,False,10.94,0.62826
2025-26,45.0,0.7,5.0,25.0,0.35,True,10.97,0.62836
2025-26,45.0,0.7,5.0,18.0,0.0,False,10.434,0.62968
2025-26,45.0,0.7,5.0,18.0,0.0,True,10.481,0.6298
2025-26,45.0,0.7,5.0,18.0,0.2,False,10.099,0.62828
2025-26,45.0,0.7,5.0,18.0,0.2,True,10.14,0.6284
2025-26,45.0,0.7,5.0,18.0,0.35,False,9.846,0.62792
2025-26,45.0,0.7,5.0,18.0,0.35,True,9.883,0.62803
2025-26,45.0,0.7,8.0,,0.0,False,12.248,0.62972
2025-26,45.0,0.7,8.0,,0.0,True,12.264,0.62975
2025-26,45.0,0.7,8.0,,0.2,False,11.266,0.62859
2025-26,45.0,0.7,8.0,,0.2,True,11.281,0.62862
2025-26,45.0,0.7,8.0,,0.35,False,10.649,0.6283
2025-26,45.0,0.7,8.0,,0.35,True,10.664,0.62834
2025-26,45.0,0.7,8.0,25.0,0.0,False,11.028,0.6292
2025-26,45.0,0.7,8.0,25.0,0.0,True,11.06,0.62926
2025-26,45.0,0.7,8.0,25.0,0.2,False,10.455,0.62808
2025-26,45.0,0.7,8.0,25.0,0.2,True,10.48,0.62813
2025-26,45.0,0.7,8.0,25.0,0.35,False,10.059,0.6279
2025-26,45.0,0.7,8.0,25.0,0.35,True,10.081,0.62794
2025-26,45.0,0.7,8.0,18.0,0.0,False,9.582,0.62923
2025-26,45.0,0.7,8.0,18.0,0.0,True,9.62,0.62928
2025-26,45.0,0.7,8.0,18.0,0.2,False,9.287,0.62793
2025-26,45.0,0.7,8.0,18.0,0.2,True,9.319,0.62799
2025-26,45.0,0.7,8.0,18.0,0.35,False,9.053,0.62758
2025-26,45.0,0.7,8.0,18.0,0.35,True,9.082,0.62763
2025-26,45.0,0.7,12.0,,0.0,False,11.214,0.63009
2025-26,45.0,0.7,12.0,,0.0,True,11.225,0.63008
2025-26,45.0,0.7,12.0,,0.2,False,10.321,0.629
2025-26,45.0,0.7,12.0,,0.2,True,10.331,0.62899
2025-26,45.0,0.7,12.0,,0.35,False,9.752,0.62871
2025-26,45.0,0.7,12.0,,0.35,True,9.762,0.62869
2025-26,45.0,0.7,12.0,25.0,0.0,False,10.089,0.62955
2025-26,45.0,0.7,12.0,25.0,0.0,True,10.115,0.62956
2025-26,45.0,0.7,12.0,25.0,0.2,False,9.571,0.62848
2025-26,45.0,0.7,12.0,25.0,0.2,True,9.59,0.62848
2025-26,45.0,0.7,12.0,25.0,0.35,False,9.205,0.62828
2025-26,45.0,0.7,12.0,25.0,0.35,True,9.221,0.62827
2025-26,45.0,0.7,12.0,18.0,0.0,False,8.764,0.62955
2025-26,45.0,0.7,12.0,18.0,0.0,True,8.795,0.62956
2025-26,45.0,0.7,12.0,18.0,0.2,False,8.501,0.62834
2025-26,45.0,0.7,12.0,18.0,0.2,True,8.527,0.62835
2025-26,45.0,0.7,12.0,18.0,0.35,False,8.285,0.62799
2025-26,45.0,0.7,12.0,18.0,0.35,True,8.307,0.62798
2025-26,45.0,0.85,5.0,,0.0,False,13.616,0.63005
2025-26,45.0,0.85,5.0,,0.0,True,13.648,0.63015
2025-26,45.0,0.85,5.0,,0.2,False,12.516,0.62888
2025-26,45.0,0.85,5.0,,0.2,True,12.546,0.62898
2025-26,45.0,0.85,5.0,,0.35,False,11.832,0.6286
2025-26,45.0,0.85,5.0,,0.35,True,11.861,0.62871
2025-26,45.0,0.85,5.0,25.0,0.0,False,12.272,0.62957
2025-26,45.0,0.85,5.0,25.0,0.0,True,12.321,0.62971
2025-26,45.0,0.85,5.0,25.0,0.2,False,11.625,0.62841
2025-26,45.0,0.85,5.0,25.0,0.2,True,11.666,0.62853
2025-26,45.0,0.85,5.0,25.0,0.35,False,11.186,0.62823
2025-26,45.0,0.85,5.0,25.0,0.35,True,11.221,0.62834
2025-26,45.0,0.85,5.0,18.0,0.0,False,10.667,0.62963
2025-26,45.0,0.85,5.0,18.0,0.0,True,10.721,0.62977
2025-26,45.0,0.85,5.0,18.0,0.2,False,10.329,0.62827
2025-26,45.0,0.85,5.0,18.0,0.2,True,10.376,0.6284
2025-26,45.0,0.85,5.0,18.0,0.35,False,10.07,0.62792
2025-26,45.0,0.85,5.0,18.0,0.35,True,10.112,0.62804
2025-26,45.0,0.85,8.0,,0.0,False,12.642,0.62988
2025-26,45.0,0.85,8.0,,0.0,True,12.666,0.62992
2025-26,45.0,0.85,8.0,,0.2,False,11.629,0.62877
2025-26,45.0,0.85,8.0,,0.2,True,11.651,0.62881
2025-26,45.0,0.85,8.0,,0.35,False,10.989,0.62848
2025-26,45.0,0.85,8.0,,0.35,True,11.01,0.62852
2025-26,45.0,0.85,8.0,25.0,0.0,False,11.385,0.62938
2025-26,45.0,0.85,8.0,25.0,0.0,True,11.425,0.62946
2025-26,45.0,0.85,8.0,25.0,0.2,False,10.795,0.62828
2025-26,45.0,0.85,8.0,25.0,0.2,True,10.827,0.62834
2025-26,45.0,0.85,8.0,25.0,0.35,False,10.384,0.6281
2025-26,45.0,0.85,8.0,25.0,0.35,True,10.411,0.62815
2025-26,45.0,0.85,8.0,18.0,0.0,False,9.893,0.62942
2025-26,45.0,0.85,8.0,18.0,0.0,True,9.937,0.62949
2025-26,45.0,0.85,8.0,18.0,0.2,False,9.591,0.62817
2025-26,45.0,0.85,8.0,18.0,0.2,True,9.63,0.62823
2025-26,45.0,0.85,8.0,18.0,0.35,False,9.348,0.62782
2025-26,45.0,0.85,8.0,18.0,0.35,True,9.383,0.62788
2025-26,45.0,0.85,12.0,,0.0,False,11.694,0.63056
2025-26,45.0,0.85,12.0,,0.0,True,11.713,0.63056
2025-26,45.0,0.85,12.0,,0.2,False,10.761,0.62949
2025-26,45.0,0.85,12.0,,0.2,True,10.778,0.62949
2025-26,45.0,0.85,12.0,,0.35,False,10.164,0.62918
2025-26,45.0,0.85,12.0,,0.35,True,10.18,0.62918
2025-26,45.0,0.85,12.0,25.0,0.0,False,10.525,0.63006
2025-26,45.0,0.85,12.0,25.0,0.0,True,10.558,0.63008
2025-26,45.0,0.85,12.0,25.0,0.2,False,9.983,0.629
2025-26,45.0,0.85,12.0,25.0,0.2,True,10.008,0.62901
2025-26,45.0,0.85,12.0,25.0,0.35,False,9.597,0.62878
2025-26,45.0,0.85,12.0,25.0,0.35,True,9.619,0.62878
2025-26,45.0,0.85,12.0,18.0,0.0,False,9.143,0.63007
2025-26,45.0,0.85,12.0,18.0,0.0,True,9.181,0.63009
2025-26,45.0,0.85,12.0,18.0,0.2,False,8.87,0.6289
2025-26,45.0,0.85,12.0,18.0,0.2,True,8.903,0.62892
2025-26,45.0,0.85,12.0,18.0,0.35,False,8.642,0.62855
2025-26,45.0,0.85,12.0,18.0,0.35,True,8.67,0.62855
2025-26,65.0,0.55,5.0,,0.0,False,13.293,0.63052
2025-26,65.0,0.55,5.0,,0.0,True,13.309,0.6306
2025-26,65.0,0.55,5.0,,0.2,False,12.238,0.6295
2025-26,65.0,0.55,5.0,,0.2,True,12.253,0.62958
2025-26,65.0,0.55,5.0,,0.35,False,11.587,0.62936
2025-26,65.0,0.55,5.0,,0.35,True,11.603,0.62944
2025-26,65.0,0.55,5.0,25.0,0.0,False,11.984,0.62997
2025-26,65.0,0.55,5.0,25.0,0.0,True,12.017,0.63007
2025-26,65.0,0.55,5.0,25.0,0.2,False,11.371,0.62898
2025-26,65.0,0.55,5.0,25.0,0.2,True,11.397,0.62907
2025-26,65.0,0.55,5.0,25.0,0.35,False,10.958,0.62896
2025-26,65.0,0.55,5.0,25.0,0.35,True,10.98,0.62904
2025-26,65.0,0.55,5.0,18.0,0.0,False,10.413,0.62996
2025-26,65.0,0.55,5.0,18.0,0.0,True,10.452,0.63005
2025-26,65.0,0.55,5.0,18.0,0.2,False,10.099,0.62876
2025-26,65.0,0.55,5.0,18.0,0.2,True,10.133,0.62885
2025-26,65.0,0.55,5.0,18.0,0.35,False,9.86,0.62853
2025-26,65.0,0.55,5.0,18.0,0.35,True,9.891,0.62863
2025-26,65.0,0.55,8.0,,0.0,False,12.284,0.62989
2025-26,65.0,0.55,8.0,,0.0,True,12.292,0.6299
2025-26,65.0,0.55,8.0,,0.2,False,11.321,0.62894
2025-26,65.0,0.55,8.0,,0.2,True,11.329,0.62896
2025-26,65.0,0.55,8.0,,0.35,False,10.719,0.62881
2025-26,65.0,0.55,8.0,,0.35,True,10.727,0.62883
2025-26,65.0,0.55,8.0,25.0,0.0,False,11.067,0.62932
2025-26,65.0,0.55,8.0,25.0,0.0,True,11.092,0.62936
2025-26,65.0,0.55,8.0,25.0,0.2,False,10.513,0.6284
2025-26,65.0,0.55,8.0,25.0,0.2,True,10.531,0.62843
2025-26,65.0,0.55,8.0,25.0,0.35,False,10.132,0.62839
2025-26,65.0,0.55,8.0,25.0,0.35,True,10.146,0.62842
2025-26,65.0,0.55,8.0,18.0,0.0,False,9.613,0.62928
2025-26,65.0,0.55,8.0,18.0,0.0,True,9.644,0.62931
2025-26,65.0,0.55,8.0,18.0,0.2,False,9.337,0.62819
2025-26,65.0,0.55,8.0,18.0,0.2,True,9.363,0.62822
2025-26,65.0,0.55,8.0,18.0,0.35,False,9.117,0.62799
2025-26,65.0,0.55,8.0,18.0,0.35,True,9.139,0.62802
2025-26,65.0,0.55,12.0,,0.0,False,11.322,0.62992
2025-26,65.0,0.55,12.0,,0.0,True,11.325,0.62989
2025-26,65.0,0.55,12.0,,0.2,False,10.443,0.62903
2025-26,65.0,0.55,12.0,,0.2,True,10.446,0.629
2025-26,65.0,0.55,12.0,,0.35,False,9.885,0.6289
2025-26,65.0,0.55,12.0,,0.35,True,9.888,0.62887
2025-26,65.0,0.55,12.0,25.0,0.0,False,10.194,0.62934
2025-26,65.0,0.55,12.0,25.0,0.0,True,10.212,0.62933
2025-26,65.0,0.55,12.0,25.0,0.2,False,9.691,0.62848
2025-26,65.0,0.55,12.0,25.0,0.2,True,9.703,0.62846
2025-26,65.0,0.55,12.0,25.0,0.35,False,9.337,0.62846
2025-26,65.0,0.55,12.0,25.0,0.35,True,9.346,0.62844
2025-26,65.0,0.55,12.0,18.0,0.0,False,8.852,0.62927
2025-26,65.0,0.55,12.0,18.0,0.0,True,8.877,0.62926
2025-26,65.0,0.55,12.0,18.0,0.2,False,8.606,0.62827
2025-26,65.0,0.55,12.0,18.0,0.2,True,8.626,0.62826
2025-26,65.0,0.55,12.0,18.0,0.35,False,8.401,0.62808
2025-26,65.0,0.55,12.0,18.0,0.35,True,8.418,0.62806
2025-26,65.0,0.7,5.0,,0.0,False,13.522,0.63024
2025-26,65.0,0.7,5.0,,0.0,True,13.544,0.63032
2025-26,65.0,0.7,5.0,,0.2,False,12.453,0.62925
2025-26,65.0,0.7,5.0,,0.2,True,12.474,0.62933
2025-26,65.0,0.7,5.0,,0.35,False,11.79,0.62912
2025-26,65.0,0.7,5.0,,0.35,True,11.811,0.6292
2025-26,65.0,0.7,5.0,25.0,0.0,False,12.193,0.62971
2025-26,65.0,0.7,5.0,25.0,0.0,True,12.232,0.62982
2025-26,65.0,0.7,5.0,25.0,0.2,False,11.573,0.62874
2025-26,65.0,0.7,5.0,25.0,0.2,True,11.604,0.62884
2025-26,65.0,0.7,5.0,25.0,0.35,False,11.153,0.62872
2025-26,65.0,0.7,5.0,25.0,0.35,True,11.18,0.62882
2025-26,65.0,0.7,5.0,18.0,0.0,False,10.595,0.6297
2025-26,65.0,0.7,5.0,18.0,0.0,True,10.64,0.62981
2025-26,65.0,0.7,5.0,18.0,0.2,False,10.28,0.62853
2025-26,65.0,0.7,5.0,18.0,0.2,True,10.319,0.62864
2025-26,65.0,0.7,5.0,18.0,0.35,False,10.038,0.62832
2025-26,65.0,0.7,5.0,18.0,0.35,True,10.073,0.62843
2025-26,65.0,0.7,8.0,,0.0,False,12.595,0.62969
2025-26,65.0,0.7,8.0,,0.0,True,12.61,0.62972
2025-26,65.0,0.7,8.0,,0.2,False,11.612,0.62877
2025-26,65.0,0.7,8.0,,0.2,True,11.625,0.6288
2025-26,65.0,0.7,8.0,,0.35,False,10.993,0.62865
2025-26,65.0,0.7,8.0,,0.35,True,11.006,0.62868
2025-26,65.0,0.7,8.0,25.0,0.0,False,11.351,0.62915
2025-26,65.0,0.7,8.0,25.0,0.0,True,11.382,0.6292
2025-26,65.0,0.7,8.0,25.0,0.2,False,10.786,0.62826
2025-26,65.0,0.7,8.0,25.0,0.2,True,10.81,0.6283
2025-26,65.0,0.7,8.0,25.0,0.35,False,10.394,0.62825
2025-26,65.0,0.7,8.0,25.0,0.35,True,10.413,0.62828
2025-26,65.0,0.7,8.0,18.0,0.0,False,9.86,0.62911
2025-26,65.0,0.7,8.0,18.0,0.0,True,9.897,0.62916
2025-26,65.0,0.7,8.0,18.0,0.2,False,9.581,0.62806
2025-26,65.0,0.7,8.0,18.0,0.2,True,9.612,0.62811
2025-26,65.0,0.7,8.0,18.0,0.35,False,9.355,0.62788
2025-26,65.0,0.7,8.0,18.0,0.35,True,9.382,0.62792
2025-26,65.0,0.7,12.0,,0.0,False,11.708,0.62986
2025-26,65.0,0.7,12.0,,0.0,True,11.718,0.62985
2025-26,65.0,0.7,12.0,,0.2,False,10.801,0.629
2025-26,65.0,0.7,12.0,,0.2,True,10.81,0.62898
2025-26,65.0,0.7,12.0,,0.35,False,10.223,0.62887
2025-26,65.0,0.7,12.0,,0.35,True,10.231,0.62886
2025-26,65.0,0.7,12.0,25.0,0.0,False,10.545,0.62932
2025-26,65.0,0.7,12.0,25.0,0.0,True,10.57,0.62932
2025-26,65.0,0.7,12.0,25.0,0.2,False,10.027,0.62848
2025-26,65.0,0.7,12.0,25.0,0.2,True,10.045,0.62847
2025-26,65.0,0.7,12.0,25.0,0.35,False,9.66,0.62846
2025-26,65.0,0.7,12.0,25.0,0.35,True,9.674,0.62845
2025-26,65.0,0.7,12.0,18.0,0.0,False,9.158,0.62926
2025-26,65.0,0.7,12.0,18.0,0.0,True,9.188,0.62926
2025-26,65.0,0.7,12.0,18.0,0.2,False,8.907,0.6283
2025-26,65.0,0.7,12.0,18.0,0.2,True,8.932,0.6283
2025-26,65.0,0.7,12.0,18.0,0.35,False,8.695,0.62812
2025-26,65.0,0.7,12.0,18.0,0.35,True,8.716,0.62811
2025-26,65.0,0.85,5.0,,0.0,False,13.804,0.63017
2025-26,65.0,0.85,5.0,,0.0,True,13.834,0.63027
2025-26,65.0,0.85,5.0,,0.2,False,12.717,0.62921
2025-26,65.0,0.85,5.0,,0.2,True,12.745,0.62931
2025-26,65.0,0.85,5.0,,0.35,False,12.04,0.62909
2025-26,65.0,0.85,5.0,,0.35,True,12.067,0.62919
2025-26,65.0,0.85,5.0,25.0,0.0,False,12.45,0.62967
2025-26,65.0,0.85,5.0,25.0,0.0,True,12.497,0.62979
2025-26,65.0,0.85,5.0,25.0,0.2,False,11.82,0.62872
2025-26,65.0,0.85,5.0,25.0,0.2,True,11.859,0.62884
2025-26,65.0,0.85,5.0,25.0,0.35,False,11.391,0.62871
2025-26,65.0,0.85,5.0,25.0,0.35,True,11.425,0.62882
2025-26,65.0,0.85,5.0,18.0,0.0,False,10.818,0.62965
2025-26,65.0,0.85,5.0,18.0,0.0,True,10.87,0.62978
2025-26,65.0,0.85,5.0,18.0,0.2,False,10.501,0.62853
2025-26,65.0,0.85,5.0,18.0,0.2,True,10.547,0.62865
2025-26,65.0,0.85,5.0,18.0,0.35,False,10.254,0.62833
2025-26,65.0,0.85,5.0,18.0,0.35,True,10.295,0.62845
2025-26,65.0,0.85,8.0,,0.0,False,12.986,0.62983
2025-26,65.0,0.85,8.0,,0.0,True,13.009,0.62987
2025-26,65.0,0.85,8.0,,0.2,False,11.976,0.62894
2025-26,65.0,0.85,8.0,,0.2,True,11.997,0.62898
2025-26,65.0,0.85,8.0,,0.35,False,11.336,0.62882
2025-26,65.0,0.85,8.0,,0.35,True,11.356,0.62886
2025-26,65.0,0.85,8.0,25.0,0.0,False,11.706,0.62931
2025-26,65.0,0.85,8.0,25.0,0.0,True,11.745,0.62938
2025-26,65.0,0.85,8.0,25.0,0.2,False,11.126,0.62845
2025-26,65.0,0.85,8.0,25.0,0.2,True,11.158,0.62851
2025-26,65.0,0.85,8.0,25.0,0.35,False,10.721,0.62844
2025-26,65.0,0.85,8.0,25.0,0.35,True,10.747,0.62849
2025-26,65.0,0.85,8.0,18.0,0.0,False,10.168,0.62928
2025-26,65.0,0.85,8.0,18.0,0.0,True,10.213,0.62934
2025-26,65.0,0.85,8.0,18.0,0.2,False,9.885,0.62828
2025-26,65.0,0.85,8.0,18.0,0.2,True,9.923,0.62834
2025-26,65.0,0.85,8.0,18.0,0.35,False,9.652,0.6281
2025-26,65.0,0.85,8.0,18.0,0.35,True,9.686,0.62816
2025-26,65.0,0.85,12.0,,0.0,False,12.207,0.6303
2025-26,65.0,0.85,12.0,,0.0,True,12.225,0.6303
2025-26,65.0,0.85,12.0,,0.2,False,11.263,0.62947
2025-26,65.0,0.85,12.0,,0.2,True,11.28,0.62947
2025-26,65.0,0.85,12.0,,0.35,False,10.658,0.62934
2025-26,65.0,0.85,12.0,,0.35,True,10.673,0.62933
2025-26,65.0,0.85,12.0,25.0,0.0,False,10.997,0.62979
2025-26,65.0,0.85,12.0,25.0,0.0,True,11.031,0.62981
2025-26,65.0,0.85,12.0,25.0,0.2,False,10.459,0.62898
2025-26,65.0,0.85,12.0,25.0,0.2,True,10.485,0.62899
2025-26,65.0,0.85,12.0,25.0,0.35,False,10.074,0.62895
2025-26,65.0,0.85,12.0,25.0,0.35,True,10.095,0.62895
2025-26,65.0,0.85,12.0,18.0,0.0,False,9.551,0.62974
2025-26,65.0,0.85,12.0,18.0,0.0,True,9.59,0.62976
2025-26,65.0,0.85,12.0,18.0,0.2,False,9.292,0.62883
2025-26,65.0,0.85,12.0,18.0,0.2,True,9.325,0.62884
2025-26,65.0,0.85,12.0,18.0,0.35,False,9.071,0.62865
2025-26,65.0,0.85,12.0,18.0,0.35,True,9.099,0.62866
2025-26,90.0,0.55,5.0,,0.0,False,13.44,0.63082
2025-26,90.0,0.55,5.0,,0.0,True,13.454,0.63088
2025-26,90.0,0.55,5.0,,0.2,False,12.389,0.62993
2025-26,90.0,0.55,5.0,,0.2,True,12.403,0.63
2025-26,90.0,0.55,5.0,,0.35,False,11.742,0.62989
2025-26,90.0,0.55,5.0,,0.35,True,11.756,0.62996
2025-26,90.0,0.55,5.0,25.0,0.0,False,12.124,0.63025
2025-26,90.0,0.55,5.0,25.0,0.0,True,12.155,0.63034
2025-26,90.0,0.55,5.0,25.0,0.2,False,11.518,0.62939
2025-26,90.0,0.55,5.0,25.0,0.2,True,11.542,0.62948
2025-26,90.0,0.55,5.0,25.0,0.35,False,11.111,0.62948
2025-26,90.0,0.55,5.0,25.0,0.35,True,11.132,0.62956
2025-26,90.0,0.55,5.0,18.0,0.0,False,10.532,0.63019
2025-26,90.0,0.55,5.0,18.0,0.0,True,10.569,0.63028
2025-26,90.0,0.55,5.0,18.0,0.2,False,10.231,0.62915
2025-26,90.0,0.55,5.0,18.0,0.2,True,10.263,0.62923
2025-26,90.0,0.55,5.0,18.0,0.35,False,9.999,0.62903
2025-26,90.0,0.55,5.0,18.0,0.35,True,10.028,0.62911
2025-26,90.0,0.55,8.0,,0.0,False,12.509,0.63012
2025-26,90.0,0.55,8.0,,0.0,True,12.515,0.63013
2025-26,90.0,0.55,8.0,,0.2,False,11.545,0.62931
2025-26,90.0,0.55,8.0,,0.2,True,11.551,0.62932
2025-26,90.0,0.55,8.0,,0.35,False,10.942,0.62928
2025-26,90.0,0.55,8.0,,0.35,True,10.948,0.62929
2025-26,90.0,0.55,8.0,25.0,0.0,False,11.278,0.62954
2025-26,90.0,0.55,8.0,25.0,0.0,True,11.301,0.62957
2025-26,90.0,0.55,8.0,25.0,0.2,False,10.728,0.62876
2025-26,90.0,0.55,8.0,25.0,0.2,True,10.745,0.62879
2025-26,90.0,0.55,8.0,25.0,0.35,False,10.35,0.62886
2025-26,90.0,0.55,8.0,25.0,0.35,True,10.362,0.62889
2025-26,90.0,0.55,8.0,18.0,0.0,False,9.794,0.62945
2025-26,90.0,0.55,8.0,18.0,0.0,True,9.824,0.62948
2025-26,90.0,0.55,8.0,18.0,0.2,False,9.529,0.62852
2025-26,90.0,0.55,8.0,18.0,0.2,True,9.553,0.62855
2025-26,90.0,0.55,8.0,18.0,0.35,False,9.314,0.62843
2025-26,90.0,0.55,8.0,18.0,0.35,True,9.335,0.62845
2025-26,90.0,0.55,12.0,,0.0,False,11.625,0.63004
2025-26,90.0,0.55,12.0,,0.0,True,11.627,0.63001
2025-26,90.0,0.55,12.0,,0.2,False,10.739,0.6293
2025-26,90.0,0.55,12.0,,0.2,True,10.74,0.62926
2025-26,90.0,0.55,12.0,,0.35,False,10.177,0.62927
2025-26,90.0,0.55,12.0,,0.35,True,10.178,0.62924
2025-26,90.0,0.55,12.0,25.0,0.0,False,10.476,0.62945
2025-26,90.0,0.55,12.0,25.0,0.0,True,10.493,0.62944
2025-26,90.0,0.55,12.0,25.0,0.2,False,9.974,0.62874
2025-26,90.0,0.55,12.0,25.0,0.2,True,9.985,0.62872
2025-26,90.0,0.55,12.0,25.0,0.35,False,9.62,0.62884
2025-26,90.0,0.55,12.0,25.0,0.35,True,9.628,0.62881
2025-26,90.0,0.55,12.0,18.0,0.0,False,9.096,0.62934
2025-26,90.0,0.55,12.0,18.0,0.0,True,9.119,0.62933
2025-26,90.0,0.55,12.0,18.0,0.2,False,8.858,0.62851
2025-26,90.0,0.55,12.0,18.0,0.2,True,8.877,0.62849
2025-26,90.0,0.55,12.0,18.0,0.35,False,8.658,0.62843
2025-26,90.0,0.55,12.0,18.0,0.35,True,8.673,0.62841
2025-26,90.0,0.7,5.0,,0.0,False,13.663,0.63056
2025-26,90.0,0.7,5.0,,0.0,True,13.683,0.63063
2025-26,90.0,0.7,5.0,,0.2,False,12.599,0.62969
2025-26,90.0,0.7,5.0,,0.2,True,12.618,0.62977
2025-26,90.0,0.7,5.0,,0.35,False,11.941,0.62966
2025-26,90.0,0.7,5.0,,0.35,True,11.96,0.62974
2025-26,90.0,0.7,5.0,25.0,0.0,False,12.327,0.63001
2025-26,90.0,0.7,5.0,25.0,0.0,True,12.364,0.63011
2025-26,90.0,0.7,5.0,25.0,0.2,False,11.715,0.62918
2025-26,90.0,0.7,5.0,25.0,0.2,True,11.745,0.62927
2025-26,90.0,0.7,5.0,25.0,0.35,False,11.301,0.62926
2025-26,90.0,0.7,5.0,25.0,0.35,True,11.327,0.62935
2025-26,90.0,0.7,5.0,18.0,0.0,False,10.709,0.62995
2025-26,90.0,0.7,5.0,18.0,0.0,True,10.752,0.63005
2025-26,90.0,0.7,5.0,18.0,0.2,False,10.407,0.62894
2025-26,90.0,0.7,5.0,18.0,0.2,True,10.444,0.62904
2025-26,90.0,0.7,5.0,18.0,0.35,False,10.172,0.62883
2025-26,90.0,0.7,5.0,18.0,0.35,True,10.205,0.62893
2025-26,90.0,0.7,8.0,,0.0,False,12.818,0.62994
2025-26,90.0,0.7,8.0,,0.0,True,12.831,0.62996
2025-26,90.0,0.7,8.0,,0.2,False,11.835,0.62916
2025-26,90.0,0.7,8.0,,0.2,True,11.847,0.62918
2025-26,90.0,0.7,8.0,,0.35,False,11.216,0.62914
2025-26,90.0,0.7,8.0,,0.35,True,11.228,0.62916
2025-26,90.0,0.7,8.0,25.0,0.0,False,11.559,0.62938
2025-26,90.0,0.7,8.0,25.0,0.0,True,11.589,0.62942
2025-26,90.0,0.7,8.0,25.0,0.2,False,11.0,0.62863
2025-26,90.0,0.7,8.0,25.0,0.2,True,11.023,0.62867
2025-26,90.0,0.7,8.0,25.0,0.35,False,10.612,0.62874
2025-26,90.0,0.7,8.0,25.0,0.35,True,10.63,0.62877
2025-26,90.0,0.7,8.0,18.0,0.0,False,10.039,0.62929
2025-26,90.0,0.7,8.0,18.0,0.0,True,10.075,0.62934
2025-26,90.0,0.7,8.0,18.0,0.2,False,9.772,0.62841
2025-26,90.0,0.7,8.0,18.0,0.2,True,9.802,0.62845
2025-26,90.0,0.7,8.0,18.0,0.35,False,9.552,0.62833
2025-26,90.0,0.7,8.0,18.0,0.35,True,9.578,0.62837
2025-26,90.0,0.7,12.0,,0.0,False,12.02,0.63
2025-26,90.0,0.7,12.0,,0.0,True,12.029,0.62998
2025-26,90.0,0.7,12.0,,0.2,False,11.108,0.62929
2025-26,90.0,0.7,12.0,,0.2,True,11.115,0.62927
2025-26,90.0,0.7,12.0,,0.35,False,10.526,0.62927
2025-26,90.0,0.7,12.0,,0.35,True,10.532,0.62925
2025-26,90.0,0.7,12.0,25.0,0.0,False,10.835,0.62945
2025-26,90.0,0.7,12.0,25.0,0.0,True,10.859,0.62944
2025-26,90.0,0.7,12.0,25.0,0.2,False,10.319,0.62876
2025-26,90.0,0.7,12.0,25.0,0.2,True,10.336,0.62875
2025-26,90.0,0.7,12.0,25.0,0.35,False,9.953,0.62886
2025-26,90.0,0.7,12.0,25.0,0.35,True,9.966,0.62885
2025-26,90.0,0.7,12.0,18.0,0.0,False,9.408,0.62934
2025-26,90.0,0.7,12.0,18.0,0.0,True,9.438,0.62934
2025-26,90.0,0.7,12.0,18.0,0.2,False,9.167,0.62856
2025-26,90.0,0.7,12.0,18.0,0.2,True,9.192,0.62855
2025-26,90.0,0.7,12.0,18.0,0.35,False,8.96,0.62849
2025-26,90.0,0.7,12.0,18.0,0.35,True,8.98,0.62848
2025-26,90.0,0.85,5.0,,0.0,False,13.933,0.63049
2025-26,90.0,0.85,5.0,,0.0,True,13.96,0.63058
2025-26,90.0,0.85,5.0,,0.2,False,12.852,0.62966
2025-26,90.0,0.85,5.0,,0.2,True,12.878,0.62975
2025-26,90.0,0.85,5.0,,0.35,False,12.181,0.62963
2025-26,90.0,0.85,5.0,,0.35,True,12.206,0.62973
2025-26,90.0,0.85,5.0,25.0,0.0,False,12.572,0.62996
2025-26,90.0,0.85,5.0,25.0,0.0,True,12.617,0.63008
2025-26,90.0,0.85,5.0,25.0,0.2,False,11.953,0.62915
2025-26,90.0,0.85,5.0,25.0,0.2,True,11.989,0.62926
2025-26,90.0,0.85,5.0,25.0,0.35,False,11.531,0.62925
2025-26,90.0,0.85,5.0,25.0,0.35,True,11.562,0.62935
2025-26,90.0,0.85,5.0,18.0,0.0,False,10.922,0.6299
2025-26,90.0,0.85,5.0,18.0,0.0,True,10.972,0.63002
2025-26,90.0,0.85,5.0,18.0,0.2,False,10.619,0.62893
2025-26,90.0,0.85,5.0,18.0,0.2,True,10.663,0.62904
2025-26,90.0,0.85,5.0,18.0,0.35,False,10.38,0.62883
2025-26,90.0,0.85,5.0,18.0,0.35,True,10.419,0.62894
2025-26,90.0,0.85,8.0,,0.0,False,13.197,0.63005
2025-26,90.0,0.85,8.0,,0.0,True,13.219,0.63009
2025-26,90.0,0.85,8.0,,0.2,False,12.19,0.6293
2025-26,90.0,0.85,8.0,,0.2,True,12.209,0.62934
2025-26,90.0,0.85,8.0,,0.35,False,11.552,0.62929
2025-26,90.0,0.85,8.0,,0.35,True,11.571,0.62933
2025-26,90.0,0.85,8.0,25.0,0.0,False,11.904,0.62952
2025-26,90.0,0.85,8.0,25.0,0.0,True,11.942,0.62958
2025-26,90.0,0.85,8.0,25.0,0.2,False,11.332,0.6288
2025-26,90.0,0.85,8.0,25.0,0.2,True,11.362,0.62886
2025-26,90.0,0.85,8.0,25.0,0.35,False,10.932,0.62891
2025-26,90.0,0.85,8.0,25.0,0.35,True,10.957,0.62896
2025-26,90.0,0.85,8.0,18.0,0.0,False,10.339,0.62944
2025-26,90.0,0.85,8.0,18.0,0.0,True,10.382,0.6295
2025-26,90.0,0.85,8.0,18.0,0.2,False,10.068,0.6286
2025-26,90.0,0.85,8.0,18.0,0.2,True,10.105,0.62866
2025-26,90.0,0.85,8.0,18.0,0.35,False,9.843,0.62853
2025-26,90.0,0.85,8.0,18.0,0.35,True,9.875,0.62858
2025-26,90.0,0.85,12.0,,0.0,False,12.515,0.63039
2025-26,90.0,0.85,12.0,,0.0,True,12.532,0.63039
2025-26,90.0,0.85,12.0,,0.2,False,11.568,0.62971
2025-26,90.0,0.85,12.0,,0.2,True,11.583,0.62971
2025-26,90.0,0.85,12.0,,0.35,False,10.961,0.6297
2025-26,90.0,0.85,12.0,,0.35,True,10.975,0.62969
2025-26,90.0,0.85,12.0,25.0,0.0,False,11.284,0.62987
2025-26,90.0,0.85,12.0,25.0,0.0,True,11.317,0.62989
2025-26,90.0,0.85,12.0,25.0,0.2,False,10.75,0.62922
2025-26,90.0,0.85,12.0,25.0,0.2,True,10.775,0.62922
2025-26,90.0,0.85,12.0,25.0,0.35,False,10.368,0.62932
2025-26,90.0,0.85,12.0,25.0,0.35,True,10.388,0.62932
2025-26,90.0,0.85,12.0,18.0,0.0,False,9.798,0.62977
2025-26,90.0,0.85,12.0,18.0,0.0,True,9.836,0.62979
2025-26,90.0,0.85,12.0,18.0,0.2,False,9.552,0.62903
2025-26,90.0,0.85,12.0,18.0,0.2,True,9.583,0.62904
2025-26,90.0,0.85,12.0,18.0,0.35,False,9.336,0.62898
2025-26,90.0,0.85,12.0,18.0,0.35,True,9.363,0.62898
2025-26,130.0,0.55,5.0,,0.0,False,13.572,0.63119
2025-26,130.0,0.55,5.0,,0.0,True,13.584,0.63125
2025-26,130.0,0.55,5.0,,0.2,False,12.524,0.63041
2025-26,130.0,0.55,5.0,,0.2,True,12.536,0.63047
2025-26,130.0,0.55,5.0,,0.35,False,11.881,0.63045
2025-26,130.0,0.55,5.0,,0.35,True,11.893,0.63052
2025-26,130.0,0.55,5.0,25.0,0.0,False,12.248,0.63061
2025-26,130.0,0.55,5.0,25.0,0.0,True,12.278,0.63069
2025-26,130.0,0.55,5.0,25.0,0.2,False,11.649,0.62987
2025-26,130.0,0.55,5.0,25.0,0.2,True,11.672,0.62994
2025-26,130.0,0.55,5.0,25.0,0.35,False,11.248,0.63004
2025-26,130.0,0.55,5.0,25.0,0.35,True,11.266,0.63011
2025-26,130.0,0.55,5.0,18.0,0.0,False,10.639,0.63052
2025-26,130.0,0.55,5.0,18.0,0.0,True,10.675,0.6306
2025-26,130.0,0.55,5.0,18.0,0.2,False,10.348,0.6296
2025-26,130.0,0.55,5.0,18.0,0.2,True,10.379,0.62968
2025-26,130.0,0.55,5.0,18.0,0.35,False,10.122,0.62956
2025-26,130.0,0.55,5.0,18.0,0.35,True,10.15,0.62965
2025-26,130.0,0.55,8.0,,0.0,False,12.699,0.63046
2025-26,130.0,0.55,8.0,,0.0,True,12.704,0.63047
2025-26,130.0,0.55,8.0,,0.2,False,11.734,0.62976
2025-26,130.0,0.55,8.0,,0.2,True,11.739,0.62977
2025-26,130.0,0.55,8.0,,0.35,False,11.132,0.62982
2025-26,130.0,0.55,8.0,,0.35,True,11.136,0.62983
2025-26,130.0,0.55,8.0,25.0,0.0,False,11.456,0.62986
2025-26,130.0,0.55,8.0,25.0,0.0,True,11.478,0.62989
2025-26,130.0,0.55,8.0,25.0,0.2,False,10.91,0.62921
2025-26,130.0,0.55,8.0,25.0,0.2,True,10.925,0.62923
2025-26,130.0,0.55,8.0,25.0,0.35,False,10.535,0.62941
2025-26,130.0,0.55,8.0,25.0,0.35,True,10.546,0.62942
2025-26,130.0,0.55,8.0,18.0,0.0,False,9.948,0.62974
2025-26,130.0,0.55,8.0,18.0,0.0,True,9.976,0.62977
2025-26,130.0,0.55,8.0,18.0,0.2,False,9.692,0.62895
2025-26,130.0,0.55,8.0,18.0,0.2,True,9.715,0.62897
2025-26,130.0,0.55,8.0,18.0,0.35,False,9.482,0.62895
2025-26,130.0,0.55,8.0,18.0,0.35,True,9.502,0.62897
2025-26,130.0,0.55,12.0,,0.0,False,11.878,0.63032
2025-26,130.0,0.55,12.0,,0.0,True,11.879,0.63029
2025-26,130.0,0.55,12.0,,0.2,False,10.987,0.62969
2025-26,130.0,0.55,12.0,,0.2,True,10.986,0.62965
2025-26,130.0,0.55,12.0,,0.35,False,10.422,0.62976
2025-26,130.0,0.55,12.0,,0.35,True,10.422,0.62972
2025-26,130.0,0.55,12.0,25.0,0.0,False,10.711,0.62972
2025-26,130.0,0.55,12.0,25.0,0.0,True,10.727,0.6297
2025-26,130.0,0.55,12.0,25.0,0.2,False,10.21,0.62914
2025-26,130.0,0.55,12.0,25.0,0.2,True,10.22,0.62911
2025-26,130.0,0.55,12.0,25.0,0.35,False,9.858,0.62933
2025-26,130.0,0.55,12.0,25.0,0.35,True,9.864,0.6293
2025-26,130.0,0.55,12.0,18.0,0.0,False,9.299,0.62958
2025-26,130.0,0.55,12.0,18.0,0.0,True,9.322,0.62956
2025-26,130.0,0.55,12.0,18.0,0.2,False,9.07,0.62889
2025-26,130.0,0.55,12.0,18.0,0.2,True,9.088,0.62886
2025-26,130.0,0.55,12.0,18.0,0.35,False,8.873,0.6289
2025-26,130.0,0.55,12.0,18.0,0.35,True,8.888,0.62887
2025-26,130.0,0.7,5.0,,0.0,False,13.788,0.63095
2025-26,130.0,0.7,5.0,,0.0,True,13.806,0.63101
2025-26,130.0,0.7,5.0,,0.2,False,12.728,0.63018
2025-26,130.0,0.7,5.0,,0.2,True,12.745,0.63026
2025-26,130.0,0.7,5.0,,0.35,False,12.074,0.63023
2025-26,130.0,0.7,5.0,,0.35,True,12.09,0.63031
2025-26,130.0,0.7,5.0,25.0,0.0,False,12.445,0.63038
2025-26,130.0,0.7,5.0,25.0,0.0,True,12.481,0.63047
2025-26,130.0,0.7,5.0,25.0,0.2,False,11.84,0.62966
2025-26,130.0,0.7,5.0,25.0,0.2,True,11.868,0.62975
2025-26,130.0,0.7,5.0,25.0,0.35,False,11.432,0.62983
2025-26,130.0,0.7,5.0,25.0,0.35,True,11.456,0.62992
2025-26,130.0,0.7,5.0,18.0,0.0,False,10.81,0.63029
2025-26,130.0,0.7,5.0,18.0,0.0,True,10.852,0.63038
2025-26,130.0,0.7,5.0,18.0,0.2,False,10.519,0.6294
2025-26,130.0,0.7,5.0,18.0,0.2,True,10.555,0.62949
2025-26,130.0,0.7,5.0,18.0,0.35,False,10.29,0.62937
2025-26,130.0,0.7,5.0,18.0,0.35,True,10.322,0.62947
2025-26,130.0,0.7,8.0,,0.0,False,13.003,0.63029
2025-26,130.0,0.7,8.0,,0.0,True,13.014,0.63031
2025-26,130.0,0.7,8.0,,0.2,False,12.02,0.62962
2025-26,130.0,0.7,8.0,,0.2,True,12.03,0.62963
2025-26,130.0,0.7,8.0,,0.35,False,11.402,0.62968
2025-26,130.0,0.7,8.0,,0.35,True,11.412,0.6297
2025-26,130.0,0.7,8.0,25.0,0.0,False,11.733,0.62971
2025-26,130.0,0.7,8.0,25.0,0.0,True,11.761,0.62975
2025-26,130.0,0.7,8.0,25.0,0.2,False,11.178,0.62909
2025-26,130.0,0.7,8.0,25.0,0.2,True,11.199,0.62912
2025-26,130.0,0.7,8.0,25.0,0.35,False,10.794,0.62929
2025-26,130.0,0.7,8.0,25.0,0.35,True,10.81,0.62931
2025-26,130.0,0.7,8.0,18.0,0.0,False,10.188,0.6296
2025-26,130.0,0.7,8.0,18.0,0.0,True,10.223,0.62963
2025-26,130.0,0.7,8.0,18.0,0.2,False,9.931,0.62884
2025-26,130.0,0.7,8.0,18.0,0.2,True,9.96,0.62888
2025-26,130.0,0.7,8.0,18.0,0.35,False,9.717,0.62885
2025-26,130.0,0.7,8.0,18.0,0.35,True,9.742,0.62888
2025-26,130.0,0.7,12.0,,0.0,False,12.273,0.63029
2025-26,130.0,0.7,12.0,,0.0,True,12.281,0.63026
2025-26,130.0,0.7,12.0,,0.2,False,11.356,0.62969
2025-26,130.0,0.7,12.0,,0.2,True,11.363,0.62966
2025-26,130.0,0.7,12.0,,0.35,False,10.772,0.62976
2025-26,130.0,0.7,12.0,,0.35,True,10.778,0.62974
2025-26,130.0,0.7,12.0,25.0,0.0,False,11.07,0.62972
2025-26,130.0,0.7,12.0,25.0,0.0,True,11.094,0.62971
2025-26,130.0,0.7,12.0,25.0,0.2,False,10.557,0.62916
2025-26,130.0,0.7,12.0,25.0,0.2,True,10.573,0.62915
2025-26,130.0,0.7,12.0,25.0,0.35,False,10.193,0.62936
2025-26,130.0,0.7,12.0,25.0,0.35,True,10.204,0.62934
2025-26,130.0,0.7,12.0,18.0,0.0,False,9.612,0.62958
2025-26,130.0,0.7,12.0,18.0,0.0,True,9.641,0.62957
2025-26,130.0,0.7,12.0,18.0,0.2,False,9.38,0.62893
2025-26,130.0,0.7,12.0,18.0,0.2,True,9.403,0.62892
2025-26,130.0,0.7,12.0,18.0,0.35,False,9.177,0.62896
2025-26,130.0,0.7,12.0,18.0,0.35,True,9.197,0.62894
2025-26,130.0,0.85,5.0,,0.0,False,14.047,0.63088
2025-26,130.0,0.85,5.0,,0.0,True,14.072,0.63097
2025-26,130.0,0.85,5.0,,0.2,False,12.971,0.63014
2025-26,130.0,0.85,5.0,,0.2,True,12.995,0.63023
2025-26,130.0,0.85,5.0,,0.35,False,12.305,0.6302
2025-26,130.0,0.85,5.0,,0.35,True,12.328,0.63029
2025-26,130.0,0.85,5.0,25.0,0.0,False,12.681,0.63032
2025-26,130.0,0.85,5.0,25.0,0.0,True,12.724,0.63043
2025-26,130.0,0.85,5.0,25.0,0.2,False,12.069,0.62963
2025-26,130.0,0.85,5.0,25.0,0.2,True,12.103,0.62974
2025-26,130.0,0.85,5.0,25.0,0.35,False,11.653,0.62981
2025-26,130.0,0.85,5.0,25.0,0.35,True,11.682,0.62991
2025-26,130.0,0.85,5.0,18.0,0.0,False,11.015,0.63024
2025-26,130.0,0.85,5.0,18.0,0.0,True,11.064,0.63035
2025-26,130.0,0.85,5.0,18.0,0.2,False,10.723,0.62938
2025-26,130.0,0.85,5.0,18.0,0.2,True,10.765,0.62949
2025-26,130.0,0.85,5.0,18.0,0.35,False,10.491,0.62937
2025-26,130.0,0.85,5.0,18.0,0.35,True,10.528,0.62948
2025-26,130.0,0.85,8.0,,0.0,False,13.37,0.63039
2025-26,130.0,0.85,8.0,,0.0,True,13.39,0.63042
2025-26,130.0,0.85,8.0,,0.2,False,12.364,0.62974
2025-26,130.0,0.85,8.0,,0.2,True,12.382,0.62978
2025-26,130.0,0.85,8.0,,0.35,False,11.729,0.62982
2025-26,130.0,0.85,8.0,,0.35,True,11.746,0.62986
2025-26,130.0,0.85,8.0,25.0,0.0,False,12.066,0.62983
2025-26,130.0,0.85,8.0,25.0,0.0,True,12.103,0.62989
2025-26,130.0,0.85,8.0,25.0,0.2,False,11.5,0.62924
2025-26,130.0,0.85,8.0,25.0,0.2,True,11.529,0.62929
2025-26,130.0,0.85,8.0,25.0,0.35,False,11.105,0.62944
2025-26,130.0,0.85,8.0,25.0,0.35,True,11.128,0.62948
2025-26,130.0,0.85,8.0,18.0,0.0,False,10.479,0.62972
2025-26,130.0,0.85,8.0,18.0,0.0,True,10.521,0.62977
2025-26,130.0,0.85,8.0,18.0,0.2,False,10.219,0.62901
2025-26,130.0,0.85,8.0,18.0,0.2,True,10.254,0.62906
2025-26,130.0,0.85,8.0,18.0,0.35,False,9.999,0.62903
2025-26,130.0,0.85,8.0,18.0,0.35,True,10.03,0.62908
2025-26,130.0,0.85,12.0,,0.0,False,12.758,0.63063
2025-26,130.0,0.85,12.0,,0.0,True,12.774,0.63063
2025-26,130.0,0.85,12.0,,0.2,False,11.809,0.63007
2025-26,130.0,0.85,12.0,,0.2,True,11.823,0.63007
2025-26,130.0,0.85,12.0,,0.35,False,11.201,0.63014
2025-26,130.0,0.85,12.0,,0.35,True,11.214,0.63014
2025-26,130.0,0.85,12.0,25.0,0.0,False,11.51,0.63009
2025-26,130.0,0.85,12.0,25.0,0.0,True,11.543,0.63011
2025-26,130.0,0.85,12.0,25.0,0.2,False,10.981,0.62957
2025-26,130.0,0.85,12.0,25.0,0.2,True,11.005,0.62958
2025-26,130.0,0.85,12.0,25.0,0.35,False,10.601,0.62977
2025-26,130.0,0.85,12.0,25.0,0.35,True,10.62,0.62977
2025-26,130.0,0.85,12.0,18.0,0.0,False,9.994,0.62996
2025-26,130.0,0.85,12.0,18.0,0.0,True,10.032,0.62998
2025-26,130.0,0.85,12.0,18.0,0.2,False,9.758,0.62936
2025-26,130.0,0.85,12.0,18.0,0.2,True,9.789,0.62937
2025-26,130.0,0.85,12.0,18.0,0.35,False,9.547,0.6294
2025-26,130.0,0.85,12.0,18.0,0.35,True,9.574,0.6294
