GAME_ID,season,date,home,away,home_win,p
22200001,2022-23,2022-10-18,BOS,PHI,1,0.60074
22200002,2022-23,2022-10-18,GSW,LAL,1,0.657778
22200003,2022-23,2022-10-19,DET,ORL,1,0.5823
22200004,2022-23,2022-10-19,IND,WAS,0,0.572487
22200005,2022-23,2022-10-19,ATL,HOU,1,0.64027
22200006,2022-23,2022-10-19,BKN,NOP,0,0.565392
22200007,2022-23,2022-10-19,MIA,CHI,0,0.656834
22200008,2022-23,2022-10-19,TOR,CLE,1,0.607283
22200009,2022-23,2022-10-19,MEM,NYK,1,0.634293
22200010,2022-23,2022-10-19,MIN,OKC,1,0.650274
22200011,2022-23,2022-10-19,SAS,CHA,0,0.580023
22200012,2022-23,2022-10-19,UTA,DEN,1,0.583394
22200013,2022-23,2022-10-19,PHX,DAL,1,0.588838
22200014,2022-23,2022-10-19,SAC,POR,0,0.61002
22200015,2022-23,2022-10-20,PHI,MIL,0,0.472886
22200016,2022-23,2022-10-20,LAL,LAC,0,0.456411
22200017,2022-23,2022-10-21,CHA,NOP,0,0.499481
22200019,2022-23,2022-10-21,WAS,CHI,1,0.504596
22200020,2022-23,2022-10-21,ATL,ORL,1,0.638032
22200021,2022-23,2022-10-21,BKN,TOR,1,0.447988
22200022,2022-23,2022-10-21,MIA,BOS,0,0.439122
22200023,2022-23,2022-10-21,NYK,DET,1,0.553488
22200024,2022-23,2022-10-21,HOU,MEM,0,0.378705
22200025,2022-23,2022-10-21,MIN,UTA,0,0.490092
22200026,2022-23,2022-10-21,GSW,DEN,0,0.685306
22200027,2022-23,2022-10-21,POR,PHX,1,0.407685
22200028,2022-23,2022-10-22,PHI,SAS,0,0.690536
22200029,2022-23,2022-10-22,IND,DET,1,0.58436
22200030,2022-23,2022-10-22,ORL,BOS,0,0.340545
22200031,2022-23,2022-10-22,MIA,TOR,1,0.546199
22200032,2022-23,2022-10-22,CHI,CLE,0,0.476177
22200033,2022-23,2022-10-22,MIL,HOU,1,0.762865
22200034,2022-23,2022-10-22,DAL,MEM,1,0.568013
22200035,2022-23,2022-10-22,DEN,OKC,1,0.591508
22200036,2022-23,2022-10-22,SAC,LAC,0,0.449805
22200037,2022-23,2022-10-23,LAL,POR,0,0.526275
22200038,2022-23,2022-10-23,ATL,CHA,0,0.533745
22200039,2022-23,2022-10-23,CLE,WAS,1,0.517583
22200040,2022-23,2022-10-23,NOP,UTA,0,0.565999
22200041,2022-23,2022-10-23,OKC,MIN,0,0.340021
22200042,2022-23,2022-10-23,GSW,SAC,1,0.755611
22200044,2022-23,2022-10-24,PHI,IND,1,0.536597
22200045,2022-23,2022-10-24,MIA,TOR,0,0.509071
22200046,2022-23,2022-10-24,NYK,ORL,1,0.681393
22200047,2022-23,2022-10-24,CHI,BOS,1,0.351853
22200048,2022-23,2022-10-24,HOU,UTA,1,0.358204
22200049,2022-23,2022-10-24,MEM,BKN,1,0.563659
22200050,2022-23,2022-10-24,MIN,SAS,0,0.512235
22200051,2022-23,2022-10-24,POR,DEN,1,0.439185
22200052,2022-23,2022-10-25,WAS,DET,1,0.608971
22200053,2022-23,2022-10-25,NOP,DAL,1,0.556893
22200054,2022-23,2022-10-25,OKC,LAC,1,0.488698
22200055,2022-23,2022-10-25,PHX,GSW,1,0.592025
22200056,2022-23,2022-10-26,CLE,ORL,1,0.741599
22200057,2022-23,2022-10-26,DET,ATL,0,0.327913
22200058,2022-23,2022-10-26,NYK,CHA,1,0.573722
22200059,2022-23,2022-10-26,TOR,PHI,1,0.555319
22200060,2022-23,2022-10-26,MIL,BKN,1,0.686297
22200061,2022-23,2022-10-26,CHI,IND,1,0.616867
22200062,2022-23,2022-10-26,MIN,SAS,1,0.569091
22200063,2022-23,2022-10-26,UTA,HOU,1,0.77857
22200064,2022-23,2022-10-26,DEN,LAL,1,0.565581
22200065,2022-23,2022-10-26,POR,MIA,0,0.630505
22200066,2022-23,2022-10-27,BKN,DAL,0,0.318875
22200067,2022-23,2022-10-27,OKC,LAC,1,0.587143
22200068,2022-23,2022-10-27,GSW,MIA,1,0.614267
22200069,2022-23,2022-10-27,SAC,MEM,0,0.504483
22200070,2022-23,2022-10-28,DET,ATL,0,0.396437
22200072,2022-23,2022-10-28,BOS,CLE,0,0.526722
22200073,2022-23,2022-10-28,TOR,PHI,0,0.64941
22200074,2022-23,2022-10-28,WAS,IND,0,0.617201
22200075,2022-23,2022-10-28,MIL,NYK,1,0.625112
22200076,2022-23,2022-10-28,MIN,LAL,1,0.651442
22200077,2022-23,2022-10-28,SAS,CHI,1,0.496889
22200078,2022-23,2022-10-28,DEN,UTA,1,0.452741
22200079,2022-23,2022-10-28,PHX,NOP,1,0.622399
22200080,2022-23,2022-10-28,POR,HOU,1,0.603093
22200081,2022-23,2022-10-29,SAC,MIA,1,0.485833
22200082,2022-23,2022-10-29,CHA,GSW,1,0.487256
22200083,2022-23,2022-10-29,BKN,IND,0,0.65319
22200084,2022-23,2022-10-29,CHI,PHI,0,0.588203
22200085,2022-23,2022-10-29,MIL,ATL,1,0.676681
22200086,2022-23,2022-10-29,DAL,OKC,0,0.667025
22200087,2022-23,2022-10-29,UTA,MEM,1,0.542427
22200088,2022-23,2022-10-30,LAC,NOP,0,0.4138
22200089,2022-23,2022-10-30,BOS,WAS,1,0.672514
22200090,2022-23,2022-10-30,CLE,NYK,1,0.631325
22200091,2022-23,2022-10-30,DET,GSW,1,0.446086
22200092,2022-23,2022-10-30,SAS,MIN,1,0.533303
22200093,2022-23,2022-10-30,DAL,ORL,1,0.613955
22200094,2022-23,2022-10-30,PHX,HOU,1,0.833708
22200095,2022-23,2022-10-30,LAL,DEN,1,0.500428
22200096,2022-23,2022-10-31,CHA,SAC,0,0.676121
22200097,2022-23,2022-10-31,WAS,PHI,0,0.449717
22200098,2022-23,2022-10-31,BKN,IND,1,0.54063
22200099,2022-23,2022-10-31,TOR,ATL,1,0.564388
22200100,2022-23,2022-10-31,MIL,DET,1,0.887664
22200101,2022-23,2022-10-31,UTA,MEM,1,0.615757
22200102,2022-23,2022-10-31,LAC,HOU,1,0.637339
22200103,2022-23,2022-11-01,BKN,CHI,0,0.426736
22200104,2022-23,2022-11-01,MIA,GSW,1,0.576705
22200105,2022-23,2022-11-01,OKC,ORL,1,0.615366
22200106,2022-23,2022-11-01,PHX,MIN,1,0.723631
22200108,2022-23,2022-11-02,PHI,WAS,0,0.652567
22200109,2022-23,2022-11-02,MIA,SAC,1,0.571075
22200110,2022-23,2022-11-02,NYK,ATL,0,0.613154
22200111,2022-23,2022-11-02,CHI,CHA,1,0.558151
22200112,2022-23,2022-11-02,HOU,LAC,0,0.5031
22200113,2022-23,2022-11-02,MIL,DET,1,0.806338
22200114,2022-23,2022-11-02,SAS,TOR,0,0.525694
22200115,2022-23,2022-11-02,DAL,UTA,1,0.634617
22200116,2022-23,2022-11-02,POR,MEM,0,0.522073
22200117,2022-23,2022-11-02,LAL,NOP,1,0.415044
22200118,2022-23,2022-11-03,ORL,GSW,1,0.476913
22200119,2022-23,2022-11-03,OKC,DEN,0,0.630653
22200120,2022-23,2022-11-04,DET,CLE,0,0.26416
22200121,2022-23,2022-11-04,IND,MIA,1,0.492794
22200122,2022-23,2022-11-04,PHI,NYK,0,0.563625
22200123,2022-23,2022-11-04,WAS,BKN,0,0.597615
22200124,2022-23,2022-11-04,BOS,CHI,1,0.588218
22200125,2022-23,2022-11-04,MEM,CHA,1,0.629522
22200126,2022-23,2022-11-04,SAS,LAC,0,0.599403
22200127,2022-23,2022-11-04,DAL,TOR,1,0.568225
22200128,2022-23,2022-11-04,NOP,GSW,1,0.721472
22200129,2022-23,2022-11-04,MIN,MIL,0,0.419515
22200130,2022-23,2022-11-04,PHX,POR,0,0.753905
22200131,2022-23,2022-11-04,LAL,UTA,0,0.494494
22200132,2022-23,2022-11-05,ORL,SAC,0,0.507262
22200133,2022-23,2022-11-05,CHA,BKN,0,0.462147
22200134,2022-23,2022-11-05,ATL,NOP,1,0.551994
22200135,2022-23,2022-11-05,NYK,BOS,0,0.459
22200136,2022-23,2022-11-05,MIL,OKC,1,0.619727
22200137,2022-23,2022-11-05,MIN,HOU,1,0.657405
22200138,2022-23,2022-11-05,DEN,SAS,1,0.75332
22200139,2022-23,2022-11-05,PHX,POR,1,0.721798
22200140,2022-23,2022-11-06,LAL,CLE,0,0.383897
22200141,2022-23,2022-11-06,TOR,CHI,1,0.604332
22200142,2022-23,2022-11-06,MEM,WAS,1,0.693851
22200143,2022-23,2022-11-06,LAC,UTA,0,0.382081
22200145,2022-23,2022-11-07,ORL,HOU,0,0.646365
22200147,2022-23,2022-11-07,IND,NOP,1,0.492887
22200149,2022-23,2022-11-07,ATL,MIL,1,0.429362
22200150,2022-23,2022-11-07,MIA,POR,0,0.649291
22200151,2022-23,2022-11-07,CHI,TOR,1,0.471556
22200152,2022-23,2022-11-07,MEM,BOS,0,0.453209
22200153,2022-23,2022-11-07,MIN,NYK,0,0.631019
22200154,2022-23,2022-11-07,SAS,DEN,0,0.44995
22200155,2022-23,2022-11-07,DAL,BKN,1,0.652733
22200156,2022-23,2022-11-07,GSW,SAC,1,0.572673
22200157,2022-23,2022-11-07,UTA,LAL,1,0.788561
22200158,2022-23,2022-11-07,LAC,CLE,1,0.322378
22200159,2022-23,2022-11-09,CHA,POR,0,0.50247
22200160,2022-23,2022-11-09,IND,DEN,0,0.579146
22200161,2022-23,2022-11-09,ORL,DAL,1,0.403967
22200162,2022-23,2022-11-09,ATL,UTA,0,0.569619
22200163,2022-23,2022-11-09,BOS,DET,1,0.789846
22200164,2022-23,2022-11-09,BKN,NYK,1,0.564912
22200165,2022-23,2022-11-09,TOR,HOU,1,0.767831
22200166,2022-23,2022-11-09,CHI,NOP,0,0.566315
22200167,2022-23,2022-11-09,MIN,PHX,0,0.419455
22200168,2022-23,2022-11-09,OKC,MIL,0,0.38434
22200169,2022-23,2022-11-09,SAS,MEM,0,0.391159
22200170,2022-23,2022-11-09,LAC,LAL,1,0.637934
22200171,2022-23,2022-11-09,SAC,CLE,1,0.379073
22200172,2022-23,2022-11-10,WAS,DAL,1,0.560314
22200173,2022-23,2022-11-10,ATL,PHI,1,0.521976
22200174,2022-23,2022-11-10,MIA,CHA,1,0.80487
22200175,2022-23,2022-11-10,NOP,POR,0,0.655178
22200176,2022-23,2022-11-11,BOS,DEN,1,0.692889
22200177,2022-23,2022-11-11,ORL,PHX,1,0.330564
22200178,2022-23,2022-11-11,NYK,DET,1,0.697452
22200179,2022-23,2022-11-11,OKC,TOR,1,0.465163
22200180,2022-23,2022-11-11,SAS,MIL,1,0.34439
22200181,2022-23,2022-11-11,MEM,MIN,1,0.631537
22200182,2022-23,2022-11-11,GSW,CLE,1,0.419966
22200183,2022-23,2022-11-11,LAL,SAC,0,0.451673
22200185,2022-23,2022-11-12,WAS,UTA,1,0.487399
22200186,2022-23,2022-11-12,DET,BOS,0,0.291035
22200187,2022-23,2022-11-12,IND,TOR,1,0.624654
22200188,2022-23,2022-11-12,PHI,ATL,1,0.531701
22200189,2022-23,2022-11-12,MIA,CHA,1,0.724025
22200190,2022-23,2022-11-12,DAL,POR,1,0.61055
22200191,2022-23,2022-11-12,NOP,HOU,1,0.745971
22200192,2022-23,2022-11-13,NYK,OKC,0,0.622307
22200193,2022-23,2022-11-13,CLE,MIN,0,0.721006
22200194,2022-23,2022-11-13,WAS,MEM,1,0.435273
22200195,2022-23,2022-11-13,PHI,UTA,1,0.516943
22200196,2022-23,2022-11-13,CHI,DEN,0,0.65576
22200197,2022-23,2022-11-13,SAC,GSW,1,0.573027
22200198,2022-23,2022-11-13,LAL,BKN,1,0.450911
22200199,2022-23,2022-11-14,DET,TOR,0,0.366819
22200200,2022-23,2022-11-14,ORL,CHA,0,0.647081
22200201,2022-23,2022-11-14,BOS,OKC,1,0.794678
22200202,2022-23,2022-11-14,MIA,PHX,1,0.498346
22200203,2022-23,2022-11-14,HOU,LAC,0,0.520791
22200204,2022-23,2022-11-14,MIL,ATL,0,0.628732
22200205,2022-23,2022-11-14,GSW,SAS,1,0.591247
22200207,2022-23,2022-11-15,DAL,LAC,1,0.750445
22200208,2022-23,2022-11-15,UTA,NYK,0,0.749125
22200209,2022-23,2022-11-15,POR,SAS,1,0.726455
22200211,2022-23,2022-11-16,CHA,IND,0,0.500465
22200212,2022-23,2022-11-16,ORL,MIN,0,0.529824
22200213,2022-23,2022-11-16,WAS,OKC,0,0.614276
22200214,2022-23,2022-11-16,ATL,BOS,0,0.507143
22200215,2022-23,2022-11-16,TOR,MIA,1,0.565629
22200216,2022-23,2022-11-16,MIL,CLE,1,0.539948
22200218,2022-23,2022-11-16,DAL,HOU,0,0.717506
22200219,2022-23,2022-11-16,DEN,NYK,0,0.749731
22200220,2022-23,2022-11-16,PHX,GSW,1,0.681686
22200221,2022-23,2022-11-17,POR,BKN,0,0.569852
22200222,2022-23,2022-11-17,SAC,SAS,1,0.685583
22200223,2022-23,2022-11-17,LAC,DET,1,0.704541
22200224,2022-23,2022-11-18,WAS,MIA,1,0.539416
22200225,2022-23,2022-11-18,CLE,CHA,1,0.74772
22200226,2022-23,2022-11-18,PHI,MIL,1,0.517605
22200227,2022-23,2022-11-18,CHI,ORL,0,0.668922
22200228,2022-23,2022-11-18,HOU,IND,0,0.393895
22200229,2022-23,2022-11-18,MEM,OKC,1,0.660815
22200230,2022-23,2022-11-18,DAL,DEN,1,0.634862
22200231,2022-23,2022-11-18,NOP,BOS,0,0.465753
22200232,2022-23,2022-11-18,UTA,PHX,1,0.561564
22200233,2022-23,2022-11-18,GSW,NYK,1,0.56161
22200234,2022-23,2022-11-18,LAL,DET,1,0.679738
22200235,2022-23,2022-11-19,ATL,TOR,1,0.562658
22200236,2022-23,2022-11-19,IND,ORL,1,0.69839
22200237,2022-23,2022-11-19,PHI,MIN,0,0.540251
22200238,2022-23,2022-11-19,POR,UTA,0,0.618022
22200239,2022-23,2022-11-19,LAC,SAS,1,0.643877
22200240,2022-23,2022-11-20,PHX,NYK,1,0.72155
22200241,2022-23,2022-11-20,WAS,CHA,1,0.677558
22200242,2022-23,2022-11-20,SAC,DET,1,0.757755
22200243,2022-23,2022-11-20,BKN,MEM,1,0.469065
22200244,2022-23,2022-11-20,CLE,MIA,1,0.619612
22200245,2022-23,2022-11-20,HOU,GSW,0,0.4134
22200246,2022-23,2022-11-20,DAL,DEN,0,0.66111
22200247,2022-23,2022-11-20,LAL,SAS,1,0.681195
22200248,2022-23,2022-11-21,CLE,ATL,1,0.582687
22200249,2022-23,2022-11-21,IND,ORL,1,0.674254
22200250,2022-23,2022-11-21,CHI,BOS,1,0.396543
22200251,2022-23,2022-11-21,MIL,POR,1,0.682339
22200252,2022-23,2022-11-21,MIN,MIA,1,0.66752
22200253,2022-23,2022-11-21,NOP,GSW,1,0.708923
22200254,2022-23,2022-11-21,OKC,NYK,0,0.658421
22200255,2022-23,2022-11-21,LAC,UTA,1,0.515794
22200256,2022-23,2022-11-22,PHI,BKN,1,0.549248
22200257,2022-23,2022-11-22,MEM,SAC,0,0.604218
22200258,2022-23,2022-11-22,DEN,DET,0,0.79182
22200259,2022-23,2022-11-22,PHX,LAL,1,0.809873
22200260,2022-23,2022-11-23,CHA,PHI,1,0.548956
22200261,2022-23,2022-11-23,CLE,POR,1,0.71132
22200262,2022-23,2022-11-23,IND,MIN,0,0.576621
22200263,2022-23,2022-11-23,ATL,SAC,1,0.610196
22200264,2022-23,2022-11-23,BOS,DAL,1,0.684067
22200265,2022-23,2022-11-23,MIA,WAS,1,0.590477
22200266,2022-23,2022-11-23,TOR,BKN,0,0.671451
22200267,2022-23,2022-11-23,MIL,CHI,0,0.6499
22200268,2022-23,2022-11-23,OKC,DEN,0,0.679608
22200269,2022-23,2022-11-23,SAS,NOP,0,0.326309
22200270,2022-23,2022-11-23,UTA,DET,0,0.863115
22200271,2022-23,2022-11-23,GSW,LAC,1,0.535838
22200272,2022-23,2022-11-25,CHA,MIN,1,0.437309
22200274,2022-23,2022-11-25,NYK,POR,0,0.600324
22200275,2022-23,2022-11-25,BOS,SAC,1,0.693266
22200276,2022-23,2022-11-25,IND,BKN,1,0.544823
22200277,2022-23,2022-11-25,MIA,WAS,1,0.592301
22200278,2022-23,2022-11-25,HOU,ATL,1,0.393037
22200279,2022-23,2022-11-25,MEM,NOP,1,0.534093
22200280,2022-23,2022-11-25,MIL,CLE,1,0.520676
22200281,2022-23,2022-11-25,OKC,CHI,1,0.50155
22200282,2022-23,2022-11-25,SAS,LAL,0,0.508839
22200283,2022-23,2022-11-25,PHX,DET,1,0.819757
22200284,2022-23,2022-11-25,GSW,UTA,1,0.577172
22200285,2022-23,2022-11-25,LAC,DEN,0,0.585301
22200286,2022-23,2022-11-26,TOR,DAL,1,0.564248
22200287,2022-23,2022-11-26,HOU,OKC,1,0.528885
22200289,2022-23,2022-11-26,PHX,UTA,1,0.739297
22200290,2022-23,2022-11-27,BKN,POR,1,0.619269
22200291,2022-23,2022-11-27,MIN,GSW,0,0.615199
22200293,2022-23,2022-11-27,ATL,MIA,0,0.562227
22200294,2022-23,2022-11-27,BOS,WAS,1,0.761229
22200295,2022-23,2022-11-27,DET,CLE,0,0.294845
22200296,2022-23,2022-11-27,NYK,MEM,0,0.537309
22200297,2022-23,2022-11-27,ORL,PHI,0,0.462308
22200298,2022-23,2022-11-27,MIL,DAL,1,0.700754
22200299,2022-23,2022-11-28,PHI,ATL,1,0.61642
22200300,2022-23,2022-11-28,WAS,MIN,1,0.570746
22200301,2022-23,2022-11-28,BOS,CHA,1,0.74122
22200302,2022-23,2022-11-28,BKN,ORL,1,0.759401
22200303,2022-23,2022-11-28,TOR,CLE,1,0.586117
22200304,2022-23,2022-11-28,NOP,OKC,1,0.69859
22200305,2022-23,2022-11-28,DEN,HOU,1,0.767253
22200307,2022-23,2022-11-28,SAC,PHX,0,0.42431
22200308,2022-23,2022-11-28,LAL,IND,0,0.593988
22200309,2022-23,2022-11-29,DET,NYK,0,0.455417
22200310,2022-23,2022-11-29,DAL,GSW,1,0.571755
22200311,2022-23,2022-11-29,POR,LAC,0,0.529475
22200312,2022-23,2022-11-30,CLE,PHI,1,0.646372
22200313,2022-23,2022-11-30,ORL,ATL,0,0.417477
22200314,2022-23,2022-11-30,BOS,MIA,1,0.706057
22200315,2022-23,2022-11-30,BKN,WAS,1,0.612981
22200316,2022-23,2022-11-30,NYK,MIL,0,0.416665
22200317,2022-23,2022-11-30,MIN,MEM,1,0.478391
22200318,2022-23,2022-11-30,NOP,TOR,1,0.618219
22200319,2022-23,2022-11-30,OKC,SAS,1,0.677897
22200320,2022-23,2022-11-30,DEN,HOU,1,0.79828
22200321,2022-23,2022-11-30,PHX,CHI,1,0.672412
22200322,2022-23,2022-11-30,UTA,LAC,1,0.756125
22200323,2022-23,2022-11-30,SAC,IND,1,0.629509
22200324,2022-23,2022-11-30,LAL,POR,1,0.668141
22200325,2022-23,2022-12-01,DET,DAL,1,0.425822
22200326,2022-23,2022-12-02,CHA,WAS,1,0.466057
22200327,2022-23,2022-12-02,ATL,DEN,1,0.570652
22200328,2022-23,2022-12-02,BOS,MIA,0,0.702492
22200330,2022-23,2022-12-02,CLE,ORL,1,0.854113
22200331,2022-23,2022-12-02,MIL,LAL,0,0.720572
22200332,2022-23,2022-12-02,MEM,PHI,1,0.633807
22200333,2022-23,2022-12-02,SAS,NOP,0,0.336413
22200334,2022-23,2022-12-02,PHX,HOU,0,0.847199
22200335,2022-23,2022-12-02,UTA,IND,1,0.698501
22200336,2022-23,2022-12-02,GSW,CHI,1,0.590518
22200338,2022-23,2022-12-03,LAC,SAC,0,0.466274
22200340,2022-23,2022-12-03,TOR,ORL,1,0.756765
22200341,2022-23,2022-12-03,MIN,OKC,0,0.653087
22200342,2022-23,2022-12-03,GSW,HOU,1,0.77891
22200343,2022-23,2022-12-03,UTA,POR,0,0.678747
22200345,2022-23,2022-12-04,SAS,PHX,0,0.268299
22200347,2022-23,2022-12-04,DET,MEM,0,0.360818
22200348,2022-23,2022-12-04,NYK,CLE,1,0.337132
22200349,2022-23,2022-12-04,WAS,LAL,0,0.603084
22200350,2022-23,2022-12-04,SAC,CHI,1,0.569805
22200351,2022-23,2022-12-04,POR,IND,1,0.438913
22200352,2022-23,2022-12-05,CHA,LAC,0,0.545327
22200353,2022-23,2022-12-05,ORL,MIL,0,0.289203
22200354,2022-23,2022-12-05,ATL,OKC,0,0.642305
22200355,2022-23,2022-12-05,TOR,BOS,0,0.512225
22200356,2022-23,2022-12-05,HOU,PHI,1,0.399699
22200357,2022-23,2022-12-05,MEM,MIA,1,0.538061
22200358,2022-23,2022-12-05,DAL,PHX,1,0.547708
22200359,2022-23,2022-12-05,GSW,IND,0,0.776629
22200360,2022-23,2022-12-06,CLE,LAL,1,0.691088
22200361,2022-23,2022-12-06,MIA,DET,0,0.651124
22200362,2022-23,2022-12-06,DEN,DAL,0,0.66721
22200363,2022-23,2022-12-07,ORL,LAC,1,0.420064
22200364,2022-23,2022-12-07,BKN,CHA,1,0.730169
22200366,2022-23,2022-12-07,TOR,LAL,1,0.691944
22200367,2022-23,2022-12-07,CHI,WAS,1,0.546731
22200368,2022-23,2022-12-07,MEM,OKC,1,0.683895
22200369,2022-23,2022-12-07,MIL,SAC,1,0.549275
22200370,2022-23,2022-12-07,MIN,IND,1,0.655954
22200371,2022-23,2022-12-07,NOP,DET,1,0.83164
22200372,2022-23,2022-12-07,UTA,GSW,1,0.621417
22200373,2022-23,2022-12-07,PHX,BOS,0,0.544523
22200374,2022-23,2022-12-08,MIA,LAC,1,0.731317
22200375,2022-23,2022-12-08,SAS,HOU,1,0.487312
22200377,2022-23,2022-12-09,CHA,NYK,0,0.416186
22200378,2022-23,2022-12-09,IND,WAS,1,0.504195
22200379,2022-23,2022-12-09,ORL,TOR,1,0.386692
22200380,2022-23,2022-12-09,BKN,ATL,1,0.615349
22200381,2022-23,2022-12-09,CLE,SAC,0,0.596727
22200382,2022-23,2022-12-09,PHI,LAL,1,0.581543
22200383,2022-23,2022-12-09,MEM,DET,1,0.776867
22200384,2022-23,2022-12-09,NOP,PHX,1,0.60812
22200385,2022-23,2022-12-09,UTA,MIN,0,0.651931
22200386,2022-23,2022-12-09,DAL,MIL,0,0.555504
22200387,2022-23,2022-12-10,MIA,SAS,0,0.737547
22200388,2022-23,2022-12-10,IND,BKN,0,0.492235
22200389,2022-23,2022-12-10,WAS,LAC,0,0.564229
22200390,2022-23,2022-12-10,CLE,OKC,1,0.658728
22200391,2022-23,2022-12-10,CHI,DAL,1,0.602693
22200392,2022-23,2022-12-10,GSW,BOS,1,0.412869
22200393,2022-23,2022-12-10,DEN,UTA,1,0.660845
22200394,2022-23,2022-12-10,POR,MIN,1,0.595366
22200395,2022-23,2022-12-11,NOP,PHX,1,0.614087
22200396,2022-23,2022-12-11,DET,LAL,0,0.497524
22200397,2022-23,2022-12-11,NYK,SAC,1,0.514054
22200398,2022-23,2022-12-11,ORL,TOR,1,0.378543
22200399,2022-23,2022-12-11,PHI,CHA,1,0.709925
22200400,2022-23,2022-12-11,ATL,CHI,1,0.643121
22200401,2022-23,2022-12-11,HOU,MIL,1,0.366053
22200402,2022-23,2022-12-12,IND,MIA,0,0.538534
22200403,2022-23,2022-12-12,WAS,BKN,0,0.49708
22200404,2022-23,2022-12-12,MEM,ATL,1,0.783887
22200405,2022-23,2022-12-12,DAL,OKC,1,0.676452
22200406,2022-23,2022-12-12,SAS,CLE,1,0.307317
22200407,2022-23,2022-12-12,POR,MIN,1,0.512976
22200408,2022-23,2022-12-12,LAC,BOS,1,0.294613
22200409,2022-23,2022-12-13,PHI,SAC,1,0.494578
22200410,2022-23,2022-12-13,MIL,GSW,1,0.594605
22200411,2022-23,2022-12-13,HOU,PHX,1,0.391232
22200412,2022-23,2022-12-13,UTA,NOP,1,0.519303
22200413,2022-23,2022-12-13,LAL,BOS,0,0.443251
22200414,2022-23,2022-12-14,CHA,DET,0,0.555634
22200415,2022-23,2022-12-14,IND,GSW,1,0.545854
22200416,2022-23,2022-12-14,ORL,ATL,1,0.465092
22200417,2022-23,2022-12-14,TOR,SAC,0,0.605042
22200418,2022-23,2022-12-14,CHI,NYK,0,0.526652
22200419,2022-23,2022-12-14,OKC,MIA,0,0.564447
22200420,2022-23,2022-12-14,SAS,POR,0,0.490316
22200421,2022-23,2022-12-14,DAL,CLE,0,0.542256
22200422,2022-23,2022-12-14,DEN,WAS,1,0.757669
22200423,2022-23,2022-12-14,LAC,MIN,1,0.589238
22200424,2022-23,2022-12-15,HOU,MIA,0,0.619648
22200425,2022-23,2022-12-15,MEM,MIL,1,0.638779
22200426,2022-23,2022-12-15,UTA,NOP,1,0.561985
22200427,2022-23,2022-12-15,LAC,PHX,0,0.429821
22200428,2022-23,2022-12-16,CHA,ATL,0,0.490049
22200429,2022-23,2022-12-16,DET,SAC,0,0.411679
22200430,2022-23,2022-12-16,BOS,ORL,0,0.807466
22200431,2022-23,2022-12-16,CLE,IND,1,0.734608
22200432,2022-23,2022-12-16,PHI,GSW,1,0.560512
22200433,2022-23,2022-12-16,TOR,BKN,0,0.53709
22200434,2022-23,2022-12-16,CHI,NYK,0,0.517151
22200435,2022-23,2022-12-16,OKC,MIN,0,0.573201
22200436,2022-23,2022-12-16,DAL,POR,1,0.637143
22200438,2022-23,2022-12-17,LAC,WAS,1,0.625074
22200439,2022-23,2022-12-17,SAS,MIA,0,0.347103
22200440,2022-23,2022-12-17,CLE,DAL,1,0.669258
22200441,2022-23,2022-12-17,HOU,POR,0,0.626186
22200443,2022-23,2022-12-17,OKC,MEM,1,0.299139
22200444,2022-23,2022-12-17,PHX,NOP,1,0.566926
22200445,2022-23,2022-12-18,BOS,ORL,0,0.803845
22200446,2022-23,2022-12-18,IND,NYK,0,0.4351
22200447,2022-23,2022-12-18,DET,BKN,0,0.388377
22200448,2022-23,2022-12-18,TOR,GSW,0,0.580226
22200449,2022-23,2022-12-18,MIN,CHI,1,0.586301
22200450,2022-23,2022-12-18,DEN,CHA,1,0.805115
22200451,2022-23,2022-12-18,LAL,WAS,1,0.732025
22200452,2022-23,2022-12-19,CLE,UTA,1,0.692147
22200453,2022-23,2022-12-19,PHI,TOR,1,0.735135
22200454,2022-23,2022-12-19,ATL,ORL,1,0.77477
22200455,2022-23,2022-12-19,HOU,SAS,0,0.670703
22200456,2022-23,2022-12-19,MIN,DAL,1,0.472847
22200457,2022-23,2022-12-19,NOP,MIL,0,0.566621
22200458,2022-23,2022-12-19,OKC,POR,1,0.578221
22200459,2022-23,2022-12-19,PHX,LAL,1,0.768641
22200460,2022-23,2022-12-19,SAC,CHA,0,0.833258
22200461,2022-23,2022-12-20,DET,UTA,0,0.599558
22200463,2022-23,2022-12-20,NYK,GSW,1,0.618279
22200464,2022-23,2022-12-20,PHX,WAS,0,0.665581
22200465,2022-23,2022-12-20,DEN,MEM,1,0.511546
22200466,2022-23,2022-12-21,CLE,MIL,1,0.588492
22200467,2022-23,2022-12-21,PHI,DET,1,0.804052
22200468,2022-23,2022-12-21,ATL,CHI,0,0.692846
22200469,2022-23,2022-12-21,BOS,IND,0,0.748718
22200470,2022-23,2022-12-21,BKN,GSW,1,0.683721
22200472,2022-23,2022-12-21,HOU,ORL,0,0.597258
22200473,2022-23,2022-12-21,MIN,DAL,0,0.567402
22200474,2022-23,2022-12-21,OKC,POR,1,0.575456
22200475,2022-23,2022-12-21,SAC,LAL,1,0.68449
22200476,2022-23,2022-12-21,LAC,CHA,1,0.687813
22200477,2022-23,2022-12-22,NOP,SAS,1,0.790144
22200478,2022-23,2022-12-22,UTA,WAS,1,0.682456
22200479,2022-23,2022-12-23,ORL,SAS,1,0.700087
22200480,2022-23,2022-12-23,PHI,LAC,1,0.671079
22200481,2022-23,2022-12-23,ATL,DET,1,0.702578
22200482,2022-23,2022-12-23,BOS,MIN,1,0.698444
22200483,2022-23,2022-12-23,BKN,MIL,1,0.55913
22200484,2022-23,2022-12-23,CLE,TOR,0,0.713277
22200485,2022-23,2022-12-23,NYK,CHI,0,0.694009
22200486,2022-23,2022-12-23,MIA,IND,0,0.638363
22200487,2022-23,2022-12-23,HOU,DAL,0,0.416399
22200489,2022-23,2022-12-23,DEN,POR,1,0.689155
22200490,2022-23,2022-12-23,PHX,MEM,0,0.527535
22200491,2022-23,2022-12-23,SAC,WAS,0,0.783895
22200492,2022-23,2022-12-23,LAL,CHA,0,0.655048
22200493,2022-23,2022-12-25,NYK,PHI,0,0.597351
22200494,2022-23,2022-12-25,DAL,LAL,1,0.695316
22200495,2022-23,2022-12-25,BOS,MIL,1,0.61232
22200496,2022-23,2022-12-25,GSW,MEM,1,0.363224
22200497,2022-23,2022-12-25,DEN,PHX,1,0.598329
22200499,2022-23,2022-12-26,DET,LAC,0,0.44
22200500,2022-23,2022-12-26,MIA,MIN,1,0.59121
22200501,2022-23,2022-12-26,CHI,HOU,0,0.703745
22200502,2022-23,2022-12-26,NOP,IND,1,0.684405
22200503,2022-23,2022-12-26,SAS,UTA,1,0.411948
22200504,2022-23,2022-12-26,POR,CHA,1,0.650592
22200505,2022-23,2022-12-27,ORL,LAL,0,0.574577
22200506,2022-23,2022-12-27,WAS,PHI,1,0.435252
22200507,2022-23,2022-12-27,BOS,HOU,1,0.862319
22200509,2022-23,2022-12-27,TOR,LAC,0,0.691094
22200510,2022-23,2022-12-27,MEM,PHX,0,0.636454
22200511,2022-23,2022-12-27,OKC,SAS,1,0.781235
22200512,2022-23,2022-12-27,DAL,NYK,1,0.576136
22200513,2022-23,2022-12-27,GSW,CHA,1,0.802622
22200514,2022-23,2022-12-27,SAC,DEN,0,0.611086
22200515,2022-23,2022-12-28,DET,ORL,1,0.620904
22200516,2022-23,2022-12-28,WAS,PHX,1,0.505031
22200517,2022-23,2022-12-28,ATL,BKN,0,0.363473
22200518,2022-23,2022-12-28,MIA,LAL,1,0.706454
22200519,2022-23,2022-12-28,CHI,MIL,1,0.490016
22200520,2022-23,2022-12-28,NOP,MIN,1,0.674809
22200521,2022-23,2022-12-28,GSW,UTA,1,0.541334
22200522,2022-23,2022-12-28,SAC,DEN,1,0.596588
22200523,2022-23,2022-12-29,CHA,OKC,1,0.444317
22200524,2022-23,2022-12-29,IND,CLE,1,0.430942
22200525,2022-23,2022-12-29,BOS,LAC,1,0.717258
22200526,2022-23,2022-12-29,TOR,MEM,0,0.481263
22200527,2022-23,2022-12-29,SAS,NYK,1,0.351229
22200528,2022-23,2022-12-29,DAL,HOU,1,0.762538
22200529,2022-23,2022-12-30,ORL,WAS,0,0.451454
22200530,2022-23,2022-12-30,ATL,LAL,0,0.616067
22200531,2022-23,2022-12-30,TOR,PHX,1,0.456865
22200532,2022-23,2022-12-30,CHI,DET,1,0.690767
22200533,2022-23,2022-12-30,MIL,MIN,1,0.653362
22200534,2022-23,2022-12-30,NOP,PHI,1,0.643218
22200535,2022-23,2022-12-30,DEN,MIA,1,0.670947
22200536,2022-23,2022-12-30,GSW,POR,1,0.625841
22200537,2022-23,2022-12-30,SAC,UTA,1,0.615454
22200538,2022-23,2022-12-31,IND,LAC,1,0.56566
22200539,2022-23,2022-12-31,CHA,BKN,0,0.373872
22200540,2022-23,2022-12-31,CHI,CLE,0,0.358087
22200541,2022-23,2022-12-31,HOU,NYK,0,0.382403
22200542,2022-23,2022-12-31,SAS,DAL,0,0.367834
22200543,2022-23,2022-12-31,MEM,NOP,1,0.718225
22200544,2022-23,2022-12-31,MIN,DET,0,0.747036
22200545,2022-23,2022-12-31,OKC,PHI,0,0.577629
22200546,2022-23,2022-12-31,UTA,MIA,0,0.637233
22200547,2022-23,2023-01-01,MEM,SAC,1,0.671673
22200548,2022-23,2023-01-01,MIL,WAS,0,0.665686
22200549,2022-23,2023-01-01,DEN,BOS,1,0.54496
22200550,2022-23,2023-01-02,NYK,PHX,1,0.581086
22200551,2022-23,2023-01-02,CHA,LAL,0,0.501383
22200552,2022-23,2023-01-02,CLE,CHI,1,0.704697
22200554,2022-23,2023-01-02,PHI,NOP,1,0.568815
22200555,2022-23,2023-01-02,BKN,SAS,1,0.806987
22200556,2022-23,2023-01-02,HOU,DAL,0,0.376962
22200557,2022-23,2023-01-02,MIN,DEN,1,0.640882
22200558,2022-23,2023-01-02,GSW,ATL,1,0.679526
22200559,2022-23,2023-01-02,POR,DET,1,0.712622
22200560,2022-23,2023-01-02,LAC,MIA,0,0.53001
22200561,2022-23,2023-01-03,MIL,WAS,1,0.584
22200562,2022-23,2023-01-03,OKC,BOS,1,0.359991
22200563,2022-23,2023-01-03,UTA,SAC,0,0.647958
22200564,2022-23,2023-01-04,CHA,MEM,0,0.311536
22200565,2022-23,2023-01-04,CLE,PHX,1,0.659825
22200566,2022-23,2023-01-04,ORL,OKC,1,0.590674
22200567,2022-23,2023-01-04,PHI,IND,1,0.653263
22200568,2022-23,2023-01-04,NYK,SAS,1,0.785815
22200569,2022-23,2023-01-04,TOR,MIL,0,0.630893
22200570,2022-23,2023-01-04,CHI,BKN,1,0.42764
22200572,2022-23,2023-01-04,NOP,HOU,1,0.752128
22200573,2022-23,2023-01-04,GSW,DET,0,0.7607
22200574,2022-23,2023-01-04,LAL,MIA,1,0.473727
22200576,2022-23,2023-01-05,ORL,MEM,0,0.327379
22200577,2022-23,2023-01-05,DAL,BOS,0,0.494303
22200578,2022-23,2023-01-05,HOU,UTA,0,0.372047
22200579,2022-23,2023-01-05,DEN,LAC,1,0.681609
22200580,2022-23,2023-01-06,IND,POR,1,0.582913
22200581,2022-23,2023-01-06,PHI,CHI,0,0.667021
22200582,2022-23,2023-01-06,TOR,NYK,0,0.516874
22200583,2022-23,2023-01-06,MIL,CHA,0,0.7465
22200584,2022-23,2023-01-06,OKC,WAS,1,0.500702
22200585,2022-23,2023-01-06,SAS,DET,1,0.571048
22200586,2022-23,2023-01-06,NOP,BKN,0,0.557846
22200587,2022-23,2023-01-06,MIN,LAC,1,0.707286
22200588,2022-23,2023-01-06,DEN,CLE,1,0.509511
22200589,2022-23,2023-01-06,PHX,MIA,0,0.532736
22200590,2022-23,2023-01-06,LAL,ATL,1,0.594055
22200591,2022-23,2023-01-07,SAS,BOS,0,0.226014
22200592,2022-23,2023-01-07,CHI,UTA,1,0.498974
22200593,2022-23,2023-01-07,DAL,NOP,1,0.652683
22200594,2022-23,2023-01-07,GSW,ORL,0,0.737459
22200595,2022-23,2023-01-07,SAC,LAL,0,0.691922
22200596,2022-23,2023-01-08,DET,PHI,0,0.355272
22200597,2022-23,2023-01-08,TOR,POR,1,0.616985
22200598,2022-23,2023-01-08,IND,CHA,1,0.676537
22200599,2022-23,2023-01-08,MIA,BKN,0,0.496306
22200600,2022-23,2023-01-08,MEM,UTA,1,0.821728
22200601,2022-23,2023-01-08,HOU,MIN,0,0.402063
22200602,2022-23,2023-01-08,OKC,DAL,1,0.587344
22200603,2022-23,2023-01-08,PHX,CLE,0,0.511381
22200604,2022-23,2023-01-08,LAC,ATL,0,0.546863
22200605,2022-23,2023-01-09,WAS,NOP,0,0.54185
22200606,2022-23,2023-01-09,BOS,CHI,1,0.697593
22200607,2022-23,2023-01-09,NYK,MIL,0,0.624471
22200608,2022-23,2023-01-09,MEM,SAS,1,0.778054
22200609,2022-23,2023-01-09,DEN,LAL,1,0.709746
22200610,2022-23,2023-01-09,SAC,ORL,1,0.680856
22200612,2022-23,2023-01-10,PHI,DET,1,0.774326
22200613,2022-23,2023-01-10,TOR,CHA,1,0.697469
22200614,2022-23,2023-01-10,UTA,CLE,1,0.498319
22200615,2022-23,2023-01-10,GSW,PHX,0,0.583251
22200616,2022-23,2023-01-10,POR,ORL,0,0.713422
22200617,2022-23,2023-01-10,LAC,DAL,1,0.523965
22200618,2022-23,2023-01-11,DET,MIN,1,0.309393
22200619,2022-23,2023-01-11,WAS,CHI,1,0.589375
22200620,2022-23,2023-01-11,ATL,MIL,0,0.471031
22200621,2022-23,2023-01-11,BOS,NOP,1,0.648884
22200622,2022-23,2023-01-11,NYK,IND,1,0.666643
22200623,2022-23,2023-01-11,MEM,SAS,1,0.829809
22200624,2022-23,2023-01-11,DEN,PHX,1,0.777204
22200625,2022-23,2023-01-11,SAC,HOU,1,0.758499
22200626,2022-23,2023-01-12,PHI,OKC,0,0.68311
22200627,2022-23,2023-01-12,BKN,BOS,0,0.611656
22200628,2022-23,2023-01-12,MIA,MIL,1,0.677543
22200629,2022-23,2023-01-12,TOR,CHA,1,0.700742
22200630,2022-23,2023-01-12,LAL,DAL,0,0.543943
22200631,2022-23,2023-01-12,POR,CLE,0,0.435496
22200632,2022-23,2023-01-13,DET,NOP,0,0.33916
22200633,2022-23,2023-01-13,IND,ATL,0,0.603847
22200634,2022-23,2023-01-13,WAS,NYK,0,0.489821
22200635,2022-23,2023-01-13,SAS,GSW,0,0.493653
22200636,2022-23,2023-01-13,CHI,OKC,0,0.662953
22200637,2022-23,2023-01-13,MIN,PHX,1,0.585199
22200638,2022-23,2023-01-13,UTA,ORL,1,0.752972
22200639,2022-23,2023-01-13,LAC,DEN,0,0.480701
22200640,2022-23,2023-01-13,SAC,HOU,1,0.760487
22200641,2022-23,2023-01-14,MIA,MIL,1,0.608247
22200642,2022-23,2023-01-14,CHA,BOS,0,0.298214
22200643,2022-23,2023-01-14,IND,MEM,0,0.347838
22200644,2022-23,2023-01-14,TOR,ATL,0,0.72882
22200645,2022-23,2023-01-14,MIN,CLE,1,0.404433
22200646,2022-23,2023-01-14,UTA,PHI,0,0.550506
22200647,2022-23,2023-01-14,POR,DAL,1,0.528776
22200648,2022-23,2023-01-15,DET,NYK,0,0.337217
22200649,2022-23,2023-01-15,LAC,HOU,1,0.719852
22200650,2022-23,2023-01-15,CHI,GSW,1,0.561454
22200651,2022-23,2023-01-15,BKN,OKC,0,0.667189
22200652,2022-23,2023-01-15,SAS,SAC,0,0.437909
22200653,2022-23,2023-01-15,DEN,ORL,1,0.795145
22200654,2022-23,2023-01-15,POR,DAL,1,0.562791
22200655,2022-23,2023-01-15,LAL,PHI,0,0.630818
22200656,2022-23,2023-01-16,CHA,BOS,0,0.284776
22200657,2022-23,2023-01-16,MIL,IND,1,0.574904
22200658,2022-23,2023-01-16,CLE,NOP,1,0.600627
22200660,2022-23,2023-01-16,WAS,GSW,0,0.656741
22200661,2022-23,2023-01-16,ATL,MIA,1,0.443922
22200662,2022-23,2023-01-16,MIN,UTA,0,0.590849
22200663,2022-23,2023-01-16,MEM,PHX,1,0.745491
22200664,2022-23,2023-01-16,LAL,HOU,1,0.763515
22200666,2022-23,2023-01-17,SAS,BKN,1,0.393448
22200667,2022-23,2023-01-17,DEN,POR,1,0.741009
22200669,2022-23,2023-01-18,NYK,WAS,0,0.666291
22200670,2022-23,2023-01-18,DAL,ATL,0,0.568782
22200671,2022-23,2023-01-18,HOU,CHA,0,0.467215
22200672,2022-23,2023-01-18,MEM,CLE,1,0.644571
22200673,2022-23,2023-01-18,NOP,MIA,0,0.549906
22200674,2022-23,2023-01-18,OKC,IND,1,0.614646
22200675,2022-23,2023-01-18,UTA,LAC,1,0.760468
22200676,2022-23,2023-01-18,DEN,MIN,1,0.640061
22200677,2022-23,2023-01-18,LAL,SAC,0,0.540026
22200678,2022-23,2023-01-19,DET,CHI,0,0.355183
22200679,2022-23,2023-01-19,BOS,GSW,1,0.729406
22200680,2022-23,2023-01-19,MIN,TOR,1,0.470403
22200681,2022-23,2023-01-19,PHX,BKN,1,0.478389
22200683,2022-23,2023-01-20,ORL,NOP,1,0.408391
22200684,2022-23,2023-01-20,ATL,NYK,1,0.490933
22200685,2022-23,2023-01-20,CLE,GSW,0,0.754793
22200686,2022-23,2023-01-20,DAL,MIA,1,0.455428
22200687,2022-23,2023-01-20,SAS,LAC,0,0.5309
22200688,2022-23,2023-01-20,DEN,IND,1,0.730285
22200689,2022-23,2023-01-20,UTA,BKN,0,0.714941
22200690,2022-23,2023-01-20,LAL,MEM,1,0.381144
22200691,2022-23,2023-01-20,SAC,OKC,1,0.589974
22200692,2022-23,2023-01-21,TOR,BOS,0,0.383121
22200693,2022-23,2023-01-21,WAS,ORL,1,0.708474
22200694,2022-23,2023-01-21,ATL,CHA,0,0.616374
22200695,2022-23,2023-01-21,CLE,MIL,1,0.569434
22200696,2022-23,2023-01-21,MIN,HOU,1,0.781194
22200697,2022-23,2023-01-21,PHX,IND,1,0.702569
22200698,2022-23,2023-01-21,SAC,PHI,0,0.49633
22200699,2022-23,2023-01-22,MIA,NOP,1,0.596405
22200700,2022-23,2023-01-22,TOR,NYK,1,0.459515
22200702,2022-23,2023-01-22,DEN,OKC,0,0.682492
22200703,2022-23,2023-01-22,PHX,MEM,1,0.31253
22200704,2022-23,2023-01-22,GSW,BKN,0,0.496707
22200705,2022-23,2023-01-22,POR,LAL,0,0.575894
22200706,2022-23,2023-01-23,DET,MIL,0,0.29607
22200707,2022-23,2023-01-23,ORL,BOS,1,0.305578
22200708,2022-23,2023-01-23,CHI,ATL,1,0.52693
22200709,2022-23,2023-01-23,HOU,MIN,1,0.364708
22200710,2022-23,2023-01-23,UTA,CHA,1,0.764176
22200711,2022-23,2023-01-23,POR,SAS,1,0.609589
22200712,2022-23,2023-01-23,SAC,MEM,1,0.561337
22200714,2022-23,2023-01-24,MIA,BOS,1,0.600794
22200715,2022-23,2023-01-24,NYK,CLE,1,0.511195
22200716,2022-23,2023-01-24,NOP,DEN,0,0.542995
22200717,2022-23,2023-01-24,DAL,WAS,0,0.569993
22200718,2022-23,2023-01-24,PHX,CHA,1,0.742491
22200719,2022-23,2023-01-24,LAL,LAC,0,0.612879
22200720,2022-23,2023-01-25,ORL,IND,1,0.637646
22200721,2022-23,2023-01-25,PHI,BKN,1,0.578721
22200722,2022-23,2023-01-25,HOU,WAS,0,0.469056
22200723,2022-23,2023-01-25,MIL,DEN,1,0.6562
22200724,2022-23,2023-01-25,NOP,MIN,0,0.510771
22200725,2022-23,2023-01-25,OKC,ATL,0,0.65127
22200726,2022-23,2023-01-25,GSW,MEM,1,0.449153
22200727,2022-23,2023-01-25,POR,UTA,1,0.558464
22200728,2022-23,2023-01-25,SAC,TOR,0,0.657203
22200729,2022-23,2023-01-25,LAL,SAS,1,0.615243
22200730,2022-23,2023-01-26,BOS,NYK,0,0.651304
22200731,2022-23,2023-01-26,BKN,DET,0,0.732923
22200732,2022-23,2023-01-26,CHA,CHI,1,0.395456
22200733,2022-23,2023-01-26,HOU,CLE,0,0.219262
22200735,2022-23,2023-01-26,LAC,SAS,1,0.767277
22200736,2022-23,2023-01-27,IND,MIL,0,0.48896
22200738,2022-23,2023-01-27,MIA,ORL,1,0.707685
22200739,2022-23,2023-01-27,OKC,CLE,1,0.582055
22200740,2022-23,2023-01-27,GSW,TOR,1,0.531608
22200741,2022-23,2023-01-28,PHI,DEN,1,0.61013
22200742,2022-23,2023-01-28,BKN,NYK,1,0.587338
22200743,2022-23,2023-01-28,DET,HOU,0,0.633323
22200744,2022-23,2023-01-28,ORL,CHI,0,0.432885
22200745,2022-23,2023-01-28,ATL,LAC,0,0.579106
22200746,2022-23,2023-01-28,MIN,SAC,1,0.481963
22200747,2022-23,2023-01-28,NOP,WAS,0,0.597191
22200748,2022-23,2023-01-28,SAS,PHX,0,0.40259
22200749,2022-23,2023-01-28,BOS,LAL,1,0.760088
22200750,2022-23,2023-01-28,UTA,DAL,1,0.654013
22200751,2022-23,2023-01-28,POR,TOR,0,0.608528
22200752,2022-23,2023-01-29,CHA,MIA,1,0.391757
22200753,2022-23,2023-01-29,MEM,IND,1,0.741886
22200754,2022-23,2023-01-29,CLE,LAC,1,0.744492
22200755,2022-23,2023-01-29,MIL,NOP,1,0.713117
22200756,2022-23,2023-01-30,PHI,ORL,0,0.748683
22200757,2022-23,2023-01-30,BKN,LAL,1,0.619518
22200758,2022-23,2023-01-30,MIN,SAC,0,0.519205
22200759,2022-23,2023-01-30,OKC,GSW,0,0.609635
22200760,2022-23,2023-01-30,SAS,WAS,0,0.390185
22200761,2022-23,2023-01-30,DAL,DET,1,0.714946
22200762,2022-23,2023-01-30,PHX,TOR,1,0.525969
22200763,2022-23,2023-01-30,POR,ATL,1,0.588362
22200764,2022-23,2023-01-31,CLE,MIA,0,0.612335
22200765,2022-23,2023-01-31,NYK,LAL,0,0.713567
22200766,2022-23,2023-01-31,CHI,LAC,0,0.569151
22200767,2022-23,2023-01-31,MIL,CHA,1,0.728561
22200768,2022-23,2023-01-31,DEN,NOP,1,0.706379
22200770,2022-23,2023-02-01,PHI,ORL,1,0.700519
22200771,2022-23,2023-02-01,MEM,POR,0,0.752099
22200772,2022-23,2023-02-01,BOS,BKN,1,0.64445
22200773,2022-23,2023-02-01,HOU,OKC,1,0.341665
22200774,2022-23,2023-02-01,MIN,GSW,1,0.541021
22200775,2022-23,2023-02-01,SAS,SAC,0,0.358121
22200776,2022-23,2023-02-01,UTA,TOR,1,0.615478
22200777,2022-23,2023-02-01,PHX,ATL,0,0.598354
22200778,2022-23,2023-02-02,IND,LAL,0,0.548497
22200779,2022-23,2023-02-02,CLE,MEM,1,0.651588
22200780,2022-23,2023-02-02,NYK,MIA,1,0.547152
22200781,2022-23,2023-02-02,CHI,CHA,1,0.652113
22200782,2022-23,2023-02-02,DAL,NOP,1,0.581375
22200783,2022-23,2023-02-02,DEN,GSW,1,0.759607
22200784,2022-23,2023-02-02,MIL,LAC,1,0.62673
22200785,2022-23,2023-02-03,DET,CHA,1,0.581042
22200786,2022-23,2023-02-03,IND,SAC,1,0.382227
22200787,2022-23,2023-02-03,WAS,POR,0,0.593613
22200788,2022-23,2023-02-03,BOS,PHX,0,0.775621
22200789,2022-23,2023-02-03,HOU,TOR,0,0.369406
22200790,2022-23,2023-02-03,MIN,ORL,0,0.669122
22200791,2022-23,2023-02-03,SAS,PHI,0,0.370927
22200792,2022-23,2023-02-03,UTA,ATL,0,0.661224
22200793,2022-23,2023-02-04,BKN,WAS,1,0.67478
22200794,2022-23,2023-02-04,DET,PHX,0,0.421138
22200795,2022-23,2023-02-04,NYK,LAC,0,0.607273
22200796,2022-23,2023-02-04,CHI,POR,1,0.678178
22200797,2022-23,2023-02-04,MIL,MIA,1,0.5765
22200798,2022-23,2023-02-04,NOP,LAL,1,0.580595
22200799,2022-23,2023-02-04,OKC,HOU,1,0.802819
22200800,2022-23,2023-02-04,GSW,DAL,1,0.5862
22200801,2022-23,2023-02-04,DEN,ATL,1,0.773044
22200802,2022-23,2023-02-05,CHA,ORL,0,0.516147
22200803,2022-23,2023-02-05,IND,CLE,0,0.3978
22200804,2022-23,2023-02-05,NYK,PHI,1,0.479042
22200806,2022-23,2023-02-05,MIN,DEN,1,0.607667
22200807,2022-23,2023-02-05,NOP,SAC,1,0.412458
22200808,2022-23,2023-02-06,DET,BOS,0,0.267643
22200809,2022-23,2023-02-06,WAS,CLE,0,0.534342
22200810,2022-23,2023-02-06,BKN,LAC,0,0.586555
22200811,2022-23,2023-02-06,CHI,SAS,1,0.75101
22200812,2022-23,2023-02-06,HOU,SAC,0,0.418072
22200813,2022-23,2023-02-06,UTA,DAL,0,0.655438
22200814,2022-23,2023-02-06,GSW,OKC,1,0.569083
22200815,2022-23,2023-02-06,POR,MIL,0,0.471985
22200816,2022-23,2023-02-07,ORL,NYK,0,0.488693
22200817,2022-23,2023-02-07,BKN,PHX,0,0.514713
22200818,2022-23,2023-02-07,NOP,ATL,1,0.567733
22200819,2022-23,2023-02-07,MEM,CHI,1,0.758655
22200820,2022-23,2023-02-07,DEN,MIN,1,0.660362
22200821,2022-23,2023-02-07,LAL,OKC,0,0.590664
22200822,2022-23,2023-02-08,CLE,DET,1,0.853318
22200823,2022-23,2023-02-08,WAS,CHA,1,0.660719
22200824,2022-23,2023-02-08,BOS,PHI,1,0.6587
22200825,2022-23,2023-02-08,MIA,IND,1,0.687065
22200826,2022-23,2023-02-08,TOR,SAS,1,0.782434
22200827,2022-23,2023-02-08,HOU,SAC,0,0.31172
22200828,2022-23,2023-02-08,UTA,MIN,0,0.715113
22200829,2022-23,2023-02-08,LAC,DAL,0,0.564297
22200830,2022-23,2023-02-08,POR,GSW,1,0.497979
22200831,2022-23,2023-02-09,ORL,DEN,1,0.472508
22200832,2022-23,2023-02-09,ATL,PHX,1,0.562086
22200833,2022-23,2023-02-09,BKN,CHI,1,0.600593
22200834,2022-23,2023-02-09,LAL,MIL,0,0.485759
22200835,2022-23,2023-02-10,DET,SAS,1,0.566423
22200836,2022-23,2023-02-10,IND,PHX,0,0.555724
22200837,2022-23,2023-02-10,PHI,NYK,1,0.585484
22200838,2022-23,2023-02-10,BOS,CHA,1,0.789381
22200839,2022-23,2023-02-10,TOR,UTA,0,0.696968
22200840,2022-23,2023-02-10,MIA,HOU,1,0.822816
22200841,2022-23,2023-02-10,MEM,MIN,1,0.670409
22200842,2022-23,2023-02-10,NOP,CLE,0,0.445121
22200843,2022-23,2023-02-10,POR,OKC,0,0.560154
22200844,2022-23,2023-02-10,SAC,DAL,0,0.577229
22200845,2022-23,2023-02-10,LAC,MIL,0,0.585947
22200847,2022-23,2023-02-11,CHA,DEN,0,0.305958
22200849,2022-23,2023-02-11,WAS,IND,1,0.718776
22200850,2022-23,2023-02-11,ATL,SAS,1,0.842599
22200851,2022-23,2023-02-11,NYK,UTA,1,0.642772
22200852,2022-23,2023-02-11,CLE,CHI,1,0.640388
22200853,2022-23,2023-02-11,GSW,LAL,0,0.610784
22200854,2022-23,2023-02-11,SAC,DAL,1,0.607868
22200855,2022-23,2023-02-12,BOS,MEM,1,0.584113
22200856,2022-23,2023-02-12,TOR,DET,1,0.777688
22200857,2022-23,2023-02-13,CHA,ATL,1,0.408327
22200858,2022-23,2023-02-13,CLE,SAS,1,0.87477
22200859,2022-23,2023-02-13,IND,UTA,0,0.49758
22200860,2022-23,2023-02-13,PHI,HOU,1,0.790812
22200861,2022-23,2023-02-13,MIA,DEN,0,0.542486
22200862,2022-23,2023-02-13,NYK,BKN,1,0.579811
22200863,2022-23,2023-02-13,CHI,ORL,0,0.61812
22200864,2022-23,2023-02-13,OKC,NOP,0,0.552364
22200865,2022-23,2023-02-13,DAL,MIN,0,0.513329
22200866,2022-23,2023-02-13,GSW,WAS,1,0.62342
22200867,2022-23,2023-02-13,POR,LAL,1,0.5646
22200868,2022-23,2023-02-14,TOR,ORL,1,0.748468
22200869,2022-23,2023-02-14,MIL,BOS,1,0.498722
22200870,2022-23,2023-02-14,PHX,SAC,1,0.50916
22200871,2022-23,2023-02-14,LAC,GSW,1,0.647747
22200873,2022-23,2023-02-15,CHA,SAS,1,0.658258
22200874,2022-23,2023-02-15,IND,CHI,1,0.479209
22200876,2022-23,2023-02-15,ATL,NYK,0,0.554901
22200877,2022-23,2023-02-15,BOS,DET,1,0.753914
22200879,2022-23,2023-02-15,MEM,UTA,1,0.686274
22200880,2022-23,2023-02-15,OKC,HOU,1,0.769953
22200881,2022-23,2023-02-15,DEN,DAL,1,0.70965
22200882,2022-23,2023-02-15,LAL,NOP,1,0.522347
22200883,2022-23,2023-02-16,CHI,MIL,0,0.326615
22200884,2022-23,2023-02-16,MIN,WAS,0,0.597136
22200885,2022-23,2023-02-16,PHX,LAC,0,0.585664
22200886,2022-23,2023-02-23,CLE,DEN,0,0.657191
22200887,2022-23,2023-02-23,IND,BOS,0,0.35968
22200888,2022-23,2023-02-23,ORL,DET,1,0.682888
22200889,2022-23,2023-02-23,PHI,MEM,1,0.529183
22200890,2022-23,2023-02-23,TOR,NOP,1,0.662184
22200891,2022-23,2023-02-23,DAL,SAS,1,0.748393
22200892,2022-23,2023-02-23,UTA,OKC,1,0.594959
22200893,2022-23,2023-02-23,LAL,GSW,1,0.525578
22200894,2022-23,2023-02-23,SAC,POR,1,0.637861
22200895,2022-23,2023-02-24,WAS,NYK,0,0.511823
22200896,2022-23,2023-02-24,ATL,CLE,1,0.504424
22200897,2022-23,2023-02-24,MIL,MIA,1,0.629929
22200898,2022-23,2023-02-24,MIN,CHA,0,0.697664
22200899,2022-23,2023-02-24,PHX,OKC,1,0.662261
22200901,2022-23,2023-02-24,GSW,HOU,1,0.714311
22200902,2022-23,2023-02-24,LAC,SAC,0,0.632197
22200903,2022-23,2023-02-25,DET,TOR,0,0.317736
22200904,2022-23,2023-02-25,CHA,MIA,1,0.436165
22200905,2022-23,2023-02-25,ORL,IND,0,0.614236
22200906,2022-23,2023-02-25,NYK,NOP,1,0.578734
22200907,2022-23,2023-02-25,MEM,DEN,1,0.598061
22200908,2022-23,2023-02-25,PHI,BOS,0,0.505134
22200909,2022-23,2023-02-25,UTA,SAS,1,0.818688
22200910,2022-23,2023-02-26,MIL,PHX,1,0.682058
22200911,2022-23,2023-02-26,ATL,BKN,1,0.607362
22200912,2022-23,2023-02-26,CHI,WAS,1,0.555701
22200913,2022-23,2023-02-26,DAL,LAL,0,0.607786
22200914,2022-23,2023-02-26,CLE,TOR,1,0.718473
22200915,2022-23,2023-02-26,OKC,SAC,0,0.523024
22200916,2022-23,2023-02-26,GSW,MIN,1,0.599776
22200917,2022-23,2023-02-26,POR,HOU,1,0.693829
22200918,2022-23,2023-02-26,DEN,LAC,1,0.592595
22200919,2022-23,2023-02-27,CHA,DET,1,0.40838
22200920,2022-23,2023-02-27,PHI,MIA,0,0.611305
22200922,2022-23,2023-02-27,NOP,ORL,0,0.588691
22200923,2022-23,2023-02-28,ATL,WAS,0,0.59447
22200924,2022-23,2023-02-28,BKN,MIL,0,0.434502
22200925,2022-23,2023-02-28,TOR,CHI,1,0.592924
22200926,2022-23,2023-02-28,HOU,DEN,0,0.38429
22200927,2022-23,2023-02-28,MEM,LAL,1,0.691186
22200928,2022-23,2023-02-28,OKC,SAC,0,0.498505
22200929,2022-23,2023-02-28,DAL,IND,0,0.649047
22200930,2022-23,2023-02-28,UTA,SAS,0,0.810101
22200931,2022-23,2023-02-28,GSW,POR,1,0.640239
22200932,2022-23,2023-02-28,LAC,MIN,0,0.579745
22200933,2022-23,2023-03-01,CHA,PHX,0,0.221148
22200934,2022-23,2023-03-01,DET,CHI,0,0.240667
22200935,2022-23,2023-03-01,BOS,CLE,1,0.573781
22200936,2022-23,2023-03-01,MIA,PHI,0,0.522448
22200937,2022-23,2023-03-01,NYK,BKN,1,0.7468
22200938,2022-23,2023-03-01,HOU,MEM,0,0.224799
22200939,2022-23,2023-03-01,MIL,ORL,1,0.659524
22200940,2022-23,2023-03-01,OKC,LAL,0,0.576276
22200941,2022-23,2023-03-01,POR,NOP,0,0.4835
22200943,2022-23,2023-03-02,DAL,PHI,1,0.585885
22200944,2022-23,2023-03-02,SAS,IND,1,0.192074
22200945,2022-23,2023-03-02,GSW,LAC,1,0.595361
22200946,2022-23,2023-03-03,CHA,ORL,0,0.302328
22200947,2022-23,2023-03-03,ATL,POR,1,0.689231
22200948,2022-23,2023-03-03,BOS,BKN,0,0.743435
22200949,2022-23,2023-03-03,MIA,NYK,0,0.498927
22200950,2022-23,2023-03-03,CHI,PHX,0,0.517754
22200951,2022-23,2023-03-03,OKC,UTA,1,0.592533
22200952,2022-23,2023-03-03,DEN,MEM,1,0.590763
22200953,2022-23,2023-03-03,GSW,NOP,1,0.561314
22200954,2022-23,2023-03-03,SAC,LAC,1,0.712037
22200956,2022-23,2023-03-04,WAS,TOR,0,0.527684
22200957,2022-23,2023-03-04,CLE,DET,1,0.935567
22200958,2022-23,2023-03-04,MIA,ATL,1,0.573182
22200960,2022-23,2023-03-04,MIL,PHI,0,0.666833
22200961,2022-23,2023-03-04,SAC,MIN,0,0.639736
22200963,2022-23,2023-03-05,CHI,IND,0,0.642237
22200964,2022-23,2023-03-05,LAL,GSW,1,0.495531
22200965,2022-23,2023-03-05,BKN,CHA,1,0.802093
22200966,2022-23,2023-03-05,ORL,POR,0,0.608591
22200967,2022-23,2023-03-05,HOU,SAS,1,0.507621
22200968,2022-23,2023-03-05,OKC,UTA,1,0.612166
22200969,2022-23,2023-03-05,BOS,NYK,0,0.608504
22200970,2022-23,2023-03-05,LAC,MEM,1,0.433725
22200973,2022-23,2023-03-05,WAS,MIL,0,0.537486
22200971,2022-23,2023-03-06,CLE,BOS,1,0.799266
22200972,2022-23,2023-03-06,IND,PHI,0,0.425948
22200974,2022-23,2023-03-06,MIA,ATL,1,0.559852
22200975,2022-23,2023-03-06,DEN,TOR,1,0.733516
22200976,2022-23,2023-03-06,SAC,NOP,1,0.674201
22200977,2022-23,2023-03-06,DET,POR,0,0.336636
22200769,2022-23,2023-03-07,DET,WAS,0,0.149191
22200978,2022-23,2023-03-07,ORL,MIL,0,0.477898
22200979,2022-23,2023-03-07,NYK,CHA,0,0.88346
22200980,2022-23,2023-03-07,MIN,PHI,0,0.659624
22200981,2022-23,2023-03-07,HOU,BKN,0,0.191326
22200982,2022-23,2023-03-07,OKC,GSW,1,0.570095
22200983,2022-23,2023-03-07,DAL,UTA,1,0.602179
22200985,2022-23,2023-03-08,WAS,ATL,0,0.461191
22200986,2022-23,2023-03-08,BOS,POR,1,0.758581
22200987,2022-23,2023-03-08,MIA,CLE,0,0.426858
22200988,2022-23,2023-03-08,NOP,DAL,1,0.599561
22200989,2022-23,2023-03-08,DEN,CHI,0,0.787274
22200990,2022-23,2023-03-08,PHX,OKC,1,0.688777
22200991,2022-23,2023-03-08,LAC,TOR,1,0.519852
22200992,2022-23,2023-03-09,DET,CHA,0,0.425226
22200993,2022-23,2023-03-09,IND,HOU,1,0.847066
22200994,2022-23,2023-03-09,ORL,UTA,0,0.566679
22200995,2022-23,2023-03-09,MIL,BKN,1,0.693852
22200996,2022-23,2023-03-09,MEM,GSW,1,0.604118
22200997,2022-23,2023-03-09,SAC,NYK,1,0.581295
22200998,2022-23,2023-03-10,PHI,POR,1,0.763573
22200999,2022-23,2023-03-10,WAS,ATL,0,0.512008
22201000,2022-23,2023-03-10,MIA,CLE,1,0.420776
22201001,2022-23,2023-03-10,MIN,BKN,0,0.661546
22201002,2022-23,2023-03-10,SAS,DEN,1,0.179328
22201003,2022-23,2023-03-10,LAL,TOR,1,0.507642
22201004,2022-23,2023-03-11,LAC,NYK,1,0.500099
22201005,2022-23,2023-03-11,CHA,UTA,0,0.28369
22201006,2022-23,2023-03-11,DET,IND,0,0.234762
22201007,2022-23,2023-03-11,ORL,MIA,1,0.571254
22201008,2022-23,2023-03-11,ATL,BOS,0,0.480388
22201009,2022-23,2023-03-11,HOU,CHI,0,0.167099
22201010,2022-23,2023-03-11,MEM,DAL,1,0.716246
22201011,2022-23,2023-03-11,NOP,OKC,0,0.538862
22201012,2022-23,2023-03-11,GSW,MIL,1,0.549678
22201013,2022-23,2023-03-11,PHX,SAC,0,0.590848
22201014,2022-23,2023-03-12,DEN,BKN,0,0.711465
22201015,2022-23,2023-03-12,CHA,CLE,0,0.102935
22201016,2022-23,2023-03-12,PHI,WAS,1,0.7167
22201017,2022-23,2023-03-12,NOP,POR,1,0.536507
22201018,2022-23,2023-03-12,SAS,OKC,0,0.244865
22201019,2022-23,2023-03-12,LAL,NYK,0,0.58785
22201020,2022-23,2023-03-13,DET,IND,1,0.240391
22201021,2022-23,2023-03-13,ATL,MIN,0,0.575929
22201022,2022-23,2023-03-13,MIA,UTA,1,0.595163
22201023,2022-23,2023-03-13,DAL,MEM,0,0.41584
22201024,2022-23,2023-03-13,HOU,BOS,1,0.161337
22201025,2022-23,2023-03-13,GSW,PHX,1,0.543926
22201026,2022-23,2023-03-13,SAC,MIL,0,0.593501
22201027,2022-23,2023-03-14,CHA,CLE,0,0.138317
22201028,2022-23,2023-03-14,WAS,DET,1,0.891012
22201032,2022-23,2023-03-14,SAS,ORL,1,0.24001
22201033,2022-23,2023-03-14,PHX,MIL,0,0.607843
22201034,2022-23,2023-03-14,POR,NYK,0,0.359868
22201035,2022-23,2023-03-15,CLE,PHI,0,0.600975
22201036,2022-23,2023-03-15,MIA,MEM,1,0.445847
22201037,2022-23,2023-03-15,CHI,SAC,0,0.501665
22201038,2022-23,2023-03-15,HOU,LAL,1,0.250225
22201039,2022-23,2023-03-15,MIN,BOS,0,0.571181
22201040,2022-23,2023-03-15,SAS,DAL,0,0.146228
22201041,2022-23,2023-03-15,LAC,GSW,1,0.554303
22201042,2022-23,2023-03-16,DET,DEN,0,0.219909
22201043,2022-23,2023-03-16,BKN,SAC,0,0.599469
22201044,2022-23,2023-03-16,TOR,OKC,1,0.626835
22201045,2022-23,2023-03-16,MIL,IND,0,0.788657
22201046,2022-23,2023-03-16,PHX,ORL,1,0.705349
22201047,2022-23,2023-03-17,CHA,PHI,0,0.226877
22201048,2022-23,2023-03-17,ATL,GSW,1,0.565836
22201049,2022-23,2023-03-17,CLE,WAS,1,0.709021
22201050,2022-23,2023-03-17,CHI,MIN,1,0.562753
22201051,2022-23,2023-03-17,HOU,NOP,1,0.238825
22201052,2022-23,2023-03-17,SAS,MEM,0,0.120493
22201053,2022-23,2023-03-17,POR,BOS,0,0.450656
22201054,2022-23,2023-03-17,LAL,DAL,0,0.583925
22201055,2022-23,2023-03-18,NYK,DEN,1,0.671272
22201056,2022-23,2023-03-18,LAC,ORL,0,0.692688
22201057,2022-23,2023-03-18,IND,PHI,0,0.536023
22201058,2022-23,2023-03-18,TOR,MIN,1,0.719535
22201059,2022-23,2023-03-18,WAS,SAC,0,0.3896
22201060,2022-23,2023-03-18,CHI,MIA,1,0.484383
22201061,2022-23,2023-03-18,MEM,GSW,1,0.642472
22201062,2022-23,2023-03-18,UTA,BOS,1,0.652742
22201063,2022-23,2023-03-19,BKN,DEN,0,0.701864
22201064,2022-23,2023-03-19,OKC,PHX,1,0.53434
22201065,2022-23,2023-03-19,SAS,ATL,1,0.179868
22201066,2022-23,2023-03-19,DET,MIA,0,0.222394
22201067,2022-23,2023-03-19,HOU,NOP,0,0.248111
22201068,2022-23,2023-03-19,MIL,TOR,1,0.746992
22201069,2022-23,2023-03-19,POR,LAC,0,0.518009
22201070,2022-23,2023-03-19,LAL,ORL,1,0.718457
22201072,2022-23,2023-03-20,PHI,CHI,0,0.721244
22201073,2022-23,2023-03-20,NYK,MIN,0,0.702577
22201074,2022-23,2023-03-20,HOU,GSW,0,0.136151
22201075,2022-23,2023-03-20,MEM,DAL,1,0.731799
22201076,2022-23,2023-03-20,UTA,SAC,1,0.602372
22201078,2022-23,2023-03-21,ATL,DET,1,0.853281
22201079,2022-23,2023-03-21,BKN,CLE,0,0.419369
22201080,2022-23,2023-03-21,NOP,SAS,1,0.801075
22201081,2022-23,2023-03-21,SAC,BOS,0,0.519264
22201082,2022-23,2023-03-21,LAC,OKC,0,0.576585
22201083,2022-23,2023-03-22,WAS,DEN,0,0.466886
22201084,2022-23,2023-03-22,MIA,NYK,1,0.485174
22201085,2022-23,2023-03-22,TOR,IND,0,0.717243
22201086,2022-23,2023-03-22,DAL,GSW,0,0.508976
22201088,2022-23,2023-03-22,MEM,HOU,1,0.909669
22201089,2022-23,2023-03-22,MIL,SAS,1,0.964424
22201090,2022-23,2023-03-22,MIN,ATL,1,0.657183
22201091,2022-23,2023-03-22,UTA,POR,0,0.754843
22201092,2022-23,2023-03-22,LAL,PHX,1,0.524578
22201093,2022-23,2023-03-23,ORL,NYK,1,0.49217
22201094,2022-23,2023-03-23,BKN,CLE,0,0.400963
22201095,2022-23,2023-03-23,NOP,CHA,1,0.764354
22201096,2022-23,2023-03-23,LAC,OKC,1,0.551913
22201097,2022-23,2023-03-24,BOS,IND,1,0.774846
22201098,2022-23,2023-03-24,WAS,SAS,1,0.85063
22201099,2022-23,2023-03-24,TOR,DET,1,0.908514
22201100,2022-23,2023-03-24,MEM,HOU,1,0.904426
22201101,2022-23,2023-03-24,DAL,CHA,0,0.842255
22201102,2022-23,2023-03-24,UTA,MIL,0,0.562771
22201103,2022-23,2023-03-24,GSW,PHI,1,0.546931
22201104,2022-23,2023-03-24,POR,CHI,0,0.474359
22201105,2022-23,2023-03-24,SAC,PHX,1,0.585289
22201106,2022-23,2023-03-24,LAL,OKC,1,0.657046
22201107,2022-23,2023-03-25,ATL,IND,1,0.751177
22201108,2022-23,2023-03-25,MIA,BKN,0,0.622037
22201109,2022-23,2023-03-25,DEN,MIL,1,0.711991
22201110,2022-23,2023-03-25,PHX,PHI,1,0.561097
22201111,2022-23,2023-03-25,SAC,UTA,1,0.699602
22201112,2022-23,2023-03-25,LAC,NOP,0,0.6864
22201113,2022-23,2023-03-26,CHA,DAL,1,0.299922
22201114,2022-23,2023-03-26,LAL,CHI,0,0.574668
22201115,2022-23,2023-03-26,ATL,MEM,0,0.366212
22201116,2022-23,2023-03-26,BOS,SAS,1,0.942322
22201117,2022-23,2023-03-26,CLE,HOU,1,0.914529
22201118,2022-23,2023-03-26,ORL,BKN,1,0.57529
22201119,2022-23,2023-03-26,TOR,WAS,1,0.693436
22201120,2022-23,2023-03-26,POR,OKC,0,0.455659
22201121,2022-23,2023-03-26,GSW,MIN,0,0.621398
22201122,2022-23,2023-03-27,DET,MIL,0,0.159221
22201123,2022-23,2023-03-27,IND,DAL,0,0.610225
22201124,2022-23,2023-03-27,NYK,HOU,1,0.92836
22201125,2022-23,2023-03-27,UTA,PHX,0,0.532784
22201126,2022-23,2023-03-27,DEN,PHI,1,0.714919
22201127,2022-23,2023-03-27,POR,NOP,0,0.380685
22201128,2022-23,2023-03-27,SAC,MIN,0,0.693605
22201129,2022-23,2023-03-27,LAC,CHI,1,0.665442
22201130,2022-23,2023-03-28,WAS,BOS,1,0.434012
22201131,2022-23,2023-03-28,ATL,CLE,1,0.436029
22201132,2022-23,2023-03-28,TOR,MIA,1,0.637219
22201133,2022-23,2023-03-28,MEM,ORL,1,0.718165
22201134,2022-23,2023-03-28,OKC,CHA,0,0.791774
22201135,2022-23,2023-03-28,GSW,NOP,1,0.708924
22201136,2022-23,2023-03-29,IND,MIL,0,0.375764
22201137,2022-23,2023-03-29,BKN,HOU,1,0.850102
22201138,2022-23,2023-03-29,NYK,MIA,1,0.748283
22201139,2022-23,2023-03-29,PHI,DAL,1,0.732855
22201140,2022-23,2023-03-29,CHI,LAL,0,0.570988
22201141,2022-23,2023-03-29,MEM,LAC,0,0.572499
22201142,2022-23,2023-03-29,OKC,DET,1,0.823014
22201143,2022-23,2023-03-29,SAS,UTA,0,0.229649
22201144,2022-23,2023-03-29,PHX,MIN,1,0.589645
22201145,2022-23,2023-03-29,POR,SAC,0,0.361038
22201146,2022-23,2023-03-30,MIL,BOS,0,0.605981
22201147,2022-23,2023-03-30,DEN,NOP,0,0.748848
22201148,2022-23,2023-03-31,CHA,CHI,0,0.257227
22201149,2022-23,2023-03-31,IND,OKC,1,0.436913
22201150,2022-23,2023-03-31,PHI,TOR,1,0.625968
22201151,2022-23,2023-03-31,WAS,ORL,0,0.580149
22201152,2022-23,2023-03-31,BOS,UTA,1,0.730398
22201153,2022-23,2023-03-31,BKN,ATL,1,0.572159
22201154,2022-23,2023-03-31,CLE,NYK,0,0.586793
22201155,2022-23,2023-03-31,HOU,DET,1,0.496572
22201156,2022-23,2023-03-31,MEM,LAC,1,0.610336
22201157,2022-23,2023-03-31,MIN,LAL,0,0.520765
22201158,2022-23,2023-03-31,GSW,SAS,1,0.887379
22201159,2022-23,2023-03-31,POR,SAC,0,0.308558
22201160,2022-23,2023-03-31,PHX,DEN,1,0.748259
22201161,2022-23,2023-04-01,MIA,DAL,1,0.599447
22201162,2022-23,2023-04-01,NOP,LAC,1,0.604463
22201163,2022-23,2023-04-02,CHA,TOR,0,0.187129
22201164,2022-23,2023-04-02,BKN,UTA,1,0.64425
22201165,2022-23,2023-04-02,CHI,MEM,1,0.473328
22201166,2022-23,2023-04-02,MIN,POR,0,0.742182
22201167,2022-23,2023-04-02,ATL,DAL,1,0.688767
22201168,2022-23,2023-04-02,NYK,WAS,1,0.698053
22201169,2022-23,2023-04-02,ORL,DET,1,0.837242
22201170,2022-23,2023-04-02,SAC,SAS,0,0.893056
22201171,2022-23,2023-04-02,HOU,LAL,0,0.195138
22201172,2022-23,2023-04-02,OKC,PHX,0,0.476853
22201173,2022-23,2023-04-02,CLE,IND,1,0.788893
22201174,2022-23,2023-04-02,MIL,PHI,1,0.682363
22201175,2022-23,2023-04-02,DEN,GSW,1,0.669272
22201176,2022-23,2023-04-04,CHA,TOR,0,0.160413
22201177,2022-23,2023-04-04,DET,MIA,0,0.152784
22201178,2022-23,2023-04-04,ORL,CLE,0,0.411746
22201179,2022-23,2023-04-04,WAS,MIL,0,0.447055
22201180,2022-23,2023-04-04,BKN,MIN,0,0.586619
22201181,2022-23,2023-04-04,PHI,BOS,1,0.626773
22201182,2022-23,2023-04-04,CHI,ATL,0,0.605605
22201183,2022-23,2023-04-04,HOU,DEN,1,0.24492
22201184,2022-23,2023-04-04,MEM,POR,1,0.784531
22201185,2022-23,2023-04-04,NOP,SAC,0,0.513703
22201186,2022-23,2023-04-04,UTA,LAL,0,0.501636
22201187,2022-23,2023-04-04,GSW,OKC,1,0.609402
22201188,2022-23,2023-04-04,PHX,SAS,1,0.878503
22201189,2022-23,2023-04-05,DET,BKN,0,0.168312
22201190,2022-23,2023-04-05,IND,NYK,0,0.305026
22201191,2022-23,2023-04-05,ATL,WAS,1,0.623161
22201193,2022-23,2023-04-05,MIL,CHI,1,0.702292
22201194,2022-23,2023-04-05,NOP,MEM,1,0.468945
22201195,2022-23,2023-04-05,DAL,SAC,1,0.499295
22201196,2022-23,2023-04-05,LAC,LAL,1,0.578171
22201197,2022-23,2023-04-06,ORL,CLE,0,0.392822
22201198,2022-23,2023-04-06,PHI,MIA,0,0.67495
22201199,2022-23,2023-04-06,SAS,POR,1,0.296548
22201200,2022-23,2023-04-06,UTA,OKC,0,0.573034
22201201,2022-23,2023-04-06,PHX,DEN,1,0.707233
22201202,2022-23,2023-04-07,CHA,HOU,0,0.539082
22201203,2022-23,2023-04-07,IND,DET,0,0.780444
22201204,2022-23,2023-04-07,WAS,MIA,1,0.505125
22201205,2022-23,2023-04-07,ATL,PHI,0,0.569043
22201206,2022-23,2023-04-07,BOS,TOR,1,0.62787
22201207,2022-23,2023-04-07,BKN,ORL,1,0.689353
22201208,2022-23,2023-04-07,MIL,MEM,0,0.640445
22201209,2022-23,2023-04-07,NOP,NYK,1,0.424902
22201210,2022-23,2023-04-07,DAL,CHI,0,0.501632
22201211,2022-23,2023-04-07,SAC,GSW,0,0.542309
22201212,2022-23,2023-04-07,LAL,PHX,1,0.604226
22201213,2022-23,2023-04-08,UTA,DEN,1,0.430134
22201214,2022-23,2023-04-08,SAS,MIN,0,0.202054
22201215,2022-23,2023-04-08,LAC,POR,1,0.74531
22201216,2022-23,2023-04-09,BOS,ATL,1,0.723931
22201218,2022-23,2023-04-09,CLE,CHA,0,0.869971
22201219,2022-23,2023-04-09,MIA,ORL,1,0.629382
22201220,2022-23,2023-04-09,NYK,IND,0,0.777391
22201221,2022-23,2023-04-09,TOR,MIL,1,0.595081
22201222,2022-23,2023-04-09,WAS,HOU,0,0.769436
22201223,2022-23,2023-04-09,CHI,DET,1,0.860782
22201224,2022-23,2023-04-09,DAL,SAS,0,0.870853
22201225,2022-23,2023-04-09,MIN,NOP,1,0.483098
22201226,2022-23,2023-04-09,OKC,MEM,1,0.426791
22201227,2022-23,2023-04-09,DEN,SAC,1,0.510438
22201228,2022-23,2023-04-09,LAL,UTA,1,0.751311
22201229,2022-23,2023-04-09,PHX,LAC,0,0.655306
22201230,2022-23,2023-04-09,POR,GSW,0,0.219216
52200101,2022-23,2023-04-11,MIA,ATL,0,0.637054
52200121,2022-23,2023-04-11,LAL,MIN,1,0.689117
52200111,2022-23,2023-04-12,TOR,CHI,0,0.704995
52200131,2022-23,2023-04-12,NOP,OKC,0,0.588669
52200201,2022-23,2023-04-14,MIA,CHI,1,0.610267
52200211,2022-23,2023-04-14,MIN,OKC,1,0.589887
42200111,2022-23,2023-04-15,BOS,ATL,1,0.762927
42200121,2022-23,2023-04-15,PHI,BKN,1,0.721938
42200131,2022-23,2023-04-15,CLE,NYK,0,0.635644
42200161,2022-23,2023-04-15,SAC,GSW,1,0.58988
42200101,2022-23,2023-04-16,MIL,MIA,0,0.742529
42200141,2022-23,2023-04-16,DEN,MIN,1,0.73686
42200151,2022-23,2023-04-16,MEM,LAL,0,0.716457
42200171,2022-23,2023-04-16,PHX,LAC,0,0.643853
42200122,2022-23,2023-04-17,PHI,BKN,1,0.737819
42200162,2022-23,2023-04-17,SAC,GSW,1,0.59142
42200112,2022-23,2023-04-18,BOS,ATL,1,0.728109
42200132,2022-23,2023-04-18,CLE,NYK,1,0.608523
42200172,2022-23,2023-04-18,PHX,LAC,1,0.62686
42200102,2022-23,2023-04-19,MIL,MIA,1,0.716643
42200142,2022-23,2023-04-19,DEN,MIN,1,0.753692
42200152,2022-23,2023-04-19,MEM,LAL,1,0.649735
42200123,2022-23,2023-04-20,BKN,PHI,0,0.492489
42200163,2022-23,2023-04-20,GSW,SAC,1,0.642626
42200173,2022-23,2023-04-20,LAC,PHX,0,0.606351
42200113,2022-23,2023-04-21,ATL,BOS,1,0.510115
42200133,2022-23,2023-04-21,NYK,CLE,1,0.626309
42200103,2022-23,2023-04-22,MIA,MIL,1,0.535455
42200124,2022-23,2023-04-22,BKN,PHI,0,0.489965
42200153,2022-23,2023-04-22,LAL,MEM,1,0.592546
42200174,2022-23,2023-04-22,LAC,PHX,0,0.588124
42200114,2022-23,2023-04-23,ATL,BOS,0,0.530577
42200144,2022-23,2023-04-23,MIN,DEN,1,0.560552
42200164,2022-23,2023-04-23,GSW,SAC,1,0.661213
42200104,2022-23,2023-04-24,MIA,MIL,1,0.571004
42200154,2022-23,2023-04-24,LAL,MEM,1,0.612363
42200115,2022-23,2023-04-25,BOS,ATL,0,0.731817
42200145,2022-23,2023-04-25,DEN,MIN,1,0.75752
42200175,2022-23,2023-04-25,PHX,LAC,1,0.687899
42200105,2022-23,2023-04-26,MIL,MIA,0,0.682086
42200135,2022-23,2023-04-26,CLE,NYK,0,0.591833
42200155,2022-23,2023-04-26,MEM,LAL,1,0.644632
42200116,2022-23,2023-04-27,ATL,BOS,0,0.517069
42200156,2022-23,2023-04-28,LAL,MEM,1,0.590887
42200166,2022-23,2023-04-28,GSW,SAC,0,0.669129
42200221,2022-23,2023-04-29,DEN,PHX,1,0.687496
42200167,2022-23,2023-04-30,SAC,GSW,0,0.61552
42200201,2022-23,2023-04-30,NYK,MIA,0,0.706634
42200211,2022-23,2023-05-01,BOS,PHI,0,0.633882
42200222,2022-23,2023-05-01,DEN,PHX,1,0.692061
42200202,2022-23,2023-05-02,NYK,MIA,1,0.682373
42200231,2022-23,2023-05-02,GSW,LAL,0,0.645512
42200212,2022-23,2023-05-03,BOS,PHI,1,0.651248
42200232,2022-23,2023-05-04,GSW,LAL,1,0.596865
42200213,2022-23,2023-05-05,PHI,BOS,0,0.561045
42200223,2022-23,2023-05-05,PHX,DEN,1,0.62853
42200203,2022-23,2023-05-06,MIA,NYK,1,0.563746
42200233,2022-23,2023-05-06,LAL,GSW,1,0.602579
42200214,2022-23,2023-05-07,PHI,BOS,1,0.530063
42200224,2022-23,2023-05-07,PHX,DEN,1,0.638745
42200204,2022-23,2023-05-08,MIA,NYK,1,0.597985
42200234,2022-23,2023-05-08,LAL,GSW,1,0.638434
42200215,2022-23,2023-05-09,BOS,PHI,0,0.713658
42200225,2022-23,2023-05-09,DEN,PHX,1,0.694153
42200205,2022-23,2023-05-10,NYK,MIA,1,0.642319
42200235,2022-23,2023-05-10,GSW,LAL,1,0.614757
42200216,2022-23,2023-05-11,PHI,BOS,0,0.561309
42200226,2022-23,2023-05-11,PHX,DEN,0,0.623729
42200206,2022-23,2023-05-12,MIA,NYK,1,0.605003
42200236,2022-23,2023-05-12,LAL,GSW,1,0.6135
42200217,2022-23,2023-05-14,BOS,PHI,1,0.694067
42200311,2022-23,2023-05-16,DEN,LAL,1,0.706896
42200301,2022-23,2023-05-17,BOS,MIA,0,0.752614
42200312,2022-23,2023-05-18,DEN,LAL,1,0.70048
42200302,2022-23,2023-05-19,BOS,MIA,0,0.695169
42200313,2022-23,2023-05-20,LAL,DEN,0,0.633294
42200303,2022-23,2023-05-21,MIA,BOS,1,0.55361
42200314,2022-23,2023-05-22,LAL,DEN,0,0.612604
42200304,2022-23,2023-05-23,MIA,BOS,0,0.582583
42200305,2022-23,2023-05-25,BOS,MIA,1,0.688287
42200306,2022-23,2023-05-27,MIA,BOS,0,0.542217
42200307,2022-23,2023-05-29,BOS,MIA,0,0.717404
42200401,2022-23,2023-06-01,DEN,MIA,1,0.732296
42200402,2022-23,2023-06-04,DEN,MIA,0,0.708884
42200403,2022-23,2023-06-07,MIA,DEN,0,0.620003
42200404,2022-23,2023-06-09,MIA,DEN,0,0.578428
42200405,2022-23,2023-06-12,DEN,MIA,1,0.746158
22300061,2023-24,2023-10-24,DEN,LAL,1,0.629829
22300062,2023-24,2023-10-24,GSW,PHX,0,0.553315
22300063,2023-24,2023-10-25,CHA,ATL,1,0.467406
22300064,2023-24,2023-10-25,IND,WAS,1,0.495846
22300065,2023-24,2023-10-25,NYK,BOS,0,0.483591
22300066,2023-24,2023-10-25,ORL,HOU,1,0.560613
22300067,2023-24,2023-10-25,BKN,CLE,0,0.503765
22300068,2023-24,2023-10-25,MIA,DET,1,0.683682
22300069,2023-24,2023-10-25,TOR,MIN,1,0.59111
22300070,2023-24,2023-10-25,CHI,OKC,0,0.565123
22300071,2023-24,2023-10-25,MEM,NOP,0,0.586553
22300073,2023-24,2023-10-25,SAS,DAL,0,0.490571
22300074,2023-24,2023-10-25,LAC,POR,1,0.663724
22300075,2023-24,2023-10-26,MIL,PHI,1,0.535564
22300076,2023-24,2023-10-26,LAL,PHX,1,0.497856
22300077,2023-24,2023-10-27,CHA,DET,0,0.603084
22300078,2023-24,2023-10-27,MEM,DEN,0,0.485987
22300079,2023-24,2023-10-27,ATL,NYK,0,0.529341
22300080,2023-24,2023-10-27,BOS,MIA,1,0.650667
22300081,2023-24,2023-10-27,CLE,OKC,0,0.519021
22300082,2023-24,2023-10-27,CHI,TOR,1,0.449066
22300083,2023-24,2023-10-27,SAS,HOU,1,0.583004
22300084,2023-24,2023-10-27,DAL,BKN,1,0.546507
22300085,2023-24,2023-10-27,UTA,LAC,1,0.493386
22300086,2023-24,2023-10-27,POR,ORL,0,0.414738
22300087,2023-24,2023-10-27,SAC,GSW,0,0.552822
22300088,2023-24,2023-10-28,DET,CHI,1,0.530925
22300089,2023-24,2023-10-28,WAS,MEM,1,0.49002
22300090,2023-24,2023-10-28,NOP,NYK,1,0.618769
22300091,2023-24,2023-10-28,CLE,IND,0,0.513219
22300092,2023-24,2023-10-28,TOR,PHI,0,0.443507
22300093,2023-24,2023-10-28,MIN,MIA,1,0.655289
22300094,2023-24,2023-10-28,PHX,UTA,1,0.707894
22300095,2023-24,2023-10-29,OKC,DEN,0,0.446864
22300096,2023-24,2023-10-29,HOU,GSW,0,0.363467
22300097,2023-24,2023-10-29,MIL,ATL,0,0.630531
22300098,2023-24,2023-10-29,PHI,POR,1,0.702837
22300099,2023-24,2023-10-29,LAC,SAS,1,0.644944
22300100,2023-24,2023-10-29,SAC,LAL,1,0.558354
22300101,2023-24,2023-10-30,CHA,BKN,0,0.520544
22300102,2023-24,2023-10-30,IND,CHI,0,0.65712
22300103,2023-24,2023-10-30,WAS,BOS,0,0.338355
22300104,2023-24,2023-10-30,ATL,MIN,1,0.471951
22300105,2023-24,2023-10-30,TOR,POR,0,0.772936
22300107,2023-24,2023-10-30,MIL,MIA,1,0.532266
22300108,2023-24,2023-10-30,NOP,GSW,0,0.579619
22300109,2023-24,2023-10-30,OKC,DET,1,0.460207
22300110,2023-24,2023-10-30,DEN,UTA,1,0.751686
22300111,2023-24,2023-10-30,LAL,ORL,1,0.536167
22300112,2023-24,2023-10-31,CLE,NYK,0,0.513546
22300113,2023-24,2023-10-31,PHX,SAS,0,0.720787
22300114,2023-24,2023-10-31,LAC,ORL,1,0.685138
22300115,2023-24,2023-11-01,DET,POR,0,0.591134
22300116,2023-24,2023-11-01,TOR,MIL,1,0.441731
22300117,2023-24,2023-11-01,ATL,WAS,1,0.725102
22300118,2023-24,2023-11-01,BOS,IND,1,0.719173
22300119,2023-24,2023-11-01,MIA,BKN,0,0.453988
22300120,2023-24,2023-11-01,NYK,CLE,0,0.671202
22300121,2023-24,2023-11-01,OKC,NOP,0,0.553332
22300122,2023-24,2023-11-01,HOU,CHA,1,0.48784
22300123,2023-24,2023-11-01,MIN,DEN,1,0.393617
22300124,2023-24,2023-11-01,DAL,CHI,1,0.666752
22300126,2023-24,2023-11-01,GSW,SAC,1,0.557524
22300127,2023-24,2023-11-01,LAL,LAC,1,0.638412
22300128,2023-24,2023-11-02,PHI,TOR,1,0.726053
22300129,2023-24,2023-11-02,NOP,DET,1,0.644373
22300130,2023-24,2023-11-02,UTA,ORL,0,0.459391
22300001,2023-24,2023-11-03,IND,CLE,1,0.536685
22300002,2023-24,2023-11-03,MIL,NYK,1,0.454036
22300003,2023-24,2023-11-03,MIA,WAS,1,0.616474
22300004,2023-24,2023-11-03,CHI,BKN,0,0.489349
22300005,2023-24,2023-11-03,OKC,GSW,0,0.427603
22300006,2023-24,2023-11-03,DEN,DAL,1,0.632911
22300007,2023-24,2023-11-03,POR,MEM,1,0.473938
22300132,2023-24,2023-11-04,PHI,PHX,1,0.711276
22300133,2023-24,2023-11-04,IND,CHA,0,0.530557
22300134,2023-24,2023-11-04,ORL,LAL,1,0.461267
22300135,2023-24,2023-11-04,NOP,ATL,0,0.411763
22300136,2023-24,2023-11-04,BKN,BOS,0,0.264278
22300137,2023-24,2023-11-04,HOU,SAC,1,0.369345
22300138,2023-24,2023-11-04,MIN,UTA,1,0.701263
22300139,2023-24,2023-11-04,DEN,CHI,1,0.800758
22300140,2023-24,2023-11-05,DET,PHX,0,0.563262
22300141,2023-24,2023-11-05,SAS,TOR,0,0.505252
22300142,2023-24,2023-11-05,CLE,GSW,1,0.400826
22300143,2023-24,2023-11-05,DAL,CHA,1,0.74232
22300144,2023-24,2023-11-05,POR,MEM,0,0.535365
22300145,2023-24,2023-11-06,DET,GSW,0,0.372379
22300146,2023-24,2023-11-06,IND,SAS,1,0.632165
22300147,2023-24,2023-11-06,ORL,DAL,0,0.667927
22300148,2023-24,2023-11-06,PHI,WAS,1,0.795747
22300149,2023-24,2023-11-06,BKN,MIL,0,0.561911
22300150,2023-24,2023-11-06,MIA,LAL,1,0.48361
22300151,2023-24,2023-11-06,NYK,LAC,1,0.581601
22300152,2023-24,2023-11-06,CHI,UTA,1,0.577333
22300153,2023-24,2023-11-06,HOU,SAC,1,0.462015
22300154,2023-24,2023-11-06,MIN,BOS,1,0.427638
22300155,2023-24,2023-11-06,OKC,ATL,1,0.389778
22300156,2023-24,2023-11-06,DEN,NOP,1,0.791904
22300157,2023-24,2023-11-08,CHA,WAS,0,0.626081
22300158,2023-24,2023-11-08,IND,UTA,1,0.658711
22300159,2023-24,2023-11-08,PHI,BOS,1,0.519887
22300160,2023-24,2023-11-08,BKN,LAC,1,0.486696
22300161,2023-24,2023-11-08,NYK,SAS,1,0.750218
22300162,2023-24,2023-11-08,CHI,PHX,0,0.475907
22300163,2023-24,2023-11-08,HOU,LAL,1,0.525658
22300164,2023-24,2023-11-08,MEM,MIA,0,0.544083
22300165,2023-24,2023-11-08,MIL,DET,1,0.713475
22300166,2023-24,2023-11-08,MIN,NOP,1,0.735258
22300167,2023-24,2023-11-08,OKC,CLE,1,0.554212
22300168,2023-24,2023-11-08,DAL,TOR,0,0.577617
22300169,2023-24,2023-11-08,DEN,GSW,1,0.687708
22300170,2023-24,2023-11-08,SAC,POR,1,0.634466
22300171,2023-24,2023-11-09,IND,MIL,1,0.587581
22300172,2023-24,2023-11-09,ORL,ATL,0,0.359685
22300008,2023-24,2023-11-10,DET,PHI,0,0.232666
22300009,2023-24,2023-11-10,WAS,CHA,0,0.558309
22300010,2023-24,2023-11-10,BOS,BKN,1,0.762572
22300011,2023-24,2023-11-10,HOU,NOP,1,0.681584
22300012,2023-24,2023-11-10,MEM,UTA,0,0.679692
22300013,2023-24,2023-11-10,SAS,MIN,0,0.3182
22300014,2023-24,2023-11-10,DAL,LAC,1,0.569064
22300015,2023-24,2023-11-10,PHX,LAL,0,0.599916
22300016,2023-24,2023-11-10,SAC,OKC,1,0.549534
22300173,2023-24,2023-11-11,ORL,MIL,1,0.556778
22300174,2023-24,2023-11-11,BOS,TOR,1,0.644624
22300175,2023-24,2023-11-11,ATL,MIA,0,0.684065
22300176,2023-24,2023-11-11,GSW,CLE,0,0.631704
22300177,2023-24,2023-11-12,NYK,CHA,1,0.733723
22300178,2023-24,2023-11-12,BKN,WAS,1,0.656648
22300179,2023-24,2023-11-12,LAC,MEM,0,0.613653
22300180,2023-24,2023-11-12,PHI,IND,1,0.725339
22300181,2023-24,2023-11-12,CHI,DET,1,0.658849
22300182,2023-24,2023-11-12,HOU,DEN,1,0.423157
22300183,2023-24,2023-11-12,NOP,DAL,0,0.403057
22300184,2023-24,2023-11-12,SAS,MIA,0,0.539598
22300185,2023-24,2023-11-12,PHX,OKC,0,0.580103
22300186,2023-24,2023-11-12,GSW,MIN,0,0.474515
22300187,2023-24,2023-11-12,LAL,POR,1,0.652092
22300188,2023-24,2023-11-13,BOS,NYK,1,0.734087
22300189,2023-24,2023-11-13,TOR,WAS,1,0.801661
22300190,2023-24,2023-11-13,MIL,CHI,1,0.642372
22300191,2023-24,2023-11-13,SAC,CLE,1,0.500012
22300017,2023-24,2023-11-14,CHA,MIA,0,0.44107
22300018,2023-24,2023-11-14,DET,ATL,0,0.337531
22300019,2023-24,2023-11-14,PHI,IND,0,0.736295
22300020,2023-24,2023-11-14,BKN,ORL,1,0.553947
22300021,2023-24,2023-11-14,OKC,SAS,1,0.693503
22300022,2023-24,2023-11-14,NOP,DAL,1,0.358715
22300023,2023-24,2023-11-14,UTA,POR,1,0.570035
22300024,2023-24,2023-11-14,DEN,LAC,1,0.779358
22300025,2023-24,2023-11-14,GSW,MIN,0,0.513956
22300026,2023-24,2023-11-14,LAL,MEM,1,0.598987
22300192,2023-24,2023-11-15,WAS,DAL,0,0.507391
22300193,2023-24,2023-11-15,ATL,NYK,0,0.467595
22300194,2023-24,2023-11-15,PHI,BOS,0,0.390728
22300195,2023-24,2023-11-15,TOR,MIL,0,0.610439
22300196,2023-24,2023-11-15,CHI,ORL,0,0.629153
22300197,2023-24,2023-11-15,PHX,MIN,1,0.535356
22300198,2023-24,2023-11-15,LAL,SAC,0,0.498054
22300199,2023-24,2023-11-15,POR,CLE,0,0.329104
22300200,2023-24,2023-11-16,MIA,BKN,1,0.584431
22300201,2023-24,2023-11-16,GSW,OKC,0,0.594193
22300027,2023-24,2023-11-17,CHA,MIL,0,0.428125
22300028,2023-24,2023-11-17,WAS,NYK,0,0.297732
22300029,2023-24,2023-11-17,ATL,PHI,0,0.52881
22300030,2023-24,2023-11-17,CLE,DET,1,0.74467
22300031,2023-24,2023-11-17,TOR,BOS,0,0.301782
22300032,2023-24,2023-11-17,SAS,SAC,0,0.357942
22300033,2023-24,2023-11-17,CHI,ORL,0,0.490056
22300034,2023-24,2023-11-17,NOP,DEN,1,0.345554
22300035,2023-24,2023-11-17,UTA,PHX,0,0.521581
22300036,2023-24,2023-11-17,POR,LAL,0,0.391438
22300037,2023-24,2023-11-17,LAC,HOU,1,0.509683
22300202,2023-24,2023-11-18,CHA,NYK,0,0.321406
22300203,2023-24,2023-11-18,NOP,MIN,0,0.317732
22300204,2023-24,2023-11-18,CHI,MIA,1,0.361591
22300205,2023-24,2023-11-18,MIL,DAL,1,0.479355
22300206,2023-24,2023-11-18,SAS,MEM,0,0.409763
22300207,2023-24,2023-11-18,GSW,OKC,0,0.541704
22300208,2023-24,2023-11-19,BKN,PHI,0,0.405844
22300209,2023-24,2023-11-19,IND,ORL,0,0.566215
22300210,2023-24,2023-11-19,CLE,DEN,1,0.459099
22300211,2023-24,2023-11-19,TOR,DET,1,0.712821
22300212,2023-24,2023-11-19,DAL,SAC,0,0.430184
22300213,2023-24,2023-11-19,MEM,BOS,0,0.198161
22300214,2023-24,2023-11-19,UTA,PHX,0,0.495661
22300215,2023-24,2023-11-19,POR,OKC,0,0.382306
22300216,2023-24,2023-11-19,LAL,HOU,1,0.501975
22300217,2023-24,2023-11-20,CHA,BOS,1,0.246647
22300218,2023-24,2023-11-20,DET,DEN,0,0.296643
22300219,2023-24,2023-11-20,WAS,MIL,0,0.330234
22300220,2023-24,2023-11-20,CHI,MIA,0,0.439767
22300221,2023-24,2023-11-20,MIN,NYK,1,0.507509
22300222,2023-24,2023-11-20,NOP,SAC,1,0.50059
22300223,2023-24,2023-11-20,SAS,LAC,0,0.390626
22300224,2023-24,2023-11-20,GSW,HOU,1,0.688228
22300038,2023-24,2023-11-21,ORL,TOR,1,0.53245
22300039,2023-24,2023-11-21,ATL,IND,0,0.619566
22300040,2023-24,2023-11-21,PHI,CLE,0,0.655385
22300041,2023-24,2023-11-21,PHX,POR,1,0.728382
22300042,2023-24,2023-11-21,LAL,UTA,1,0.68034
22300225,2023-24,2023-11-22,CHA,WAS,1,0.575101
22300226,2023-24,2023-11-22,ORL,DEN,1,0.441554
22300227,2023-24,2023-11-22,ATL,BKN,1,0.565327
22300228,2023-24,2023-11-22,BOS,MIL,1,0.709694
22300229,2023-24,2023-11-22,CLE,MIA,0,0.491562
22300230,2023-24,2023-11-22,IND,TOR,0,0.595292
22300231,2023-24,2023-11-22,HOU,MEM,1,0.580463
22300232,2023-24,2023-11-22,MIN,PHI,1,0.629485
22300233,2023-24,2023-11-22,NOP,SAC,1,0.467051
22300234,2023-24,2023-11-22,OKC,CHI,1,0.712915
22300235,2023-24,2023-11-22,SAS,LAC,0,0.32486
22300236,2023-24,2023-11-22,PHX,GSW,1,0.448945
22300237,2023-24,2023-11-22,POR,UTA,1,0.504492
22300238,2023-24,2023-11-22,LAL,DAL,0,0.526558
22300043,2023-24,2023-11-24,ORL,BOS,1,0.406321
22300044,2023-24,2023-11-24,MEM,PHX,0,0.49814
22300045,2023-24,2023-11-24,NYK,MIA,1,0.593313
22300046,2023-24,2023-11-24,TOR,CHI,1,0.632253
22300047,2023-24,2023-11-24,IND,DET,1,0.694533
22300048,2023-24,2023-11-24,HOU,DEN,1,0.509046
22300049,2023-24,2023-11-24,MIL,WAS,1,0.787848
22300050,2023-24,2023-11-24,MIN,SAC,0,0.677649
22300051,2023-24,2023-11-24,GSW,SAS,1,0.76542
22300052,2023-24,2023-11-24,LAC,NOP,0,0.59859
22300239,2023-24,2023-11-25,OKC,PHI,0,0.540218
22300240,2023-24,2023-11-25,BKN,MIA,1,0.553242
22300241,2023-24,2023-11-25,WAS,ATL,0,0.245894
22300242,2023-24,2023-11-25,CLE,LAL,0,0.56609
22300243,2023-24,2023-11-25,UTA,NOP,1,0.579014
22300244,2023-24,2023-11-25,LAC,DAL,1,0.436441
22300245,2023-24,2023-11-26,MIL,POR,1,0.805012
22300246,2023-24,2023-11-26,BOS,ATL,1,0.756147
22300247,2023-24,2023-11-26,NYK,PHX,0,0.663791
22300248,2023-24,2023-11-26,ORL,CHA,1,0.766615
22300249,2023-24,2023-11-26,MEM,MIN,0,0.36741
22300250,2023-24,2023-11-26,BKN,CHI,1,0.579303
22300251,2023-24,2023-11-26,CLE,TOR,1,0.478405
22300252,2023-24,2023-11-26,DEN,SAS,1,0.814551
22300253,2023-24,2023-11-27,DET,WAS,0,0.600703
22300254,2023-24,2023-11-27,IND,POR,0,0.795841
22300255,2023-24,2023-11-27,PHI,LAL,1,0.645302
22300256,2023-24,2023-11-27,UTA,NOP,1,0.501409
22300257,2023-24,2023-11-27,LAC,DEN,0,0.611973
22300053,2023-24,2023-11-28,BOS,CHI,1,0.818324
22300054,2023-24,2023-11-28,BKN,TOR,1,0.511625
22300055,2023-24,2023-11-28,CLE,ATL,1,0.506286
22300056,2023-24,2023-11-28,MIA,MIL,0,0.541788
22300057,2023-24,2023-11-28,NYK,CHA,1,0.787656
22300058,2023-24,2023-11-28,MIN,OKC,1,0.561411
22300059,2023-24,2023-11-28,DAL,HOU,1,0.480473
22300060,2023-24,2023-11-28,SAC,GSW,1,0.574514
22300258,2023-24,2023-11-29,DET,LAL,0,0.31217
22300259,2023-24,2023-11-29,ORL,WAS,1,0.817212
22300260,2023-24,2023-11-29,TOR,PHX,1,0.442423
22300261,2023-24,2023-11-29,MEM,UTA,1,0.595115
22300262,2023-24,2023-11-29,NOP,PHI,1,0.335538
22300263,2023-24,2023-11-29,DEN,HOU,1,0.710562
22300264,2023-24,2023-11-29,SAC,LAC,0,0.555459
22300265,2023-24,2023-11-30,CLE,POR,0,0.755314
22300266,2023-24,2023-11-30,BKN,CHA,0,0.724572
22300267,2023-24,2023-11-30,MIA,IND,1,0.624165
22300268,2023-24,2023-11-30,NYK,DET,1,0.903141
22300269,2023-24,2023-11-30,CHI,MIL,1,0.368524
22300270,2023-24,2023-11-30,MIN,UTA,1,0.875828
22300271,2023-24,2023-11-30,OKC,LAL,1,0.706121
22300272,2023-24,2023-11-30,SAS,ATL,0,0.370804
22300273,2023-24,2023-11-30,GSW,LAC,1,0.656869
22300274,2023-24,2023-12-01,ORL,WAS,1,0.809741
22300275,2023-24,2023-12-01,BOS,PHI,1,0.633073
22300276,2023-24,2023-12-01,TOR,NYK,0,0.575596
22300277,2023-24,2023-12-01,DAL,MEM,0,0.656135
22300278,2023-24,2023-12-01,NOP,SAS,1,0.802747
22300279,2023-24,2023-12-01,PHX,DEN,0,0.525954
22300280,2023-24,2023-12-02,LAC,GSW,1,0.558437
22300281,2023-24,2023-12-02,CHA,MIN,0,0.271174
22300282,2023-24,2023-12-02,BKN,ORL,1,0.571149
22300283,2023-24,2023-12-02,DET,CLE,0,0.280665
22300284,2023-24,2023-12-02,MIA,IND,0,0.627597
22300285,2023-24,2023-12-02,CHI,NOP,1,0.560973
22300286,2023-24,2023-12-02,MIL,ATL,1,0.594621
22300287,2023-24,2023-12-02,DAL,OKC,0,0.352295
22300288,2023-24,2023-12-02,PHX,MEM,1,0.680129
22300289,2023-24,2023-12-02,UTA,POR,1,0.61128
22300290,2023-24,2023-12-02,SAC,DEN,1,0.608568
22300291,2023-24,2023-12-02,LAL,HOU,1,0.523793
22301202,2023-24,2023-12-04,IND,BOS,1,0.331869
22301204,2023-24,2023-12-04,SAC,NOP,0,0.607672
22301201,2023-24,2023-12-05,MIL,NYK,1,0.535602
22301203,2023-24,2023-12-05,LAL,PHX,1,0.564381
22301205,2023-24,2023-12-06,CLE,ORL,1,0.54788
22301206,2023-24,2023-12-06,DET,MEM,0,0.420543
22301207,2023-24,2023-12-06,TOR,MIA,0,0.55546
22301208,2023-24,2023-12-06,WAS,PHI,0,0.24463
22301209,2023-24,2023-12-06,ATL,BKN,0,0.554676
22301210,2023-24,2023-12-06,MIN,SAS,1,0.820173
22301212,2023-24,2023-12-06,HOU,OKC,1,0.460324
22301213,2023-24,2023-12-06,DAL,UTA,1,0.666188
22301214,2023-24,2023-12-06,GSW,POR,1,0.72
22301215,2023-24,2023-12-06,LAC,DEN,1,0.513115
22301229,2023-24,2023-12-07,MIL,IND,0,0.588601
22301230,2023-24,2023-12-07,LAL,NOP,1,0.5299
22301216,2023-24,2023-12-08,CHA,TOR,1,0.373442
22301217,2023-24,2023-12-08,ORL,DET,1,0.822286
22301218,2023-24,2023-12-08,PHI,ATL,1,0.681765
22301219,2023-24,2023-12-08,BKN,WAS,1,0.753261
22301220,2023-24,2023-12-08,MIA,CLE,0,0.573521
22301221,2023-24,2023-12-08,MEM,MIN,0,0.420189
22301222,2023-24,2023-12-08,OKC,GSW,1,0.668969
22301223,2023-24,2023-12-08,SAS,CHI,0,0.473948
22301224,2023-24,2023-12-08,DEN,HOU,0,0.67124
22301225,2023-24,2023-12-08,UTA,LAC,0,0.412593
22301226,2023-24,2023-12-08,POR,DAL,0,0.406779
22301227,2023-24,2023-12-08,BOS,NYK,1,0.667714
22301228,2023-24,2023-12-08,PHX,SAC,0,0.581047
22300292,2023-24,2023-12-11,CHA,MIA,0,0.340823
22300293,2023-24,2023-12-11,DET,IND,0,0.273525
22300294,2023-24,2023-12-11,ORL,CLE,1,0.579949
22300295,2023-24,2023-12-11,PHI,WAS,1,0.845523
22300296,2023-24,2023-12-11,ATL,DEN,0,0.502627
22300297,2023-24,2023-12-11,NYK,TOR,1,0.644537
22300298,2023-24,2023-12-11,HOU,SAS,1,0.76417
22300299,2023-24,2023-12-11,MEM,DAL,0,0.493014
22300300,2023-24,2023-12-11,MIL,CHI,1,0.701085
22300301,2023-24,2023-12-11,NOP,MIN,1,0.434134
22300302,2023-24,2023-12-11,OKC,UTA,1,0.806068
22300303,2023-24,2023-12-11,SAC,BKN,1,0.570198
22300304,2023-24,2023-12-11,LAC,POR,1,0.767496
22300305,2023-24,2023-12-12,BOS,CLE,1,0.796053
22300306,2023-24,2023-12-12,DAL,LAL,1,0.442613
22300307,2023-24,2023-12-12,CHI,DEN,0,0.425844
22300308,2023-24,2023-12-12,PHX,GSW,1,0.574894
22300309,2023-24,2023-12-12,LAC,SAC,1,0.598777
22300310,2023-24,2023-12-13,DET,PHI,0,0.18872
22300311,2023-24,2023-12-13,WAS,NOP,0,0.315985
22300312,2023-24,2023-12-13,MIA,CHA,1,0.750117
22300313,2023-24,2023-12-13,TOR,ATL,1,0.564597
22300314,2023-24,2023-12-13,HOU,MEM,1,0.671942
22300315,2023-24,2023-12-13,MIL,IND,1,0.590039
22300316,2023-24,2023-12-13,SAS,LAL,0,0.380277
22300317,2023-24,2023-12-13,PHX,BKN,0,0.4685
22300318,2023-24,2023-12-13,UTA,NYK,1,0.391597
22300319,2023-24,2023-12-14,BOS,CLE,1,0.723394
22300320,2023-24,2023-12-14,MIA,CHI,0,0.605442
22300321,2023-24,2023-12-14,DAL,MIN,0,0.477427
22300322,2023-24,2023-12-14,DEN,BKN,1,0.734218
22300323,2023-24,2023-12-14,POR,UTA,0,0.633012
22300324,2023-24,2023-12-14,SAC,OKC,1,0.469936
22300325,2023-24,2023-12-14,LAC,GSW,1,0.615004
22300326,2023-24,2023-12-15,CHA,NOP,0,0.313217
22300327,2023-24,2023-12-15,PHI,DET,1,0.884726
22300328,2023-24,2023-12-15,WAS,IND,1,0.325277
22300329,2023-24,2023-12-15,BOS,ORL,1,0.62353
22300330,2023-24,2023-12-15,TOR,ATL,0,0.565861
22300331,2023-24,2023-12-15,SAS,LAL,1,0.309364
22300332,2023-24,2023-12-15,MEM,HOU,0,0.423409
22300333,2023-24,2023-12-15,PHX,NYK,0,0.498455
22300334,2023-24,2023-12-16,MIL,DET,1,0.902128
22300335,2023-24,2023-12-16,CHA,PHI,0,0.247999
22300336,2023-24,2023-12-16,CLE,ATL,1,0.64815
22300337,2023-24,2023-12-16,MIA,CHI,1,0.622039
22300338,2023-24,2023-12-16,MIN,IND,1,0.772465
22300339,2023-24,2023-12-16,GSW,BKN,1,0.551071
22300340,2023-24,2023-12-16,DEN,OKC,0,0.607643
22300341,2023-24,2023-12-16,POR,DAL,0,0.371431
22300342,2023-24,2023-12-16,SAC,UTA,1,0.721993
22300343,2023-24,2023-12-16,LAC,NYK,1,0.642193
22300344,2023-24,2023-12-17,BOS,ORL,1,0.676571
22300345,2023-24,2023-12-17,SAS,NOP,0,0.364699
22300346,2023-24,2023-12-17,MIL,HOU,1,0.532666
22300347,2023-24,2023-12-17,PHX,WAS,1,0.736886
22300348,2023-24,2023-12-17,POR,GSW,0,0.40748
22300349,2023-24,2023-12-18,CLE,HOU,1,0.672141
22300350,2023-24,2023-12-18,IND,LAC,0,0.443496
22300351,2023-24,2023-12-18,PHI,CHI,0,0.770097
22300352,2023-24,2023-12-18,ATL,DET,1,0.815015
22300353,2023-24,2023-12-18,MIA,MIN,0,0.440213
22300354,2023-24,2023-12-18,TOR,CHA,1,0.745185
22300355,2023-24,2023-12-18,OKC,MEM,1,0.735103
22300356,2023-24,2023-12-18,DEN,DAL,1,0.69748
22300357,2023-24,2023-12-18,UTA,BKN,1,0.436179
22300358,2023-24,2023-12-18,SAC,WAS,1,0.849931
22300359,2023-24,2023-12-18,LAL,NYK,0,0.534663
22300360,2023-24,2023-12-19,NOP,MEM,0,0.782713
22300361,2023-24,2023-12-19,MIL,SAS,1,0.803528
22300362,2023-24,2023-12-19,GSW,BOS,1,0.357893
22300363,2023-24,2023-12-19,POR,PHX,1,0.35077
22300364,2023-24,2023-12-20,CLE,UTA,1,0.726662
22300365,2023-24,2023-12-20,IND,CHA,1,0.722597
22300366,2023-24,2023-12-20,ORL,MIA,0,0.589436
22300367,2023-24,2023-12-20,PHI,MIN,1,0.597692
22300368,2023-24,2023-12-20,BKN,NYK,0,0.500365
22300369,2023-24,2023-12-20,TOR,DEN,0,0.442941
22300370,2023-24,2023-12-20,CHI,LAL,1,0.471412
22300371,2023-24,2023-12-20,HOU,ATL,0,0.579813
22300372,2023-24,2023-12-20,DAL,LAC,0,0.441022
22300373,2023-24,2023-12-20,SAC,BOS,0,0.495152
22300374,2023-24,2023-12-21,DET,UTA,0,0.516746
22300375,2023-24,2023-12-21,CLE,NOP,0,0.476843
22300376,2023-24,2023-12-21,CHI,SAS,1,0.610315
22300377,2023-24,2023-12-21,MEM,IND,1,0.610576
22300378,2023-24,2023-12-21,MIL,ORL,1,0.689607
22300379,2023-24,2023-12-21,OKC,LAC,1,0.658282
22300380,2023-24,2023-12-21,MIN,LAL,1,0.629846
22300381,2023-24,2023-12-21,POR,WAS,0,0.54892
22300382,2023-24,2023-12-22,PHI,TOR,1,0.738294
22300383,2023-24,2023-12-22,BKN,DEN,0,0.408277
22300384,2023-24,2023-12-22,MIA,ATL,1,0.537532
22300385,2023-24,2023-12-22,HOU,DAL,1,0.569134
22300386,2023-24,2023-12-22,GSW,WAS,1,0.824139
22300387,2023-24,2023-12-22,SAC,PHX,1,0.599716
22300388,2023-24,2023-12-23,NYK,MIL,0,0.555009
22300389,2023-24,2023-12-23,LAC,BOS,0,0.404568
22300390,2023-24,2023-12-23,CHA,DEN,0,0.315024
22300391,2023-24,2023-12-23,IND,ORL,0,0.459157
22300392,2023-24,2023-12-23,NOP,HOU,0,0.681764
22300393,2023-24,2023-12-23,ATL,MEM,0,0.577916
22300394,2023-24,2023-12-23,BKN,DET,1,0.71588
22300395,2023-24,2023-12-23,TOR,UTA,0,0.60285
22300396,2023-24,2023-12-23,CHI,CLE,0,0.518433
22300397,2023-24,2023-12-23,OKC,LAL,0,0.693891
22300398,2023-24,2023-12-23,DAL,SAS,1,0.643353
22300399,2023-24,2023-12-23,GSW,POR,1,0.706407
22300400,2023-24,2023-12-23,SAC,MIN,0,0.440175
22300401,2023-24,2023-12-25,NYK,MIL,1,0.511737
22300402,2023-24,2023-12-25,DEN,GSW,1,0.692478
22300403,2023-24,2023-12-25,LAL,BOS,0,0.298973
22300404,2023-24,2023-12-25,MIA,PHI,1,0.391459
22300405,2023-24,2023-12-25,PHX,DAL,0,0.574451
22300406,2023-24,2023-12-26,DET,BKN,0,0.29552
22300407,2023-24,2023-12-26,WAS,ORL,0,0.274503
22300408,2023-24,2023-12-26,CHI,ATL,1,0.50271
22300409,2023-24,2023-12-26,HOU,IND,0,0.643888
22300410,2023-24,2023-12-26,NOP,MEM,0,0.664703
22300411,2023-24,2023-12-26,OKC,MIN,1,0.576825
22300412,2023-24,2023-12-26,SAS,UTA,0,0.463926
22300413,2023-24,2023-12-26,POR,SAC,1,0.303627
22300414,2023-24,2023-12-26,LAC,CHA,1,0.815248
22300415,2023-24,2023-12-27,ORL,PHI,0,0.380463
22300416,2023-24,2023-12-27,WAS,TOR,0,0.329384
22300417,2023-24,2023-12-27,BKN,MIL,0,0.341808
22300418,2023-24,2023-12-27,HOU,PHX,0,0.566662
22300419,2023-24,2023-12-27,OKC,NYK,1,0.568422
22300420,2023-24,2023-12-27,DAL,CLE,0,0.490107
22300421,2023-24,2023-12-28,BOS,DET,1,0.920292
22300422,2023-24,2023-12-28,CHI,IND,0,0.560289
22300423,2023-24,2023-12-28,MIN,DAL,1,0.730983
22300424,2023-24,2023-12-28,NOP,UTA,1,0.67955
22300425,2023-24,2023-12-28,DEN,MEM,1,0.750771
22300426,2023-24,2023-12-28,GSW,MIA,0,0.537182
22300427,2023-24,2023-12-28,POR,SAS,0,0.588693
22300428,2023-24,2023-12-28,LAL,CHA,1,0.746946
22300429,2023-24,2023-12-29,ORL,NYK,1,0.520065
22300430,2023-24,2023-12-29,WAS,BKN,1,0.35764
22300431,2023-24,2023-12-29,ATL,SAC,0,0.562247
22300432,2023-24,2023-12-29,BOS,TOR,1,0.707783
22300433,2023-24,2023-12-29,CLE,MIL,0,0.471488
22300434,2023-24,2023-12-29,HOU,PHI,0,0.392254
22300435,2023-24,2023-12-29,DEN,OKC,0,0.52099
22300436,2023-24,2023-12-29,PHX,CHA,1,0.79713
22300437,2023-24,2023-12-29,POR,SAS,1,0.554775
22300438,2023-24,2023-12-29,LAC,MEM,1,0.764731
22300439,2023-24,2023-12-30,UTA,MIA,1,0.467737
22300440,2023-24,2023-12-30,DET,TOR,1,0.360579
22300441,2023-24,2023-12-30,IND,NYK,1,0.570024
22300442,2023-24,2023-12-30,CHI,PHI,1,0.432091
22300443,2023-24,2023-12-30,MIN,LAL,1,0.613082
22300444,2023-24,2023-12-30,GSW,DAL,0,0.571707
22300445,2023-24,2023-12-31,WAS,ATL,0,0.330919
22300446,2023-24,2023-12-31,NOP,LAL,1,0.644457
22300447,2023-24,2023-12-31,OKC,BKN,1,0.748748
22300448,2023-24,2023-12-31,SAS,BOS,0,0.141821
22300449,2023-24,2023-12-31,MEM,SAC,0,0.435183
22300450,2023-24,2023-12-31,PHX,ORL,1,0.51718
22300451,2023-24,2024-01-01,NYK,MIN,1,0.492126
22300452,2023-24,2024-01-01,TOR,CLE,1,0.491904
22300453,2023-24,2024-01-01,HOU,DET,1,0.785524
22300454,2023-24,2024-01-01,MIL,IND,0,0.656121
22300455,2023-24,2024-01-01,DEN,CHA,1,0.868415
22300456,2023-24,2024-01-01,PHX,POR,1,0.683875
22300457,2023-24,2024-01-01,UTA,DAL,1,0.528046
22300458,2023-24,2024-01-01,LAC,MIA,1,0.61907
22300459,2023-24,2024-01-02,PHI,CHI,1,0.73319
22300460,2023-24,2024-01-02,MEM,SAS,1,0.679165
22300461,2023-24,2024-01-02,NOP,BKN,1,0.640148
22300462,2023-24,2024-01-02,OKC,BOS,1,0.488634
22300463,2023-24,2024-01-02,GSW,ORL,1,0.490009
22300464,2023-24,2024-01-02,SAC,CHA,0,0.854205
22300465,2023-24,2024-01-03,CLE,WAS,1,0.767914
22300466,2023-24,2024-01-03,IND,MIL,1,0.461524
22300467,2023-24,2024-01-03,ATL,OKC,1,0.471777
22300468,2023-24,2024-01-03,NYK,CHI,1,0.704267
22300469,2023-24,2024-01-03,HOU,BKN,1,0.726372
22300470,2023-24,2024-01-03,MEM,TOR,0,0.414593
22300471,2023-24,2024-01-03,MIN,NOP,0,0.641924
22300472,2023-24,2024-01-03,DAL,POR,1,0.75602
22300473,2023-24,2024-01-03,PHX,LAC,0,0.448903
22300474,2023-24,2024-01-03,UTA,DET,1,0.797983
22300475,2023-24,2024-01-03,LAL,MIA,0,0.541013
22300476,2023-24,2024-01-03,SAC,ORL,1,0.558105
22300477,2023-24,2024-01-04,SAS,MIL,0,0.361784
22300478,2023-24,2024-01-04,GSW,DEN,0,0.424009
22300479,2023-24,2024-01-05,BOS,UTA,1,0.813792
22300480,2023-24,2024-01-05,IND,ATL,1,0.563809
22300481,2023-24,2024-01-05,BKN,OKC,1,0.338959
22300482,2023-24,2024-01-05,CLE,WAS,1,0.781892
22300483,2023-24,2024-01-05,PHI,NYK,0,0.651142
22300484,2023-24,2024-01-05,CHI,CHA,1,0.718078
22300485,2023-24,2024-01-05,HOU,MIN,0,0.516834
22300486,2023-24,2024-01-05,NOP,LAC,0,0.524187
22300487,2023-24,2024-01-05,DAL,POR,1,0.777757
22300488,2023-24,2024-01-05,DEN,ORL,0,0.662682
22300489,2023-24,2024-01-05,PHX,MIA,1,0.518823
22300490,2023-24,2024-01-05,GSW,DET,1,0.730796
22300491,2023-24,2024-01-05,LAL,MEM,0,0.669433
22300492,2023-24,2024-01-05,SAC,TOR,1,0.570226
22300493,2023-24,2024-01-06,IND,BOS,0,0.346956
22300494,2023-24,2024-01-06,WAS,NYK,0,0.282008
22300495,2023-24,2024-01-06,PHI,UTA,0,0.776947
22300496,2023-24,2024-01-06,HOU,MIL,1,0.409337
22300497,2023-24,2024-01-07,CLE,SAS,1,0.801385
22300498,2023-24,2024-01-07,BKN,POR,0,0.743023
22300499,2023-24,2024-01-07,ORL,ATL,1,0.558001
22300500,2023-24,2024-01-07,SAC,NOP,0,0.519647
22300501,2023-24,2024-01-07,DAL,MIN,1,0.486552
22300502,2023-24,2024-01-07,DEN,DET,1,0.891631
22300503,2023-24,2024-01-07,PHX,MEM,0,0.638361
22300504,2023-24,2024-01-07,GSW,TOR,0,0.49931
22300505,2023-24,2024-01-07,LAL,LAC,1,0.451696
22300506,2023-24,2024-01-08,CHA,CHI,0,0.39424
22300507,2023-24,2024-01-08,IND,BOS,1,0.29914
22300508,2023-24,2024-01-08,WAS,OKC,0,0.192865
22300509,2023-24,2024-01-08,MIA,HOU,1,0.547605
22300510,2023-24,2024-01-08,MIL,UTA,0,0.655474
22300511,2023-24,2024-01-08,LAC,PHX,1,0.679267
22300512,2023-24,2024-01-09,DET,SAC,0,0.30556
22300513,2023-24,2024-01-09,ORL,MIN,0,0.491388
22300514,2023-24,2024-01-09,NYK,POR,1,0.833601
22300515,2023-24,2024-01-09,DAL,MEM,0,0.625796
22300516,2023-24,2024-01-09,LAL,TOR,1,0.537743
22300517,2023-24,2024-01-10,BOS,MIN,1,0.766788
22300518,2023-24,2024-01-10,CHA,SAC,0,0.428938
22300519,2023-24,2024-01-10,DET,SAS,0,0.379349
22300520,2023-24,2024-01-10,IND,WAS,1,0.785267
22300521,2023-24,2024-01-10,ATL,PHI,1,0.411878
22300522,2023-24,2024-01-10,MIA,OKC,0,0.415006
22300523,2023-24,2024-01-10,CHI,HOU,1,0.536828
22300524,2023-24,2024-01-10,UTA,DEN,1,0.374625
22300525,2023-24,2024-01-10,GSW,NOP,0,0.418872
22300526,2023-24,2024-01-10,LAC,TOR,1,0.729734
22300528,2023-24,2024-01-11,MIL,BOS,1,0.449461
22300529,2023-24,2024-01-11,OKC,POR,1,0.82682
22300530,2023-24,2024-01-11,DAL,NYK,1,0.449291
22300531,2023-24,2024-01-11,LAL,PHX,0,0.567331
22300532,2023-24,2024-01-12,PHI,SAC,1,0.64248
22300533,2023-24,2024-01-12,ATL,IND,0,0.504845
22300534,2023-24,2024-01-12,DET,HOU,0,0.248476
22300535,2023-24,2024-01-12,MIA,ORL,1,0.553835
22300536,2023-24,2024-01-12,CHI,GSW,0,0.567807
22300537,2023-24,2024-01-12,MEM,LAC,0,0.418531
22300538,2023-24,2024-01-12,MIN,POR,1,0.888354
22300539,2023-24,2024-01-12,DEN,NOP,1,0.595349
22300540,2023-24,2024-01-12,UTA,TOR,1,0.600176
22300541,2023-24,2024-01-12,SAS,CHA,1,0.590078
22300542,2023-24,2024-01-13,BOS,HOU,1,0.815778
22300543,2023-24,2024-01-13,ATL,WAS,0,0.68571
22300544,2023-24,2024-01-13,MEM,NYK,0,0.350377
22300545,2023-24,2024-01-13,MIL,GSW,1,0.73054
22300546,2023-24,2024-01-13,OKC,ORL,1,0.766045
22300547,2023-24,2024-01-13,DAL,NOP,0,0.550258
22300548,2023-24,2024-01-13,SAS,CHI,0,0.493938
22300549,2023-24,2024-01-13,UTA,LAL,1,0.550183
22300550,2023-24,2024-01-14,DEN,IND,1,0.676663
22300551,2023-24,2024-01-14,MIA,CHA,1,0.772916
22300552,2023-24,2024-01-14,MIL,SAC,1,0.561251
22300553,2023-24,2024-01-14,MIN,LAC,1,0.506749
22300554,2023-24,2024-01-14,POR,PHX,0,0.247257
22300555,2023-24,2024-01-15,PHI,HOU,1,0.673731
22300556,2023-24,2024-01-15,DAL,NOP,1,0.444003
22300557,2023-24,2024-01-15,NYK,ORL,0,0.66575
22300558,2023-24,2024-01-15,WAS,DET,0,0.627124
22300559,2023-24,2024-01-15,ATL,SAS,1,0.653445
22300560,2023-24,2024-01-15,MEM,GSW,1,0.572859
22300561,2023-24,2024-01-15,CLE,CHI,1,0.634302
22300562,2023-24,2024-01-15,BKN,MIA,0,0.571038
22300563,2023-24,2024-01-15,TOR,BOS,0,0.308624
22300564,2023-24,2024-01-15,UTA,IND,1,0.674093
22300565,2023-24,2024-01-15,LAL,OKC,1,0.390814
22300566,2023-24,2024-01-16,PHI,DEN,1,0.490355
22300567,2023-24,2024-01-16,PHX,SAC,1,0.5404
22300568,2023-24,2024-01-16,LAC,OKC,1,0.616725
22300569,2023-24,2024-01-17,DET,MIN,0,0.209292
22300570,2023-24,2024-01-17,ATL,ORL,1,0.498789
22300571,2023-24,2024-01-17,BOS,SAS,1,0.874893
22300572,2023-24,2024-01-17,CLE,MIL,1,0.565643
22300573,2023-24,2024-01-17,NYK,HOU,1,0.675117
22300574,2023-24,2024-01-17,TOR,MIA,1,0.574368
22300575,2023-24,2024-01-17,NOP,CHA,1,0.839586
22300577,2023-24,2024-01-17,LAL,DAL,1,0.541717
22300578,2023-24,2024-01-17,POR,BKN,1,0.336681
22300579,2023-24,2024-01-18,NYK,WAS,1,0.780768
22300580,2023-24,2024-01-18,TOR,CHI,0,0.576794
22300581,2023-24,2024-01-18,UTA,OKC,0,0.538001
22300582,2023-24,2024-01-18,MIN,MEM,1,0.61745
22300583,2023-24,2024-01-18,SAC,IND,0,0.560175
22300584,2023-24,2024-01-19,CHA,SAS,1,0.453589
22300585,2023-24,2024-01-19,ORL,PHI,0,0.446752
22300586,2023-24,2024-01-19,BOS,DEN,0,0.669062
22300587,2023-24,2024-01-19,MIA,ATL,0,0.559121
22300588,2023-24,2024-01-19,NOP,PHX,0,0.655719
22300590,2023-24,2024-01-19,POR,IND,1,0.383593
22300591,2023-24,2024-01-19,LAL,BKN,0,0.620914
22300592,2023-24,2024-01-20,DET,MIL,0,0.238594
22300593,2023-24,2024-01-20,CHA,PHI,0,0.243489
22300594,2023-24,2024-01-20,WAS,SAS,0,0.605713
22300595,2023-24,2024-01-20,ATL,CLE,0,0.332123
22300596,2023-24,2024-01-20,NYK,TOR,1,0.635963
22300597,2023-24,2024-01-20,CHI,MEM,1,0.524695
22300598,2023-24,2024-01-20,HOU,UTA,1,0.466109
22300599,2023-24,2024-01-20,MIN,OKC,0,0.544962
22300600,2023-24,2024-01-21,LAC,BKN,1,0.706236
22300601,2023-24,2024-01-21,ORL,MIA,1,0.540914
22300602,2023-24,2024-01-21,WAS,DEN,0,0.191171
22300603,2023-24,2024-01-21,HOU,BOS,0,0.272674
22300604,2023-24,2024-01-21,PHX,IND,1,0.560459
22300605,2023-24,2024-01-21,LAL,POR,1,0.752673
22300606,2023-24,2024-01-22,DET,MIL,0,0.244038
22300607,2023-24,2024-01-22,ORL,CLE,0,0.366889
22300608,2023-24,2024-01-22,PHI,SAS,1,0.805073
22300609,2023-24,2024-01-22,TOR,MEM,0,0.580846
22300610,2023-24,2024-01-22,MIN,CHA,0,0.846507
22300611,2023-24,2024-01-22,DAL,BOS,0,0.431355
22300612,2023-24,2024-01-22,PHX,CHI,1,0.57666
22300613,2023-24,2024-01-22,SAC,ATL,1,0.668089
22300614,2023-24,2024-01-23,IND,DEN,0,0.405352
22300615,2023-24,2024-01-23,BKN,NYK,0,0.362542
22300616,2023-24,2024-01-23,NOP,UTA,1,0.614736
22300617,2023-24,2024-01-23,OKC,POR,1,0.863511
22300618,2023-24,2024-01-23,LAC,LAL,1,0.689106
22300619,2023-24,2024-01-24,DET,CHA,1,0.528334
22300620,2023-24,2024-01-24,WAS,MIN,0,0.262774
22300621,2023-24,2024-01-24,MIA,MEM,0,0.558536
22300622,2023-24,2024-01-24,SAS,OKC,0,0.316116
22300623,2023-24,2024-01-24,HOU,POR,0,0.826249
22300624,2023-24,2024-01-24,MIL,CLE,1,0.496051
22300625,2023-24,2024-01-24,DAL,PHX,0,0.524064
22300626,2023-24,2024-01-24,GSW,ATL,1,0.602729
22300627,2023-24,2024-01-25,IND,PHI,1,0.433186
22300628,2023-24,2024-01-25,WAS,UTA,0,0.242822
22300629,2023-24,2024-01-25,BKN,MIN,0,0.516965
22300630,2023-24,2024-01-25,MIA,BOS,0,0.257746
22300631,2023-24,2024-01-25,NYK,DEN,1,0.556207
22300632,2023-24,2024-01-25,GSW,SAC,0,0.431177
22300633,2023-24,2024-01-25,LAL,CHI,1,0.574428
22300634,2023-24,2024-01-26,ATL,DAL,0,0.467505
22300635,2023-24,2024-01-26,CHA,HOU,0,0.353294
22300636,2023-24,2024-01-26,IND,PHX,1,0.428609
22300637,2023-24,2024-01-26,TOR,LAC,0,0.435534
22300638,2023-24,2024-01-26,MEM,ORL,1,0.534129
22300639,2023-24,2024-01-26,MIL,CLE,0,0.508648
22300640,2023-24,2024-01-26,NOP,OKC,0,0.519398
22300641,2023-24,2024-01-26,SAS,POR,1,0.620814
22300642,2023-24,2024-01-27,DET,WAS,0,0.499948
22300643,2023-24,2024-01-27,NYK,MIA,1,0.725503
22300644,2023-24,2024-01-27,DEN,PHI,1,0.572003
22300645,2023-24,2024-01-27,BKN,HOU,1,0.617464
22300646,2023-24,2024-01-27,BOS,LAC,0,0.696403
22300647,2023-24,2024-01-27,CHA,UTA,0,0.214927
22300648,2023-24,2024-01-27,MIL,NOP,1,0.533338
22300649,2023-24,2024-01-27,SAS,MIN,1,0.259613
22300650,2023-24,2024-01-27,GSW,LAL,0,0.528124
22300651,2023-24,2024-01-27,DAL,SAC,0,0.397669
22300652,2023-24,2024-01-28,IND,MEM,1,0.581492
22300653,2023-24,2024-01-28,ATL,TOR,1,0.458683
22300654,2023-24,2024-01-28,DET,OKC,1,0.136046
22300655,2023-24,2024-01-28,ORL,PHX,1,0.479394
22300656,2023-24,2024-01-28,POR,CHI,0,0.293437
22300657,2023-24,2024-01-29,CHA,NYK,0,0.17714
22300658,2023-24,2024-01-29,CLE,LAC,1,0.495438
22300659,2023-24,2024-01-29,BOS,NOP,1,0.679624
22300660,2023-24,2024-01-29,BKN,UTA,1,0.475962
22300661,2023-24,2024-01-29,MIA,PHX,0,0.526328
22300662,2023-24,2024-01-29,HOU,LAL,1,0.509789
22300663,2023-24,2024-01-29,MEM,SAC,0,0.382483
22300664,2023-24,2024-01-29,OKC,MIN,0,0.539291
22300665,2023-24,2024-01-29,SAS,WAS,0,0.611201
22300666,2023-24,2024-01-29,DAL,ORL,1,0.58345
22300667,2023-24,2024-01-29,DEN,MIL,1,0.633515
22300668,2023-24,2024-01-29,POR,PHI,1,0.168189
22300669,2023-24,2024-01-30,ATL,LAL,1,0.606006
22300670,2023-24,2024-01-30,BOS,IND,1,0.665671
22300671,2023-24,2024-01-30,NYK,UTA,1,0.706867
22300672,2023-24,2024-01-30,CHI,TOR,0,0.539303
22300673,2023-24,2024-01-30,GSW,PHI,1,0.546158
22300674,2023-24,2024-01-31,CHA,CHI,0,0.401876
22300675,2023-24,2024-01-31,CLE,DET,1,0.86053
22300676,2023-24,2024-01-31,WAS,LAC,0,0.229939
22300677,2023-24,2024-01-31,BKN,PHX,0,0.491283
22300678,2023-24,2024-01-31,MIA,SAC,1,0.438928
22300679,2023-24,2024-01-31,HOU,NOP,0,0.485166
22300680,2023-24,2024-01-31,MIN,DAL,1,0.676209
22300681,2023-24,2024-01-31,SAS,ORL,0,0.391542
22300682,2023-24,2024-01-31,OKC,DEN,1,0.565548
22300683,2023-24,2024-01-31,POR,MIL,1,0.272051
22300684,2023-24,2024-02-01,BOS,LAL,0,0.762251
22300685,2023-24,2024-02-01,NYK,IND,1,0.656736
22300686,2023-24,2024-02-01,UTA,PHI,0,0.515879
22300687,2023-24,2024-02-01,MEM,CLE,0,0.444089
22300688,2023-24,2024-02-02,DET,LAC,0,0.18589
22300689,2023-24,2024-02-02,WAS,MIA,0,0.421251
22300690,2023-24,2024-02-02,ATL,PHX,1,0.421932
22300691,2023-24,2024-02-02,IND,SAC,0,0.446902
22300692,2023-24,2024-02-02,HOU,TOR,1,0.572008
22300693,2023-24,2024-02-02,MEM,GSW,0,0.424701
22300694,2023-24,2024-02-02,MIN,ORL,0,0.65725
22300695,2023-24,2024-02-02,OKC,CHA,1,0.864158
22300696,2023-24,2024-02-02,SAS,NOP,0,0.313272
22300697,2023-24,2024-02-02,DEN,POR,1,0.860305
22300698,2023-24,2024-02-03,PHI,BKN,0,0.616683
22300699,2023-24,2024-02-03,ATL,GSW,1,0.516064
22300700,2023-24,2024-02-03,CHI,SAC,0,0.564214
22300701,2023-24,2024-02-03,NYK,LAL,0,0.721759
22300702,2023-24,2024-02-03,DAL,MIL,0,0.422009
22300703,2023-24,2024-02-03,SAS,CLE,0,0.22039
22300704,2023-24,2024-02-04,DET,ORL,0,0.303222
22300705,2023-24,2024-02-04,WAS,PHX,0,0.290095
22300706,2023-24,2024-02-04,BOS,MEM,1,0.774365
22300707,2023-24,2024-02-04,CHA,IND,0,0.28629
22300708,2023-24,2024-02-04,MIA,LAC,0,0.330975
22300709,2023-24,2024-02-04,MIN,HOU,1,0.631829
22300710,2023-24,2024-02-04,OKC,TOR,1,0.724278
22300711,2023-24,2024-02-04,UTA,MIL,1,0.598808
22300712,2023-24,2024-02-04,DEN,POR,1,0.88241
22300713,2023-24,2024-02-05,CHA,LAL,0,0.225632
22300714,2023-24,2024-02-05,CLE,SAC,1,0.623578
22300715,2023-24,2024-02-05,PHI,DAL,0,0.658997
22300716,2023-24,2024-02-05,ATL,LAC,0,0.45492
22300717,2023-24,2024-02-05,BKN,GSW,0,0.530746
22300718,2023-24,2024-02-05,NOP,TOR,1,0.733481
22300719,2023-24,2024-02-06,IND,HOU,1,0.548878
22300720,2023-24,2024-02-06,BKN,DAL,0,0.580544
22300721,2023-24,2024-02-06,MIA,ORL,1,0.482562
22300722,2023-24,2024-02-06,NYK,MEM,1,0.841836
22300723,2023-24,2024-02-06,CHI,MIN,1,0.419172
22300724,2023-24,2024-02-06,UTA,OKC,1,0.474027
22300725,2023-24,2024-02-06,PHX,MIL,1,0.532228
22300726,2023-24,2024-02-07,CHA,TOR,0,0.447953
22300727,2023-24,2024-02-07,PHI,GSW,0,0.577756
22300728,2023-24,2024-02-07,WAS,CLE,0,0.198568
22300729,2023-24,2024-02-07,BOS,ATL,1,0.838296
22300730,2023-24,2024-02-07,MIA,SAS,1,0.714105
22300731,2023-24,2024-02-07,LAC,NOP,0,0.59028
22300732,2023-24,2024-02-07,SAC,DET,0,0.785156
22300733,2023-24,2024-02-08,IND,GSW,0,0.630977
22300734,2023-24,2024-02-08,ORL,SAS,1,0.845537
22300735,2023-24,2024-02-08,BKN,CLE,0,0.429695
22300736,2023-24,2024-02-08,NYK,DAL,0,0.73161
22300737,2023-24,2024-02-08,MEM,CHI,0,0.319965
22300738,2023-24,2024-02-08,MIL,MIN,0,0.499704
22300739,2023-24,2024-02-08,PHX,UTA,1,0.608852
22300740,2023-24,2024-02-08,LAL,DEN,0,0.427651
22300741,2023-24,2024-02-08,POR,DET,0,0.606501
22300742,2023-24,2024-02-09,PHI,ATL,0,0.589795
22300743,2023-24,2024-02-09,BOS,WAS,1,0.940533
22300744,2023-24,2024-02-09,TOR,HOU,1,0.312135
22300745,2023-24,2024-02-09,MIL,CHA,1,0.856522
22300746,2023-24,2024-02-09,SAC,DEN,1,0.573716
22300747,2023-24,2024-02-09,LAL,NOP,1,0.361996
22300748,2023-24,2024-02-10,DAL,OKC,1,0.37389
22300749,2023-24,2024-02-10,LAC,DET,1,0.930543
22300750,2023-24,2024-02-10,BKN,SAS,1,0.58159
22300751,2023-24,2024-02-10,CHA,MEM,1,0.222753
22300752,2023-24,2024-02-10,ORL,CHI,1,0.561175
22300753,2023-24,2024-02-10,WAS,PHI,0,0.228344
22300754,2023-24,2024-02-10,ATL,HOU,1,0.540281
22300755,2023-24,2024-02-10,NYK,IND,0,0.680599
22300756,2023-24,2024-02-10,TOR,CLE,0,0.153971
22300757,2023-24,2024-02-10,GSW,PHX,1,0.470782
22300758,2023-24,2024-02-10,POR,NOP,0,0.244521
22300759,2023-24,2024-02-11,MIA,BOS,0,0.342652
22300760,2023-24,2024-02-11,OKC,SAC,1,0.619334
22300761,2023-24,2024-02-12,CHA,IND,1,0.144308
22300762,2023-24,2024-02-12,CLE,PHI,0,0.764136
22300763,2023-24,2024-02-12,ATL,CHI,0,0.525207
22300764,2023-24,2024-02-12,TOR,SAS,0,0.598705
22300765,2023-24,2024-02-12,HOU,NYK,1,0.388332
22300766,2023-24,2024-02-12,MEM,NOP,0,0.246884
22300767,2023-24,2024-02-12,MIL,DEN,1,0.559271
22300768,2023-24,2024-02-12,DAL,WAS,1,0.839057
22300769,2023-24,2024-02-12,UTA,GSW,0,0.573013
22300770,2023-24,2024-02-12,LAC,MIN,0,0.650712
22300771,2023-24,2024-02-13,BKN,BOS,0,0.342733
22300772,2023-24,2024-02-13,ORL,OKC,0,0.4247
22300773,2023-24,2024-02-13,MIL,MIA,0,0.541403
22300774,2023-24,2024-02-13,PHX,SAC,1,0.584114
22300775,2023-24,2024-02-13,POR,MIN,0,0.186411
22300776,2023-24,2024-02-13,LAL,DET,1,0.819712
22300777,2023-24,2024-02-14,CHA,ATL,1,0.189292
22300778,2023-24,2024-02-14,ORL,NYK,1,0.350422
22300779,2023-24,2024-02-14,PHI,MIA,0,0.626396
22300780,2023-24,2024-02-14,BOS,BKN,1,0.870086
22300781,2023-24,2024-02-14,CLE,CHI,1,0.779529
22300782,2023-24,2024-02-14,TOR,IND,0,0.292279
22300783,2023-24,2024-02-14,MEM,HOU,1,0.333105
22300784,2023-24,2024-02-14,NOP,WAS,1,0.854354
22300785,2023-24,2024-02-14,DAL,SAS,1,0.78383
22300786,2023-24,2024-02-14,DEN,SAC,0,0.76718
22300787,2023-24,2024-02-14,PHX,DET,1,0.889002
22300788,2023-24,2024-02-14,UTA,LAL,0,0.680225
22300789,2023-24,2024-02-14,GSW,LAC,0,0.505591
22300576,2023-24,2024-02-15,UTA,GSW,0,0.554639
22300790,2023-24,2024-02-15,MEM,MIL,1,0.198683
22300791,2023-24,2024-02-15,POR,MIN,0,0.125823
22300792,2023-24,2024-02-22,CLE,ORL,0,0.755507
22300793,2023-24,2024-02-22,IND,DET,1,0.807284
22300794,2023-24,2024-02-22,PHI,NYK,0,0.454699
22300795,2023-24,2024-02-22,TOR,BKN,1,0.472794
22300796,2023-24,2024-02-22,DAL,PHX,1,0.466441
22300797,2023-24,2024-02-22,CHI,BOS,0,0.349182
22300798,2023-24,2024-02-22,NOP,HOU,1,0.653039
22300799,2023-24,2024-02-22,OKC,LAC,1,0.625772
22300800,2023-24,2024-02-22,DEN,WAS,1,0.90909
22300801,2023-24,2024-02-22,UTA,CHA,0,0.851925
22300802,2023-24,2024-02-22,GSW,LAL,1,0.575929
22300803,2023-24,2024-02-22,SAC,SAS,1,0.817548
22300804,2023-24,2024-02-23,ATL,TOR,0,0.735311
22300805,2023-24,2024-02-23,PHI,CLE,1,0.425627
22300806,2023-24,2024-02-23,HOU,PHX,1,0.432167
22300807,2023-24,2024-02-23,MEM,LAC,0,0.316848
22300808,2023-24,2024-02-23,MIN,MIL,0,0.686464
22300809,2023-24,2024-02-23,OKC,WAS,1,0.936138
22300810,2023-24,2024-02-23,NOP,MIA,0,0.564639
22300811,2023-24,2024-02-23,GSW,CHA,1,0.887254
22300812,2023-24,2024-02-23,POR,DEN,0,0.240296
22300813,2023-24,2024-02-23,LAL,SAS,1,0.807337
22300814,2023-24,2024-02-24,DET,ORL,0,0.176778
22300815,2023-24,2024-02-24,MIN,BKN,1,0.821707
22300816,2023-24,2024-02-24,NYK,BOS,0,0.470188
22300817,2023-24,2024-02-25,PHI,MIL,0,0.476879
22300818,2023-24,2024-02-25,PHX,LAL,1,0.593566
22300819,2023-24,2024-02-25,IND,DAL,1,0.499826
22300820,2023-24,2024-02-25,WAS,CLE,0,0.106175
22300821,2023-24,2024-02-25,ATL,ORL,1,0.582522
22300822,2023-24,2024-02-25,HOU,OKC,0,0.353758
22300823,2023-24,2024-02-25,NOP,CHI,0,0.640214
22300824,2023-24,2024-02-25,GSW,DEN,0,0.567327
22300825,2023-24,2024-02-25,UTA,SAS,1,0.79645
22300826,2023-24,2024-02-25,POR,CHA,0,0.500814
22300827,2023-24,2024-02-25,LAC,SAC,0,0.621634
22300828,2023-24,2024-02-26,NYK,DET,1,0.87529
22300829,2023-24,2024-02-26,IND,TOR,0,0.638276
22300830,2023-24,2024-02-26,MEM,BKN,0,0.508611
22300831,2023-24,2024-02-26,SAC,MIA,0,0.528816
22300832,2023-24,2024-02-27,CLE,DAL,1,0.712629
22300833,2023-24,2024-02-27,ORL,BKN,1,0.768821
22300834,2023-24,2024-02-27,WAS,GSW,0,0.168803
22300835,2023-24,2024-02-27,ATL,UTA,1,0.53572
22300836,2023-24,2024-02-27,BOS,PHI,1,0.790111
22300837,2023-24,2024-02-27,NYK,NOP,0,0.500026
22300838,2023-24,2024-02-27,MIN,SAS,1,0.90005
22300839,2023-24,2024-02-27,CHI,DET,0,0.86913
22300840,2023-24,2024-02-27,MIL,CHA,1,0.869194
22300841,2023-24,2024-02-27,OKC,HOU,1,0.781175
22300842,2023-24,2024-02-27,POR,MIA,0,0.233214
22300843,2023-24,2024-02-28,IND,NOP,1,0.561087
22300844,2023-24,2024-02-28,TOR,DAL,0,0.413001
22300845,2023-24,2024-02-28,MIN,MEM,1,0.809546
22300846,2023-24,2024-02-28,CHI,CLE,1,0.437648
22300847,2023-24,2024-02-28,DEN,SAC,1,0.676149
22300848,2023-24,2024-02-28,LAC,LAL,0,0.673145
22300849,2023-24,2024-02-29,CHA,MIL,0,0.142627
22300850,2023-24,2024-02-29,ORL,UTA,1,0.584982
22300851,2023-24,2024-02-29,BKN,ATL,1,0.307296
22300852,2023-24,2024-02-29,NYK,GSW,0,0.534305
22300853,2023-24,2024-02-29,SAS,OKC,1,0.140708
22300854,2023-24,2024-02-29,PHX,HOU,1,0.68427
22300855,2023-24,2024-02-29,DEN,MIA,1,0.675197
22300856,2023-24,2024-02-29,LAL,WAS,1,0.787307
22300857,2023-24,2024-03-01,DET,CLE,0,0.147995
22300858,2023-24,2024-03-01,PHI,CHA,1,0.8678
22300859,2023-24,2024-03-01,BOS,DAL,1,0.799408
22300860,2023-24,2024-03-01,TOR,GSW,0,0.37463
22300861,2023-24,2024-03-01,MEM,POR,0,0.633051
22300862,2023-24,2024-03-01,MIN,SAC,0,0.695661
22300863,2023-24,2024-03-01,NOP,IND,1,0.611023
22300864,2023-24,2024-03-01,CHI,MIL,0,0.55135
22300865,2023-24,2024-03-01,LAC,WAS,1,0.909096
22300866,2023-24,2024-03-02,BKN,ATL,1,0.346421
22300867,2023-24,2024-03-02,MIA,UTA,1,0.589957
22300868,2023-24,2024-03-02,MEM,POR,0,0.57846
22300869,2023-24,2024-03-02,LAL,DEN,0,0.460698
22300870,2023-24,2024-03-02,PHX,HOU,0,0.682854
22300871,2023-24,2024-03-03,DAL,PHI,0,0.545126
22300872,2023-24,2024-03-03,BOS,GSW,1,0.754078
22300873,2023-24,2024-03-03,MIN,LAC,0,0.635836
22300874,2023-24,2024-03-03,ORL,DET,1,0.808485
22300875,2023-24,2024-03-03,TOR,CHA,1,0.648967
22300876,2023-24,2024-03-03,CLE,NYK,0,0.64313
22300877,2023-24,2024-03-03,SAS,IND,1,0.269302
22300878,2023-24,2024-03-03,PHX,OKC,0,0.428414
22300879,2023-24,2024-03-04,BKN,MEM,0,0.739828
22300880,2023-24,2024-03-04,MIL,LAC,1,0.721201
22300881,2023-24,2024-03-04,MIN,POR,1,0.855934
22300882,2023-24,2024-03-04,UTA,WAS,1,0.804175
22300883,2023-24,2024-03-04,SAC,CHI,0,0.60993
22300884,2023-24,2024-03-04,LAL,OKC,1,0.474911
22300885,2023-24,2024-03-05,CHA,ORL,0,0.170476
22300886,2023-24,2024-03-05,CLE,BOS,1,0.416604
22300887,2023-24,2024-03-05,BKN,PHI,1,0.275069
22300888,2023-24,2024-03-05,MIA,DET,1,0.818412
22300889,2023-24,2024-03-05,NYK,ATL,0,0.662709
22300890,2023-24,2024-03-05,TOR,NOP,0,0.252924
22300891,2023-24,2024-03-05,HOU,SAS,1,0.689808
22300892,2023-24,2024-03-05,DAL,IND,0,0.562644
22300893,2023-24,2024-03-05,DEN,PHX,0,0.712252
22300894,2023-24,2024-03-06,WAS,ORL,0,0.224996
22300895,2023-24,2024-03-06,ATL,CLE,1,0.452489
22300896,2023-24,2024-03-06,PHI,MEM,0,0.651567
22300897,2023-24,2024-03-06,HOU,LAC,0,0.381389
22300898,2023-24,2024-03-06,UTA,CHI,0,0.551477
22300899,2023-24,2024-03-06,GSW,MIL,1,0.49019
22300900,2023-24,2024-03-06,POR,OKC,0,0.125597
22300901,2023-24,2024-03-06,LAL,SAC,0,0.495323
22300902,2023-24,2024-03-07,DET,BKN,1,0.252391
22300903,2023-24,2024-03-07,IND,MIN,0,0.433655
22300904,2023-24,2024-03-07,DAL,MIA,1,0.498618
22300905,2023-24,2024-03-07,PHX,TOR,1,0.754179
22300906,2023-24,2024-03-07,DEN,BOS,1,0.542066
22300907,2023-24,2024-03-07,GSW,CHI,0,0.662269
22300908,2023-24,2024-03-07,SAC,SAS,1,0.755274
22300909,2023-24,2024-03-08,PHI,NOP,0,0.364042
22300910,2023-24,2024-03-08,WAS,CHA,1,0.481485
22300911,2023-24,2024-03-08,CLE,MIN,1,0.62556
22300912,2023-24,2024-03-08,NYK,ORL,1,0.572691
22300913,2023-24,2024-03-08,MEM,ATL,0,0.307209
22300914,2023-24,2024-03-08,OKC,MIA,1,0.753397
22300915,2023-24,2024-03-08,LAL,MIL,1,0.465586
22300916,2023-24,2024-03-08,POR,HOU,0,0.269951
22300917,2023-24,2024-03-09,LAC,CHI,1,0.699509
22300918,2023-24,2024-03-09,CHA,BKN,1,0.290892
22300919,2023-24,2024-03-09,DET,DAL,0,0.243227
22300920,2023-24,2024-03-09,PHX,BOS,0,0.393823
22300921,2023-24,2024-03-09,GSW,SAS,0,0.811031
22300922,2023-24,2024-03-09,DEN,UTA,1,0.752794
22300923,2023-24,2024-03-09,POR,TOR,1,0.29703
22300924,2023-24,2024-03-10,LAC,MIL,0,0.552685
22300925,2023-24,2024-03-10,ATL,NOP,0,0.383882
22300926,2023-24,2024-03-10,MIA,WAS,0,0.799911
22300927,2023-24,2024-03-10,NYK,PHI,0,0.657269
22300928,2023-24,2024-03-10,ORL,IND,0,0.551617
22300929,2023-24,2024-03-10,SAC,HOU,0,0.634307
22300930,2023-24,2024-03-10,CLE,BKN,0,0.885671
22300931,2023-24,2024-03-10,OKC,MEM,1,0.86635
22300932,2023-24,2024-03-10,LAL,MIN,1,0.466376
22300933,2023-24,2024-03-11,DET,CHA,1,0.504027
22300934,2023-24,2024-03-11,CLE,PHX,0,0.472041
22300935,2023-24,2024-03-11,CHI,DAL,0,0.464921
22300936,2023-24,2024-03-11,SAS,GSW,0,0.235688
22300937,2023-24,2024-03-11,DEN,TOR,1,0.877546
22300938,2023-24,2024-03-11,POR,BOS,0,0.092758
22300939,2023-24,2024-03-12,NYK,PHI,1,0.622155
22300940,2023-24,2024-03-12,MEM,WAS,1,0.567345
22300941,2023-24,2024-03-12,OKC,IND,0,0.740441
22300942,2023-24,2024-03-12,SAS,HOU,0,0.234076
22300943,2023-24,2024-03-12,UTA,BOS,0,0.426148
22300944,2023-24,2024-03-12,LAC,MIN,0,0.628627
22300945,2023-24,2024-03-12,SAC,MIL,1,0.510052
22300946,2023-24,2024-03-13,DET,TOR,1,0.400071
22300947,2023-24,2024-03-13,ORL,BKN,1,0.582892
22300948,2023-24,2024-03-13,IND,CHI,0,0.522275
22300949,2023-24,2024-03-13,MIA,DEN,0,0.459051
22300950,2023-24,2024-03-13,MEM,CHA,0,0.544169
22300951,2023-24,2024-03-13,NOP,CLE,0,0.587033
22300952,2023-24,2024-03-13,DAL,GSW,1,0.483681
22300953,2023-24,2024-03-13,POR,ATL,1,0.2568
22300954,2023-24,2024-03-13,SAC,LAL,1,0.543249
22300955,2023-24,2024-03-14,BOS,PHX,1,0.732492
22300956,2023-24,2024-03-14,CHI,LAC,0,0.372074
22300957,2023-24,2024-03-14,HOU,WAS,1,0.786252
22300958,2023-24,2024-03-14,MIL,PHI,1,0.621227
22300959,2023-24,2024-03-14,OKC,DAL,1,0.772068
22300960,2023-24,2024-03-14,POR,NYK,0,0.140514
22300961,2023-24,2024-03-15,CHA,PHX,0,0.220134
22300962,2023-24,2024-03-15,DET,MIA,0,0.248077
22300963,2023-24,2024-03-15,TOR,ORL,0,0.304699
22300964,2023-24,2024-03-15,NOP,LAC,1,0.661261
22300965,2023-24,2024-03-15,SAS,DEN,0,0.203131
22300966,2023-24,2024-03-15,UTA,ATL,1,0.579858
22300967,2023-24,2024-03-16,HOU,CLE,1,0.43142
22300968,2023-24,2024-03-16,IND,BKN,1,0.684308
22300969,2023-24,2024-03-16,PHI,CHA,1,0.839083
22300970,2023-24,2024-03-16,NOP,POR,1,0.828865
22300971,2023-24,2024-03-16,CHI,WAS,1,0.759287
22300972,2023-24,2024-03-16,MEM,OKC,0,0.190696
22300973,2023-24,2024-03-16,LAL,GSW,0,0.50407
22300974,2023-24,2024-03-16,UTA,MIN,0,0.367512
22300975,2023-24,2024-03-16,SAC,NYK,0,0.52662
22300976,2023-24,2024-03-17,MIL,PHX,1,0.531361
22300977,2023-24,2024-03-17,DET,MIA,0,0.228879
22300978,2023-24,2024-03-17,DAL,DEN,1,0.463535
22300979,2023-24,2024-03-17,ORL,TOR,1,0.713621
22300980,2023-24,2024-03-17,WAS,BOS,0,0.048579
22300981,2023-24,2024-03-17,SAS,BKN,1,0.545134
22300982,2023-24,2024-03-17,LAC,ATL,0,0.628546
22300983,2023-24,2024-03-18,IND,CLE,0,0.501729
22300984,2023-24,2024-03-18,BOS,DET,1,0.952361
22300985,2023-24,2024-03-18,PHI,MIA,1,0.597129
22300986,2023-24,2024-03-18,CHI,POR,1,0.76278
22300987,2023-24,2024-03-18,UTA,MIN,0,0.398998
22300988,2023-24,2024-03-18,GSW,NYK,0,0.494593
22300989,2023-24,2024-03-18,SAC,MEM,1,0.802182
22300990,2023-24,2024-03-18,LAL,ATL,1,0.671211
22300991,2023-24,2024-03-19,ORL,CHA,1,0.820509
22300992,2023-24,2024-03-19,WAS,HOU,0,0.201054
22300993,2023-24,2024-03-19,BKN,NOP,0,0.223132
22300994,2023-24,2024-03-19,SAS,DAL,0,0.248623
22300995,2023-24,2024-03-19,MIN,DEN,0,0.566156
22300996,2023-24,2024-03-20,CLE,MIA,0,0.619114
22300997,2023-24,2024-03-20,DET,IND,0,0.198447
22300998,2023-24,2024-03-20,BOS,MIL,1,0.753712
22300999,2023-24,2024-03-20,TOR,SAC,0,0.234967
22301000,2023-24,2024-03-20,OKC,UTA,1,0.798117
22301001,2023-24,2024-03-20,GSW,MEM,1,0.769607
22301002,2023-24,2024-03-20,PHX,PHI,1,0.638407
22301003,2023-24,2024-03-20,POR,LAC,0,0.18338
22301004,2023-24,2024-03-21,ORL,NOP,1,0.45065
22301005,2023-24,2024-03-21,WAS,SAC,1,0.186154
22301006,2023-24,2024-03-21,HOU,CHI,1,0.582164
22301007,2023-24,2024-03-21,MIL,BKN,1,0.732622
22301008,2023-24,2024-03-21,DAL,UTA,1,0.755442
22301009,2023-24,2024-03-21,DEN,NYK,1,0.667688
22301010,2023-24,2024-03-21,PHX,ATL,1,0.604166
22301011,2023-24,2024-03-22,DET,BOS,0,0.098663
22301012,2023-24,2024-03-22,TOR,OKC,0,0.194053
22301013,2023-24,2024-03-22,MIA,NOP,0,0.512248
22301014,2023-24,2024-03-22,MIN,CLE,1,0.655549
22301015,2023-24,2024-03-22,SAS,MEM,0,0.506094
22301016,2023-24,2024-03-22,GSW,IND,0,0.57808
22301017,2023-24,2024-03-22,POR,LAC,0,0.180772
22301018,2023-24,2024-03-22,LAL,PHI,1,0.59774
22301019,2023-24,2024-03-23,NYK,BKN,1,0.768754
22301020,2023-24,2024-03-23,ORL,SAC,0,0.510611
22301021,2023-24,2024-03-23,ATL,CHA,1,0.750197
22301022,2023-24,2024-03-23,WAS,TOR,1,0.470485
22301023,2023-24,2024-03-23,CHI,BOS,0,0.348309
22301024,2023-24,2024-03-23,HOU,UTA,1,0.64896
22301025,2023-24,2024-03-23,SAS,PHX,0,0.19213
22301026,2023-24,2024-03-23,POR,DEN,0,0.120203
22301027,2023-24,2024-03-24,DET,NOP,0,0.17307
22301028,2023-24,2024-03-24,LAC,PHI,0,0.628569
22301029,2023-24,2024-03-24,MIA,CLE,1,0.479033
22301030,2023-24,2024-03-24,MIL,OKC,1,0.481141
22301031,2023-24,2024-03-24,MIN,GSW,1,0.68355
22301032,2023-24,2024-03-24,LAL,IND,1,0.522695
22301033,2023-24,2024-03-25,CLE,CHA,1,0.770818
22301034,2023-24,2024-03-25,ATL,BOS,1,0.285786
22301035,2023-24,2024-03-25,NYK,DET,1,0.905741
22301036,2023-24,2024-03-25,TOR,BKN,0,0.429245
22301037,2023-24,2024-03-25,CHI,WAS,0,0.779752
22301038,2023-24,2024-03-25,HOU,POR,1,0.81856
22301039,2023-24,2024-03-25,SAS,PHX,1,0.231712
22301040,2023-24,2024-03-25,DEN,MEM,1,0.892967
22301041,2023-24,2024-03-25,UTA,DAL,0,0.421688
22301042,2023-24,2024-03-25,SAC,PHI,1,0.706013
22301043,2023-24,2024-03-25,LAC,IND,0,0.580428
22301044,2023-24,2024-03-26,MIA,GSW,0,0.508048
22301045,2023-24,2024-03-26,MIL,LAL,0,0.625535
22301046,2023-24,2024-03-26,NOP,OKC,0,0.525211
22301047,2023-24,2024-03-26,SAC,DAL,0,0.581826
22301048,2023-24,2024-03-27,CHA,CLE,1,0.165163
22301049,2023-24,2024-03-27,ORL,GSW,0,0.60726
22301050,2023-24,2024-03-27,WAS,BKN,0,0.347711
22301051,2023-24,2024-03-27,ATL,POR,1,0.764453
22301052,2023-24,2024-03-27,PHI,LAC,0,0.454949
22301053,2023-24,2024-03-27,TOR,NYK,0,0.183618
22301054,2023-24,2024-03-27,CHI,IND,1,0.457252
22301055,2023-24,2024-03-27,MEM,LAL,0,0.346281
22301056,2023-24,2024-03-27,MIN,DET,1,0.903245
22301057,2023-24,2024-03-27,OKC,HOU,0,0.605583
22301058,2023-24,2024-03-27,UTA,SAS,0,0.69913
22301059,2023-24,2024-03-27,DEN,PHX,0,0.694809
22301060,2023-24,2024-03-28,ATL,BOS,1,0.211662
22301061,2023-24,2024-03-28,NOP,MIL,1,0.557826
22301062,2023-24,2024-03-29,CHA,GSW,0,0.161728
22301063,2023-24,2024-03-29,IND,LAL,1,0.534668
22301064,2023-24,2024-03-29,ORL,LAC,0,0.560429
22301065,2023-24,2024-03-29,WAS,DET,0,0.483826
22301066,2023-24,2024-03-29,BKN,CHI,1,0.361253
22301067,2023-24,2024-03-29,CLE,PHI,1,0.602505
22301068,2023-24,2024-03-29,MIA,POR,1,0.777378
22301069,2023-24,2024-03-29,OKC,PHX,1,0.615459
22301070,2023-24,2024-03-29,SAS,NYK,1,0.215688
22301071,2023-24,2024-03-29,DEN,MIN,0,0.667444
22301072,2023-24,2024-03-29,UTA,HOU,0,0.293142
22301073,2023-24,2024-03-29,SAC,DAL,0,0.524277
22301074,2023-24,2024-03-30,NOP,BOS,0,0.421585
22301075,2023-24,2024-03-30,ORL,MEM,1,0.715147
22301076,2023-24,2024-03-30,ATL,MIL,0,0.42346
22301077,2023-24,2024-03-31,DEN,CLE,1,0.713415
22301078,2023-24,2024-03-31,BKN,LAL,0,0.336234
22301079,2023-24,2024-03-31,CHA,LAC,0,0.177013
22301080,2023-24,2024-03-31,TOR,PHI,0,0.298465
22301081,2023-24,2024-03-31,WAS,MIA,0,0.20203
22301082,2023-24,2024-03-31,NYK,OKC,0,0.545234
22301083,2023-24,2024-03-31,HOU,DAL,0,0.48407
22301084,2023-24,2024-03-31,MIN,CHI,0,0.765158
22301085,2023-24,2024-03-31,SAS,GSW,0,0.264703
22301086,2023-24,2024-03-31,SAC,UTA,1,0.793122
22301087,2023-24,2024-04-01,CHA,BOS,0,0.052782
22301088,2023-24,2024-04-01,DET,MEM,0,0.44215
22301089,2023-24,2024-04-01,IND,BKN,1,0.812981
22301090,2023-24,2024-04-01,ORL,POR,1,0.806886
22301091,2023-24,2024-04-01,CHI,ATL,0,0.459812
22301092,2023-24,2024-04-01,NOP,PHX,0,0.586922
22300589,2023-24,2024-04-02,GSW,DAL,1,0.52973
22301093,2023-24,2024-04-02,PHI,OKC,1,0.393843
22301094,2023-24,2024-04-02,TOR,LAL,0,0.265449
22301095,2023-24,2024-04-02,WAS,MIL,1,0.153625
22301096,2023-24,2024-04-02,MIA,NYK,1,0.44004
22301098,2023-24,2024-04-02,MIN,HOU,1,0.704462
22301099,2023-24,2024-04-02,DEN,SAS,1,0.865241
22301100,2023-24,2024-04-02,UTA,CLE,0,0.29518
22301101,2023-24,2024-04-02,SAC,LAC,1,0.581036
22301102,2023-24,2024-04-03,CHA,POR,0,0.441089
22301103,2023-24,2024-04-03,WAS,LAL,0,0.217833
22301104,2023-24,2024-04-03,ATL,DET,1,0.759604
22301105,2023-24,2024-04-03,BOS,OKC,1,0.811534
22301106,2023-24,2024-04-03,BKN,IND,1,0.253883
22301107,2023-24,2024-04-03,MIL,MEM,0,0.752288
22301108,2023-24,2024-04-03,MIN,TOR,1,0.883255
22301109,2023-24,2024-04-03,NOP,ORL,0,0.621118
22301110,2023-24,2024-04-03,PHX,CLE,1,0.67501
22301111,2023-24,2024-04-04,MIA,PHI,0,0.59053
22301112,2023-24,2024-04-04,NYK,SAC,1,0.556867
22301113,2023-24,2024-04-04,HOU,GSW,0,0.474965
22301114,2023-24,2024-04-04,LAC,DEN,1,0.489953
22301124,2023-24,2024-04-04,DAL,ATL,1,0.744036
22301097,2023-24,2024-04-05,DAL,GSW,1,0.562607
22301115,2023-24,2024-04-05,CHA,ORL,1,0.176936
22301116,2023-24,2024-04-05,IND,OKC,1,0.508496
22301117,2023-24,2024-04-05,WAS,POR,0,0.449991
22301118,2023-24,2024-04-05,BOS,SAC,1,0.8406
22301119,2023-24,2024-04-05,CHI,NYK,1,0.486404
22301120,2023-24,2024-04-05,HOU,MIA,0,0.571628
22301121,2023-24,2024-04-05,MEM,DET,1,0.546531
22301122,2023-24,2024-04-05,MIL,TOR,0,0.813239
22301123,2023-24,2024-04-05,NOP,SAS,0,0.764135
22301125,2023-24,2024-04-05,PHX,MIN,1,0.537367
22301126,2023-24,2024-04-05,LAC,UTA,1,0.728826
22301127,2023-24,2024-04-06,LAL,CLE,1,0.515619
22301128,2023-24,2024-04-06,BKN,DET,1,0.707974
22301129,2023-24,2024-04-06,MEM,PHI,0,0.258308
22301130,2023-24,2024-04-06,DEN,ATL,1,0.776995
22301131,2023-24,2024-04-07,DAL,HOU,1,0.643067
22301132,2023-24,2024-04-07,LAC,CLE,1,0.66064
22301133,2023-24,2024-04-07,IND,MIA,1,0.58969
22301134,2023-24,2024-04-07,BOS,POR,1,0.947185
22301135,2023-24,2024-04-07,CHA,OKC,0,0.178283
22301136,2023-24,2024-04-07,ORL,CHI,1,0.588894
22301137,2023-24,2024-04-07,TOR,WAS,1,0.553211
22301138,2023-24,2024-04-07,PHX,NOP,0,0.579703
22301139,2023-24,2024-04-07,MIL,NYK,0,0.485287
22301140,2023-24,2024-04-07,SAS,PHI,0,0.460634
22301141,2023-24,2024-04-07,BKN,SAC,0,0.221225
22301142,2023-24,2024-04-07,GSW,UTA,1,0.821212
22301143,2023-24,2024-04-07,LAL,MIN,0,0.418356
22301144,2023-24,2024-04-09,CHA,DAL,0,0.171924
22301145,2023-24,2024-04-09,PHI,DET,1,0.775393
22301146,2023-24,2024-04-09,TOR,IND,0,0.239581
22301147,2023-24,2024-04-09,ATL,MIA,0,0.468584
22301148,2023-24,2024-04-09,MIL,BOS,1,0.350651
22301149,2023-24,2024-04-09,CHI,NYK,0,0.391026
22301150,2023-24,2024-04-09,HOU,ORL,1,0.471679
22301151,2023-24,2024-04-09,MEM,SAS,0,0.442714
22301152,2023-24,2024-04-09,MIN,WAS,1,0.906813
22301153,2023-24,2024-04-09,OKC,SAC,1,0.610342
22301154,2023-24,2024-04-09,UTA,DEN,0,0.189255
22301155,2023-24,2024-04-09,LAL,GSW,0,0.490704
22301156,2023-24,2024-04-09,PHX,LAC,0,0.596345
22301157,2023-24,2024-04-09,POR,NOP,0,0.167164
22301158,2023-24,2024-04-10,CLE,MEM,1,0.81803
22301159,2023-24,2024-04-10,ATL,CHA,0,0.80436
22301160,2023-24,2024-04-10,BKN,TOR,1,0.639808
22301161,2023-24,2024-04-10,MIA,DAL,0,0.474086
22301162,2023-24,2024-04-10,MIL,ORL,1,0.593803
22301163,2023-24,2024-04-10,OKC,SAS,1,0.825054
22301164,2023-24,2024-04-10,DEN,MIN,1,0.707933
22301165,2023-24,2024-04-10,LAC,PHX,0,0.544416
22301166,2023-24,2024-04-11,DET,CHI,0,0.24821
22301167,2023-24,2024-04-11,BOS,NYK,0,0.717868
22301168,2023-24,2024-04-11,UTA,HOU,1,0.317234
22301169,2023-24,2024-04-11,POR,GSW,0,0.158577
22301170,2023-24,2024-04-11,SAC,NOP,0,0.552665
22301171,2023-24,2024-04-12,PHI,ORL,1,0.546902
22301172,2023-24,2024-04-12,WAS,CHI,0,0.323545
22301173,2023-24,2024-04-12,BOS,CHA,1,0.917206
22301174,2023-24,2024-04-12,CLE,IND,1,0.512889
22301175,2023-24,2024-04-12,NYK,BKN,1,0.63234
22301176,2023-24,2024-04-12,MIA,TOR,1,0.762321
22301177,2023-24,2024-04-12,MEM,LAL,0,0.262127
22301178,2023-24,2024-04-12,MIN,ATL,1,0.738855
22301179,2023-24,2024-04-12,OKC,MIL,1,0.645473
22301180,2023-24,2024-04-12,SAS,DEN,1,0.232904
22301181,2023-24,2024-04-12,DAL,DET,0,0.920822
22301182,2023-24,2024-04-12,GSW,NOP,0,0.581865
22301183,2023-24,2024-04-12,POR,HOU,0,0.27402
22301184,2023-24,2024-04-12,LAC,UTA,0,0.85088
22301185,2023-24,2024-04-12,SAC,PHX,0,0.473693
22301186,2023-24,2024-04-14,BOS,WAS,1,0.938354
22301187,2023-24,2024-04-14,CLE,CHA,0,0.826541
22301188,2023-24,2024-04-14,IND,ATL,1,0.652159
22301189,2023-24,2024-04-14,MIA,TOR,1,0.768854
22301190,2023-24,2024-04-14,NYK,CHI,1,0.689925
22301191,2023-24,2024-04-14,ORL,MIL,1,0.500316
22301192,2023-24,2024-04-14,PHI,BKN,1,0.708324
22301193,2023-24,2024-04-14,MEM,DEN,0,0.21124
22301194,2023-24,2024-04-14,MIN,PHX,0,0.635583
22301195,2023-24,2024-04-14,NOP,LAL,0,0.544307
22301196,2023-24,2024-04-14,OKC,DAL,1,0.609034
22301197,2023-24,2024-04-14,SAS,DET,1,0.623079
22301198,2023-24,2024-04-14,GSW,UTA,1,0.818318
22301199,2023-24,2024-04-14,LAC,HOU,0,0.581685
22301200,2023-24,2024-04-14,SAC,POR,1,0.848181
52300121,2023-24,2024-04-16,NOP,LAL,0,0.610138
52300131,2023-24,2024-04-16,SAC,GSW,1,0.617343
52300101,2023-24,2024-04-17,PHI,MIA,1,0.628162
52300111,2023-24,2024-04-17,CHI,ATL,1,0.642794
52300201,2023-24,2024-04-19,MIA,CHI,1,0.671079
52300211,2023-24,2024-04-19,NOP,SAC,1,0.587557
42300111,2023-24,2024-04-20,NYK,PHI,1,0.710521
42300131,2023-24,2024-04-20,CLE,ORL,1,0.615115
42300151,2023-24,2024-04-20,DEN,LAL,1,0.737999
42300161,2023-24,2024-04-20,MIN,PHX,1,0.608909
42300101,2023-24,2024-04-21,BOS,MIA,1,0.798084
42300121,2023-24,2024-04-21,MIL,IND,1,0.584142
42300141,2023-24,2024-04-21,OKC,NOP,1,0.708472
42300171,2023-24,2024-04-21,LAC,DAL,1,0.564317
42300112,2023-24,2024-04-22,NYK,PHI,1,0.712268
42300132,2023-24,2024-04-22,CLE,ORL,1,0.624097
42300152,2023-24,2024-04-22,DEN,LAL,1,0.725099
42300122,2023-24,2024-04-23,MIL,IND,0,0.606236
42300162,2023-24,2024-04-23,MIN,PHX,1,0.642215
42300172,2023-24,2024-04-23,LAC,DAL,0,0.560237
42300102,2023-24,2024-04-24,BOS,MIA,0,0.791625
42300142,2023-24,2024-04-24,OKC,NOP,1,0.689881
42300113,2023-24,2024-04-25,PHI,NYK,1,0.548124
42300133,2023-24,2024-04-25,ORL,CLE,1,0.609269
42300153,2023-24,2024-04-25,LAL,DEN,0,0.564005
42300123,2023-24,2024-04-26,IND,MIL,1,0.67036
42300163,2023-24,2024-04-26,PHX,MIN,0,0.583075
42300173,2023-24,2024-04-26,DAL,LAC,1,0.681559
42300103,2023-24,2024-04-27,MIA,BOS,0,0.466633
42300134,2023-24,2024-04-27,ORL,CLE,1,0.640175
42300143,2023-24,2024-04-27,NOP,OKC,0,0.539818
42300154,2023-24,2024-04-27,LAL,DEN,1,0.547556
42300114,2023-24,2024-04-28,PHI,NYK,0,0.561221
42300124,2023-24,2024-04-28,IND,MIL,1,0.670665
42300164,2023-24,2024-04-28,PHX,MIN,0,0.54869
42300174,2023-24,2024-04-28,DAL,LAC,0,0.69582
42300104,2023-24,2024-04-29,MIA,BOS,0,0.43721
42300144,2023-24,2024-04-29,NOP,OKC,0,0.510622
42300155,2023-24,2024-04-29,DEN,LAL,1,0.728608
42300115,2023-24,2024-04-30,NYK,PHI,0,0.687405
42300125,2023-24,2024-04-30,MIL,IND,1,0.56661
42300135,2023-24,2024-04-30,CLE,ORL,1,0.576439
42300105,2023-24,2024-05-01,BOS,MIA,1,0.790567
42300175,2023-24,2024-05-01,LAC,DAL,0,0.545218
42300116,2023-24,2024-05-02,PHI,NYK,0,0.558951
42300126,2023-24,2024-05-02,IND,MIL,1,0.637072
42300136,2023-24,2024-05-03,ORL,CLE,1,0.665375
42300176,2023-24,2024-05-03,DAL,LAC,1,0.716875
42300231,2023-24,2024-05-04,DEN,MIN,0,0.63255
42300137,2023-24,2024-05-05,CLE,ORL,1,0.571453
42300211,2023-24,2024-05-06,NYK,IND,1,0.659506
42300232,2023-24,2024-05-06,DEN,MIN,0,0.623574
42300201,2023-24,2024-05-07,BOS,CLE,1,0.830739
42300221,2023-24,2024-05-07,OKC,DAL,1,0.67112
42300212,2023-24,2024-05-08,NYK,IND,1,0.64988
42300202,2023-24,2024-05-09,BOS,CLE,0,0.836719
42300222,2023-24,2024-05-09,OKC,DAL,0,0.683701
42300213,2023-24,2024-05-10,IND,NYK,1,0.579653
42300233,2023-24,2024-05-10,MIN,DEN,0,0.700173
42300203,2023-24,2024-05-11,CLE,BOS,0,0.421694
42300223,2023-24,2024-05-11,DAL,OKC,1,0.567819
42300214,2023-24,2024-05-12,IND,NYK,1,0.589303
42300234,2023-24,2024-05-12,MIN,DEN,0,0.659995
42300204,2023-24,2024-05-13,CLE,BOS,0,0.405389
42300224,2023-24,2024-05-13,DAL,OKC,0,0.572307
42300215,2023-24,2024-05-14,NYK,IND,1,0.611508
42300235,2023-24,2024-05-14,DEN,MIN,1,0.648582
42300205,2023-24,2024-05-15,BOS,CLE,1,0.800996
42300225,2023-24,2024-05-15,OKC,DAL,0,0.675229
42300236,2023-24,2024-05-16,MIN,DEN,1,0.62865
42300216,2023-24,2024-05-17,IND,NYK,1,0.592313
42300226,2023-24,2024-05-18,DAL,OKC,1,0.580911
42300217,2023-24,2024-05-19,NYK,IND,0,0.626793
42300237,2023-24,2024-05-19,DEN,MIN,0,0.637814
42300301,2023-24,2024-05-21,BOS,IND,1,0.756572
42300311,2023-24,2024-05-22,MIN,DAL,0,0.672412
42300302,2023-24,2024-05-23,BOS,IND,1,0.749724
42300312,2023-24,2024-05-24,MIN,DAL,0,0.623747
42300303,2023-24,2024-05-25,IND,BOS,0,0.469767
42300313,2023-24,2024-05-26,DAL,MIN,1,0.599739
42300304,2023-24,2024-05-27,IND,BOS,0,0.470155
42300314,2023-24,2024-05-28,DAL,MIN,0,0.599603
42300315,2023-24,2024-05-30,MIN,DAL,0,0.640627
42300401,2023-24,2024-06-06,BOS,DAL,1,0.719324
42300402,2023-24,2024-06-09,BOS,DAL,1,0.73279
42300403,2023-24,2024-06-12,DAL,BOS,0,0.481224
42300404,2023-24,2024-06-14,DAL,BOS,1,0.467081
42300405,2023-24,2024-06-17,BOS,DAL,1,0.71053
22400061,2024-25,2024-10-22,BOS,NYK,1,0.648169
22400062,2024-25,2024-10-22,LAL,MIN,1,0.520961
22400063,2024-25,2024-10-23,DET,IND,0,0.384431
22400064,2024-25,2024-10-23,ATL,BKN,1,0.555325
22400065,2024-25,2024-10-23,MIA,ORL,0,0.543687
22400066,2024-25,2024-10-23,PHI,MIL,0,0.556785
22400067,2024-25,2024-10-23,TOR,CLE,0,0.486903
22400068,2024-25,2024-10-23,HOU,CHA,0,0.624544
22400069,2024-25,2024-10-23,NOP,CHI,1,0.585514
22400070,2024-25,2024-10-23,UTA,MEM,0,0.594583
22400071,2024-25,2024-10-23,LAC,PHX,0,0.512741
22400072,2024-25,2024-10-23,POR,GSW,0,0.381775
22400073,2024-25,2024-10-24,WAS,BOS,0,0.250857
22400074,2024-25,2024-10-24,DAL,SAS,1,0.614662
22400075,2024-25,2024-10-24,DEN,OKC,0,0.546359
22400076,2024-25,2024-10-24,SAC,MIN,0,0.566177
22400077,2024-25,2024-10-25,ORL,BKN,1,0.645537
22400078,2024-25,2024-10-25,TOR,PHI,1,0.410611
22400079,2024-25,2024-10-25,ATL,CHA,1,0.580155
22400080,2024-25,2024-10-25,CLE,DET,1,0.686943
22400081,2024-25,2024-10-25,NYK,IND,1,0.458436
22400082,2024-25,2024-10-25,HOU,MEM,1,0.52612
22400083,2024-25,2024-10-25,MIL,CHI,0,0.609019
22400084,2024-25,2024-10-25,UTA,GSW,0,0.39305
22400085,2024-25,2024-10-25,LAL,PHX,1,0.558829
22400086,2024-25,2024-10-25,POR,NOP,0,0.335879
22400087,2024-25,2024-10-26,DEN,LAC,0,0.601438
22400088,2024-25,2024-10-26,CHA,MIA,0,0.41488
22400089,2024-25,2024-10-26,DET,BOS,0,0.145152
22400090,2024-25,2024-10-26,WAS,CLE,0,0.435285
22400091,2024-25,2024-10-26,CHI,OKC,0,0.297185
22400092,2024-25,2024-10-26,MEM,ORL,1,0.359957
22400093,2024-25,2024-10-26,MIN,TOR,1,0.71939
22400094,2024-25,2024-10-26,SAS,HOU,1,0.578635
22400095,2024-25,2024-10-26,PHX,DAL,1,0.373923
22400096,2024-25,2024-10-26,LAL,SAC,1,0.480983
22400097,2024-25,2024-10-27,IND,PHI,0,0.585952
22400098,2024-25,2024-10-27,BKN,MIL,1,0.432941
22400099,2024-25,2024-10-27,POR,NOP,1,0.35507
22400100,2024-25,2024-10-27,OKC,ATL,1,0.646329
22400101,2024-25,2024-10-27,GSW,LAC,0,0.737226
22400102,2024-25,2024-10-28,ORL,IND,1,0.716767
22400103,2024-25,2024-10-28,ATL,WAS,0,0.574498
22400104,2024-25,2024-10-28,BOS,MIL,1,0.817434
22400105,2024-25,2024-10-28,MIA,DET,1,0.636518
22400106,2024-25,2024-10-28,NYK,CLE,0,0.490547
22400107,2024-25,2024-10-28,TOR,DEN,0,0.460519
22400108,2024-25,2024-10-28,MEM,CHI,0,0.570268
22400109,2024-25,2024-10-28,SAS,HOU,0,0.477689
22400110,2024-25,2024-10-28,DAL,UTA,1,0.701914
22400111,2024-25,2024-10-28,PHX,LAL,1,0.486757
22400112,2024-25,2024-10-28,SAC,POR,1,0.771063
22400113,2024-25,2024-10-29,BKN,DEN,0,0.649746
22400114,2024-25,2024-10-29,MIN,DAL,0,0.667527
22400115,2024-25,2024-10-29,UTA,SAC,0,0.455361
22400116,2024-25,2024-10-29,GSW,NOP,1,0.692624
22400117,2024-25,2024-10-30,CHA,TOR,1,0.541042
22400118,2024-25,2024-10-30,CLE,LAL,1,0.621628
22400119,2024-25,2024-10-30,IND,BOS,1,0.302301
22400120,2024-25,2024-10-30,PHI,DET,0,0.676178
22400121,2024-25,2024-10-30,WAS,ATL,1,0.421895
22400122,2024-25,2024-10-30,MIA,NYK,0,0.500899
22400123,2024-25,2024-10-30,CHI,ORL,1,0.403158
22400124,2024-25,2024-10-30,MEM,BKN,0,0.66491
22400125,2024-25,2024-10-30,OKC,SAS,1,0.779533
22400126,2024-25,2024-10-30,GSW,NOP,1,0.741293
22400127,2024-25,2024-10-30,LAC,POR,0,0.717667
22400128,2024-25,2024-10-31,MEM,MIL,1,0.40128
22400129,2024-25,2024-10-31,DAL,HOU,0,0.565658
22400130,2024-25,2024-10-31,UTA,SAS,0,0.590028
22400131,2024-25,2024-10-31,LAC,PHX,0,0.440227
22400132,2024-25,2024-11-01,CHA,BOS,0,0.308864
22400133,2024-25,2024-11-01,CLE,ORL,1,0.650623
22400134,2024-25,2024-11-01,DET,NYK,0,0.380161
22400135,2024-25,2024-11-01,ATL,SAC,0,0.399726
22400136,2024-25,2024-11-01,BKN,CHI,1,0.572766
22400137,2024-25,2024-11-01,TOR,LAL,0,0.425558
22400138,2024-25,2024-11-01,NOP,IND,1,0.463289
22400139,2024-25,2024-11-01,MIN,DEN,1,0.581623
22400140,2024-25,2024-11-01,POR,OKC,0,0.237911
22400141,2024-25,2024-11-02,CHA,BOS,0,0.263737
22400142,2024-25,2024-11-02,PHI,MEM,0,0.551568
22400143,2024-25,2024-11-02,TOR,SAC,1,0.391676
22400144,2024-25,2024-11-02,HOU,GSW,0,0.468713
22400145,2024-25,2024-11-02,MIL,CLE,0,0.378279
22400146,2024-25,2024-11-02,SAS,MIN,1,0.597191
22400148,2024-25,2024-11-02,DEN,UTA,1,0.663077
22400149,2024-25,2024-11-02,PHX,POR,1,0.798952
22400150,2024-25,2024-11-02,LAC,OKC,0,0.451308
22400151,2024-25,2024-11-03,BKN,DET,0,0.663883
22400152,2024-25,2024-11-03,NOP,ATL,0,0.522349
22400153,2024-25,2024-11-03,DAL,ORL,1,0.529709
22400154,2024-25,2024-11-04,CLE,MIL,1,0.743936
22400155,2024-25,2024-11-04,WAS,GSW,0,0.291254
22400156,2024-25,2024-11-04,DET,LAL,1,0.2924
22400157,2024-25,2024-11-04,ATL,BOS,0,0.222267
22400158,2024-25,2024-11-04,BKN,MEM,1,0.40135
22400159,2024-25,2024-11-04,MIA,SAC,0,0.404337
22400160,2024-25,2024-11-04,CHI,UTA,0,0.634749
22400161,2024-25,2024-11-04,HOU,NYK,1,0.512385
22400162,2024-25,2024-11-04,MIN,CHA,1,0.665955
22400163,2024-25,2024-11-04,OKC,ORL,1,0.817837
22400164,2024-25,2024-11-04,NOP,POR,0,0.466388
22400165,2024-25,2024-11-04,DAL,IND,0,0.605011
22400166,2024-25,2024-11-04,DEN,TOR,1,0.715895
22400167,2024-25,2024-11-04,PHX,PHI,1,0.705125
22400168,2024-25,2024-11-04,LAC,SAS,1,0.560173
22400169,2024-25,2024-11-06,CHA,DET,1,0.41331
22400170,2024-25,2024-11-06,IND,ORL,1,0.494205
22400171,2024-25,2024-11-06,ATL,NYK,1,0.38383
22400172,2024-25,2024-11-06,BOS,GSW,0,0.578826
22400173,2024-25,2024-11-06,HOU,SAS,1,0.609982
22400174,2024-25,2024-11-06,MEM,LAL,1,0.532373
22400175,2024-25,2024-11-06,NOP,CLE,0,0.240786
22400176,2024-25,2024-11-06,DAL,CHI,1,0.723949
22400177,2024-25,2024-11-06,DEN,OKC,1,0.345958
22400178,2024-25,2024-11-06,PHX,MIA,1,0.622423
22400179,2024-25,2024-11-06,LAC,PHI,1,0.646667
22400180,2024-25,2024-11-06,SAC,TOR,1,0.661984
22400181,2024-25,2024-11-07,CHI,MIN,0,0.295287
22400182,2024-25,2024-11-07,MIL,UTA,1,0.661071
22400183,2024-25,2024-11-07,SAS,POR,1,0.517574
22400184,2024-25,2024-11-08,CHA,IND,1,0.413063
22400185,2024-25,2024-11-08,DET,ATL,1,0.503383
22400186,2024-25,2024-11-08,ORL,NOP,1,0.662974
22400187,2024-25,2024-11-08,BOS,BKN,1,0.777625
22400188,2024-25,2024-11-08,CLE,GSW,1,0.540199
22400189,2024-25,2024-11-08,NYK,MIL,1,0.677192
22400190,2024-25,2024-11-08,DAL,PHX,0,0.571742
22400191,2024-25,2024-11-08,MEM,WAS,1,0.678056
22400192,2024-25,2024-11-08,OKC,HOU,1,0.627747
22400193,2024-25,2024-11-08,MIN,POR,1,0.678847
22400194,2024-25,2024-11-08,DEN,MIA,1,0.661562
22400195,2024-25,2024-11-08,LAL,PHI,1,0.568305
22400196,2024-25,2024-11-08,SAC,LAC,0,0.611805
22400197,2024-25,2024-11-09,SAS,UTA,0,0.769312
22400198,2024-25,2024-11-09,ATL,CHI,0,0.605461
22400199,2024-25,2024-11-09,CLE,BKN,1,0.759166
22400200,2024-25,2024-11-09,LAC,TOR,1,0.596003
22400201,2024-25,2024-11-10,DET,HOU,0,0.387689
22400202,2024-25,2024-11-10,MIL,BOS,0,0.283168
22400203,2024-25,2024-11-10,IND,NYK,1,0.424854
22400204,2024-25,2024-11-10,ORL,WAS,1,0.737078
22400205,2024-25,2024-11-10,PHI,CHA,1,0.520961
22400206,2024-25,2024-11-10,MIN,MIA,0,0.664912
22400207,2024-25,2024-11-10,OKC,GSW,0,0.697238
22400208,2024-25,2024-11-10,DEN,DAL,1,0.572155
22400209,2024-25,2024-11-10,PHX,SAC,0,0.471461
22400210,2024-25,2024-11-10,POR,MEM,0,0.378495
22400211,2024-25,2024-11-10,LAL,TOR,1,0.695667
22400212,2024-25,2024-11-11,CHI,CLE,0,0.235431
22400213,2024-25,2024-11-11,HOU,WAS,1,0.814166
22400214,2024-25,2024-11-11,NOP,BKN,0,0.395009
22400215,2024-25,2024-11-11,OKC,LAC,1,0.69978
22400216,2024-25,2024-11-11,SAS,SAC,1,0.509384
22400001,2024-25,2024-11-12,BOS,ATL,0,0.814297
22400002,2024-25,2024-11-12,DET,MIA,1,0.534676
22400003,2024-25,2024-11-12,ORL,CHA,1,0.715893
22400004,2024-25,2024-11-12,PHI,NYK,0,0.404662
22400005,2024-25,2024-11-12,MIL,TOR,1,0.615452
22400006,2024-25,2024-11-12,UTA,PHX,0,0.366779
22400007,2024-25,2024-11-12,GSW,DAL,1,0.581845
22400008,2024-25,2024-11-12,POR,MIN,1,0.360915
22400217,2024-25,2024-11-13,ORL,IND,1,0.603803
22400218,2024-25,2024-11-13,BKN,BOS,0,0.411847
22400219,2024-25,2024-11-13,NYK,CHI,0,0.673215
22400220,2024-25,2024-11-13,PHI,CLE,0,0.207442
22400221,2024-25,2024-11-13,OKC,NOP,1,0.871338
22400222,2024-25,2024-11-13,HOU,LAC,1,0.670885
22400223,2024-25,2024-11-13,MIL,DET,1,0.62006
22400224,2024-25,2024-11-13,SAS,WAS,1,0.775162
22400225,2024-25,2024-11-13,LAL,MEM,1,0.48652
22400226,2024-25,2024-11-13,POR,MIN,1,0.412057
22400227,2024-25,2024-11-13,SAC,PHX,1,0.70055
22400228,2024-25,2024-11-14,UTA,DAL,1,0.321259
22400009,2024-25,2024-11-15,IND,MIA,0,0.562068
22400010,2024-25,2024-11-15,ORL,PHI,1,0.753592
22400011,2024-25,2024-11-15,TOR,DET,0,0.502932
22400012,2024-25,2024-11-15,ATL,WAS,1,0.736003
22400013,2024-25,2024-11-15,CLE,CHI,1,0.813202
22400014,2024-25,2024-11-15,NYK,BKN,1,0.646339
22400015,2024-25,2024-11-15,SAS,LAL,0,0.582398
22400016,2024-25,2024-11-15,HOU,LAC,1,0.657981
22400017,2024-25,2024-11-15,NOP,DEN,1,0.374433
22400018,2024-25,2024-11-15,OKC,PHX,1,0.790731
22400019,2024-25,2024-11-15,GSW,MEM,1,0.621904
22400020,2024-25,2024-11-15,SAC,MIN,0,0.653996
22400229,2024-25,2024-11-16,CHA,MIL,1,0.454914
22400230,2024-25,2024-11-16,BOS,TOR,1,0.908098
22400231,2024-25,2024-11-16,NOP,LAL,0,0.42119
22400232,2024-25,2024-11-16,DAL,SAS,1,0.731013
22400233,2024-25,2024-11-16,SAC,UTA,1,0.756496
22400234,2024-25,2024-11-17,MIN,PHX,1,0.578058
22400235,2024-25,2024-11-17,IND,MIA,1,0.501003
22400236,2024-25,2024-11-17,CLE,CHA,1,0.877045
22400237,2024-25,2024-11-17,WAS,DET,0,0.408803
22400238,2024-25,2024-11-17,MEM,DEN,1,0.593238
22400239,2024-25,2024-11-17,POR,ATL,1,0.490114
22400240,2024-25,2024-11-17,NYK,BKN,1,0.648672
22400241,2024-25,2024-11-17,CHI,HOU,0,0.293762
22400242,2024-25,2024-11-17,OKC,DAL,0,0.796283
22400243,2024-25,2024-11-17,LAC,UTA,1,0.792114
22400244,2024-25,2024-11-18,DET,CHI,0,0.682534
22400245,2024-25,2024-11-18,MIA,PHI,1,0.560199
22400246,2024-25,2024-11-18,NYK,WAS,1,0.854101
22400247,2024-25,2024-11-18,TOR,IND,1,0.573689
22400248,2024-25,2024-11-18,MIL,HOU,1,0.475752
22400249,2024-25,2024-11-18,PHX,ORL,0,0.374423
22400250,2024-25,2024-11-18,SAC,ATL,0,0.769654
22400251,2024-25,2024-11-18,LAC,GSW,1,0.321608
22400021,2024-25,2024-11-19,BOS,CLE,1,0.59289
22400022,2024-25,2024-11-19,BKN,CHA,1,0.610427
22400023,2024-25,2024-11-19,MEM,DEN,0,0.671402
22400024,2024-25,2024-11-19,DAL,NOP,1,0.780603
22400025,2024-25,2024-11-19,SAS,OKC,1,0.298027
22400026,2024-25,2024-11-19,LAL,UTA,1,0.745791
22400252,2024-25,2024-11-20,CLE,NOP,1,0.86302
22400253,2024-25,2024-11-20,MIL,CHI,1,0.686114
22400254,2024-25,2024-11-20,HOU,IND,1,0.762145
22400255,2024-25,2024-11-20,MEM,PHI,1,0.699029
22400256,2024-25,2024-11-20,OKC,POR,1,0.794585
22400257,2024-25,2024-11-20,PHX,NYK,0,0.477757
22400258,2024-25,2024-11-20,GSW,ATL,1,0.713964
22400259,2024-25,2024-11-20,LAC,ORL,1,0.437175
22400260,2024-25,2024-11-21,CHA,DET,1,0.471217
22400261,2024-25,2024-11-21,TOR,MIN,1,0.387404
22400262,2024-25,2024-11-21,SAS,UTA,1,0.752042
22400263,2024-25,2024-11-21,LAL,ORL,0,0.57538
22400027,2024-25,2024-11-22,PHI,BKN,1,0.482482
22400028,2024-25,2024-11-22,WAS,BOS,0,0.147193
22400029,2024-25,2024-11-22,MIL,IND,1,0.655903
22400030,2024-25,2024-11-22,CHI,ATL,1,0.489047
22400031,2024-25,2024-11-22,HOU,POR,1,0.820803
22400032,2024-25,2024-11-22,NOP,GSW,0,0.276712
22400033,2024-25,2024-11-22,DEN,DAL,0,0.487737
22400034,2024-25,2024-11-22,LAC,SAC,1,0.455407
22400264,2024-25,2024-11-23,UTA,NYK,1,0.330694
22400265,2024-25,2024-11-23,ORL,DET,1,0.662511
22400266,2024-25,2024-11-23,CHI,MEM,0,0.27655
22400267,2024-25,2024-11-23,HOU,POR,0,0.852198
22400268,2024-25,2024-11-23,MIL,CHA,1,0.610248
22400269,2024-25,2024-11-23,SAS,GSW,1,0.549253
22400270,2024-25,2024-11-23,LAL,DEN,0,0.670142
22400271,2024-25,2024-11-24,BOS,MIN,1,0.707757
22400272,2024-25,2024-11-24,IND,WAS,1,0.739258
22400273,2024-25,2024-11-24,MIA,DAL,1,0.452028
22400274,2024-25,2024-11-24,PHI,LAC,0,0.451915
22400275,2024-25,2024-11-24,CLE,TOR,1,0.819354
22400276,2024-25,2024-11-24,SAC,BKN,0,0.742805
22400277,2024-25,2024-11-25,CHA,ORL,0,0.341443
22400278,2024-25,2024-11-25,DET,TOR,1,0.687764
22400279,2024-25,2024-11-25,IND,NOP,1,0.578151
22400280,2024-25,2024-11-25,ATL,DAL,0,0.418559
22400281,2024-25,2024-11-25,BOS,LAC,1,0.714626
22400282,2024-25,2024-11-25,MEM,POR,1,0.771871
22400283,2024-25,2024-11-25,DEN,NYK,0,0.557418
22400284,2024-25,2024-11-25,GSW,BKN,0,0.786109
22400285,2024-25,2024-11-25,SAC,OKC,0,0.29843
22400035,2024-25,2024-11-26,WAS,CHI,0,0.430452
22400036,2024-25,2024-11-26,MIA,MIL,0,0.578653
22400037,2024-25,2024-11-26,MIN,HOU,0,0.404848
22400038,2024-25,2024-11-26,UTA,SAS,0,0.453964
22400039,2024-25,2024-11-26,PHX,LAL,1,0.594555
22400286,2024-25,2024-11-27,CHA,MIA,0,0.528551
22400287,2024-25,2024-11-27,CLE,ATL,0,0.819839
22400288,2024-25,2024-11-27,IND,POR,1,0.63516
22400289,2024-25,2024-11-27,ORL,CHI,1,0.85192
22400290,2024-25,2024-11-27,PHI,HOU,0,0.376158
22400291,2024-25,2024-11-27,WAS,LAC,0,0.189921
22400292,2024-25,2024-11-27,DAL,NYK,1,0.562028
22400293,2024-25,2024-11-27,MEM,DET,1,0.716285
22400294,2024-25,2024-11-27,MIN,SAC,0,0.517436
22400295,2024-25,2024-11-27,NOP,TOR,0,0.511028
22400296,2024-25,2024-11-27,SAS,LAL,0,0.65427
22400297,2024-25,2024-11-27,PHX,BKN,0,0.584494
22400298,2024-25,2024-11-27,UTA,DEN,0,0.329365
22400299,2024-25,2024-11-27,GSW,OKC,0,0.346449
22400040,2024-25,2024-11-29,CHA,NYK,0,0.310123
22400041,2024-25,2024-11-29,ATL,CLE,1,0.305081
22400042,2024-25,2024-11-29,MEM,NOP,1,0.809848
22400043,2024-25,2024-11-29,BKN,ORL,0,0.346152
22400044,2024-25,2024-11-29,MIN,LAC,1,0.515424
22400045,2024-25,2024-11-29,IND,DET,0,0.563504
22400046,2024-25,2024-11-29,MIA,TOR,1,0.62715
22400047,2024-25,2024-11-29,CHI,BOS,0,0.2397
22400048,2024-25,2024-11-29,LAL,OKC,0,0.266484
22400049,2024-25,2024-11-29,POR,SAC,1,0.349268
22400300,2024-25,2024-11-30,CHA,ATL,0,0.484744
22400301,2024-25,2024-11-30,DET,PHI,0,0.511969
22400302,2024-25,2024-11-30,MIL,WAS,1,0.824051
22400303,2024-25,2024-11-30,PHX,GSW,1,0.45649
22400304,2024-25,2024-11-30,UTA,DAL,0,0.275045
22400305,2024-25,2024-12-01,BKN,ORL,0,0.338704
22400306,2024-25,2024-12-01,MEM,IND,1,0.73563
22400307,2024-25,2024-12-01,CLE,BOS,1,0.473507
22400308,2024-25,2024-12-01,NYK,NOP,1,0.805634
22400309,2024-25,2024-12-01,TOR,MIA,1,0.456841
22400310,2024-25,2024-12-01,HOU,OKC,1,0.448615
22400311,2024-25,2024-12-01,UTA,LAL,0,0.359349
22400312,2024-25,2024-12-01,POR,DAL,0,0.362404
22400313,2024-25,2024-12-01,SAC,SAS,0,0.598802
22400314,2024-25,2024-12-01,LAC,DEN,1,0.537864
22400315,2024-25,2024-12-02,ATL,NOP,1,0.789888
22400316,2024-25,2024-12-02,BOS,MIA,1,0.764242
22400317,2024-25,2024-12-02,CHI,BKN,1,0.608159
22400318,2024-25,2024-12-02,MIN,LAL,1,0.686953
22400050,2024-25,2024-12-03,CHA,PHI,0,0.516064
22400051,2024-25,2024-12-03,CLE,WAS,1,0.889052
22400052,2024-25,2024-12-03,DET,MIL,0,0.458061
22400053,2024-25,2024-12-03,NYK,ORL,1,0.519929
22400054,2024-25,2024-12-03,TOR,IND,1,0.566506
22400055,2024-25,2024-12-03,OKC,UTA,1,0.898835
22400056,2024-25,2024-12-03,DAL,MEM,1,0.569654
22400057,2024-25,2024-12-03,PHX,SAS,1,0.552341
22400058,2024-25,2024-12-03,DEN,GSW,1,0.565164
22400059,2024-25,2024-12-03,SAC,HOU,1,0.411192
22400060,2024-25,2024-12-03,LAC,POR,1,0.738984
22400319,2024-25,2024-12-04,BOS,DET,1,0.87815
22400320,2024-25,2024-12-04,BKN,IND,1,0.65754
22400321,2024-25,2024-12-04,MIA,LAL,1,0.581647
22400322,2024-25,2024-12-04,PHI,ORL,0,0.354964
22400323,2024-25,2024-12-04,MIL,ATL,0,0.540948
22400324,2024-25,2024-12-04,LAC,MIN,0,0.514208
22400325,2024-25,2024-12-05,CLE,DEN,1,0.688049
22400326,2024-25,2024-12-05,WAS,DAL,0,0.171246
22400327,2024-25,2024-12-05,NYK,CHA,1,0.791389
22400328,2024-25,2024-12-05,TOR,OKC,0,0.253143
22400329,2024-25,2024-12-05,MEM,SAC,1,0.633921
22400330,2024-25,2024-12-05,NOP,PHX,1,0.357699
22400331,2024-25,2024-12-05,SAS,CHI,0,0.618154
22400332,2024-25,2024-12-05,GSW,HOU,1,0.457269
22400333,2024-25,2024-12-06,PHI,ORL,1,0.327485
22400334,2024-25,2024-12-06,ATL,LAL,1,0.632247
22400335,2024-25,2024-12-06,BOS,MIL,1,0.753454
22400336,2024-25,2024-12-06,CHI,IND,0,0.528692
22400337,2024-25,2024-12-06,SAS,SAC,0,0.496929
22400338,2024-25,2024-12-06,GSW,MIN,0,0.504016
22400339,2024-25,2024-12-06,POR,UTA,0,0.615833
22400340,2024-25,2024-12-07,CHA,CLE,0,0.249849
22400341,2024-25,2024-12-07,WAS,DEN,1,0.224949
22400342,2024-25,2024-12-07,NOP,OKC,0,0.151226
22400343,2024-25,2024-12-07,NYK,DET,0,0.764206
22400344,2024-25,2024-12-07,TOR,DAL,0,0.300366
22400345,2024-25,2024-12-07,BOS,MEM,0,0.570133
22400346,2024-25,2024-12-07,MIA,PHX,1,0.574958
22400347,2024-25,2024-12-08,CHI,PHI,0,0.583601
22400348,2024-25,2024-12-08,BKN,MIL,0,0.501799
22400349,2024-25,2024-12-08,IND,CHA,0,0.690207
22400350,2024-25,2024-12-08,ATL,DEN,0,0.648075
22400351,2024-25,2024-12-08,MIA,CLE,1,0.458361
22400352,2024-25,2024-12-08,ORL,PHX,1,0.754952
22400353,2024-25,2024-12-08,WAS,MEM,0,0.199584
22400354,2024-25,2024-12-08,SAS,NOP,1,0.754207
22400355,2024-25,2024-12-08,GSW,MIN,1,0.501033
22400356,2024-25,2024-12-08,LAC,HOU,0,0.435377
22400357,2024-25,2024-12-08,SAC,UTA,1,0.748064
22400358,2024-25,2024-12-08,LAL,POR,1,0.645061
22400359,2024-25,2024-12-09,TOR,NYK,0,0.341788
22401201,2024-25,2024-12-10,MIL,ORL,1,0.418758
22401203,2024-25,2024-12-10,OKC,DAL,1,0.636378
22401202,2024-25,2024-12-11,NYK,ATL,0,0.688897
22401204,2024-25,2024-12-11,HOU,GSW,1,0.646852
22401205,2024-25,2024-12-12,BOS,DET,1,0.807613
22401206,2024-25,2024-12-12,MIA,TOR,1,0.674848
22401207,2024-25,2024-12-12,NOP,SAC,0,0.271931
22401208,2024-25,2024-12-13,CLE,WAS,1,0.886333
22401209,2024-25,2024-12-13,PHI,IND,0,0.578133
22401210,2024-25,2024-12-13,MIN,LAL,1,0.665689
22401211,2024-25,2024-12-13,MEM,BKN,1,0.748613
22401212,2024-25,2024-12-13,CHI,CHA,1,0.592456
22401213,2024-25,2024-12-13,DEN,LAC,1,0.608101
22401214,2024-25,2024-12-13,UTA,PHX,0,0.455549
22401215,2024-25,2024-12-13,POR,SAS,0,0.432456
22401216,2024-25,2024-12-15,IND,NOP,1,0.651078
22401217,2024-25,2024-12-15,WAS,BOS,0,0.118389
22401218,2024-25,2024-12-15,SAS,MIN,0,0.401728
22401219,2024-25,2024-12-15,PHX,POR,1,0.701711
22401220,2024-25,2024-12-15,LAL,MEM,1,0.355247
22401227,2024-25,2024-12-15,ORL,NYK,0,0.554196
22401228,2024-25,2024-12-15,GSW,DAL,0,0.465782
22401221,2024-25,2024-12-16,DET,MIA,1,0.413204
22401222,2024-25,2024-12-16,CHA,PHI,0,0.478949
22401223,2024-25,2024-12-16,TOR,CHI,0,0.537296
22401224,2024-25,2024-12-16,BKN,CLE,0,0.298218
22401225,2024-25,2024-12-16,SAC,DEN,0,0.541714
22401226,2024-25,2024-12-16,LAC,UTA,1,0.73272
22400360,2024-25,2024-12-19,DET,UTA,0,0.674972
22400361,2024-25,2024-12-19,ORL,OKC,0,0.375926
22400362,2024-25,2024-12-19,WAS,CHA,1,0.419804
22400363,2024-25,2024-12-19,BOS,CHI,0,0.80865
22400364,2024-25,2024-12-19,TOR,BKN,0,0.580579
22400365,2024-25,2024-12-19,HOU,NOP,1,0.851333
22400366,2024-25,2024-12-19,MEM,GSW,1,0.594406
22400367,2024-25,2024-12-19,MIN,NYK,0,0.524949
22400368,2024-25,2024-12-19,DAL,LAC,0,0.670928
22400369,2024-25,2024-12-19,PHX,IND,0,0.616747
22400370,2024-25,2024-12-19,SAS,ATL,1,0.487006
22400371,2024-25,2024-12-19,POR,DEN,1,0.29865
22400372,2024-25,2024-12-19,SAC,LAL,0,0.671734
22400373,2024-25,2024-12-20,PHI,CHA,1,0.717221
22400374,2024-25,2024-12-20,CLE,MIL,1,0.670327
22400375,2024-25,2024-12-20,MIA,OKC,0,0.398824
22400376,2024-25,2024-12-21,SAC,LAL,0,0.594272
22400377,2024-25,2024-12-21,ORL,MIA,1,0.696347
22400378,2024-25,2024-12-21,ATL,MEM,0,0.377675
22400379,2024-25,2024-12-21,BKN,UTA,0,0.64622
22400380,2024-25,2024-12-21,CLE,PHI,1,0.782847
22400381,2024-25,2024-12-21,CHI,BOS,0,0.25709
22400382,2024-25,2024-12-21,MIL,WAS,1,0.720858
22400383,2024-25,2024-12-21,MIN,GSW,0,0.569826
22400384,2024-25,2024-12-21,NOP,NYK,0,0.235399
22400385,2024-25,2024-12-21,DAL,LAC,1,0.636255
22400386,2024-25,2024-12-21,SAS,POR,1,0.652347
22400387,2024-25,2024-12-21,PHX,DET,0,0.651453
22400388,2024-25,2024-12-22,TOR,HOU,0,0.296672
22400389,2024-25,2024-12-22,SAC,IND,0,0.559933
22400390,2024-25,2024-12-22,NOP,DEN,0,0.238152
22400391,2024-25,2024-12-23,CHA,HOU,0,0.302025
22400392,2024-25,2024-12-23,CLE,UTA,1,0.858738
22400393,2024-25,2024-12-23,ORL,BOS,1,0.427326
22400394,2024-25,2024-12-23,PHI,SAS,1,0.504764
22400395,2024-25,2024-12-23,ATL,MIN,1,0.470538
22400396,2024-25,2024-12-23,MIA,BKN,1,0.696204
22400397,2024-25,2024-12-23,NYK,TOR,1,0.81653
22400398,2024-25,2024-12-23,CHI,MIL,0,0.458618
22400399,2024-25,2024-12-23,MEM,LAC,0,0.642241
22400400,2024-25,2024-12-23,OKC,WAS,1,0.923565
22400401,2024-25,2024-12-23,DAL,POR,1,0.812013
22400402,2024-25,2024-12-23,DEN,PHX,1,0.596515
22400403,2024-25,2024-12-23,GSW,IND,0,0.682229
22400404,2024-25,2024-12-23,LAL,DET,0,0.600952
22400405,2024-25,2024-12-25,NYK,SAS,1,0.709175
22400406,2024-25,2024-12-25,DAL,MIN,0,0.660068
22400407,2024-25,2024-12-25,BOS,PHI,0,0.803689
22400408,2024-25,2024-12-25,GSW,LAL,0,0.604779
22400409,2024-25,2024-12-25,PHX,DEN,1,0.404937
22400410,2024-25,2024-12-26,IND,OKC,0,0.242639
22400411,2024-25,2024-12-26,ORL,MIA,0,0.574511
22400412,2024-25,2024-12-26,WAS,CHA,1,0.384448
22400413,2024-25,2024-12-26,ATL,CHI,1,0.612185
22400414,2024-25,2024-12-26,MEM,TOR,1,0.760954
22400415,2024-25,2024-12-26,MIL,BKN,0,0.665858
22400416,2024-25,2024-12-26,NOP,HOU,0,0.207501
22400417,2024-25,2024-12-26,POR,UTA,1,0.548258
22400418,2024-25,2024-12-26,SAC,DET,0,0.621558
22400419,2024-25,2024-12-27,ORL,NYK,0,0.449949
22400420,2024-25,2024-12-27,BOS,IND,1,0.826648
22400421,2024-25,2024-12-27,BKN,SAS,0,0.392085
22400422,2024-25,2024-12-27,HOU,MIN,0,0.573784
22400423,2024-25,2024-12-27,NOP,MEM,0,0.239488
22400424,2024-25,2024-12-27,DEN,CLE,0,0.434932
22400425,2024-25,2024-12-27,PHX,DAL,0,0.363683
22400426,2024-25,2024-12-27,LAC,GSW,1,0.547545
22400427,2024-25,2024-12-28,ATL,MIA,1,0.48188
22400428,2024-25,2024-12-28,CHA,OKC,0,0.153149
22400429,2024-25,2024-12-28,WAS,NYK,0,0.245749
22400430,2024-25,2024-12-28,CHI,MIL,1,0.424554
22400431,2024-25,2024-12-28,GSW,PHX,1,0.635784
22400432,2024-25,2024-12-28,DEN,DET,1,0.614608
22400433,2024-25,2024-12-28,UTA,PHI,0,0.468894
22400434,2024-25,2024-12-28,POR,DAL,1,0.338814
22400435,2024-25,2024-12-28,LAL,SAC,1,0.475881
22400436,2024-25,2024-12-29,ORL,BKN,1,0.73064
22400437,2024-25,2024-12-29,BOS,IND,0,0.757806
22400438,2024-25,2024-12-29,TOR,ATL,0,0.518604
22400439,2024-25,2024-12-29,HOU,MIA,0,0.759123
22400440,2024-25,2024-12-29,OKC,MEM,1,0.580338
22400441,2024-25,2024-12-29,MIN,SAS,1,0.614737
22400442,2024-25,2024-12-30,CHA,CHI,0,0.456869
22400443,2024-25,2024-12-30,WAS,NYK,0,0.163682
22400444,2024-25,2024-12-30,NOP,LAC,0,0.305975
22400445,2024-25,2024-12-30,UTA,DEN,0,0.316447
22400446,2024-25,2024-12-30,GSW,CLE,0,0.343428
22400447,2024-25,2024-12-30,POR,PHI,0,0.433319
22400448,2024-25,2024-12-30,SAC,DAL,1,0.428122
22400449,2024-25,2024-12-31,BOS,TOR,1,0.828503
22400450,2024-25,2024-12-31,IND,MIL,0,0.505863
22400451,2024-25,2024-12-31,SAS,LAC,1,0.520399
22400452,2024-25,2024-12-31,OKC,MIN,1,0.74171
22400453,2024-25,2024-12-31,PHX,MEM,0,0.376536
22400454,2024-25,2024-12-31,LAL,CLE,0,0.42191
22400455,2024-25,2025-01-01,DET,ORL,1,0.380035
22400456,2024-25,2025-01-01,WAS,CHI,1,0.350716
22400457,2024-25,2025-01-01,MIA,NOP,1,0.74985
22400458,2024-25,2025-01-01,NYK,UTA,1,0.853342
22400459,2024-25,2025-01-01,TOR,BKN,1,0.422723
22400460,2024-25,2025-01-01,HOU,DAL,1,0.611285
22400461,2024-25,2025-01-01,DEN,ATL,1,0.608707
22400462,2024-25,2025-01-01,SAC,PHI,1,0.607015
22400463,2024-25,2025-01-02,MIA,IND,0,0.532203
22400464,2024-25,2025-01-02,MIN,BOS,0,0.369149
22400465,2024-25,2025-01-02,MIL,BKN,0,0.734424
22400466,2024-25,2025-01-02,OKC,LAC,1,0.756382
22400467,2024-25,2025-01-02,GSW,PHI,1,0.703088
22400468,2024-25,2025-01-02,LAL,POR,1,0.707986
22400469,2024-25,2025-01-03,DET,CHA,1,0.668129
22400470,2024-25,2025-01-03,TOR,ORL,0,0.31311
22400471,2024-25,2025-01-03,HOU,BOS,0,0.618758
22400472,2024-25,2025-01-03,NOP,WAS,1,0.616848
22400473,2024-25,2025-01-03,OKC,NYK,1,0.580932
22400474,2024-25,2025-01-03,DAL,CLE,0,0.447088
22400475,2024-25,2025-01-03,DEN,SAS,0,0.690729
22400476,2024-25,2025-01-03,SAC,MEM,1,0.468262
22400477,2024-25,2025-01-03,LAL,ATL,1,0.453059
22400478,2024-25,2025-01-04,BKN,PHI,0,0.540674
22400479,2024-25,2025-01-04,DET,MIN,1,0.371656
22400480,2024-25,2025-01-04,IND,PHX,1,0.580154
22400481,2024-25,2025-01-04,MIA,UTA,0,0.775093
22400482,2024-25,2025-01-04,CHI,NYK,1,0.363332
22400483,2024-25,2025-01-04,MIL,POR,0,0.720279
22400484,2024-25,2025-01-04,SAS,DEN,0,0.510441
22400485,2024-25,2025-01-04,GSW,MEM,1,0.554243
22400486,2024-25,2025-01-04,LAC,ATL,1,0.612268
22400487,2024-25,2025-01-05,OKC,BOS,1,0.593618
22400488,2024-25,2025-01-05,CLE,CHA,1,0.847244
22400489,2024-25,2025-01-05,WAS,NOP,0,0.449264
22400490,2024-25,2025-01-05,ORL,UTA,0,0.824208
22400491,2024-25,2025-01-05,HOU,LAL,1,0.713255
22400492,2024-25,2025-01-05,GSW,SAC,0,0.448619
22400493,2024-25,2025-01-06,DET,POR,1,0.641172
22400494,2024-25,2025-01-06,PHI,PHX,0,0.527829
22400495,2024-25,2025-01-06,BKN,IND,0,0.378
22400496,2024-25,2025-01-06,NYK,ORL,0,0.726675
22400497,2024-25,2025-01-06,TOR,MIL,0,0.421706
22400498,2024-25,2025-01-06,CHI,SAS,1,0.453283
22400499,2024-25,2025-01-06,MEM,DAL,1,0.532728
22400500,2024-25,2025-01-06,MIN,LAC,1,0.512767
22400501,2024-25,2025-01-06,SAC,MIA,1,0.560507
22400502,2024-25,2025-01-07,CHA,PHX,1,0.498081
22400503,2024-25,2025-01-07,WAS,HOU,0,0.173954
22400504,2024-25,2025-01-07,DAL,LAL,1,0.553311
22400505,2024-25,2025-01-07,NOP,MIN,0,0.472668
22400506,2024-25,2025-01-07,UTA,ATL,0,0.451868
22400507,2024-25,2025-01-07,DEN,BOS,0,0.429872
22400508,2024-25,2025-01-07,GSW,MIA,0,0.629001
22400509,2024-25,2025-01-08,CLE,OKC,1,0.464669
22400510,2024-25,2025-01-08,IND,CHI,1,0.642263
22400511,2024-25,2025-01-08,NYK,TOR,1,0.781581
22400512,2024-25,2025-01-08,PHI,WAS,1,0.825963
22400513,2024-25,2025-01-08,BKN,DET,0,0.456848
22400514,2024-25,2025-01-08,NOP,POR,0,0.451506
22400515,2024-25,2025-01-08,DEN,LAC,1,0.520418
22400516,2024-25,2025-01-08,MIL,SAS,1,0.560476
22400517,2024-25,2025-01-09,CLE,TOR,1,0.861903
22400518,2024-25,2025-01-09,DET,GSW,0,0.463837
22400519,2024-25,2025-01-09,ORL,MIN,0,0.600235
22400520,2024-25,2025-01-09,MEM,HOU,0,0.508417
22400521,2024-25,2025-01-09,DAL,POR,1,0.844199
22400522,2024-25,2025-01-09,PHX,ATL,1,0.448808
22400523,2024-25,2025-01-09,UTA,MIA,0,0.423582
22400525,2024-25,2025-01-10,IND,GSW,1,0.682508
22400526,2024-25,2025-01-10,ORL,MIL,0,0.495105
22400527,2024-25,2025-01-10,PHI,NOP,0,0.69647
22400528,2024-25,2025-01-10,BOS,SAC,0,0.715837
22400529,2024-25,2025-01-10,NYK,OKC,0,0.406875
22400530,2024-25,2025-01-10,CHI,WAS,1,0.71182
22400531,2024-25,2025-01-10,DEN,BKN,1,0.794962
22400533,2024-25,2025-01-11,PHX,UTA,1,0.611512
22400534,2024-25,2025-01-11,DET,TOR,1,0.645638
22400535,2024-25,2025-01-11,MIN,MEM,0,0.399956
22400536,2024-25,2025-01-11,POR,MIA,0,0.334467
22400539,2024-25,2025-01-12,NYK,MIL,1,0.666035
22400540,2024-25,2025-01-12,DAL,DEN,0,0.56368
22400541,2024-25,2025-01-12,CHI,SAC,0,0.329854
22400542,2024-25,2025-01-12,BOS,NOP,1,0.876358
22400543,2024-25,2025-01-12,CLE,IND,0,0.685043
22400544,2024-25,2025-01-12,ORL,PHI,1,0.644163
22400545,2024-25,2025-01-12,WAS,OKC,0,0.070764
22400546,2024-25,2025-01-12,UTA,BKN,1,0.493601
22400547,2024-25,2025-01-12,PHX,CHA,1,0.558536
22400548,2024-25,2025-01-13,WAS,MIN,0,0.170447
22400549,2024-25,2025-01-13,NYK,DET,0,0.638948
22400550,2024-25,2025-01-13,TOR,GSW,1,0.367349
22400551,2024-25,2025-01-13,HOU,MEM,1,0.575142
22400552,2024-25,2025-01-13,LAL,SAS,0,0.566689
22400553,2024-25,2025-01-13,LAC,MIA,1,0.511369
22400554,2024-25,2025-01-14,IND,CLE,0,0.401341
22400555,2024-25,2025-01-14,PHI,OKC,0,0.186495
22400556,2024-25,2025-01-14,ATL,PHX,1,0.560478
22400557,2024-25,2025-01-14,CHI,NOP,0,0.597684
22400558,2024-25,2025-01-14,MIL,SAC,1,0.399967
22400559,2024-25,2025-01-14,DAL,DEN,0,0.492881
22400560,2024-25,2025-01-14,POR,BKN,0,0.510065
22400561,2024-25,2025-01-15,PHI,NYK,0,0.241631
22400562,2024-25,2025-01-15,TOR,BOS,1,0.195108
22400563,2024-25,2025-01-15,CHI,ATL,0,0.432251
22400564,2024-25,2025-01-15,MIL,ORL,1,0.403079
22400565,2024-25,2025-01-15,MIN,GSW,0,0.552444
22400566,2024-25,2025-01-15,NOP,DAL,1,0.308048
22400567,2024-25,2025-01-15,SAS,MEM,0,0.393593
22400568,2024-25,2025-01-15,DEN,HOU,0,0.433542
22400569,2024-25,2025-01-15,UTA,CHA,0,0.579237
22400570,2024-25,2025-01-15,LAL,MIA,1,0.466497
22400571,2024-25,2025-01-15,LAC,BKN,1,0.790556
22400572,2024-25,2025-01-16,DET,IND,0,0.438292
22400573,2024-25,2025-01-16,WAS,PHX,0,0.304422
22400574,2024-25,2025-01-16,OKC,CLE,1,0.609841
22400575,2024-25,2025-01-16,POR,LAC,0,0.393623
22400576,2024-25,2025-01-16,SAC,HOU,1,0.509512
22400577,2024-25,2025-01-17,BOS,ORL,1,0.688865
22400578,2024-25,2025-01-17,NYK,MIN,0,0.625017
22400579,2024-25,2025-01-17,MIA,DEN,0,0.452972
22400580,2024-25,2025-01-17,MIL,TOR,1,0.653089
22400581,2024-25,2025-01-17,NOP,UTA,1,0.544426
22400582,2024-25,2025-01-17,SAS,MEM,0,0.369172
22400583,2024-25,2025-01-17,DAL,OKC,1,0.346309
22400584,2024-25,2025-01-17,CHI,CHA,0,0.550473
22400585,2024-25,2025-01-17,LAL,BKN,1,0.656289
22400586,2024-25,2025-01-18,DET,PHX,0,0.555583
22400587,2024-25,2025-01-18,BOS,ATL,0,0.694636
22400588,2024-25,2025-01-18,IND,PHI,1,0.654607
22400589,2024-25,2025-01-18,GSW,WAS,1,0.789857
22400590,2024-25,2025-01-18,MIN,CLE,0,0.300733
22400591,2024-25,2025-01-18,POR,HOU,0,0.20672
22400592,2024-25,2025-01-19,MIA,SAS,1,0.574325
22400593,2024-25,2025-01-19,ORL,DEN,0,0.433885
22400594,2024-25,2025-01-19,MIL,PHI,1,0.727198
22400595,2024-25,2025-01-19,OKC,BKN,1,0.883733
22400596,2024-25,2025-01-19,LAC,LAL,1,0.589942
22400597,2024-25,2025-01-19,POR,CHI,1,0.393245
22400598,2024-25,2025-01-19,SAC,WAS,1,0.89327
22400599,2024-25,2025-01-20,CHA,DAL,1,0.308004
22400600,2024-25,2025-01-20,HOU,DET,0,0.703429
22400601,2024-25,2025-01-20,MEM,MIN,1,0.643944
22400602,2024-25,2025-01-20,NYK,ATL,1,0.653953
22400603,2024-25,2025-01-20,CLE,PHX,1,0.735554
22400604,2024-25,2025-01-20,GSW,BOS,0,0.38877
22400605,2024-25,2025-01-20,NOP,UTA,1,0.565519
22400611,2024-25,2025-01-20,LAC,CHI,0,0.761854
22400606,2024-25,2025-01-21,BKN,NYK,0,0.323712
22400607,2024-25,2025-01-21,MIA,POR,0,0.768677
22400608,2024-25,2025-01-21,TOR,ORL,1,0.414502
22400609,2024-25,2025-01-21,DEN,PHI,1,0.760558
22400610,2024-25,2025-01-21,LAL,WAS,1,0.786025
22400612,2024-25,2025-01-22,ATL,DET,0,0.523579
22400613,2024-25,2025-01-22,BKN,PHX,0,0.355808
22400614,2024-25,2025-01-22,DAL,MIN,0,0.559562
22400615,2024-25,2025-01-22,HOU,CLE,1,0.508585
22400616,2024-25,2025-01-22,MEM,CHA,1,0.803617
22400618,2024-25,2025-01-22,OKC,UTA,1,0.895599
22400619,2024-25,2025-01-22,SAC,GSW,1,0.637278
22400620,2024-25,2025-01-22,LAC,BOS,0,0.388527
22400622,2024-25,2025-01-23,ORL,POR,0,0.690849
22400623,2024-25,2025-01-23,ATL,TOR,0,0.507553
22400624,2024-25,2025-01-23,MIL,MIA,1,0.594746
22400625,2024-25,2025-01-23,OKC,DAL,0,0.756957
22400626,2024-25,2025-01-23,DEN,SAC,1,0.711361
22400628,2024-25,2025-01-23,GSW,CHI,1,0.549671
22400629,2024-25,2025-01-23,LAL,BOS,1,0.399828
22400983,2024-25,2025-01-23,LAC,WAS,1,0.791309
22400630,2024-25,2025-01-24,CHA,POR,0,0.624328
22400631,2024-25,2025-01-24,PHI,CLE,1,0.23659
22400632,2024-25,2025-01-24,MEM,NOP,1,0.77729
22400634,2024-25,2025-01-25,MIN,DEN,1,0.423942
22400635,2024-25,2025-01-25,DAL,BOS,0,0.431809
22400636,2024-25,2025-01-25,BKN,MIA,0,0.384908
22400637,2024-25,2025-01-25,CHA,NOP,1,0.504825
22400638,2024-25,2025-01-25,ORL,DET,1,0.517662
22400639,2024-25,2025-01-25,ATL,TOR,0,0.590011
22400640,2024-25,2025-01-25,CLE,HOU,0,0.471036
22400641,2024-25,2025-01-25,NYK,SAC,1,0.566017
22400642,2024-25,2025-01-25,CHI,PHI,0,0.551275
22400643,2024-25,2025-01-25,MEM,UTA,1,0.743838
22400644,2024-25,2025-01-25,GSW,LAL,0,0.506292
22400645,2024-25,2025-01-25,PHX,WAS,1,0.753145
22400646,2024-25,2025-01-25,LAC,MIL,1,0.510364
22400647,2024-25,2025-01-26,POR,OKC,0,0.147164
22400648,2024-25,2025-01-27,CHA,LAL,0,0.378608
22400649,2024-25,2025-01-27,CLE,DET,1,0.712186
22400650,2024-25,2025-01-27,BOS,HOU,0,0.534308
22400651,2024-25,2025-01-27,BKN,SAC,0,0.314821
22400652,2024-25,2025-01-27,MIA,ORL,1,0.527502
22400653,2024-25,2025-01-27,NYK,MEM,1,0.563169
22400654,2024-25,2025-01-27,TOR,NOP,1,0.598368
22400655,2024-25,2025-01-27,CHI,DEN,1,0.268935
22400656,2024-25,2025-01-27,MIN,ATL,1,0.668282
22400657,2024-25,2025-01-27,DAL,WAS,1,0.851332
22400658,2024-25,2025-01-27,UTA,MIL,0,0.350009
22400659,2024-25,2025-01-27,PHX,LAC,1,0.442384
22400532,2024-25,2025-01-28,ATL,HOU,0,0.323608
22400660,2024-25,2025-01-28,PHI,LAL,1,0.539595
22400661,2024-25,2025-01-28,GSW,UTA,1,0.780616
22400662,2024-25,2025-01-28,POR,MIL,1,0.429914
22400663,2024-25,2025-01-29,CHA,BKN,0,0.53223
22400664,2024-25,2025-01-29,IND,DET,1,0.659436
22400665,2024-25,2025-01-29,WAS,TOR,0,0.281891
22400666,2024-25,2025-01-29,BOS,CHI,1,0.841446
22400667,2024-25,2025-01-29,MIA,CLE,0,0.367285
22400668,2024-25,2025-01-29,NYK,DEN,1,0.591399
22400669,2024-25,2025-01-29,PHI,SAC,1,0.304461
22400670,2024-25,2025-01-29,NOP,DAL,0,0.276138
22400671,2024-25,2025-01-29,SAS,LAC,0,0.434652
22400672,2024-25,2025-01-29,PHX,MIN,0,0.438544
22400673,2024-25,2025-01-29,GSW,OKC,1,0.194738
22400674,2024-25,2025-01-30,WAS,LAL,0,0.162612
22400675,2024-25,2025-01-30,CLE,ATL,1,0.696158
22400676,2024-25,2025-01-30,MEM,HOU,1,0.514439
22400677,2024-25,2025-01-30,UTA,MIN,0,0.414648
22400678,2024-25,2025-01-30,POR,ORL,1,0.466933
22400679,2024-25,2025-01-31,CHA,LAC,0,0.297392
22400680,2024-25,2025-01-31,DET,DAL,1,0.433389
22400681,2024-25,2025-01-31,PHI,DEN,0,0.384801
22400682,2024-25,2025-01-31,TOR,CHI,0,0.626046
22400683,2024-25,2025-01-31,NOP,BOS,0,0.213796
22400684,2024-25,2025-01-31,SAS,MIL,1,0.474939
22400685,2024-25,2025-01-31,GSW,PHX,0,0.591146
22400686,2024-25,2025-02-01,IND,ATL,1,0.688811
22400687,2024-25,2025-02-01,UTA,ORL,1,0.424335
22400688,2024-25,2025-02-01,CHA,DEN,0,0.292536
22400689,2024-25,2025-02-01,HOU,BKN,0,0.792056
22400690,2024-25,2025-02-01,MIN,WAS,0,0.880388
22400691,2024-25,2025-02-01,OKC,SAC,1,0.732055
22400692,2024-25,2025-02-01,NYK,LAL,0,0.686793
22400693,2024-25,2025-02-01,SAS,MIA,0,0.469169
22400694,2024-25,2025-02-01,POR,PHX,1,0.566486
22400695,2024-25,2025-02-02,DET,CHI,1,0.655241
22400696,2024-25,2025-02-02,CLE,DAL,1,0.690091
22400697,2024-25,2025-02-02,TOR,LAC,1,0.378336
22400698,2024-25,2025-02-02,PHI,BOS,0,0.28916
22400699,2024-25,2025-02-02,MIL,MEM,0,0.400079
22400700,2024-25,2025-02-03,CHA,WAS,0,0.702469
22400701,2024-25,2025-02-03,DET,ATL,0,0.484543
22400702,2024-25,2025-02-03,NYK,HOU,1,0.56127
22400703,2024-25,2025-02-03,MEM,SAS,1,0.660443
22400704,2024-25,2025-02-03,MIN,SAC,0,0.54011
22400705,2024-25,2025-02-03,OKC,MIL,1,0.845829
22400706,2024-25,2025-02-03,DEN,NOP,1,0.794252
22400707,2024-25,2025-02-03,UTA,IND,0,0.348283
22400708,2024-25,2025-02-03,GSW,ORL,1,0.578953
22400709,2024-25,2025-02-03,POR,PHX,1,0.499157
22400710,2024-25,2025-02-04,CLE,BOS,0,0.581368
22400711,2024-25,2025-02-04,BKN,HOU,1,0.390522
22400712,2024-25,2025-02-04,PHI,DAL,1,0.452558
22400713,2024-25,2025-02-04,TOR,NYK,0,0.420235
22400714,2024-25,2025-02-04,CHI,MIA,1,0.397609
22400715,2024-25,2025-02-04,LAC,LAL,0,0.57317
22400716,2024-25,2025-02-04,POR,IND,1,0.38187
22400717,2024-25,2025-02-05,CHA,MIL,0,0.357573
22400718,2024-25,2025-02-05,DET,CLE,0,0.3939
22400719,2024-25,2025-02-05,ATL,SAS,0,0.538942
22400720,2024-25,2025-02-05,BKN,WAS,0,0.497059
22400721,2024-25,2025-02-05,PHI,MIA,0,0.526823
22400722,2024-25,2025-02-05,TOR,MEM,0,0.130134
22400723,2024-25,2025-02-05,MIN,CHI,1,0.826368
22400724,2024-25,2025-02-05,OKC,PHX,1,0.844111
22400725,2024-25,2025-02-05,UTA,GSW,1,0.417491
22400726,2024-25,2025-02-05,DEN,NOP,1,0.883695
22400727,2024-25,2025-02-05,SAC,ORL,0,0.630329
22400728,2024-25,2025-02-06,BOS,DAL,0,0.753763
22400729,2024-25,2025-02-06,MIN,HOU,1,0.434738
22400730,2024-25,2025-02-06,DEN,ORL,1,0.764398
22400731,2024-25,2025-02-06,LAL,GSW,1,0.70545
22400732,2024-25,2025-02-06,POR,SAC,1,0.523897
22400733,2024-25,2025-02-06,LAC,IND,0,0.571718
22400734,2024-25,2025-02-07,CHA,SAS,1,0.384731
22400735,2024-25,2025-02-07,WAS,CLE,0,0.129162
22400736,2024-25,2025-02-07,ATL,MIL,1,0.489034
22400737,2024-25,2025-02-07,BKN,MIA,1,0.267801
22400738,2024-25,2025-02-07,DET,PHI,1,0.575501
22400739,2024-25,2025-02-07,OKC,TOR,1,0.933326
22400740,2024-25,2025-02-07,PHX,UTA,1,0.66506
22400741,2024-25,2025-02-08,DAL,HOU,1,0.486915
22400742,2024-25,2025-02-08,LAL,IND,1,0.556397
22400743,2024-25,2025-02-08,ORL,SAS,1,0.609024
22400744,2024-25,2025-02-08,WAS,ATL,0,0.190884
22400745,2024-25,2025-02-08,CHI,GSW,0,0.440466
22400746,2024-25,2025-02-08,MEM,OKC,0,0.58627
22400747,2024-25,2025-02-08,MIN,POR,1,0.711393
22400748,2024-25,2025-02-08,NYK,BOS,0,0.580884
22400749,2024-25,2025-02-08,PHX,DEN,0,0.302058
22400750,2024-25,2025-02-08,SAC,NOP,1,0.816585
22400751,2024-25,2025-02-08,LAC,UTA,1,0.899359
22400752,2024-25,2025-02-09,DET,CHA,1,0.721618
22400753,2024-25,2025-02-09,HOU,TOR,1,0.774312
22400754,2024-25,2025-02-09,MIL,PHI,1,0.722073
22400755,2024-25,2025-02-10,CLE,MIN,1,0.720129
22400756,2024-25,2025-02-10,ORL,ATL,0,0.559296
22400757,2024-25,2025-02-10,WAS,SAS,0,0.169497
22400758,2024-25,2025-02-10,BKN,CHA,1,0.696987
22400759,2024-25,2025-02-10,MIA,BOS,0,0.300136
22400760,2024-25,2025-02-10,MIL,GSW,0,0.452294
22400761,2024-25,2025-02-10,OKC,NOP,1,0.962654
22400762,2024-25,2025-02-10,DAL,SAC,0,0.589945
22400763,2024-25,2025-02-10,DEN,POR,1,0.761047
22400768,2024-25,2025-02-10,LAL,UTA,1,0.865701
22400764,2024-25,2025-02-11,PHI,TOR,0,0.54199
22400765,2024-25,2025-02-11,IND,NYK,0,0.43213
22400766,2024-25,2025-02-11,CHI,DET,0,0.386358
22400767,2024-25,2025-02-11,PHX,MEM,0,0.344215
22400769,2024-25,2025-02-12,BOS,SAS,1,0.832406
22400770,2024-25,2025-02-12,ORL,CHA,1,0.811124
22400771,2024-25,2025-02-12,WAS,IND,0,0.164251
22400772,2024-25,2025-02-12,BKN,PHI,1,0.558289
22400773,2024-25,2025-02-12,NYK,ATL,1,0.73633
22400774,2024-25,2025-02-12,TOR,CLE,0,0.090854
22400775,2024-25,2025-02-12,CHI,DET,0,0.377921
22400776,2024-25,2025-02-12,MIN,MIL,0,0.658507
22400777,2024-25,2025-02-12,NOP,SAC,0,0.189849
22400778,2024-25,2025-02-12,OKC,MIA,1,0.8838
22400779,2024-25,2025-02-12,HOU,PHX,1,0.77868
22400780,2024-25,2025-02-12,DEN,POR,1,0.792042
22400781,2024-25,2025-02-12,UTA,LAL,1,0.178842
22400782,2024-25,2025-02-12,DAL,GSW,1,0.577722
22400783,2024-25,2025-02-12,LAC,MEM,1,0.548602
22400784,2024-25,2025-02-13,HOU,GSW,0,0.636255
22400785,2024-25,2025-02-13,NOP,SAC,1,0.216439
22400786,2024-25,2025-02-13,DAL,MIA,1,0.639438
22400787,2024-25,2025-02-13,MIN,OKC,1,0.361426
22401004,2024-25,2025-02-13,UTA,LAC,0,0.226642
22400524,2024-25,2025-02-19,LAL,CHA,0,0.870849
22400788,2024-25,2025-02-20,IND,MEM,1,0.481021
22400789,2024-25,2025-02-20,PHI,BOS,0,0.162431
22400790,2024-25,2025-02-20,ATL,ORL,0,0.530866
22400791,2024-25,2025-02-20,BKN,CLE,0,0.130867
22400792,2024-25,2025-02-20,NYK,CHI,1,0.858323
22400793,2024-25,2025-02-20,MIL,LAC,1,0.466741
22400794,2024-25,2025-02-20,DEN,CHA,1,0.97173
22400795,2024-25,2025-02-20,SAS,PHX,1,0.513942
22400796,2024-25,2025-02-20,POR,LAL,0,0.515818
22400797,2024-25,2025-02-21,CLE,NYK,1,0.726866
22400798,2024-25,2025-02-21,ORL,MEM,0,0.42945
22400799,2024-25,2025-02-21,WAS,MIL,0,0.236601
22400800,2024-25,2025-02-21,TOR,MIA,0,0.330657
22400801,2024-25,2025-02-21,HOU,MIN,1,0.519486
22400802,2024-25,2025-02-21,SAS,DET,0,0.39836
22400803,2024-25,2025-02-21,DAL,NOP,1,0.820175
22400804,2024-25,2025-02-21,UTA,OKC,0,0.104807
22400805,2024-25,2025-02-21,SAC,GSW,0,0.52498
22400806,2024-25,2025-02-22,CHI,PHX,0,0.276169
22400807,2024-25,2025-02-22,PHI,BKN,0,0.548773
22400808,2024-25,2025-02-22,DEN,LAL,0,0.764306
22400809,2024-25,2025-02-22,UTA,HOU,1,0.232761
22400810,2024-25,2025-02-22,POR,CHA,1,0.759878
22400811,2024-25,2025-02-23,BOS,NYK,1,0.730372
22400812,2024-25,2025-02-23,GSW,DAL,1,0.565496
22400813,2024-25,2025-02-23,IND,LAC,1,0.543845
22400814,2024-25,2025-02-23,ATL,DET,0,0.449308
22400815,2024-25,2025-02-23,ORL,WAS,1,0.839917
22400816,2024-25,2025-02-23,TOR,PHX,1,0.437721
22400817,2024-25,2025-02-23,MIL,MIA,1,0.534705
22400818,2024-25,2025-02-23,NOP,SAS,1,0.303825
22400819,2024-25,2025-02-23,CLE,MEM,1,0.741002
22400820,2024-25,2025-02-23,MIN,OKC,0,0.365992
22400821,2024-25,2025-02-24,DET,LAC,1,0.564965
22400822,2024-25,2025-02-24,IND,DEN,0,0.443306
22400823,2024-25,2025-02-24,PHI,CHI,0,0.616973
22400824,2024-25,2025-02-24,WAS,BKN,1,0.262168
22400825,2024-25,2025-02-24,ATL,MIA,1,0.560699
22400826,2024-25,2025-02-24,OKC,MIN,0,0.786868
22400827,2024-25,2025-02-24,UTA,POR,0,0.379213
22400828,2024-25,2025-02-24,SAC,CHA,1,0.857627
22400829,2024-25,2025-02-25,TOR,BOS,0,0.138723
22400830,2024-25,2025-02-25,ORL,CLE,0,0.304829
22400831,2024-25,2025-02-25,HOU,MIL,1,0.623042
22400832,2024-25,2025-02-25,MEM,PHX,1,0.714521
22400833,2024-25,2025-02-25,NOP,SAS,1,0.350212
22400834,2024-25,2025-02-25,GSW,CHA,1,0.92603
22400835,2024-25,2025-02-25,LAL,DAL,1,0.571858
22400836,2024-25,2025-02-26,DET,BOS,1,0.466764
22400837,2024-25,2025-02-26,IND,TOR,1,0.875703
22400838,2024-25,2025-02-26,NYK,PHI,1,0.81506
22400839,2024-25,2025-02-26,WAS,POR,0,0.224613
22400840,2024-25,2025-02-26,BKN,OKC,0,0.114065
22400841,2024-25,2025-02-26,MIA,ATL,1,0.514932
22400842,2024-25,2025-02-26,CHI,LAC,0,0.22405
22400843,2024-25,2025-02-26,UTA,SAC,0,0.259253
22400844,2024-25,2025-02-26,HOU,SAS,1,0.704502
22400845,2024-25,2025-02-27,ORL,GSW,0,0.449752
22400846,2024-25,2025-02-27,MIL,DEN,1,0.423941
22400847,2024-25,2025-02-27,DAL,CHA,1,0.863531
22400848,2024-25,2025-02-27,PHX,NOP,0,0.684273
22400849,2024-25,2025-02-27,LAL,MIN,1,0.522686
22400850,2024-25,2025-02-28,DET,DEN,0,0.580272
22400851,2024-25,2025-02-28,ATL,OKC,0,0.246501
22400852,2024-25,2025-02-28,BOS,CLE,0,0.565672
22400853,2024-25,2025-02-28,BKN,POR,0,0.346776
22400854,2024-25,2025-02-28,MIA,IND,1,0.449438
22400855,2024-25,2025-02-28,CHI,TOR,1,0.495645
22400856,2024-25,2025-02-28,MEM,NYK,0,0.650262
22400857,2024-25,2025-02-28,PHX,NOP,1,0.693078
22400858,2024-25,2025-02-28,UTA,MIN,1,0.293603
22400859,2024-25,2025-02-28,LAL,LAC,1,0.579987
22400860,2024-25,2025-03-01,CHA,WAS,0,0.534588
22400861,2024-25,2025-03-01,DET,BKN,1,0.837123
22400862,2024-25,2025-03-01,HOU,SAC,0,0.580815
22400863,2024-25,2025-03-01,MEM,SAS,0,0.676395
22400864,2024-25,2025-03-01,PHI,GSW,1,0.239638
22400865,2024-25,2025-03-01,DAL,MIL,0,0.573842
22400866,2024-25,2025-03-02,BOS,DEN,1,0.659561
22400867,2024-25,2025-03-02,CLE,POR,1,0.866999
22400868,2024-25,2025-03-02,IND,CHI,1,0.69854
22400869,2024-25,2025-03-02,MIA,NYK,0,0.445273
22400870,2024-25,2025-03-02,ORL,TOR,0,0.753723
22400871,2024-25,2025-03-02,SAS,OKC,0,0.158393
22400872,2024-25,2025-03-02,UTA,NOP,0,0.534754
22400873,2024-25,2025-03-02,PHX,MIN,0,0.34358
22400874,2024-25,2025-03-02,LAL,LAC,1,0.582595
22400875,2024-25,2025-03-03,CHA,GSW,0,0.136787
22400876,2024-25,2025-03-03,PHI,POR,0,0.48216
22400877,2024-25,2025-03-03,MIA,WAS,1,0.775974
22400878,2024-25,2025-03-03,MEM,ATL,0,0.707769
22400879,2024-25,2025-03-03,OKC,HOU,1,0.741169
22400880,2024-25,2025-03-03,DAL,SAC,0,0.487473
22400881,2024-25,2025-03-03,UTA,DET,0,0.195249
22400882,2024-25,2025-03-04,IND,HOU,1,0.661839
22400883,2024-25,2025-03-04,ORL,TOR,0,0.708
22400884,2024-25,2025-03-04,ATL,MIL,0,0.403314
22400885,2024-25,2025-03-04,NYK,GSW,0,0.714774
22400886,2024-25,2025-03-04,CHI,CLE,0,0.114127
22400887,2024-25,2025-03-04,MIN,PHI,1,0.863819
22400888,2024-25,2025-03-04,SAS,BKN,1,0.713276
22400889,2024-25,2025-03-04,PHX,LAC,1,0.402053
22400890,2024-25,2025-03-04,LAL,NOP,1,0.809352
22400891,2024-25,2025-03-05,BOS,POR,1,0.812752
22400892,2024-25,2025-03-05,CHA,MIN,0,0.190627
22400893,2024-25,2025-03-05,CLE,MIA,1,0.785247
22400894,2024-25,2025-03-05,WAS,UTA,1,0.442984
22400895,2024-25,2025-03-05,MEM,OKC,0,0.372351
22400896,2024-25,2025-03-05,DEN,SAC,1,0.620106
22400897,2024-25,2025-03-05,MIL,DAL,1,0.496381
22400898,2024-25,2025-03-05,LAC,DET,1,0.420997
22400899,2024-25,2025-03-06,ATL,IND,1,0.400973
22400900,2024-25,2025-03-06,BOS,PHI,1,0.876267
22400901,2024-25,2025-03-06,BKN,GSW,0,0.180464
22400902,2024-25,2025-03-06,NOP,HOU,0,0.257451
22400903,2024-25,2025-03-06,LAL,NYK,1,0.596553
22400944,2024-25,2025-03-06,ORL,CHI,0,0.728335
22400904,2024-25,2025-03-07,CHA,CLE,0,0.07848
22400905,2024-25,2025-03-07,TOR,UTA,1,0.579934
22400906,2024-25,2025-03-07,DAL,MEM,0,0.404239
22400907,2024-25,2025-03-07,MIA,MIN,0,0.399129
22400908,2024-25,2025-03-07,OKC,POR,1,0.874014
22400909,2024-25,2025-03-07,DEN,PHX,1,0.786737
22400910,2024-25,2025-03-07,SAC,SAS,1,0.68558
22400911,2024-25,2025-03-07,LAC,NYK,1,0.575566
22400912,2024-25,2025-03-08,CHA,BKN,1,0.328195
22400913,2024-25,2025-03-08,HOU,NOP,1,0.766645
22400914,2024-25,2025-03-08,ATL,IND,1,0.39826
22400915,2024-25,2025-03-08,TOR,WAS,0,0.590452
22400916,2024-25,2025-03-08,MIA,CHI,0,0.668064
22400917,2024-25,2025-03-08,MIL,ORL,0,0.640427
22400918,2024-25,2025-03-08,BOS,LAL,1,0.736609
22400919,2024-25,2025-03-08,GSW,DET,1,0.519748
22400920,2024-25,2025-03-09,OKC,DEN,1,0.772528
22400921,2024-25,2025-03-09,DAL,PHX,0,0.585452
22400922,2024-25,2025-03-09,MIL,CLE,0,0.295182
22400923,2024-25,2025-03-09,NOP,MEM,0,0.136793
22400924,2024-25,2025-03-09,PHI,UTA,1,0.590137
22400925,2024-25,2025-03-09,MIN,SAS,1,0.710536
22400926,2024-25,2025-03-09,POR,DET,0,0.512939
22400927,2024-25,2025-03-09,LAC,SAC,1,0.48357
22400928,2024-25,2025-03-10,ATL,PHI,1,0.776085
22400929,2024-25,2025-03-10,BOS,UTA,1,0.962554
22400930,2024-25,2025-03-10,BKN,LAL,1,0.189459
22400931,2024-25,2025-03-10,MIA,CHA,0,0.81191
22400932,2024-25,2025-03-10,TOR,WAS,1,0.643286
22400933,2024-25,2025-03-10,CHI,IND,1,0.369804
22400934,2024-25,2025-03-10,HOU,ORL,1,0.652632
22400935,2024-25,2025-03-10,MEM,PHX,1,0.695532
22400936,2024-25,2025-03-10,OKC,DEN,0,0.790601
22400937,2024-25,2025-03-10,SAS,DAL,0,0.521878
22400938,2024-25,2025-03-10,GSW,POR,1,0.779625
22400939,2024-25,2025-03-10,SAC,NYK,0,0.437848
22400940,2024-25,2025-03-11,CLE,BKN,1,0.959307
22400941,2024-25,2025-03-11,DET,WAS,1,0.916614
22400942,2024-25,2025-03-11,IND,MIL,1,0.457656
22400943,2024-25,2025-03-11,NOP,LAC,1,0.24289
22400945,2024-25,2025-03-12,ATL,CHA,1,0.798027
22400946,2024-25,2025-03-12,BOS,OKC,0,0.558997
22400947,2024-25,2025-03-12,TOR,PHI,1,0.481589
22400948,2024-25,2025-03-12,MIA,LAC,0,0.564381
22400949,2024-25,2025-03-12,HOU,PHX,1,0.682062
22400950,2024-25,2025-03-12,MEM,UTA,1,0.869298
22400951,2024-25,2025-03-12,SAS,DAL,1,0.472335
22400952,2024-25,2025-03-12,DEN,MIN,0,0.586291
22400953,2024-25,2025-03-12,POR,NYK,0,0.367624
22400954,2024-25,2025-03-13,DET,WAS,0,0.885948
22400955,2024-25,2025-03-13,MIL,LAL,1,0.471838
22400956,2024-25,2025-03-13,CHI,BKN,1,0.69469
22400957,2024-25,2025-03-13,GSW,SAC,1,0.575615
22401141,2024-25,2025-03-13,NOP,ORL,0,0.312366
22400958,2024-25,2025-03-14,MIA,BOS,0,0.34201
22400959,2024-25,2025-03-14,PHI,IND,0,0.244927
22400960,2024-25,2025-03-14,ATL,LAC,0,0.478228
22400961,2024-25,2025-03-14,HOU,DAL,1,0.673563
22400962,2024-25,2025-03-14,MEM,CLE,0,0.409555
22400963,2024-25,2025-03-14,MIN,ORL,1,0.777742
22400964,2024-25,2025-03-14,SAS,CHA,0,0.739546
22400965,2024-25,2025-03-14,DEN,LAL,1,0.718932
22400966,2024-25,2025-03-14,UTA,TOR,0,0.456049
22400967,2024-25,2025-03-14,PHX,SAC,1,0.511608
22400968,2024-25,2025-03-15,BKN,BOS,0,0.225047
22400969,2024-25,2025-03-15,DET,OKC,0,0.337174
22400970,2024-25,2025-03-15,HOU,CHI,1,0.604397
22400971,2024-25,2025-03-15,MEM,MIA,1,0.703405
22400972,2024-25,2025-03-15,MIL,IND,1,0.641796
22400973,2024-25,2025-03-15,SAS,NOP,1,0.583599
22400974,2024-25,2025-03-15,GSW,NYK,1,0.558246
22400975,2024-25,2025-03-15,DEN,WAS,0,0.894134
22400538,2024-25,2025-03-16,LAC,CHA,1,0.822597
22400976,2024-25,2025-03-16,DAL,PHI,0,0.683406
22400977,2024-25,2025-03-16,LAL,PHX,1,0.646831
22400978,2024-25,2025-03-16,BKN,ATL,1,0.258736
22400979,2024-25,2025-03-16,CLE,ORL,0,0.821878
22400980,2024-25,2025-03-16,POR,TOR,1,0.691814
22400981,2024-25,2025-03-16,MIN,UTA,1,0.88114
22400982,2024-25,2025-03-16,MIL,OKC,0,0.315283
22400537,2024-25,2025-03-17,LAL,SAS,1,0.637021
22400984,2024-25,2025-03-17,NYK,MIA,1,0.694338
22400985,2024-25,2025-03-17,HOU,PHI,1,0.853512
22400986,2024-25,2025-03-17,MIN,IND,0,0.532964
22400987,2024-25,2025-03-17,NOP,DET,0,0.230931
22400989,2024-25,2025-03-17,UTA,CHI,0,0.255049
22400990,2024-25,2025-03-17,GSW,DEN,0,0.590938
22400991,2024-25,2025-03-17,PHX,TOR,1,0.678943
22400992,2024-25,2025-03-17,SAC,MEM,1,0.502846
22400995,2024-25,2025-03-17,POR,WAS,1,0.751043
22400993,2024-25,2025-03-18,CHA,ATL,0,0.243972
22400994,2024-25,2025-03-18,BOS,BKN,1,0.904569
22400997,2024-25,2025-03-18,LAC,CLE,1,0.431337
22401012,2024-25,2025-03-18,GSW,MIL,1,0.566764
22400627,2024-25,2025-03-19,UTA,WAS,1,0.591379
22400998,2024-25,2025-03-19,IND,DAL,1,0.643029
22400999,2024-25,2025-03-19,ORL,HOU,0,0.439789
22401000,2024-25,2025-03-19,MIA,DET,0,0.35986
22401001,2024-25,2025-03-19,MIN,NOP,0,0.858102
22401002,2024-25,2025-03-19,OKC,PHI,1,0.942114
22401003,2024-25,2025-03-19,SAS,NYK,1,0.303289
22401006,2024-25,2025-03-19,LAL,DEN,1,0.509576
22401007,2024-25,2025-03-19,PHX,CHI,1,0.547486
22401008,2024-25,2025-03-19,POR,MEM,1,0.427581
22401009,2024-25,2025-03-19,SAC,CLE,1,0.511378
22400996,2024-25,2025-03-20,LAL,MIL,0,0.522711
22401005,2024-25,2025-03-20,GSW,TOR,1,0.815177
22401010,2024-25,2025-03-20,CHA,NYK,1,0.229903
22401011,2024-25,2025-03-20,IND,BKN,1,0.719151
22401013,2024-25,2025-03-20,SAC,CHI,0,0.707133
22401014,2024-25,2025-03-21,WAS,ORL,0,0.194388
22401015,2024-25,2025-03-21,MIA,HOU,0,0.38924
22401016,2024-25,2025-03-21,MIN,NOP,1,0.832023
22401017,2024-25,2025-03-21,OKC,CHA,1,0.9843
22401018,2024-25,2025-03-21,SAS,PHI,1,0.666392
22401019,2024-25,2025-03-21,DAL,DET,1,0.404216
22401020,2024-25,2025-03-21,UTA,BOS,0,0.155192
22401021,2024-25,2025-03-21,PHX,CLE,1,0.320585
22401022,2024-25,2025-03-21,POR,DEN,1,0.404487
22401023,2024-25,2025-03-21,LAC,MEM,1,0.545122
22401024,2024-25,2025-03-22,IND,BKN,1,0.754882
22401025,2024-25,2025-03-22,ATL,GSW,1,0.434323
22401026,2024-25,2025-03-22,NYK,WAS,1,0.922792
22401027,2024-25,2025-03-22,SAC,MIL,0,0.506138
22401028,2024-25,2025-03-22,LAL,CHI,0,0.662507
22401029,2024-25,2025-03-23,DET,NOP,1,0.800507
22401030,2024-25,2025-03-23,UTA,CLE,0,0.160431
22401031,2024-25,2025-03-23,ATL,PHI,1,0.645736
22401032,2024-25,2025-03-23,MIA,CHA,1,0.784842
22401033,2024-25,2025-03-23,TOR,SAS,0,0.409692
22401034,2024-25,2025-03-23,POR,BOS,0,0.37257
22401035,2024-25,2025-03-23,HOU,DEN,0,0.629173
22401036,2024-25,2025-03-23,LAC,OKC,0,0.356558
22401037,2024-25,2025-03-24,IND,MIN,1,0.434919
22401038,2024-25,2025-03-24,ORL,LAL,1,0.5061
22401039,2024-25,2025-03-24,WAS,TOR,0,0.429183
22401040,2024-25,2025-03-24,BKN,DAL,0,0.369508
22401041,2024-25,2025-03-24,NOP,PHI,1,0.479009
22401042,2024-25,2025-03-24,DEN,CHI,0,0.633938
22401043,2024-25,2025-03-24,PHX,MIL,1,0.463163
22401044,2024-25,2025-03-24,SAC,BOS,0,0.479083
22401045,2024-25,2025-03-25,CHA,ORL,0,0.275881
22401046,2024-25,2025-03-25,DET,SAS,1,0.668305
22401047,2024-25,2025-03-25,MIA,GSW,1,0.379373
22401048,2024-25,2025-03-25,NYK,DAL,1,0.732204
22401049,2024-25,2025-03-25,HOU,ATL,1,0.651697
22401050,2024-25,2025-03-25,UTA,MEM,0,0.206514
22401051,2024-25,2025-03-25,POR,CLE,0,0.346431
22401052,2024-25,2025-03-25,SAC,OKC,0,0.206957
22401053,2024-25,2025-03-26,PHI,WAS,0,0.633921
22401054,2024-25,2025-03-26,BKN,TOR,0,0.490428
22401055,2024-25,2025-03-26,IND,LAL,0,0.579403
22401056,2024-25,2025-03-26,NYK,LAC,0,0.484741
22401057,2024-25,2025-03-26,DEN,MIL,1,0.60078
22401058,2024-25,2025-03-26,PHX,BOS,0,0.35209
22401059,2024-25,2025-03-27,CLE,SAS,1,0.825323
22401060,2024-25,2025-03-27,ORL,DAL,0,0.58339
22401061,2024-25,2025-03-27,WAS,IND,0,0.156213
22401062,2024-25,2025-03-27,MIA,ATL,1,0.54776
22401063,2024-25,2025-03-27,CHI,LAL,1,0.572308
22401064,2024-25,2025-03-27,OKC,MEM,1,0.786543
22401065,2024-25,2025-03-27,UTA,HOU,0,0.210751
22401066,2024-25,2025-03-27,SAC,POR,1,0.551769
22401067,2024-25,2025-03-28,DET,CLE,1,0.5323
22401068,2024-25,2025-03-28,BKN,LAC,0,0.19122
22401069,2024-25,2025-03-28,TOR,CHA,1,0.61608
22401070,2024-25,2025-03-28,MIL,NYK,0,0.497113
22401071,2024-25,2025-03-28,MIN,PHX,1,0.711891
22401072,2024-25,2025-03-28,NOP,GSW,0,0.198114
22401073,2024-25,2025-03-28,DEN,UTA,1,0.912132
22401074,2024-25,2025-03-29,ORL,SAC,1,0.525731
22401075,2024-25,2025-03-29,WAS,BKN,0,0.469399
22401076,2024-25,2025-03-29,PHI,MIA,0,0.333454
22401077,2024-25,2025-03-29,CHI,DAL,0,0.579966
22401078,2024-25,2025-03-29,MEM,LAL,0,0.577528
22401079,2024-25,2025-03-29,OKC,IND,1,0.837068
22401080,2024-25,2025-03-29,SAS,BOS,0,0.259994
22401081,2024-25,2025-03-30,CLE,LAC,1,0.654304
22401082,2024-25,2025-03-30,NYK,POR,1,0.659559
22401083,2024-25,2025-03-30,MIL,ATL,0,0.622288
22401084,2024-25,2025-03-30,MIN,DET,1,0.61788
22401085,2024-25,2025-03-30,NOP,CHA,1,0.612577
22401086,2024-25,2025-03-30,SAS,GSW,0,0.269102
22401087,2024-25,2025-03-30,PHI,TOR,0,0.376266
22401088,2024-25,2025-03-30,PHX,HOU,0,0.404725
22401089,2024-25,2025-03-31,CHA,UTA,1,0.440359
22401090,2024-25,2025-03-31,IND,SAC,1,0.565664
22401091,2024-25,2025-03-31,ORL,LAC,0,0.552067
22401092,2024-25,2025-03-31,WAS,MIA,0,0.176647
22401093,2024-25,2025-03-31,MEM,BOS,0,0.391461
22401094,2024-25,2025-03-31,OKC,CHI,1,0.88429
22401095,2024-25,2025-03-31,DAL,BKN,0,0.747258
22401096,2024-25,2025-03-31,LAL,HOU,1,0.544425
22400988,2024-25,2025-04-01,SAS,ORL,0,0.531011
22401097,2024-25,2025-04-01,ATL,POR,0,0.557441
22401098,2024-25,2025-04-01,NYK,PHI,1,0.82067
22401099,2024-25,2025-04-01,CHI,TOR,1,0.563966
22401100,2024-25,2025-04-01,MEM,GSW,0,0.379318
22401101,2024-25,2025-04-01,MIL,PHX,1,0.621721
22401102,2024-25,2025-04-01,DEN,MIN,0,0.542361
22401103,2024-25,2025-04-02,CLE,NYK,1,0.781554
22401104,2024-25,2025-04-02,IND,CHA,1,0.870871
22401105,2024-25,2025-04-02,WAS,SAC,1,0.159323
22401106,2024-25,2025-04-02,BOS,MIA,0,0.794594
22401107,2024-25,2025-04-02,HOU,UTA,1,0.906927
22401108,2024-25,2025-04-02,OKC,DET,1,0.829254
22401109,2024-25,2025-04-02,DAL,ATL,1,0.607975
22401110,2024-25,2025-04-02,DEN,SAS,0,0.803184
22401111,2024-25,2025-04-02,LAC,NOP,1,0.8266
22401112,2024-25,2025-04-03,WAS,ORL,0,0.1292
22401113,2024-25,2025-04-03,BKN,MIN,0,0.155286
22401114,2024-25,2025-04-03,MIA,MEM,0,0.416093
22401115,2024-25,2025-04-03,PHI,MIL,0,0.241808
22401116,2024-25,2025-04-03,TOR,POR,0,0.339223
22401117,2024-25,2025-04-03,LAL,GSW,0,0.475111
22401118,2024-25,2025-04-04,CHA,SAC,0,0.182339
22401119,2024-25,2025-04-04,IND,UTA,1,0.871186
22401120,2024-25,2025-04-04,BOS,PHX,1,0.828826
22401121,2024-25,2025-04-04,TOR,DET,0,0.19602
22401122,2024-25,2025-04-04,CHI,POR,1,0.63673
22401123,2024-25,2025-04-04,HOU,OKC,1,0.37565
22401124,2024-25,2025-04-04,SAS,CLE,0,0.244556
22401125,2024-25,2025-04-04,GSW,DEN,1,0.486864
22401126,2024-25,2025-04-04,LAL,NOP,1,0.730098
22401127,2024-25,2025-04-04,LAC,DAL,1,0.690198
22401128,2024-25,2025-04-05,ATL,NYK,0,0.421177
22401129,2024-25,2025-04-05,DET,MEM,0,0.505055
22401130,2024-25,2025-04-05,PHI,MIN,0,0.160092
22401131,2024-25,2025-04-05,MIA,MIL,0,0.518145
22401132,2024-25,2025-04-05,LAC,DAL,1,0.73243
22400617,2024-25,2025-04-06,NOP,MIL,0,0.325262
22401133,2024-25,2025-04-06,CHA,CHI,0,0.226479
22401134,2024-25,2025-04-06,BKN,TOR,0,0.486811
22401135,2024-25,2025-04-06,OKC,LAL,0,0.825857
22401136,2024-25,2025-04-06,ATL,UTA,1,0.746342
22401137,2024-25,2025-04-06,BOS,WAS,1,0.959598
22401138,2024-25,2025-04-06,CLE,SAC,0,0.751294
22401139,2024-25,2025-04-06,POR,SAS,1,0.598894
22401140,2024-25,2025-04-06,NYK,PHX,1,0.591228
22401142,2024-25,2025-04-06,DEN,IND,0,0.548476
22401143,2024-25,2025-04-06,GSW,HOU,0,0.561078
22401144,2024-25,2025-04-07,DET,SAC,0,0.652765
22401145,2024-25,2025-04-07,MIA,PHI,1,0.741019
22401146,2024-25,2025-04-08,CHA,MEM,0,0.173812
22401147,2024-25,2025-04-08,CLE,CHI,1,0.783013
22401148,2024-25,2025-04-08,IND,WAS,1,0.888419
22401149,2024-25,2025-04-08,ORL,ATL,1,0.574128
22401150,2024-25,2025-04-08,BKN,NOP,1,0.502403
22401151,2024-25,2025-04-08,NYK,BOS,0,0.421757
22401152,2024-25,2025-04-08,MIL,MIN,1,0.383225
22401153,2024-25,2025-04-08,OKC,LAL,1,0.794622
22401154,2024-25,2025-04-08,PHX,GSW,0,0.338119
22401155,2024-25,2025-04-08,LAC,SAS,1,0.758075
22401156,2024-25,2025-04-09,ORL,BOS,1,0.421687
22401157,2024-25,2025-04-09,WAS,PHI,0,0.292594
22401158,2024-25,2025-04-09,TOR,CHA,1,0.737528
22401159,2024-25,2025-04-09,DAL,LAL,0,0.471611
22401160,2024-25,2025-04-09,CHI,MIA,1,0.402468
22401162,2024-25,2025-04-09,UTA,POR,1,0.226797
22401163,2024-25,2025-04-09,GSW,SAS,0,0.75491
22401164,2024-25,2025-04-09,PHX,OKC,0,0.222036
22401165,2024-25,2025-04-09,SAC,DEN,0,0.462198
22401166,2024-25,2025-04-09,LAC,HOU,1,0.466036
22401161,2024-25,2025-04-10,MIL,NOP,1,0.774643
22401167,2024-25,2025-04-10,DET,NYK,1,0.487204
22401168,2024-25,2025-04-10,IND,CLE,1,0.443387
22401169,2024-25,2025-04-10,BKN,ATL,0,0.306769
22401170,2024-25,2025-04-10,MEM,MIN,0,0.444025
22401171,2024-25,2025-04-11,DET,MIL,0,0.569035
22401172,2024-25,2025-04-11,IND,ORL,0,0.500237
22401173,2024-25,2025-04-11,PHI,ATL,0,0.399149
22401174,2024-25,2025-04-11,BOS,CHA,1,0.945748
22401175,2024-25,2025-04-11,NYK,CLE,0,0.482522
22401176,2024-25,2025-04-11,CHI,WAS,1,0.834948
22401177,2024-25,2025-04-11,NOP,MIA,0,0.178688
22401178,2024-25,2025-04-11,DAL,TOR,1,0.653728
22401179,2024-25,2025-04-11,MIN,BKN,1,0.891328
22401180,2024-25,2025-04-11,DEN,MEM,1,0.699746
22401181,2024-25,2025-04-11,UTA,OKC,0,0.082602
22401182,2024-25,2025-04-11,PHX,SAS,1,0.538734
22401183,2024-25,2025-04-11,POR,GSW,0,0.392385
22401184,2024-25,2025-04-11,SAC,LAC,0,0.374224
22401185,2024-25,2025-04-11,LAL,HOU,1,0.48081
22401186,2024-25,2025-04-13,ATL,ORL,1,0.474557
22401187,2024-25,2025-04-13,BOS,CHA,1,0.951254
22401188,2024-25,2025-04-13,BKN,NYK,0,0.167849
22401189,2024-25,2025-04-13,CLE,IND,0,0.692711
22401190,2024-25,2025-04-13,MIA,WAS,0,0.873836
22401191,2024-25,2025-04-13,PHI,CHI,0,0.314749
22401192,2024-25,2025-04-13,MIL,DET,1,0.528617
22401193,2024-25,2025-04-13,HOU,DEN,0,0.544741
22401194,2024-25,2025-04-13,MEM,DAL,1,0.604748
22401195,2024-25,2025-04-13,MIN,UTA,1,0.907471
22401196,2024-25,2025-04-13,NOP,OKC,0,0.080836
22401197,2024-25,2025-04-13,SAS,TOR,1,0.585626
22401198,2024-25,2025-04-13,GSW,LAC,0,0.506107
22401199,2024-25,2025-04-13,POR,LAL,1,0.413635
22401200,2024-25,2025-04-13,SAC,PHX,1,0.640875
52400101,2024-25,2025-04-15,ORL,ATL,1,0.657329
52400121,2024-25,2025-04-15,GSW,MEM,1,0.731403
52400111,2024-25,2025-04-16,CHI,MIA,0,0.616756
52400131,2024-25,2025-04-16,SAC,DAL,0,0.73587
52400201,2024-25,2025-04-18,ATL,MIA,0,0.586369
52400211,2024-25,2025-04-18,MEM,DAL,1,0.711055
42400121,2024-25,2025-04-19,NYK,DET,1,0.667106
42400131,2024-25,2025-04-19,IND,MIL,1,0.647053
42400161,2024-25,2025-04-19,LAL,MIN,0,0.55046
42400171,2024-25,2025-04-19,DEN,LAC,1,0.607282
42400101,2024-25,2025-04-20,CLE,MIA,1,0.763906
42400111,2024-25,2025-04-20,BOS,ORL,1,0.769217
42400141,2024-25,2025-04-20,OKC,MEM,1,0.839174
42400151,2024-25,2025-04-20,HOU,GSW,0,0.602516
42400122,2024-25,2025-04-21,NYK,DET,0,0.677344
42400172,2024-25,2025-04-21,DEN,LAC,0,0.609099
42400132,2024-25,2025-04-22,IND,MIL,1,0.665571
42400142,2024-25,2025-04-22,OKC,MEM,1,0.845348
42400162,2024-25,2025-04-22,LAL,MIN,1,0.509099
42400102,2024-25,2025-04-23,CLE,MIA,1,0.768124
42400112,2024-25,2025-04-23,BOS,ORL,1,0.753743
42400152,2024-25,2025-04-23,HOU,GSW,1,0.549416
42400123,2024-25,2025-04-24,DET,NYK,0,0.572082
42400143,2024-25,2025-04-24,MEM,OKC,0,0.336192
42400173,2024-25,2025-04-24,LAC,DEN,1,0.686783
42400113,2024-25,2025-04-25,ORL,BOS,1,0.462062
42400133,2024-25,2025-04-25,MIL,IND,1,0.559794
42400163,2024-25,2025-04-25,MIN,LAL,1,0.696565
42400103,2024-25,2025-04-26,MIA,CLE,0,0.476197
42400144,2024-25,2025-04-26,MEM,OKC,0,0.338777
42400153,2024-25,2025-04-26,GSW,HOU,1,0.655897
42400174,2024-25,2025-04-26,LAC,DEN,0,0.71462
42400114,2024-25,2025-04-27,ORL,BOS,0,0.474791
42400124,2024-25,2025-04-27,DET,NYK,0,0.56156
42400134,2024-25,2025-04-27,MIL,IND,0,0.583509
42400164,2024-25,2025-04-27,MIN,LAL,1,0.71281
42400104,2024-25,2025-04-28,MIA,CLE,0,0.445234
42400154,2024-25,2025-04-28,GSW,HOU,1,0.669805
42400115,2024-25,2025-04-29,BOS,ORL,1,0.754224
42400125,2024-25,2025-04-29,NYK,DET,0,0.66189
42400135,2024-25,2025-04-29,IND,MIL,1,0.678296
42400175,2024-25,2025-04-29,DEN,LAC,1,0.582197
42400155,2024-25,2025-04-30,HOU,GSW,1,0.557438
42400165,2024-25,2025-04-30,LAL,MIN,0,0.515705
42400126,2024-25,2025-05-01,DET,NYK,0,0.583305
42400176,2024-25,2025-05-01,LAC,DEN,1,0.682
42400156,2024-25,2025-05-02,GSW,HOU,0,0.653834
42400177,2024-25,2025-05-03,DEN,LAC,1,0.592832
42400157,2024-25,2025-05-04,HOU,GSW,0,0.589985
42400201,2024-25,2025-05-04,CLE,IND,0,0.701501
42400211,2024-25,2025-05-05,BOS,NYK,0,0.76222
42400221,2024-25,2025-05-05,OKC,DEN,0,0.824437
42400202,2024-25,2025-05-06,CLE,IND,0,0.684669
42400231,2024-25,2025-05-06,MIN,GSW,0,0.691567
42400212,2024-25,2025-05-07,BOS,NYK,0,0.739027
42400222,2024-25,2025-05-07,OKC,DEN,1,0.795057
42400232,2024-25,2025-05-08,MIN,GSW,1,0.672278
42400203,2024-25,2025-05-09,IND,CLE,0,0.543753
42400223,2024-25,2025-05-09,DEN,OKC,1,0.454006
42400213,2024-25,2025-05-10,NYK,BOS,0,0.484435
42400233,2024-25,2025-05-10,GSW,MIN,0,0.543511
42400204,2024-25,2025-05-11,IND,CLE,1,0.509393
42400224,2024-25,2025-05-11,DEN,OKC,0,0.461268
42400214,2024-25,2025-05-12,NYK,BOS,1,0.46062
42400234,2024-25,2025-05-12,GSW,MIN,0,0.52867
42400205,2024-25,2025-05-13,CLE,IND,0,0.6763
42400225,2024-25,2025-05-13,OKC,DEN,1,0.795573
42400215,2024-25,2025-05-14,BOS,NYK,1,0.733142
42400235,2024-25,2025-05-14,MIN,GSW,1,0.694288
42400226,2024-25,2025-05-15,DEN,OKC,1,0.471828
42400216,2024-25,2025-05-16,NYK,BOS,1,0.455592
42400227,2024-25,2025-05-18,OKC,DEN,1,0.774897
42400311,2024-25,2025-05-20,OKC,MIN,1,0.689171
42400301,2024-25,2025-05-21,NYK,IND,0,0.56872
42400312,2024-25,2025-05-22,OKC,MIN,1,0.717329
42400302,2024-25,2025-05-23,NYK,IND,0,0.579807
42400313,2024-25,2025-05-24,MIN,OKC,1,0.474973
42400303,2024-25,2025-05-25,IND,NYK,0,0.668247
42400314,2024-25,2025-05-26,MIN,OKC,0,0.520278
42400304,2024-25,2025-05-27,IND,NYK,1,0.653685
42400315,2024-25,2025-05-28,OKC,MIN,1,0.718452
42400305,2024-25,2025-05-29,NYK,IND,1,0.578173
42400306,2024-25,2025-05-31,IND,NYK,1,0.636315
42400401,2024-25,2025-06-05,OKC,IND,0,0.812551
42400402,2024-25,2025-06-08,OKC,IND,1,0.779872
42400403,2024-25,2025-06-11,IND,OKC,1,0.432704
42400404,2024-25,2025-06-13,IND,OKC,0,0.465356
42400405,2024-25,2025-06-16,OKC,IND,1,0.777215
42400406,2024-25,2025-06-19,IND,OKC,1,0.451411
42400407,2024-25,2025-06-22,OKC,IND,1,0.753826
22500001,2025-26,2025-10-21,OKC,HOU,1,0.689091
22500002,2025-26,2025-10-21,LAL,GSW,0,0.512883
22500003,2025-26,2025-10-22,NYK,CLE,1,0.497157
22500004,2025-26,2025-10-22,DAL,SAS,0,0.570763
22500080,2025-26,2025-10-22,CHA,BKN,1,0.497042
22500081,2025-26,2025-10-22,ORL,MIA,1,0.559287
22500082,2025-26,2025-10-22,ATL,TOR,0,0.565158
22500083,2025-26,2025-10-22,BOS,PHI,0,0.708371
22500084,2025-26,2025-10-22,CHI,DET,1,0.525403
22500085,2025-26,2025-10-22,MEM,NOP,1,0.613525
22500087,2025-26,2025-10-22,UTA,LAC,1,0.395855
22500088,2025-26,2025-10-22,PHX,SAC,1,0.498474
22500089,2025-26,2025-10-22,POR,MIN,0,0.418444
22500005,2025-26,2025-10-23,IND,OKC,0,0.46657
22500006,2025-26,2025-10-23,GSW,DEN,1,0.56766
22500018,2025-26,2025-10-24,NYK,BOS,1,0.514037
22500019,2025-26,2025-10-24,LAL,MIN,1,0.488023
22500090,2025-26,2025-10-24,ORL,ATL,0,0.656982
22500091,2025-26,2025-10-24,BKN,CLE,0,0.365386
22500092,2025-26,2025-10-24,TOR,MIL,0,0.538862
22500093,2025-26,2025-10-24,HOU,DET,0,0.602123
22500094,2025-26,2025-10-24,MEM,MIA,0,0.587563
22500095,2025-26,2025-10-24,NOP,SAS,0,0.444587
22500096,2025-26,2025-10-24,DAL,WAS,0,0.625145
22500097,2025-26,2025-10-24,POR,GSW,1,0.566167
22500098,2025-26,2025-10-24,SAC,UTA,1,0.581082
22500099,2025-26,2025-10-24,LAC,PHX,1,0.561397
22500100,2025-26,2025-10-25,ORL,CHI,0,0.470159
22500101,2025-26,2025-10-25,ATL,OKC,0,0.236333
22500102,2025-26,2025-10-25,PHI,CHA,1,0.576549
22500103,2025-26,2025-10-25,MEM,IND,1,0.361209
22500104,2025-26,2025-10-25,DEN,PHX,1,0.780055
22500105,2025-26,2025-10-26,SAS,BKN,1,0.71631
22500106,2025-26,2025-10-26,DET,BOS,1,0.465621
22500107,2025-26,2025-10-26,CLE,MIL,1,0.545768
22500108,2025-26,2025-10-26,MIA,NYK,1,0.505182
22500109,2025-26,2025-10-26,WAS,CHA,0,0.577309
22500110,2025-26,2025-10-26,MIN,IND,1,0.689487
22500111,2025-26,2025-10-26,DAL,TOR,1,0.437827
22500112,2025-26,2025-10-26,LAC,POR,1,0.586497
22500113,2025-26,2025-10-26,SAC,LAL,0,0.453874
22500007,2025-26,2025-10-27,DET,CLE,0,0.536496
22500008,2025-26,2025-10-27,MIN,DEN,0,0.434529
22500114,2025-26,2025-10-27,PHI,ORL,1,0.564332
22500115,2025-26,2025-10-27,CHI,ATL,1,0.672183
22500116,2025-26,2025-10-27,HOU,BKN,1,0.806107
22500117,2025-26,2025-10-27,NOP,BOS,0,0.511309
22500118,2025-26,2025-10-27,SAS,TOR,1,0.646273
22500119,2025-26,2025-10-27,DAL,OKC,0,0.192593
22500120,2025-26,2025-10-27,UTA,PHX,1,0.689465
22500121,2025-26,2025-10-27,GSW,MEM,1,0.624944
22500122,2025-26,2025-10-27,LAL,POR,0,0.649991
22500123,2025-26,2025-10-28,WAS,PHI,0,0.486502
22500124,2025-26,2025-10-28,MIA,CHA,1,0.641991
22500125,2025-26,2025-10-28,MIL,NYK,1,0.496558
22500126,2025-26,2025-10-28,OKC,SAC,1,0.74803
22500127,2025-26,2025-10-28,GSW,LAC,1,0.463041
22500128,2025-26,2025-10-29,BOS,CLE,1,0.516813
22500129,2025-26,2025-10-29,DET,ORL,1,0.607255
22500130,2025-26,2025-10-29,BKN,ATL,0,0.490498
22500131,2025-26,2025-10-29,TOR,HOU,0,0.411614
22500132,2025-26,2025-10-29,CHI,SAC,1,0.741275
22500133,2025-26,2025-10-29,DAL,IND,1,0.467822
22500134,2025-26,2025-10-29,DEN,NOP,1,0.812132
22500135,2025-26,2025-10-29,UTA,POR,0,0.513855
22500136,2025-26,2025-10-29,MIN,LAL,0,0.559877
22500137,2025-26,2025-10-29,PHX,MEM,0,0.441424
22500138,2025-26,2025-10-30,CHA,ORL,0,0.684773
22500139,2025-26,2025-10-30,MIL,GSW,1,0.542226
22500140,2025-26,2025-10-30,OKC,WAS,1,0.891477
22500141,2025-26,2025-10-30,SAS,MIA,1,0.518031
22500020,2025-26,2025-10-31,IND,ATL,0,0.636318
22500021,2025-26,2025-10-31,PHI,BOS,0,0.403843
22500022,2025-26,2025-10-31,CLE,TOR,0,0.748484
22500023,2025-26,2025-10-31,CHI,NYK,1,0.478819
22500024,2025-26,2025-10-31,MEM,LAL,0,0.504044
22500025,2025-26,2025-10-31,PHX,UTA,1,0.487129
22500026,2025-26,2025-10-31,POR,DEN,1,0.497793
22500027,2025-26,2025-10-31,LAC,NOP,1,0.741281
22500142,2025-26,2025-11-01,MIL,SAC,0,0.686915
22500143,2025-26,2025-11-01,CHA,MIN,0,0.449568
22500144,2025-26,2025-11-01,IND,GSW,1,0.346187
22500145,2025-26,2025-11-01,WAS,ORL,0,0.382285
22500146,2025-26,2025-11-01,BOS,HOU,0,0.516144
22500148,2025-26,2025-11-02,OKC,NOP,1,0.884552
22500149,2025-26,2025-11-02,BKN,PHI,0,0.430323
22500150,2025-26,2025-11-02,CHA,UTA,1,0.419443
22500151,2025-26,2025-11-02,CLE,ATL,1,0.646213
22500152,2025-26,2025-11-02,TOR,MEM,1,0.496076
22500153,2025-26,2025-11-02,NYK,CHI,1,0.565886
22500154,2025-26,2025-11-02,PHX,SAS,1,0.411101
22500155,2025-26,2025-11-02,LAL,MIA,1,0.543628
22500156,2025-26,2025-11-03,BKN,MIN,0,0.270653
22500157,2025-26,2025-11-03,IND,MIL,0,0.452955
22500158,2025-26,2025-11-03,BOS,UTA,0,0.853253
22500159,2025-26,2025-11-03,NYK,WAS,1,0.781123
22500160,2025-26,2025-11-03,HOU,DAL,1,0.75217
22500161,2025-26,2025-11-03,MEM,DET,0,0.354786
22500162,2025-26,2025-11-03,DEN,SAC,1,0.739804
22500163,2025-26,2025-11-03,POR,LAL,0,0.664421
22500164,2025-26,2025-11-03,LAC,MIA,0,0.628583
22500165,2025-26,2025-11-04,TOR,MIL,1,0.618321
22500166,2025-26,2025-11-04,ATL,ORL,1,0.511308
22500167,2025-26,2025-11-04,CHI,PHI,1,0.566915
22500168,2025-26,2025-11-04,NOP,CHA,1,0.477906
22500169,2025-26,2025-11-04,GSW,PHX,1,0.663066
22500170,2025-26,2025-11-04,LAC,OKC,0,0.259465
22500171,2025-26,2025-11-05,CLE,PHI,1,0.729218
22500172,2025-26,2025-11-05,DET,UTA,1,0.744562
22500173,2025-26,2025-11-05,IND,BKN,0,0.709511
22500174,2025-26,2025-11-05,BOS,WAS,1,0.856662
22500175,2025-26,2025-11-05,NYK,MIN,1,0.576492
22500176,2025-26,2025-11-05,MEM,HOU,0,0.345725
22500177,2025-26,2025-11-05,DAL,NOP,0,0.778074
22500178,2025-26,2025-11-05,DEN,MIA,1,0.662629
22500179,2025-26,2025-11-05,LAL,SAS,1,0.567129
22500180,2025-26,2025-11-05,POR,OKC,1,0.449144
22500181,2025-26,2025-11-05,SAC,GSW,1,0.549256
22500182,2025-26,2025-11-06,PHX,LAC,1,0.502588
22500028,2025-26,2025-11-07,ORL,BOS,1,0.444015
22500029,2025-26,2025-11-07,WAS,CLE,0,0.225728
22500030,2025-26,2025-11-07,ATL,TOR,0,0.561557
22500031,2025-26,2025-11-07,BKN,DET,0,0.322213
22500032,2025-26,2025-11-07,SAS,HOU,1,0.435881
22500033,2025-26,2025-11-07,MIA,CHA,1,0.670914
22500034,2025-26,2025-11-07,MEM,DAL,1,0.591284
22500035,2025-26,2025-11-07,MIL,CHI,1,0.521312
22500036,2025-26,2025-11-07,MIN,UTA,1,0.698929
22500037,2025-26,2025-11-07,DEN,GSW,1,0.692199
22500038,2025-26,2025-11-07,SAC,OKC,0,0.293786
22500183,2025-26,2025-11-08,WAS,DAL,0,0.425182
22500184,2025-26,2025-11-08,PHI,TOR,1,0.643583
22500185,2025-26,2025-11-08,ATL,LAL,1,0.38351
22500186,2025-26,2025-11-08,CLE,CHI,1,0.69765
22500187,2025-26,2025-11-08,MIA,POR,1,0.52503
22500188,2025-26,2025-11-08,SAS,NOP,1,0.728274
22500189,2025-26,2025-11-08,DEN,IND,1,0.753006
22500190,2025-26,2025-11-08,LAC,PHX,0,0.566648
22500191,2025-26,2025-11-09,MIL,HOU,0,0.454973
22500192,2025-26,2025-11-09,NYK,BKN,1,0.843843
22500193,2025-26,2025-11-09,ORL,BOS,0,0.476143
22500194,2025-26,2025-11-09,MEM,OKC,0,0.279271
22500195,2025-26,2025-11-09,PHI,DET,0,0.417899
22500196,2025-26,2025-11-09,GSW,IND,1,0.757552
22500197,2025-26,2025-11-09,SAC,MIN,0,0.494864
22500198,2025-26,2025-11-10,CHA,LAL,0,0.413455
22500199,2025-26,2025-11-10,DET,WAS,1,0.836809
22500200,2025-26,2025-11-10,ORL,POR,1,0.462479
22500201,2025-26,2025-11-10,MIA,CLE,1,0.54716
22500202,2025-26,2025-11-10,CHI,SAS,0,0.506208
22500203,2025-26,2025-11-10,DAL,MIL,0,0.555821
22500204,2025-26,2025-11-10,PHX,NOP,1,0.693717
22500205,2025-26,2025-11-10,UTA,MIN,0,0.508546
22500206,2025-26,2025-11-10,LAC,ATL,0,0.537527
22500207,2025-26,2025-11-11,BKN,TOR,0,0.365986
22500208,2025-26,2025-11-11,NYK,MEM,1,0.785287
22500209,2025-26,2025-11-11,PHI,BOS,1,0.504457
22500210,2025-26,2025-11-11,OKC,GSW,1,0.802225
22500211,2025-26,2025-11-11,UTA,IND,1,0.499774
22500212,2025-26,2025-11-11,SAC,DEN,0,0.325509
22500213,2025-26,2025-11-12,CHA,MIL,1,0.491962
22500214,2025-26,2025-11-12,DET,CHI,1,0.674709
22500215,2025-26,2025-11-12,NYK,ORL,0,0.644089
22500216,2025-26,2025-11-12,BOS,MEM,1,0.763453
22500217,2025-26,2025-11-12,MIA,CLE,0,0.528883
22500218,2025-26,2025-11-12,HOU,WAS,1,0.912603
22500219,2025-26,2025-11-12,NOP,POR,0,0.349567
22500220,2025-26,2025-11-12,SAS,GSW,0,0.723785
22500221,2025-26,2025-11-12,DAL,PHX,0,0.479081
22500222,2025-26,2025-11-12,OKC,LAL,1,0.717351
22500223,2025-26,2025-11-12,SAC,ATL,0,0.395387
22500224,2025-26,2025-11-12,LAC,DEN,0,0.457433
22500225,2025-26,2025-11-13,CLE,TOR,0,0.587172
22500226,2025-26,2025-11-13,PHX,IND,1,0.617191
22500227,2025-26,2025-11-13,UTA,ATL,0,0.573243
22500039,2025-26,2025-11-14,NYK,MIA,1,0.634619
22500040,2025-26,2025-11-14,ORL,BKN,1,0.80145
22500041,2025-26,2025-11-14,DET,PHI,1,0.608424
22500042,2025-26,2025-11-14,HOU,POR,1,0.685998
22500043,2025-26,2025-11-14,MIL,CHA,1,0.604913
22500044,2025-26,2025-11-14,MIN,SAC,1,0.779611
22500045,2025-26,2025-11-14,NOP,LAL,0,0.326436
22500046,2025-26,2025-11-14,DAL,LAC,0,0.538455
22500047,2025-26,2025-11-14,SAS,GSW,0,0.610717
22500228,2025-26,2025-11-15,CLE,MEM,1,0.766436
22500229,2025-26,2025-11-15,CHA,OKC,0,0.120701
22500230,2025-26,2025-11-15,IND,TOR,0,0.353942
22500231,2025-26,2025-11-15,MIL,LAL,0,0.476601
22500232,2025-26,2025-11-15,MIN,DEN,0,0.417517
22500233,2025-26,2025-11-16,BOS,LAC,1,0.752574
22500234,2025-26,2025-11-16,SAS,SAC,1,0.776811
22500235,2025-26,2025-11-16,WAS,BKN,0,0.476647
22500236,2025-26,2025-11-16,HOU,ORL,1,0.701771
22500237,2025-26,2025-11-16,NOP,GSW,0,0.329684
22500238,2025-26,2025-11-16,DAL,POR,1,0.422773
22500239,2025-26,2025-11-16,PHX,ATL,0,0.523734
22500240,2025-26,2025-11-16,UTA,CHI,1,0.517403
22500241,2025-26,2025-11-17,CLE,MIL,1,0.746749
22500242,2025-26,2025-11-17,DET,IND,1,0.797791
22500243,2025-26,2025-11-17,PHI,LAC,1,0.7484
22500244,2025-26,2025-11-17,MIA,NYK,1,0.467091
22500245,2025-26,2025-11-17,TOR,CHA,1,0.740712
22500246,2025-26,2025-11-17,MIN,DAL,1,0.857336
22500247,2025-26,2025-11-17,NOP,OKC,0,0.07369
22500248,2025-26,2025-11-17,DEN,CHI,0,0.871527
22500249,2025-26,2025-11-18,ORL,GSW,1,0.549438
22500250,2025-26,2025-11-18,BKN,BOS,0,0.266999
22500251,2025-26,2025-11-18,ATL,DET,0,0.606538
22500252,2025-26,2025-11-18,SAS,MEM,1,0.721939
22500253,2025-26,2025-11-18,LAL,UTA,1,0.75366
22500254,2025-26,2025-11-18,POR,PHX,0,0.548745
22500255,2025-26,2025-11-19,CLE,HOU,0,0.537854
22500256,2025-26,2025-11-19,IND,CHA,1,0.469107
22500257,2025-26,2025-11-19,MIA,GSW,1,0.646465
22500258,2025-26,2025-11-19,PHI,TOR,0,0.533824
22500259,2025-26,2025-11-19,MIN,WAS,1,0.886077
22500260,2025-26,2025-11-19,NOP,DEN,0,0.190591
22500261,2025-26,2025-11-19,OKC,SAC,1,0.905513
22500262,2025-26,2025-11-19,DAL,NYK,0,0.282783
22500263,2025-26,2025-11-19,POR,CHI,0,0.466771
22500264,2025-26,2025-11-20,ORL,LAC,1,0.675549
22500265,2025-26,2025-11-20,MEM,SAC,1,0.698215
22500266,2025-26,2025-11-20,MIL,PHI,0,0.580455
22500267,2025-26,2025-11-20,SAS,ATL,1,0.596603
22500048,2025-26,2025-11-21,CLE,IND,1,0.825924
22500049,2025-26,2025-11-21,BOS,BKN,0,0.816511
22500050,2025-26,2025-11-21,TOR,WAS,1,0.870723
22500051,2025-26,2025-11-21,CHI,MIA,0,0.484395
22500052,2025-26,2025-11-21,DAL,NOP,1,0.628617
22500053,2025-26,2025-11-21,PHX,MIN,1,0.468667
22500054,2025-26,2025-11-21,HOU,DEN,0,0.581202
22500055,2025-26,2025-11-21,UTA,OKC,0,0.185562
22500056,2025-26,2025-11-21,GSW,POR,0,0.571507
22500268,2025-26,2025-11-22,CHA,LAC,0,0.515439
22500269,2025-26,2025-11-22,ORL,NYK,1,0.536192
22500270,2025-26,2025-11-22,NOP,ATL,0,0.245847
22500271,2025-26,2025-11-22,CHI,WAS,1,0.803689
22500272,2025-26,2025-11-22,MIL,DET,0,0.338634
22500273,2025-26,2025-11-22,DAL,MEM,0,0.382082
22500274,2025-26,2025-11-22,DEN,SAC,0,0.799247
22500275,2025-26,2025-11-23,PHI,MIA,0,0.51011
22500276,2025-26,2025-11-23,ATL,CHA,1,0.697606
22500277,2025-26,2025-11-23,BOS,ORL,1,0.670938
22500278,2025-26,2025-11-23,CLE,LAC,1,0.790501
22500279,2025-26,2025-11-23,TOR,BKN,1,0.744686
22500280,2025-26,2025-11-23,OKC,POR,1,0.843393
22500281,2025-26,2025-11-23,PHX,SAS,1,0.485071
22500282,2025-26,2025-11-23,UTA,LAL,0,0.329413
22500283,2025-26,2025-11-24,IND,DET,0,0.234256
22500284,2025-26,2025-11-24,TOR,CLE,1,0.50698
22500285,2025-26,2025-11-24,BKN,NYK,0,0.248826
22500286,2025-26,2025-11-24,MIA,DAL,1,0.683862
22500287,2025-26,2025-11-24,MEM,DEN,0,0.376571
22500288,2025-26,2025-11-24,MIL,POR,0,0.562917
22500289,2025-26,2025-11-24,NOP,CHI,1,0.40499
22500290,2025-26,2025-11-24,PHX,HOU,0,0.346621
22500291,2025-26,2025-11-24,GSW,UTA,1,0.78916
22500292,2025-26,2025-11-24,SAC,MIN,1,0.271267
22500057,2025-26,2025-11-25,WAS,ATL,1,0.221265
22500058,2025-26,2025-11-25,PHI,ORL,0,0.464746
22500059,2025-26,2025-11-25,LAL,LAC,1,0.749882
22500060,2025-26,2025-11-26,BOS,DET,1,0.545859
22500061,2025-26,2025-11-26,CHA,NYK,0,0.340218
22500062,2025-26,2025-11-26,MIA,MIL,1,0.737945
22500063,2025-26,2025-11-26,TOR,IND,1,0.771137
22500064,2025-26,2025-11-26,OKC,MIN,1,0.786587
22500065,2025-26,2025-11-26,NOP,MEM,0,0.404159
22500066,2025-26,2025-11-26,GSW,HOU,0,0.394371
22500067,2025-26,2025-11-26,POR,SAS,0,0.436948
22500068,2025-26,2025-11-26,SAC,PHX,0,0.441863
22500069,2025-26,2025-11-28,ATL,CLE,1,0.439651
22500070,2025-26,2025-11-28,BKN,PHI,0,0.432679
22500071,2025-26,2025-11-28,CHA,CHI,1,0.498693
22500072,2025-26,2025-11-28,DET,ORL,0,0.553192
22500073,2025-26,2025-11-28,IND,WAS,1,0.65009
22500074,2025-26,2025-11-28,NYK,MIL,1,0.787057
22500075,2025-26,2025-11-28,OKC,PHX,1,0.850926
22500076,2025-26,2025-11-28,DEN,SAS,0,0.637429
22500077,2025-26,2025-11-28,UTA,SAC,1,0.570901
22500078,2025-26,2025-11-28,LAL,DAL,1,0.795447
22500079,2025-26,2025-11-28,LAC,MEM,0,0.548391
22500293,2025-26,2025-11-29,MIN,BOS,1,0.518334
22500294,2025-26,2025-11-29,CHA,TOR,1,0.291759
22500295,2025-26,2025-11-29,IND,CHI,1,0.498653
22500296,2025-26,2025-11-29,MIA,DET,0,0.622964
22500297,2025-26,2025-11-29,MIL,BKN,1,0.573576
22500298,2025-26,2025-11-29,GSW,NOP,1,0.769524
22500299,2025-26,2025-11-29,PHX,DEN,0,0.468395
22500300,2025-26,2025-11-29,LAC,DAL,0,0.645633
22500301,2025-26,2025-11-30,UTA,HOU,0,0.270017
22500302,2025-26,2025-11-30,CLE,BOS,0,0.647892
22500303,2025-26,2025-11-30,NYK,TOR,1,0.72724
22500304,2025-26,2025-11-30,PHI,ATL,0,0.518396
22500305,2025-26,2025-11-30,POR,OKC,0,0.255417
22500306,2025-26,2025-11-30,MIN,SAS,1,0.462284
22500307,2025-26,2025-11-30,SAC,MEM,0,0.43119
22500308,2025-26,2025-11-30,LAL,NOP,1,0.873963
22500309,2025-26,2025-12-01,DET,ATL,1,0.718922
22500310,2025-26,2025-12-01,IND,CLE,0,0.411136
22500311,2025-26,2025-12-01,WAS,MIL,1,0.37883
22500312,2025-26,2025-12-01,BKN,CHA,1,0.483009
22500313,2025-26,2025-12-01,MIA,LAC,1,0.698461
22500314,2025-26,2025-12-01,ORL,CHI,1,0.777781
22500315,2025-26,2025-12-01,DEN,DAL,0,0.811849
22500316,2025-26,2025-12-01,UTA,HOU,1,0.255021
22500317,2025-26,2025-12-01,LAL,PHX,0,0.580552
22500318,2025-26,2025-12-02,PHI,WAS,1,0.852707
22500319,2025-26,2025-12-02,TOR,POR,1,0.579691
22500320,2025-26,2025-12-02,BOS,NYK,1,0.506712
22500321,2025-26,2025-12-02,NOP,MIN,0,0.25968
22500322,2025-26,2025-12-02,SAS,MEM,1,0.676137
22500323,2025-26,2025-12-02,GSW,OKC,0,0.279543
22500324,2025-26,2025-12-03,CLE,POR,0,0.721413
22500325,2025-26,2025-12-03,IND,DEN,0,0.295974
22500326,2025-26,2025-12-03,ORL,SAS,0,0.724149
22500327,2025-26,2025-12-03,ATL,LAC,0,0.640117
22500328,2025-26,2025-12-03,NYK,CHA,1,0.715687
22500329,2025-26,2025-12-03,CHI,BKN,0,0.593665
22500330,2025-26,2025-12-03,HOU,SAC,1,0.848702
22500331,2025-26,2025-12-03,MIL,DET,1,0.288604
22500332,2025-26,2025-12-03,DAL,MIA,1,0.372878
22500333,2025-26,2025-12-04,PHI,GSW,1,0.521704
22500334,2025-26,2025-12-04,WAS,BOS,0,0.177805
22500335,2025-26,2025-12-04,BKN,UTA,0,0.456922
22500336,2025-26,2025-12-04,TOR,LAL,0,0.484573
22500337,2025-26,2025-12-04,NOP,MIN,0,0.258687
22500338,2025-26,2025-12-05,BOS,LAL,1,0.613905
22500339,2025-26,2025-12-05,ORL,MIA,1,0.639298
22500340,2025-26,2025-12-05,ATL,DEN,0,0.395781
22500341,2025-26,2025-12-05,CLE,SAS,1,0.535403
22500342,2025-26,2025-12-05,DET,POR,1,0.647452
22500343,2025-26,2025-12-05,NYK,UTA,1,0.860342
22500344,2025-26,2025-12-05,TOR,CHA,0,0.605837
22500345,2025-26,2025-12-05,CHI,IND,0,0.593205
22500346,2025-26,2025-12-05,HOU,PHX,1,0.674162
22500347,2025-26,2025-12-05,MEM,LAC,1,0.546337
22500348,2025-26,2025-12-05,MIL,PHI,0,0.573554
22500349,2025-26,2025-12-05,OKC,DAL,1,0.876743
22500350,2025-26,2025-12-06,BKN,NOP,1,0.57752
22500351,2025-26,2025-12-06,WAS,ATL,0,0.362679
22500352,2025-26,2025-12-06,CLE,GSW,0,0.521113
22500353,2025-26,2025-12-06,DET,MIL,1,0.780626
22500354,2025-26,2025-12-06,MIA,SAC,0,0.656684
22500355,2025-26,2025-12-06,MIN,LAC,1,0.780854
22500356,2025-26,2025-12-06,DAL,HOU,1,0.267168
22500357,2025-26,2025-12-07,NYK,ORL,1,0.567358
22500358,2025-26,2025-12-07,TOR,BOS,0,0.372858
22500359,2025-26,2025-12-07,CHA,DEN,0,0.318963
22500360,2025-26,2025-12-07,MEM,POR,1,0.536483
22500361,2025-26,2025-12-07,CHI,GSW,0,0.50073
22500362,2025-26,2025-12-07,PHI,LAL,0,0.43857
22500363,2025-26,2025-12-07,UTA,OKC,0,0.137268
22500364,2025-26,2025-12-08,IND,SAC,1,0.54855
22500365,2025-26,2025-12-08,MIN,PHX,0,0.580077
22500366,2025-26,2025-12-08,NOP,SAS,0,0.267081
22501201,2025-26,2025-12-09,ORL,MIA,1,0.627017
22501202,2025-26,2025-12-09,TOR,NYK,0,0.355895
22501203,2025-26,2025-12-10,OKC,PHX,1,0.804764
22501204,2025-26,2025-12-10,LAL,SAS,0,0.548883
22501205,2025-26,2025-12-11,HOU,LAC,1,0.742923
22501206,2025-26,2025-12-11,MIL,BOS,1,0.249731
22501207,2025-26,2025-12-11,NOP,POR,1,0.358934
22501208,2025-26,2025-12-11,SAC,DEN,0,0.269878
22501209,2025-26,2025-12-12,CHA,CHI,0,0.596468
22501210,2025-26,2025-12-12,DET,ATL,1,0.647477
22501211,2025-26,2025-12-12,PHI,IND,1,0.668502
22501212,2025-26,2025-12-12,WAS,CLE,0,0.178035
22501213,2025-26,2025-12-12,MEM,UTA,0,0.713717
22501214,2025-26,2025-12-12,DAL,BKN,1,0.614563
22501215,2025-26,2025-12-12,GSW,MIN,0,0.496136
22501216,2025-26,2025-12-14,IND,WAS,0,0.703729
22501217,2025-26,2025-12-14,ATL,PHI,1,0.524454
22501218,2025-26,2025-12-14,CLE,CHA,0,0.739774
22501219,2025-26,2025-12-14,BKN,MIL,1,0.509208
22501220,2025-26,2025-12-14,MIN,SAC,1,0.781419
22501221,2025-26,2025-12-14,POR,GSW,1,0.427926
22501223,2025-26,2025-12-14,CHI,NOP,0,0.569444
22501228,2025-26,2025-12-14,PHX,LAL,0,0.509469
22501222,2025-26,2025-12-15,BOS,DET,0,0.560962
22501224,2025-26,2025-12-15,UTA,DAL,1,0.495093
22501225,2025-26,2025-12-15,DEN,HOU,1,0.54657
22501226,2025-26,2025-12-15,LAC,MEM,0,0.53103
22501227,2025-26,2025-12-15,MIA,TOR,0,0.604146
22500367,2025-26,2025-12-17,CHI,CLE,1,0.314668
22500368,2025-26,2025-12-17,MIN,MEM,0,0.659187
22500369,2025-26,2025-12-18,OKC,LAC,1,0.885232
22500370,2025-26,2025-12-18,SAS,WAS,1,0.846712
22500371,2025-26,2025-12-18,CHA,ATL,1,0.451599
22500372,2025-26,2025-12-18,IND,NYK,0,0.223303
22500373,2025-26,2025-12-18,BKN,MIA,0,0.420839
22500374,2025-26,2025-12-18,MIL,TOR,0,0.417408
22500375,2025-26,2025-12-18,NOP,HOU,1,0.255157
22500376,2025-26,2025-12-18,DAL,DET,1,0.351073
22500377,2025-26,2025-12-18,DEN,ORL,1,0.601231
22500378,2025-26,2025-12-18,PHX,GSW,1,0.542173
22500379,2025-26,2025-12-18,UTA,LAL,0,0.383804
22500380,2025-26,2025-12-18,POR,SAC,1,0.689302
22500381,2025-26,2025-12-19,BOS,MIA,1,0.758467
22500382,2025-26,2025-12-19,NYK,PHI,0,0.616734
22500383,2025-26,2025-12-19,ATL,SAS,0,0.451047
22500384,2025-26,2025-12-19,CLE,CHI,0,0.710905
22500385,2025-26,2025-12-19,MIN,OKC,1,0.370562
22500386,2025-26,2025-12-20,DEN,HOU,0,0.589163
22500387,2025-26,2025-12-20,PHI,DAL,1,0.562437
22500388,2025-26,2025-12-20,TOR,BOS,0,0.489734
22500389,2025-26,2025-12-20,NOP,IND,1,0.566732
22500390,2025-26,2025-12-20,DET,CHA,1,0.720599
22500391,2025-26,2025-12-20,MEM,WAS,0,0.792772
22500392,2025-26,2025-12-20,GSW,PHX,1,0.547958
22500393,2025-26,2025-12-20,UTA,ORL,0,0.318823
22500394,2025-26,2025-12-20,SAC,POR,0,0.410012
22500395,2025-26,2025-12-20,LAC,LAL,1,0.363951
22500396,2025-26,2025-12-21,ATL,CHI,0,0.610747
22500397,2025-26,2025-12-21,BKN,TOR,1,0.56896
22500398,2025-26,2025-12-21,NYK,MIA,1,0.660395
22500399,2025-26,2025-12-21,WAS,SAS,0,0.146081
22500400,2025-26,2025-12-21,MIN,MIL,1,0.760251
22500401,2025-26,2025-12-21,SAC,HOU,1,0.267639
22500402,2025-26,2025-12-22,CLE,CHA,1,0.686548
22500403,2025-26,2025-12-22,BOS,IND,1,0.823801
22500404,2025-26,2025-12-22,NOP,DAL,1,0.507858
22500405,2025-26,2025-12-22,DEN,UTA,1,0.787257
22500406,2025-26,2025-12-22,OKC,MEM,1,0.838025
22500407,2025-26,2025-12-22,GSW,ORL,1,0.477449
22500408,2025-26,2025-12-22,POR,DET,0,0.381389
22500409,2025-26,2025-12-23,CHA,WAS,1,0.603561
22500410,2025-26,2025-12-23,PHI,BKN,0,0.658656
22500411,2025-26,2025-12-23,ATL,CHI,0,0.573654
22500412,2025-26,2025-12-23,CLE,NOP,1,0.719788
22500413,2025-26,2025-12-23,IND,MIL,0,0.426048
22500414,2025-26,2025-12-23,MIA,TOR,0,0.594976
22500415,2025-26,2025-12-23,DAL,DEN,1,0.355877
22500416,2025-26,2025-12-23,MIN,NYK,1,0.542856
22500417,2025-26,2025-12-23,SAS,OKC,1,0.368567
22500418,2025-26,2025-12-23,PHX,LAL,1,0.483165
22500419,2025-26,2025-12-23,UTA,MEM,0,0.454253
22500420,2025-26,2025-12-23,POR,ORL,0,0.449764
22500421,2025-26,2025-12-23,SAC,DET,0,0.364363
22500422,2025-26,2025-12-23,LAC,HOU,1,0.377162
22500009,2025-26,2025-12-25,NYK,CLE,1,0.603028
22500010,2025-26,2025-12-25,OKC,SAS,0,0.738002
22500011,2025-26,2025-12-25,GSW,DAL,1,0.705429
22500012,2025-26,2025-12-25,LAL,HOU,0,0.491571
22500013,2025-26,2025-12-25,DEN,MIN,1,0.574315
22500423,2025-26,2025-12-26,ATL,MIA,0,0.517336
22500424,2025-26,2025-12-26,ORL,CHA,0,0.685112
22500425,2025-26,2025-12-26,WAS,TOR,1,0.305842
22500426,2025-26,2025-12-26,IND,BOS,0,0.236305
22500427,2025-26,2025-12-26,CHI,PHI,1,0.441663
22500428,2025-26,2025-12-26,MEM,MIL,1,0.637964
22500429,2025-26,2025-12-26,NOP,PHX,0,0.375247
22500430,2025-26,2025-12-26,UTA,DET,1,0.296694
22500431,2025-26,2025-12-26,POR,LAC,0,0.522139
22500432,2025-26,2025-12-27,SAC,DAL,1,0.500562
22500433,2025-26,2025-12-27,ORL,DEN,1,0.420748
22500434,2025-26,2025-12-27,NOP,PHX,0,0.378023
22500435,2025-26,2025-12-27,ATL,NYK,0,0.300822
22500436,2025-26,2025-12-27,MIA,IND,1,0.751634
22500437,2025-26,2025-12-27,CHI,MIL,0,0.627652
22500438,2025-26,2025-12-27,HOU,CLE,1,0.641667
22500439,2025-26,2025-12-27,MIN,BKN,0,0.742447
22500440,2025-26,2025-12-27,SAS,UTA,0,0.884429
22500441,2025-26,2025-12-28,TOR,GSW,1,0.443334
22500442,2025-26,2025-12-28,OKC,PHI,1,0.824189
22500443,2025-26,2025-12-28,WAS,MEM,1,0.305303
22500444,2025-26,2025-12-28,POR,BOS,1,0.325582
22500445,2025-26,2025-12-28,LAC,DET,1,0.403932
22500446,2025-26,2025-12-28,LAL,SAC,1,0.791034
22500447,2025-26,2025-12-29,CHA,MIL,0,0.59437
22500448,2025-26,2025-12-29,WAS,PHX,0,0.234021
22500449,2025-26,2025-12-29,BKN,GSW,0,0.552291
22500450,2025-26,2025-12-29,MIA,DEN,1,0.465512
22500451,2025-26,2025-12-29,TOR,ORL,1,0.413442
22500452,2025-26,2025-12-29,CHI,MIN,0,0.364979
22500453,2025-26,2025-12-29,HOU,IND,1,0.8457
22500454,2025-26,2025-12-29,NOP,NYK,0,0.31612
22500455,2025-26,2025-12-29,OKC,ATL,1,0.825789
22500456,2025-26,2025-12-29,SAS,CLE,0,0.625707
22500457,2025-26,2025-12-29,POR,DAL,1,0.509436
22500458,2025-26,2025-12-30,MEM,PHI,0,0.56515
22500459,2025-26,2025-12-30,UTA,BOS,0,0.295675
22500460,2025-26,2025-12-30,LAL,DET,0,0.484257
22500461,2025-26,2025-12-30,LAC,SAC,1,0.703975
22500462,2025-26,2025-12-31,CHA,GSW,0,0.385514
22500463,2025-26,2025-12-31,ATL,MIN,1,0.341765
22500464,2025-26,2025-12-31,IND,ORL,0,0.309087
22500465,2025-26,2025-12-31,CLE,PHX,1,0.563635
22500466,2025-26,2025-12-31,CHI,NOP,1,0.567323
22500467,2025-26,2025-12-31,SAS,NYK,1,0.545934
22500468,2025-26,2025-12-31,TOR,DEN,0,0.453178
22500469,2025-26,2025-12-31,MIL,WAS,0,0.665281
22500470,2025-26,2025-12-31,OKC,POR,1,0.876753
22500471,2025-26,2026-01-01,BKN,HOU,0,0.338234
22500472,2025-26,2026-01-01,DET,MIA,0,0.624275
22500473,2025-26,2026-01-01,DAL,PHI,0,0.45432
22500474,2025-26,2026-01-01,SAC,BOS,0,0.216044
22500475,2025-26,2026-01-01,LAC,UTA,1,0.718594
22500476,2025-26,2026-01-02,IND,SAS,0,0.27691
22500477,2025-26,2026-01-02,WAS,BKN,1,0.500299
22500478,2025-26,2026-01-02,CLE,DEN,1,0.560111
22500479,2025-26,2026-01-02,NYK,ATL,0,0.685144
22500480,2025-26,2026-01-02,CHI,ORL,1,0.405137
22500481,2025-26,2026-01-02,MIL,CHA,1,0.546964
22500482,2025-26,2026-01-02,NOP,POR,0,0.477816
22500483,2025-26,2026-01-02,PHX,SAC,1,0.819849
22500484,2025-26,2026-01-02,GSW,OKC,0,0.276436
22500485,2025-26,2026-01-02,LAL,MEM,1,0.596289
22500486,2025-26,2026-01-03,MIA,MIN,0,0.518582
22500487,2025-26,2026-01-03,NYK,PHI,0,0.562533
22500488,2025-26,2026-01-03,TOR,ATL,1,0.685779
22500489,2025-26,2026-01-03,CHI,CHA,0,0.592408
22500490,2025-26,2026-01-03,SAS,POR,0,0.723147
22500491,2025-26,2026-01-03,DAL,HOU,1,0.306891
22500492,2025-26,2026-01-03,GSW,UTA,1,0.664004
22500493,2025-26,2026-01-03,LAC,BOS,0,0.421741
22500494,2025-26,2026-01-04,CLE,DET,0,0.520422
22500495,2025-26,2026-01-04,ORL,IND,1,0.750159
22500496,2025-26,2026-01-04,BKN,DEN,1,0.357508
22500497,2025-26,2026-01-04,MIA,NOP,1,0.66164
22500498,2025-26,2026-01-04,WAS,MIN,0,0.362368
22500499,2025-26,2026-01-04,PHX,OKC,1,0.26159
22500500,2025-26,2026-01-04,SAC,MIL,0,0.453038
22500501,2025-26,2026-01-04,LAL,MEM,1,0.581616
22500502,2025-26,2026-01-05,DET,NYK,1,0.53347
22500503,2025-26,2026-01-05,BOS,CHI,1,0.788825
22500504,2025-26,2026-01-05,TOR,ATL,1,0.62161
22500505,2025-26,2026-01-05,HOU,PHX,1,0.760382
22500506,2025-26,2026-01-05,OKC,CHA,0,0.836195
22500507,2025-26,2026-01-05,PHI,DEN,0,0.618582
22500508,2025-26,2026-01-05,LAC,GSW,1,0.531406
22500509,2025-26,2026-01-05,POR,UTA,1,0.63406
22500510,2025-26,2026-01-06,IND,CLE,0,0.270809
22500511,2025-26,2026-01-06,WAS,ORL,1,0.315418
22500512,2025-26,2026-01-06,MEM,SAS,1,0.413513
22500513,2025-26,2026-01-06,MIN,MIA,1,0.622004
22500514,2025-26,2026-01-06,NOP,LAL,0,0.364793
22500515,2025-26,2026-01-06,SAC,DAL,0,0.435268
22500516,2025-26,2026-01-07,CHA,TOR,0,0.44939
22500517,2025-26,2026-01-07,DET,CHI,1,0.782765
22500518,2025-26,2026-01-07,PHI,WAS,1,0.828222
22500519,2025-26,2026-01-07,ATL,NOP,1,0.732809
22500520,2025-26,2026-01-07,BOS,DEN,0,0.697771
22500521,2025-26,2026-01-07,BKN,ORL,0,0.558656
22500522,2025-26,2026-01-07,NYK,LAC,1,0.608754
22500523,2025-26,2026-01-07,SAS,LAL,1,0.644587
22500524,2025-26,2026-01-07,MEM,PHX,0,0.41732
22500525,2025-26,2026-01-07,OKC,UTA,1,0.912626
22500526,2025-26,2026-01-07,GSW,MIL,1,0.656026
22500527,2025-26,2026-01-07,POR,HOU,1,0.377464
22500528,2025-26,2026-01-08,CHA,IND,0,0.595705
22500530,2025-26,2026-01-08,MIN,CLE,1,0.572417
22500531,2025-26,2026-01-08,UTA,DAL,1,0.412821
22500532,2025-26,2026-01-09,BOS,TOR,1,0.703713
22500533,2025-26,2026-01-09,ORL,PHI,0,0.530697
22500534,2025-26,2026-01-09,WAS,NOP,0,0.525244
22500535,2025-26,2026-01-09,BKN,LAC,0,0.450882
22500536,2025-26,2026-01-09,MEM,OKC,0,0.248213
22500537,2025-26,2026-01-09,DEN,ATL,0,0.686451
22500538,2025-26,2026-01-09,PHX,NYK,1,0.538619
22500539,2025-26,2026-01-09,GSW,SAC,1,0.790231
22500540,2025-26,2026-01-09,POR,HOU,1,0.375955
22500541,2025-26,2026-01-09,LAL,MIL,0,0.617174
22500542,2025-26,2026-01-10,CLE,MIN,1,0.517463
22500543,2025-26,2026-01-10,IND,MIA,1,0.319928
22500544,2025-26,2026-01-10,DET,LAC,0,0.782129
22500545,2025-26,2026-01-10,BOS,SAS,0,0.543551
22500546,2025-26,2026-01-10,CHI,DAL,1,0.562432
22500547,2025-26,2026-01-10,UTA,CHA,0,0.504161
22500548,2025-26,2026-01-11,ORL,NOP,1,0.705437
22500549,2025-26,2026-01-11,MEM,BKN,1,0.620927
22500550,2025-26,2026-01-11,TOR,PHI,1,0.554246
22500551,2025-26,2026-01-11,POR,NYK,0,0.471478
22500552,2025-26,2026-01-11,MIN,SAS,1,0.55193
22500553,2025-26,2026-01-11,OKC,MIA,1,0.864259
22500554,2025-26,2026-01-11,DEN,MIL,1,0.696339
22500555,2025-26,2026-01-11,PHX,WAS,1,0.831611
22500556,2025-26,2026-01-11,GSW,ATL,0,0.658006
22500557,2025-26,2026-01-11,SAC,HOU,1,0.2173
22500558,2025-26,2026-01-12,CLE,UTA,0,0.831197
22500559,2025-26,2026-01-12,IND,BOS,1,0.262322
22500560,2025-26,2026-01-12,TOR,PHI,0,0.579152
22500561,2025-26,2026-01-12,DAL,BKN,1,0.649655
22500562,2025-26,2026-01-12,SAC,LAL,1,0.285659
22500563,2025-26,2026-01-12,LAC,CHA,1,0.585433
22500564,2025-26,2026-01-13,MIA,PHX,1,0.485071
22500565,2025-26,2026-01-13,HOU,CHI,1,0.712329
22500566,2025-26,2026-01-13,MIL,MIN,0,0.383741
22500567,2025-26,2026-01-13,NOP,DEN,0,0.360273
22500568,2025-26,2026-01-13,OKC,SAS,1,0.721565
22500569,2025-26,2026-01-13,LAL,ATL,1,0.488518
22500570,2025-26,2026-01-13,GSW,POR,1,0.643923
22500571,2025-26,2026-01-14,IND,TOR,0,0.383517
22500572,2025-26,2026-01-14,PHI,CLE,0,0.486173
22500573,2025-26,2026-01-14,CHI,UTA,1,0.544054
22500574,2025-26,2026-01-14,NOP,BKN,1,0.428839
22500575,2025-26,2026-01-14,DAL,DEN,0,0.508589
22500576,2025-26,2026-01-14,SAC,NYK,1,0.291648
22500577,2025-26,2026-01-14,LAC,WAS,1,0.77394
22500579,2025-26,2026-01-15,DET,PHX,1,0.638164
22500580,2025-26,2026-01-15,MIA,BOS,0,0.3871
22500581,2025-26,2026-01-15,HOU,OKC,0,0.359913
22500582,2025-26,2026-01-15,SAS,MIL,1,0.726069
22500583,2025-26,2026-01-15,DAL,UTA,1,0.61143
22500584,2025-26,2026-01-15,GSW,NYK,1,0.664856
22500585,2025-26,2026-01-15,POR,ATL,1,0.543782
22500586,2025-26,2026-01-15,LAL,CHA,0,0.610985
22500587,2025-26,2026-01-16,BKN,CHI,1,0.488422
22500588,2025-26,2026-01-16,IND,NOP,1,0.563233
22500589,2025-26,2026-01-16,PHI,CLE,0,0.441923
22500590,2025-26,2026-01-16,TOR,LAC,0,0.564935
22500591,2025-26,2026-01-16,HOU,MIN,1,0.451977
22500592,2025-26,2026-01-16,SAC,WAS,1,0.59589
22500593,2025-26,2026-01-17,DAL,UTA,1,0.606746
22500594,2025-26,2026-01-17,ATL,BOS,0,0.316632
22500595,2025-26,2026-01-17,DET,IND,1,0.886556
22500596,2025-26,2026-01-17,NYK,PHX,0,0.508467
22500597,2025-26,2026-01-17,MIA,OKC,1,0.247909
22500598,2025-26,2026-01-17,SAS,MIN,1,0.654966
22500599,2025-26,2026-01-17,GSW,CHA,1,0.659108
22500600,2025-26,2026-01-17,DEN,WAS,1,0.884207
22500601,2025-26,2026-01-17,POR,LAL,1,0.556507
22500603,2025-26,2026-01-18,CHI,BKN,1,0.578514
22500604,2025-26,2026-01-18,HOU,NOP,1,0.804464
22500605,2025-26,2026-01-18,DEN,CHA,0,0.678658
22500606,2025-26,2026-01-18,SAC,POR,0,0.515073
22500607,2025-26,2026-01-18,LAL,TOR,1,0.425258
22500014,2025-26,2026-01-19,ATL,MIL,0,0.573668
22500015,2025-26,2026-01-19,CLE,OKC,0,0.339239
22500016,2025-26,2026-01-19,NYK,DAL,0,0.708017
22500017,2025-26,2026-01-19,DET,BOS,1,0.525032
22500608,2025-26,2026-01-19,WAS,LAC,0,0.267359
22500609,2025-26,2026-01-19,PHI,IND,1,0.737135
22500610,2025-26,2026-01-19,BKN,PHX,0,0.25254
22500611,2025-26,2026-01-19,SAS,UTA,1,0.824819
22500612,2025-26,2026-01-19,GSW,MIA,1,0.667183
22500613,2025-26,2026-01-20,PHI,PHX,0,0.545507
22500614,2025-26,2026-01-20,CHI,LAC,1,0.561122
22500615,2025-26,2026-01-20,HOU,SAS,1,0.645083
22500616,2025-26,2026-01-20,UTA,MIN,1,0.230176
22500617,2025-26,2026-01-20,DEN,LAL,0,0.628335
22500618,2025-26,2026-01-20,GSW,TOR,0,0.553391
22500619,2025-26,2026-01-20,SAC,MIA,0,0.49153
22500620,2025-26,2026-01-21,CHA,CLE,0,0.434669
22500621,2025-26,2026-01-21,BOS,IND,1,0.848657
22500622,2025-26,2026-01-21,NYK,BKN,1,0.718993
22500623,2025-26,2026-01-21,MEM,ATL,0,0.624279
22500624,2025-26,2026-01-21,NOP,DET,0,0.263978
22500625,2025-26,2026-01-21,MIL,OKC,0,0.176811
22500626,2025-26,2026-01-21,SAC,TOR,0,0.364709
22500627,2025-26,2026-01-22,ORL,CHA,0,0.724347
22500628,2025-26,2026-01-22,PHI,HOU,1,0.475014
22500629,2025-26,2026-01-22,WAS,DEN,0,0.35579
22500630,2025-26,2026-01-22,DAL,GSW,1,0.39261
22500631,2025-26,2026-01-22,MIN,CHI,0,0.685007
22500632,2025-26,2026-01-22,UTA,SAS,0,0.321891
22500633,2025-26,2026-01-22,LAC,LAL,1,0.562463
22500634,2025-26,2026-01-22,POR,MIA,1,0.562502
22500635,2025-26,2026-01-23,DET,HOU,0,0.696192
22500636,2025-26,2026-01-23,ATL,PHX,1,0.425335
22500637,2025-26,2026-01-23,BKN,BOS,0,0.229277
22500638,2025-26,2026-01-23,CLE,SAC,1,0.822709
22500639,2025-26,2026-01-23,MEM,NOP,0,0.695904
22500640,2025-26,2026-01-23,MIL,DEN,0,0.57896
22500641,2025-26,2026-01-23,OKC,IND,0,0.923707
22500642,2025-26,2026-01-23,POR,TOR,0,0.474486
22500643,2025-26,2026-01-24,PHI,NYK,0,0.518208
22500645,2025-26,2026-01-24,CHA,WAS,1,0.763284
22500646,2025-26,2026-01-24,ORL,CLE,0,0.594872
22500647,2025-26,2026-01-24,CHI,BOS,1,0.469046
22500648,2025-26,2026-01-24,DAL,LAL,0,0.487307
22500649,2025-26,2026-01-24,UTA,MIA,0,0.416831
22500644,2025-26,2026-01-25,MIN,GSW,0,0.567424
22500650,2025-26,2026-01-25,DET,SAC,1,0.826864
22500653,2025-26,2026-01-25,OKC,TOR,0,0.820762
22500654,2025-26,2026-01-25,SAS,NOP,0,0.778133
22500655,2025-26,2026-01-25,PHX,MIA,0,0.68668
22500656,2025-26,2026-01-25,LAC,BKN,1,0.71992
22500657,2025-26,2026-01-26,CHA,PHI,1,0.495211
22500658,2025-26,2026-01-26,CLE,ORL,1,0.637041
22500659,2025-26,2026-01-26,ATL,IND,1,0.634802
22500660,2025-26,2026-01-26,BOS,POR,1,0.704008
22500661,2025-26,2026-01-26,CHI,LAL,0,0.504517
22500662,2025-26,2026-01-26,HOU,MEM,1,0.665703
22500663,2025-26,2026-01-26,MIN,GSW,1,0.53221
22500664,2025-26,2026-01-27,WAS,POR,1,0.419156
22500665,2025-26,2026-01-27,NYK,SAC,1,0.773933
22500666,2025-26,2026-01-27,PHI,MIL,1,0.54678
22500667,2025-26,2026-01-27,OKC,NOP,1,0.891635
22500668,2025-26,2026-01-27,DEN,DET,0,0.447503
22500669,2025-26,2026-01-27,PHX,BKN,1,0.732743
22500670,2025-26,2026-01-27,UTA,LAC,0,0.358958
22500671,2025-26,2026-01-28,CLE,LAL,1,0.612229
22500672,2025-26,2026-01-28,IND,CHI,1,0.429633
22500673,2025-26,2026-01-28,BOS,ATL,0,0.736695
22500674,2025-26,2026-01-28,MIA,ORL,0,0.586879
22500675,2025-26,2026-01-28,TOR,NYK,0,0.633841
22500676,2025-26,2026-01-28,MEM,CHA,0,0.49058
22500677,2025-26,2026-01-28,DAL,MIN,0,0.399496
22500678,2025-26,2026-01-28,UTA,GSW,0,0.24718
22500679,2025-26,2026-01-28,HOU,SAS,0,0.521969
22500529,2025-26,2026-01-29,CHI,MIA,0,0.513047
22500680,2025-26,2026-01-29,PHI,SAC,1,0.720631
22500681,2025-26,2026-01-29,WAS,MIL,1,0.40698
22500682,2025-26,2026-01-29,ATL,HOU,0,0.438028
22500683,2025-26,2026-01-29,DAL,CHA,0,0.474184
22500684,2025-26,2026-01-29,DEN,BKN,1,0.735391
22500685,2025-26,2026-01-29,PHX,DET,1,0.448736
22500686,2025-26,2026-01-29,MIN,OKC,1,0.250885
22500687,2025-26,2026-01-30,ORL,TOR,1,0.504802
22500688,2025-26,2026-01-30,WAS,LAL,0,0.265029
22500689,2025-26,2026-01-30,BOS,SAC,1,0.896065
22500690,2025-26,2026-01-30,NYK,POR,1,0.60496
22500691,2025-26,2026-01-30,NOP,MEM,1,0.47163
22500693,2025-26,2026-01-30,PHX,CLE,1,0.411943
22500694,2025-26,2026-01-30,UTA,BKN,0,0.635613
22500695,2025-26,2026-01-30,DEN,LAC,1,0.454996
22500696,2025-26,2026-01-30,GSW,DET,0,0.60772
22500692,2025-26,2026-01-31,MIA,CHI,0,0.626892
22500697,2025-26,2026-01-31,CHA,SAS,1,0.402017
22500698,2025-26,2026-01-31,IND,ATL,1,0.464427
22500699,2025-26,2026-01-31,PHI,NOP,1,0.849441
22500700,2025-26,2026-01-31,MEM,MIN,0,0.292775
22500701,2025-26,2026-01-31,HOU,DAL,1,0.681618
22500702,2025-26,2026-02-01,BOS,MIL,1,0.798726
22500703,2025-26,2026-02-01,SAS,ORL,1,0.586351
22500704,2025-26,2026-02-01,DET,BKN,1,0.770528
22500705,2025-26,2026-02-01,MIA,CHI,1,0.632969
22500706,2025-26,2026-02-01,TOR,UTA,1,0.785613
22500707,2025-26,2026-02-01,WAS,SAC,1,0.656902
22500708,2025-26,2026-02-01,NYK,LAL,1,0.596047
22500709,2025-26,2026-02-01,PHX,LAC,0,0.566429
22500710,2025-26,2026-02-01,POR,CLE,0,0.390045
22500711,2025-26,2026-02-01,DEN,OKC,0,0.293388
22500712,2025-26,2026-02-02,CHA,NOP,1,0.780863
22500713,2025-26,2026-02-02,IND,HOU,0,0.336301
22500714,2025-26,2026-02-02,MEM,MIN,1,0.353861
22500715,2025-26,2026-02-02,LAC,PHI,0,0.536028
22500716,2025-26,2026-02-03,DET,DEN,1,0.707203
22500717,2025-26,2026-02-03,IND,UTA,0,0.502664
22500718,2025-26,2026-02-03,WAS,NYK,0,0.229876
22500719,2025-26,2026-02-03,BKN,LAL,0,0.369443
22500720,2025-26,2026-02-03,MIA,ATL,0,0.62458
22500721,2025-26,2026-02-03,DAL,BOS,0,0.319996
22500722,2025-26,2026-02-03,MIL,CHI,1,0.486108
22500723,2025-26,2026-02-03,OKC,ORL,1,0.815296
22500724,2025-26,2026-02-03,GSW,PHI,0,0.723154
22500725,2025-26,2026-02-03,POR,PHX,0,0.489603
22500726,2025-26,2026-02-04,NYK,DEN,1,0.658309
22500727,2025-26,2026-02-04,TOR,MIN,0,0.456921
22500728,2025-26,2026-02-04,HOU,BOS,0,0.574872
22500729,2025-26,2026-02-04,MIL,NOP,1,0.609775
22500730,2025-26,2026-02-04,SAS,OKC,1,0.465959
22500731,2025-26,2026-02-04,SAC,MEM,0,0.240053
22500732,2025-26,2026-02-04,LAC,CLE,0,0.452405
22500733,2025-26,2026-02-05,DET,WAS,0,0.853645
22500734,2025-26,2026-02-05,ORL,BKN,1,0.649146
22500735,2025-26,2026-02-05,ATL,UTA,1,0.810747
22500736,2025-26,2026-02-05,TOR,CHI,1,0.570693
22500737,2025-26,2026-02-05,HOU,CHA,0,0.506678
22500738,2025-26,2026-02-05,DAL,SAS,0,0.443221
22500739,2025-26,2026-02-05,PHX,GSW,0,0.497456
22500740,2025-26,2026-02-05,LAL,PHI,1,0.497912
22500741,2025-26,2026-02-06,BOS,MIA,1,0.669878
22500742,2025-26,2026-02-06,DET,NYK,1,0.48794
22500743,2025-26,2026-02-06,MIL,IND,1,0.689133
22500744,2025-26,2026-02-06,MIN,NOP,0,0.84531
22500745,2025-26,2026-02-06,POR,MEM,1,0.577932
22500746,2025-26,2026-02-06,SAC,LAC,0,0.197764
22500747,2025-26,2026-02-07,BKN,WAS,1,0.548185
22500748,2025-26,2026-02-07,OKC,HOU,0,0.798074
22500749,2025-26,2026-02-07,SAS,DAL,1,0.887824
22500750,2025-26,2026-02-07,ORL,UTA,1,0.836721
22500751,2025-26,2026-02-07,ATL,CHA,0,0.463361
22500752,2025-26,2026-02-07,CHI,DEN,0,0.453925
22500753,2025-26,2026-02-07,LAL,GSW,1,0.495362
22500754,2025-26,2026-02-07,PHX,PHI,0,0.553735
22500755,2025-26,2026-02-07,POR,MEM,1,0.650287
22500756,2025-26,2026-02-07,SAC,CLE,0,0.083237
22500757,2025-26,2026-02-08,BOS,NYK,0,0.701189
22500758,2025-26,2026-02-08,WAS,MIA,0,0.099665
22500759,2025-26,2026-02-08,TOR,IND,1,0.82186
22500760,2025-26,2026-02-08,MIN,LAC,0,0.636211
22500761,2025-26,2026-02-09,CHA,DET,0,0.448133
22500762,2025-26,2026-02-09,BKN,CHI,1,0.301976
22500763,2025-26,2026-02-09,MIA,UTA,0,0.800475
22500764,2025-26,2026-02-09,ORL,MIL,1,0.647879
22500765,2025-26,2026-02-09,MIN,ATL,1,0.586091
22500766,2025-26,2026-02-09,NOP,SAC,1,0.576597
22500767,2025-26,2026-02-09,DEN,CLE,0,0.450095
22500768,2025-26,2026-02-09,GSW,MEM,1,0.697926
22500769,2025-26,2026-02-09,LAL,OKC,0,0.315
22500770,2025-26,2026-02-09,POR,PHI,1,0.492098
22500771,2025-26,2026-02-10,NYK,IND,0,0.866234
22500772,2025-26,2026-02-10,HOU,LAC,1,0.597255
22500773,2025-26,2026-02-10,PHX,DAL,1,0.793617
22500774,2025-26,2026-02-10,LAL,SAS,0,0.35148
22500775,2025-26,2026-02-11,CHA,ATL,1,0.636344
22500776,2025-26,2026-02-11,CLE,WAS,1,0.920532
22500777,2025-26,2026-02-11,ORL,MIL,0,0.663722
22500778,2025-26,2026-02-11,BOS,CHI,1,0.777192
22500779,2025-26,2026-02-11,BKN,IND,0,0.608588
22500780,2025-26,2026-02-11,PHI,NYK,0,0.560463
22500781,2025-26,2026-02-11,TOR,DET,0,0.453447
22500782,2025-26,2026-02-11,HOU,LAC,0,0.624941
22500783,2025-26,2026-02-11,MIN,POR,1,0.637387
22500784,2025-26,2026-02-11,NOP,MIA,0,0.272575
22500785,2025-26,2026-02-11,PHX,OKC,0,0.252784
22500786,2025-26,2026-02-11,UTA,SAC,1,0.53136
22500787,2025-26,2026-02-11,DEN,MEM,1,0.810008
22500788,2025-26,2026-02-11,GSW,SAS,0,0.552911
22500789,2025-26,2026-02-12,OKC,MIL,0,0.900724
22500790,2025-26,2026-02-12,UTA,POR,0,0.268935
22500791,2025-26,2026-02-12,LAL,DAL,1,0.740642
22500792,2025-26,2026-02-19,CHA,HOU,0,0.478663
22500793,2025-26,2026-02-19,CLE,BKN,1,0.884494
22500794,2025-26,2026-02-19,PHI,ATL,0,0.600477
22500795,2025-26,2026-02-19,WAS,IND,1,0.362706
22500796,2025-26,2026-02-19,NYK,DET,0,0.482604
22500797,2025-26,2026-02-19,CHI,TOR,0,0.390458
22500798,2025-26,2026-02-19,SAS,PHX,1,0.71323
22500799,2025-26,2026-02-19,GSW,BOS,0,0.4296
22500800,2025-26,2026-02-19,SAC,ORL,0,0.219999
22500801,2025-26,2026-02-19,LAC,DEN,1,0.542415
22500802,2025-26,2026-02-20,CHA,CLE,0,0.421535
22500803,2025-26,2026-02-20,WAS,IND,1,0.412684
22500804,2025-26,2026-02-20,MEM,UTA,1,0.591465
22500805,2025-26,2026-02-20,ATL,MIA,0,0.359842
22500806,2025-26,2026-02-20,MIN,DAL,1,0.84834
22500807,2025-26,2026-02-20,NOP,MIL,0,0.341171
22500808,2025-26,2026-02-20,OKC,BKN,1,0.976166
22500809,2025-26,2026-02-20,LAL,LAC,1,0.617559
22500810,2025-26,2026-02-20,POR,DEN,0,0.631771
22500811,2025-26,2026-02-21,PHX,ORL,1,0.524601
22500812,2025-26,2026-02-21,NOP,PHI,1,0.203235
22500813,2025-26,2026-02-21,MIA,MEM,1,0.78417
22500814,2025-26,2026-02-21,CHI,DET,0,0.276833
22500815,2025-26,2026-02-21,SAS,SAC,1,0.944284
22500816,2025-26,2026-02-21,NYK,HOU,1,0.539889
22500817,2025-26,2026-02-22,OKC,CLE,1,0.700138
22500818,2025-26,2026-02-22,ATL,BKN,1,0.752729
22500819,2025-26,2026-02-22,MIL,TOR,0,0.408946
22500820,2025-26,2026-02-22,GSW,DEN,1,0.550352
22500821,2025-26,2026-02-22,IND,DAL,0,0.407145
22500822,2025-26,2026-02-22,WAS,CHA,0,0.163871
22500823,2025-26,2026-02-22,LAL,BOS,0,0.368917
22500824,2025-26,2026-02-22,MIN,PHI,0,0.767408
22500825,2025-26,2026-02-22,CHI,NYK,0,0.346039
22500826,2025-26,2026-02-22,PHX,POR,0,0.47035
22500827,2025-26,2026-02-22,LAC,ORL,0,0.671278
22500828,2025-26,2026-02-23,DET,SAS,0,0.60629
22500829,2025-26,2026-02-23,MEM,SAC,0,0.591616
22500830,2025-26,2026-02-23,HOU,UTA,1,0.845129
22500831,2025-26,2026-02-24,IND,PHI,0,0.203291
22500832,2025-26,2026-02-24,ATL,WAS,1,0.792799
22500833,2025-26,2026-02-24,BKN,DAL,0,0.394395
22500834,2025-26,2026-02-24,TOR,OKC,0,0.346187
22500835,2025-26,2026-02-24,CLE,NYK,1,0.562716
22500836,2025-26,2026-02-24,CHI,CHA,0,0.389915
22500837,2025-26,2026-02-24,MIL,MIA,1,0.386327
22500838,2025-26,2026-02-24,NOP,GSW,1,0.237045
22500839,2025-26,2026-02-24,PHX,BOS,0,0.314965
22500840,2025-26,2026-02-24,LAL,ORL,0,0.524508
22500841,2025-26,2026-02-24,POR,MIN,0,0.427057
22500842,2025-26,2026-02-25,DET,OKC,1,0.632609
22500843,2025-26,2026-02-25,TOR,SAS,0,0.316478
22500844,2025-26,2026-02-25,MEM,GSW,0,0.303922
22500845,2025-26,2026-02-25,HOU,SAC,1,0.860544
22500846,2025-26,2026-02-25,MIL,CLE,1,0.302183
22500847,2025-26,2026-02-25,DEN,BOS,1,0.475467
22500848,2025-26,2026-02-26,IND,CHA,0,0.174137
22500849,2025-26,2026-02-26,PHI,MIA,1,0.477024
22500850,2025-26,2026-02-26,ATL,WAS,1,0.808811
22500851,2025-26,2026-02-26,BKN,SAS,0,0.17553
22500852,2025-26,2026-02-26,ORL,HOU,0,0.518209
22500853,2025-26,2026-02-26,CHI,POR,0,0.392222
22500854,2025-26,2026-02-26,DAL,SAC,0,0.685667
22500855,2025-26,2026-02-26,PHX,LAL,1,0.492246
22500856,2025-26,2026-02-26,UTA,NOP,0,0.437783
22500857,2025-26,2026-02-26,LAC,MIN,0,0.49483
22500858,2025-26,2026-02-27,DET,CLE,1,0.607564
22500859,2025-26,2026-02-27,BOS,BKN,1,0.953985
22500860,2025-26,2026-02-27,MIL,NYK,0,0.337237
22500861,2025-26,2026-02-27,DAL,MEM,0,0.390806
22500862,2025-26,2026-02-27,OKC,DEN,1,0.733386
22500863,2025-26,2026-02-28,CHA,POR,1,0.538618
22500864,2025-26,2026-02-28,MIA,HOU,1,0.450173
22500865,2025-26,2026-02-28,WAS,TOR,0,0.124519
22500866,2025-26,2026-02-28,GSW,LAL,0,0.550149
22500867,2025-26,2026-02-28,UTA,NOP,0,0.399922
22500868,2025-26,2026-03-01,NYK,SAS,1,0.445129
22500869,2025-26,2026-03-01,BKN,CLE,0,0.099862
22500870,2025-26,2026-03-01,CHI,MIL,1,0.478832
22500871,2025-26,2026-03-01,DEN,MIN,0,0.509805
22500872,2025-26,2026-03-01,IND,MEM,0,0.395159
22500873,2025-26,2026-03-01,ATL,POR,1,0.596601
22500874,2025-26,2026-03-01,BOS,PHI,1,0.725138
22500875,2025-26,2026-03-01,ORL,DET,0,0.355118
22500876,2025-26,2026-03-01,DAL,OKC,0,0.096754
22500877,2025-26,2026-03-01,LAC,NOP,1,0.849021
22500878,2025-26,2026-03-01,LAL,SAC,1,0.749183
22500879,2025-26,2026-03-02,WAS,HOU,0,0.118818
22500880,2025-26,2026-03-02,MIL,BOS,0,0.248977
22500881,2025-26,2026-03-02,UTA,DEN,0,0.240687
22500882,2025-26,2026-03-02,GSW,LAC,0,0.603315
22500883,2025-26,2026-03-03,CHA,DAL,1,0.811223
22500884,2025-26,2026-03-03,CLE,DET,1,0.480419
22500885,2025-26,2026-03-03,ORL,WAS,1,0.902147
22500886,2025-26,2026-03-03,MIA,BKN,1,0.839426
22500887,2025-26,2026-03-03,TOR,NYK,0,0.447205
22500888,2025-26,2026-03-03,PHI,SAS,0,0.38699
22500889,2025-26,2026-03-03,CHI,OKC,0,0.206165
22500890,2025-26,2026-03-03,MIN,MEM,1,0.799548
22500891,2025-26,2026-03-03,LAL,NOP,1,0.745861
22500892,2025-26,2026-03-03,SAC,PHX,0,0.193034
22500893,2025-26,2026-03-04,NYK,OKC,0,0.445692
22500894,2025-26,2026-03-04,BOS,CHA,0,0.79735
22500895,2025-26,2026-03-04,PHI,UTA,1,0.772606
22500896,2025-26,2026-03-04,MEM,POR,0,0.202962
22500897,2025-26,2026-03-04,MIL,ATL,0,0.378721
22500898,2025-26,2026-03-04,LAC,IND,1,0.856442
22500899,2025-26,2026-03-05,ORL,DAL,1,0.757015
22500900,2025-26,2026-03-05,WAS,UTA,0,0.519304
22500901,2025-26,2026-03-05,MIA,BKN,1,0.83141
22500902,2025-26,2026-03-05,HOU,GSW,0,0.59839
22500903,2025-26,2026-03-05,MIN,TOR,1,0.596251
22500904,2025-26,2026-03-05,SAS,DET,1,0.554904
22500905,2025-26,2026-03-05,PHX,CHI,0,0.642623
22500906,2025-26,2026-03-05,DEN,LAL,1,0.580857
22500907,2025-26,2026-03-05,SAC,NOP,0,0.397329
22500908,2025-26,2026-03-06,BOS,DAL,1,0.952069
22500909,2025-26,2026-03-06,CHA,MIA,0,0.631245
22500910,2025-26,2026-03-06,HOU,POR,1,0.538132
22500911,2025-26,2026-03-06,DEN,NYK,0,0.401093
22500912,2025-26,2026-03-06,PHX,NOP,1,0.740502
22500913,2025-26,2026-03-06,SAS,LAC,1,0.618111
22500914,2025-26,2026-03-06,LAL,IND,1,0.757958
22500915,2025-26,2026-03-07,MIN,ORL,0,0.653715
22500916,2025-26,2026-03-07,DET,BKN,0,0.924887
22500917,2025-26,2026-03-07,ATL,PHI,1,0.532664
22500918,2025-26,2026-03-07,MEM,LAC,0,0.306823
22500919,2025-26,2026-03-07,MIL,UTA,1,0.712531
22500920,2025-26,2026-03-07,OKC,GSW,1,0.76183
22500921,2025-26,2026-03-08,CLE,BOS,0,0.481932
22500922,2025-26,2026-03-08,LAL,NYK,1,0.388874
22500923,2025-26,2026-03-08,MIA,DET,1,0.540195
22500924,2025-26,2026-03-08,TOR,DAL,1,0.788387
22500925,2025-26,2026-03-08,NOP,WAS,1,0.623509
22500926,2025-26,2026-03-08,MIL,ORL,0,0.422273
22500927,2025-26,2026-03-08,SAS,HOU,1,0.638252
22500928,2025-26,2026-03-08,PHX,CHA,1,0.435022
22500929,2025-26,2026-03-08,POR,IND,1,0.785731
22500930,2025-26,2026-03-08,SAC,CHI,1,0.27977
22500931,2025-26,2026-03-09,CLE,PHI,1,0.61209
22500932,2025-26,2026-03-09,BKN,MEM,1,0.399216
22500933,2025-26,2026-03-09,OKC,DEN,1,0.777609
22500934,2025-26,2026-03-09,UTA,GSW,1,0.190908
22500935,2025-26,2026-03-09,LAC,NYK,1,0.534099
22500936,2025-26,2026-03-10,PHI,MEM,1,0.737566
22500937,2025-26,2026-03-10,BKN,DET,0,0.097846
22500938,2025-26,2026-03-10,MIA,WAS,1,0.888738
22500939,2025-26,2026-03-10,ATL,DAL,1,0.813712
22500940,2025-26,2026-03-10,HOU,TOR,1,0.560805
22500941,2025-26,2026-03-10,MIL,PHX,0,0.428326
22500942,2025-26,2026-03-10,SAS,BOS,1,0.566672
22500943,2025-26,2026-03-10,GSW,CHI,0,0.563796
22500944,2025-26,2026-03-10,POR,CHA,0,0.468873
22500945,2025-26,2026-03-10,SAC,IND,1,0.528724
22500946,2025-26,2026-03-10,LAL,MIN,1,0.469034
22500947,2025-26,2026-03-11,ORL,CLE,1,0.385923
22500948,2025-26,2026-03-11,NOP,TOR,1,0.360786
22500949,2025-26,2026-03-11,UTA,NYK,0,0.155857
22500950,2025-26,2026-03-11,DEN,HOU,1,0.621386
22500951,2025-26,2026-03-11,SAC,CHA,0,0.203867
22500952,2025-26,2026-03-11,LAC,MIN,1,0.609934
22500953,2025-26,2026-03-12,DET,PHI,1,0.738637
22500954,2025-26,2026-03-12,IND,PHX,0,0.170232
22500955,2025-26,2026-03-12,ORL,WAS,1,0.827053
22500956,2025-26,2026-03-12,ATL,BKN,1,0.819979
22500957,2025-26,2026-03-12,MIA,MIL,1,0.766573
22500958,2025-26,2026-03-12,SAS,DEN,0,0.804869
22500959,2025-26,2026-03-12,OKC,BOS,1,0.624205
22500960,2025-26,2026-03-12,LAL,CHI,1,0.692414
22501111,2025-26,2026-03-12,MEM,DAL,0,0.512399
22500961,2025-26,2026-03-13,DET,MEM,1,0.906567
22500962,2025-26,2026-03-13,IND,NYK,0,0.076104
22500963,2025-26,2026-03-13,TOR,PHX,1,0.631797
22500964,2025-26,2026-03-13,HOU,NOP,1,0.740235
22500965,2025-26,2026-03-13,DAL,CLE,0,0.09975
22500966,2025-26,2026-03-13,GSW,MIN,0,0.470461
22500967,2025-26,2026-03-13,POR,UTA,1,0.801841
22500968,2025-26,2026-03-13,LAC,CHI,1,0.822271
22500969,2025-26,2026-03-14,PHI,BKN,1,0.781583
22500970,2025-26,2026-03-14,ATL,MIL,1,0.6847
22500971,2025-26,2026-03-14,BOS,WAS,1,0.956718
22500972,2025-26,2026-03-14,MIA,ORL,0,0.582339
22500973,2025-26,2026-03-14,SAS,CHA,1,0.716404
22500974,2025-26,2026-03-14,LAL,DEN,1,0.541891
22500975,2025-26,2026-03-14,LAC,SAC,0,0.793532
22500976,2025-26,2026-03-15,OKC,MIN,1,0.78099
22500977,2025-26,2026-03-15,CLE,DAL,0,0.888407
22500978,2025-26,2026-03-15,TOR,DET,1,0.385346
22500979,2025-26,2026-03-15,MIL,IND,1,0.612272
22500980,2025-26,2026-03-15,PHI,POR,1,0.448878
22500981,2025-26,2026-03-15,NYK,GSW,1,0.683427
22500982,2025-26,2026-03-15,SAC,UTA,1,0.435657
22500983,2025-26,2026-03-16,ATL,ORL,1,0.547995
22500984,2025-26,2026-03-16,WAS,GSW,0,0.218984
22500985,2025-26,2026-03-16,BKN,POR,0,0.298887
22500986,2025-26,2026-03-16,BOS,PHX,1,0.776351
22500987,2025-26,2026-03-16,CHI,MEM,1,0.61757
22500988,2025-26,2026-03-16,NOP,DAL,1,0.690533
22500989,2025-26,2026-03-16,HOU,LAL,0,0.550496
22500990,2025-26,2026-03-16,LAC,SAS,0,0.440156
22500991,2025-26,2026-03-17,CHA,MIA,1,0.502754
22500992,2025-26,2026-03-17,ORL,OKC,0,0.244478
22500993,2025-26,2026-03-17,WAS,DET,0,0.0582
22500994,2025-26,2026-03-17,NYK,IND,1,0.908868
22500995,2025-26,2026-03-17,MIL,CLE,0,0.248146
22500996,2025-26,2026-03-17,MIN,PHX,1,0.695693
22500997,2025-26,2026-03-17,DEN,PHI,1,0.657961
22500998,2025-26,2026-03-17,SAC,SAS,0,0.202602
22500651,2025-26,2026-03-18,MEM,DEN,1,0.270378
22500999,2025-26,2026-03-18,BOS,GSW,1,0.780928
22501000,2025-26,2026-03-18,BKN,OKC,0,0.129925
22501001,2025-26,2026-03-18,IND,POR,0,0.1395
22501002,2025-26,2026-03-18,CHI,TOR,0,0.390699
22501004,2025-26,2026-03-18,MIN,UTA,1,0.807761
22501005,2025-26,2026-03-18,NOP,LAC,1,0.286809
22501006,2025-26,2026-03-18,DAL,ATL,0,0.193028
22501007,2025-26,2026-03-18,HOU,LAL,0,0.518923
22501008,2025-26,2026-03-19,CHA,ORL,1,0.589949
22501009,2025-26,2026-03-19,WAS,DET,0,0.080137
22501010,2025-26,2026-03-19,MIA,LAL,0,0.633469
22501011,2025-26,2026-03-19,CHI,CLE,0,0.220879
22501012,2025-26,2026-03-19,NOP,LAC,1,0.317701
22501013,2025-26,2026-03-19,SAS,PHX,1,0.749803
22501014,2025-26,2026-03-19,UTA,MIL,1,0.300161
22501015,2025-26,2026-03-19,SAC,PHI,0,0.261987
22501016,2025-26,2026-03-20,BKN,NYK,0,0.113656
22501017,2025-26,2026-03-20,DET,GSW,1,0.668402
22501018,2025-26,2026-03-20,HOU,ATL,1,0.548683
22501019,2025-26,2026-03-20,MEM,BOS,0,0.137757
22501020,2025-26,2026-03-20,MIN,POR,0,0.613702
22501021,2025-26,2026-03-20,DEN,TOR,1,0.580409
22501022,2025-26,2026-03-21,WAS,OKC,0,0.047992
22501023,2025-26,2026-03-21,CHA,MEM,1,0.879782
22501024,2025-26,2026-03-21,ORL,LAL,0,0.460262
22501025,2025-26,2026-03-21,NOP,CLE,0,0.231702
22501026,2025-26,2026-03-21,ATL,GSW,1,0.593938
22501027,2025-26,2026-03-21,HOU,MIA,1,0.471097
22501028,2025-26,2026-03-21,SAS,IND,1,0.941086
22501029,2025-26,2026-03-21,DAL,LAC,0,0.203506
22501030,2025-26,2026-03-21,UTA,PHI,0,0.251304
22501031,2025-26,2026-03-21,PHX,MIL,0,0.676305
22501032,2025-26,2026-03-22,DEN,POR,1,0.619243
22501033,2025-26,2026-03-22,SAC,BKN,1,0.555699
22501034,2025-26,2026-03-22,NYK,WAS,1,0.960994
22501035,2025-26,2026-03-22,BOS,MIN,0,0.734245
22501036,2025-26,2026-03-22,PHX,TOR,1,0.386591
22501037,2025-26,2026-03-23,ATL,MEM,1,0.792729
22501038,2025-26,2026-03-23,DET,LAL,1,0.700228
22501039,2025-26,2026-03-23,ORL,IND,0,0.843541
22501040,2025-26,2026-03-23,PHI,OKC,0,0.268894
22501041,2025-26,2026-03-23,MIA,SAS,0,0.409351
22501042,2025-26,2026-03-23,CHI,HOU,1,0.374752
22501043,2025-26,2026-03-23,UTA,TOR,0,0.300537
22501044,2025-26,2026-03-23,DAL,GSW,0,0.284369
22501045,2025-26,2026-03-23,POR,BKN,1,0.821692
22501046,2025-26,2026-03-23,LAC,MIL,1,0.710254
22501047,2025-26,2026-03-24,CHA,SAC,1,0.854679
22501048,2025-26,2026-03-24,NYK,NOP,1,0.803878
22501049,2025-26,2026-03-24,CLE,ORL,1,0.758066
22501050,2025-26,2026-03-24,PHX,DEN,0,0.463678
22501051,2025-26,2026-03-25,DET,ATL,0,0.713115
22501052,2025-26,2026-03-25,IND,LAL,0,0.14001
22501053,2025-26,2026-03-25,PHI,CHI,1,0.620608
22501054,2025-26,2026-03-25,BOS,OKC,1,0.529961
22501055,2025-26,2026-03-25,CLE,MIA,0,0.564206
22501056,2025-26,2026-03-25,MEM,SAS,0,0.121958
22501057,2025-26,2026-03-25,UTA,WAS,0,0.652301
22501058,2025-26,2026-03-25,MIN,HOU,1,0.550623
22501059,2025-26,2026-03-25,DEN,DAL,1,0.799237
22501060,2025-26,2026-03-25,GSW,BKN,1,0.792995
22501061,2025-26,2026-03-25,POR,MIL,1,0.704663
22501062,2025-26,2026-03-25,LAC,TOR,1,0.584035
22501063,2025-26,2026-03-26,CHA,NYK,1,0.493989
22501064,2025-26,2026-03-26,DET,NOP,1,0.786682
22501065,2025-26,2026-03-26,ORL,SAC,1,0.78117
22501066,2025-26,2026-03-27,IND,LAC,0,0.166535
22501067,2025-26,2026-03-27,BOS,ATL,1,0.723886
22501068,2025-26,2026-03-27,CLE,MIA,1,0.594141
22501069,2025-26,2026-03-27,MEM,HOU,0,0.20183
22501070,2025-26,2026-03-27,OKC,CHI,1,0.885696
22501071,2025-26,2026-03-27,TOR,NOP,1,0.743617
22501072,2025-26,2026-03-27,DEN,UTA,1,0.859082
22501073,2025-26,2026-03-27,GSW,WAS,1,0.8454
22501074,2025-26,2026-03-27,POR,DAL,0,0.792771
22501075,2025-26,2026-03-27,LAL,BKN,1,0.863209
22501076,2025-26,2026-03-28,MIL,SAS,0,0.178246
22501077,2025-26,2026-03-28,CHA,PHI,0,0.645355
22501078,2025-26,2026-03-28,ATL,SAC,1,0.757829
22501079,2025-26,2026-03-28,MEM,CHI,1,0.542304
22501080,2025-26,2026-03-28,MIN,DET,0,0.504335
22501081,2025-26,2026-03-28,PHX,UTA,1,0.903595
22501082,2025-26,2026-03-29,MIL,LAC,0,0.10603
22501083,2025-26,2026-03-29,IND,MIA,1,0.185115
22501084,2025-26,2026-03-29,BKN,SAC,1,0.559086
22501085,2025-26,2026-03-29,CHA,BOS,0,0.362859
22501086,2025-26,2026-03-29,TOR,ORL,1,0.568666
22501087,2025-26,2026-03-29,POR,WAS,1,0.861016
22501088,2025-26,2026-03-29,NOP,HOU,0,0.261158
22501089,2025-26,2026-03-29,OKC,NYK,1,0.728342
22501090,2025-26,2026-03-29,DEN,GSW,1,0.652291
22501091,2025-26,2026-03-30,MIA,PHI,1,0.461719
22501092,2025-26,2026-03-30,ATL,BOS,1,0.514967
22501093,2025-26,2026-03-30,MEM,PHX,0,0.218832
22501094,2025-26,2026-03-30,SAS,CHI,1,0.937473
22501095,2025-26,2026-03-30,DAL,MIN,0,0.200572
22501096,2025-26,2026-03-30,UTA,CLE,0,0.140987
22501097,2025-26,2026-03-30,OKC,DET,1,0.641191
22501098,2025-26,2026-03-30,LAL,WAS,1,0.946893
22500652,2025-26,2026-03-31,MIL,DAL,1,0.53491
22501099,2025-26,2026-03-31,ORL,PHX,1,0.578861
22501100,2025-26,2026-03-31,BKN,CHA,0,0.174515
22501101,2025-26,2026-03-31,DET,TOR,1,0.618994
22501102,2025-26,2026-03-31,HOU,NYK,1,0.494909
22501103,2025-26,2026-03-31,LAL,CLE,1,0.579191
22501104,2025-26,2026-03-31,LAC,POR,0,0.576787
22501003,2025-26,2026-04-01,MEM,NYK,0,0.220391
22501105,2025-26,2026-04-01,WAS,PHI,0,0.15361
22501106,2025-26,2026-04-01,MIA,BOS,0,0.393701
22501107,2025-26,2026-04-01,ORL,ATL,0,0.398694
22501108,2025-26,2026-04-01,TOR,SAC,0,0.759613
22501109,2025-26,2026-04-01,CHI,IND,0,0.488297
22501110,2025-26,2026-04-01,HOU,MIL,1,0.806325
22501112,2025-26,2026-04-01,UTA,DEN,0,0.13905
22501113,2025-26,2026-04-01,GSW,SAS,0,0.303523
22501114,2025-26,2026-04-02,CHA,PHX,1,0.586099
22501115,2025-26,2026-04-02,DET,MIN,1,0.672679
22501116,2025-26,2026-04-02,OKC,LAL,1,0.776208
22501117,2025-26,2026-04-02,GSW,CLE,0,0.289976
22501118,2025-26,2026-04-02,POR,NOP,1,0.721952
22501119,2025-26,2026-04-02,LAC,SAS,0,0.504963
22501120,2025-26,2026-04-03,CHA,IND,1,0.799624
22501121,2025-26,2026-04-03,PHI,MIN,1,0.540144
22501122,2025-26,2026-04-03,BKN,ATL,0,0.15608
22501123,2025-26,2026-04-03,NYK,CHI,1,0.85292
22501124,2025-26,2026-04-03,HOU,UTA,1,0.882906
22501125,2025-26,2026-04-03,MEM,TOR,0,0.239355
22501126,2025-26,2026-04-03,MIL,BOS,0,0.09534
22501127,2025-26,2026-04-03,DAL,ORL,0,0.266563
22501128,2025-26,2026-04-03,SAC,NOP,1,0.466054
22501129,2025-26,2026-04-04,MIA,WAS,1,0.874105
22501130,2025-26,2026-04-04,DEN,SAS,1,0.453166
22501131,2025-26,2026-04-04,PHI,DET,0,0.309706
22501132,2025-26,2026-04-05,BOS,TOR,1,0.76922
22501133,2025-26,2026-04-05,BKN,WAS,1,0.675089
22501134,2025-26,2026-04-05,CHI,PHX,0,0.204134
22501135,2025-26,2026-04-05,MIL,MEM,1,0.450545
22501136,2025-26,2026-04-05,CLE,IND,1,0.843897
22501137,2025-26,2026-04-05,MIN,CHA,0,0.500533
22501138,2025-26,2026-04-05,NOP,ORL,0,0.340694
22501139,2025-26,2026-04-05,OKC,UTA,1,0.971751
22501140,2025-26,2026-04-05,DAL,LAL,1,0.179706
22501141,2025-26,2026-04-05,SAC,LAC,0,0.208631
22501142,2025-26,2026-04-05,GSW,HOU,0,0.416289
22501143,2025-26,2026-04-06,ATL,NYK,0,0.503481
22501144,2025-26,2026-04-06,ORL,DET,1,0.266037
22501145,2025-26,2026-04-06,MEM,CLE,0,0.144797
22501146,2025-26,2026-04-06,SAS,PHI,1,0.813325
22501147,2025-26,2026-04-06,DEN,POR,1,0.599641
22501148,2025-26,2026-04-07,WAS,CHI,0,0.395481
22501149,2025-26,2026-04-07,BOS,CHA,1,0.711593
22501150,2025-26,2026-04-07,BKN,MIL,1,0.491079
22501151,2025-26,2026-04-07,TOR,MIA,1,0.534245
22501152,2025-26,2026-04-07,IND,MIN,0,0.207243
22501153,2025-26,2026-04-07,NOP,UTA,1,0.655836
22501154,2025-26,2026-04-07,GSW,SAC,1,0.753339
22501155,2025-26,2026-04-07,LAL,OKC,0,0.324583
22501156,2025-26,2026-04-07,LAC,DAL,1,0.830206
22501157,2025-26,2026-04-07,PHX,HOU,0,0.444718
22501158,2025-26,2026-04-08,CLE,ATL,1,0.563566
22501159,2025-26,2026-04-08,ORL,MIN,1,0.568848
22501160,2025-26,2026-04-08,DET,MIL,1,0.956448
22501161,2025-26,2026-04-08,SAS,POR,1,0.771892
22501162,2025-26,2026-04-08,DEN,MEM,1,0.892459
22501163,2025-26,2026-04-08,LAC,OKC,0,0.32833
22501164,2025-26,2026-04-08,PHX,DAL,1,0.816811
22501165,2025-26,2026-04-09,TOR,MIA,1,0.571579
22501166,2025-26,2026-04-09,WAS,CHI,0,0.342986
22501167,2025-26,2026-04-09,BKN,IND,0,0.469615
22501168,2025-26,2026-04-09,NYK,BOS,1,0.459532
22501169,2025-26,2026-04-09,HOU,PHI,1,0.646151
22501170,2025-26,2026-04-09,GSW,LAL,0,0.432468
22501171,2025-26,2026-04-10,CHA,DET,0,0.504485
22501172,2025-26,2026-04-10,WAS,MIA,0,0.154761
22501173,2025-26,2026-04-10,ATL,CLE,1,0.507138
22501174,2025-26,2026-04-10,BOS,NOP,1,0.849907
22501175,2025-26,2026-04-10,IND,PHI,0,0.276774
22501176,2025-26,2026-04-10,NYK,TOR,1,0.659617
22501177,2025-26,2026-04-10,CHI,ORL,0,0.186863
22501178,2025-26,2026-04-10,HOU,MIN,0,0.516928
22501179,2025-26,2026-04-10,MIL,BKN,1,0.620117
22501180,2025-26,2026-04-10,SAS,DAL,1,0.939568
22501181,2025-26,2026-04-10,UTA,MEM,1,0.487125
22501182,2025-26,2026-04-10,DEN,OKC,1,0.375776
22501183,2025-26,2026-04-10,POR,LAC,1,0.511242
22501184,2025-26,2026-04-10,SAC,GSW,1,0.392446
22501185,2025-26,2026-04-10,LAL,PHX,1,0.509495
22501186,2025-26,2026-04-12,BOS,ORL,1,0.775382
22501187,2025-26,2026-04-12,CLE,WAS,1,0.931426
22501188,2025-26,2026-04-12,IND,DET,0,0.131502
22501189,2025-26,2026-04-12,MIA,ATL,1,0.410539
22501190,2025-26,2026-04-12,NYK,CHA,0,0.588426
22501191,2025-26,2026-04-12,PHI,MIL,1,0.808001
22501192,2025-26,2026-04-12,TOR,BKN,1,0.856906
22501193,2025-26,2026-04-12,DAL,CHI,1,0.527238
22501194,2025-26,2026-04-12,HOU,MEM,1,0.890025
22501195,2025-26,2026-04-12,MIN,NOP,1,0.7434
22501196,2025-26,2026-04-12,OKC,PHX,0,0.85335
22501197,2025-26,2026-04-12,SAS,DEN,0,0.74532
22501198,2025-26,2026-04-12,LAL,UTA,1,0.874007
22501199,2025-26,2026-04-12,LAC,GSW,1,0.624728
22501200,2025-26,2026-04-12,POR,SAC,1,0.81167
52500111,2025-26,2026-04-14,CHA,MIA,1,0.743686
52500121,2025-26,2026-04-14,PHX,POR,0,0.615445
52500101,2025-26,2026-04-15,PHI,ORL,1,0.599694
52500131,2025-26,2026-04-15,LAC,GSW,0,0.717219
52500201,2025-26,2026-04-17,ORL,CHA,1,0.533075
52500211,2025-26,2026-04-17,PHX,GSW,1,0.695246
42500121,2025-26,2026-04-18,NYK,ATL,1,0.696059
42500131,2025-26,2026-04-18,CLE,TOR,1,0.698039
42500161,2025-26,2026-04-18,DEN,MIN,1,0.712727
42500171,2025-26,2026-04-18,LAL,HOU,1,0.614524
42500101,2025-26,2026-04-19,DET,ORL,0,0.785529
42500111,2025-26,2026-04-19,BOS,PHI,1,0.83332
42500141,2025-26,2026-04-19,OKC,PHX,1,0.864506
42500151,2025-26,2026-04-19,SAS,POR,1,0.800714
42500122,2025-26,2026-04-20,NYK,ATL,0,0.688975
42500132,2025-26,2026-04-20,CLE,TOR,1,0.708492
42500162,2025-26,2026-04-20,DEN,MIN,0,0.726071
42500112,2025-26,2026-04-21,BOS,PHI,0,0.833133
42500152,2025-26,2026-04-21,SAS,POR,0,0.773305
42500172,2025-26,2026-04-21,LAL,HOU,1,0.600955
42500102,2025-26,2026-04-22,DET,ORL,1,0.733857
42500142,2025-26,2026-04-22,OKC,PHX,1,0.859074
42500123,2025-26,2026-04-23,ATL,NYK,1,0.596476
42500133,2025-26,2026-04-23,TOR,CLE,1,0.554037
42500163,2025-26,2026-04-23,MIN,DEN,1,0.601359
42500113,2025-26,2026-04-24,PHI,BOS,0,0.423995
42500153,2025-26,2026-04-24,POR,SAS,0,0.503914
42500173,2025-26,2026-04-24,HOU,LAL,0,0.678595
42500103,2025-26,2026-04-25,ORL,DET,1,0.531937
42500124,2025-26,2026-04-25,ATL,NYK,0,0.586183
42500143,2025-26,2026-04-25,PHX,OKC,0,0.366407
42500164,2025-26,2026-04-25,MIN,DEN,1,0.627972
42500114,2025-26,2026-04-26,PHI,BOS,0,0.418585
42500134,2025-26,2026-04-26,TOR,CLE,1,0.577979
42500154,2025-26,2026-04-26,POR,SAS,0,0.487696
42500174,2025-26,2026-04-26,HOU,LAL,1,0.669848
42500104,2025-26,2026-04-27,ORL,DET,1,0.536768
42500144,2025-26,2026-04-27,PHX,OKC,0,0.351189
42500165,2025-26,2026-04-27,DEN,MIN,1,0.668866
42500115,2025-26,2026-04-28,BOS,PHI,0,0.832749
42500125,2025-26,2026-04-28,NYK,ATL,1,0.70252
42500155,2025-26,2026-04-28,SAS,POR,1,0.787398
42500105,2025-26,2026-04-29,DET,ORL,1,0.721235
42500135,2025-26,2026-04-29,CLE,TOR,1,0.684622
42500175,2025-26,2026-04-29,LAL,HOU,0,0.585122
42500116,2025-26,2026-04-30,PHI,BOS,1,0.435618
42500126,2025-26,2026-04-30,ATL,NYK,0,0.537842
42500166,2025-26,2026-04-30,MIN,DEN,1,0.626285
42500106,2025-26,2026-05-01,ORL,DET,0,0.537147
42500136,2025-26,2026-05-01,TOR,CLE,1,0.594013
42500176,2025-26,2026-05-01,HOU,LAL,0,0.695269
42500117,2025-26,2026-05-02,BOS,PHI,0,0.786948
42500107,2025-26,2026-05-03,DET,ORL,1,0.740948
42500137,2025-26,2026-05-03,CLE,TOR,1,0.682876
42500211,2025-26,2026-05-04,NYK,PHI,1,0.770333
42500231,2025-26,2026-05-04,SAS,MIN,0,0.768098
42500201,2025-26,2026-05-05,DET,CLE,1,0.68567
42500221,2025-26,2026-05-05,OKC,LAL,1,0.813662
42500212,2025-26,2026-05-06,NYK,PHI,1,0.798435
42500232,2025-26,2026-05-06,SAS,MIN,1,0.73194
42500202,2025-26,2026-05-07,DET,CLE,1,0.693455
42500222,2025-26,2026-05-07,OKC,LAL,1,0.814542
42500213,2025-26,2026-05-08,PHI,NYK,0,0.463199
42500233,2025-26,2026-05-08,MIN,SAS,0,0.506011
42500203,2025-26,2026-05-09,CLE,DET,1,0.585839
42500223,2025-26,2026-05-09,LAL,OKC,0,0.407111
42500214,2025-26,2026-05-10,PHI,NYK,0,0.439926
42500234,2025-26,2026-05-10,MIN,SAS,1,0.492059
42500204,2025-26,2026-05-11,CLE,DET,1,0.592573
42500224,2025-26,2026-05-11,LAL,OKC,0,0.381441
42500235,2025-26,2026-05-12,SAS,MIN,1,0.757885
42500205,2025-26,2026-05-13,DET,CLE,0,0.659708
42500206,2025-26,2026-05-15,CLE,DET,0,0.622327
42500236,2025-26,2026-05-15,MIN,SAS,0,0.474836
42500207,2025-26,2026-05-17,DET,CLE,0,0.675166
42500311,2025-26,2026-05-18,OKC,SAS,0,0.705664
42500301,2025-26,2026-05-19,NYK,CLE,1,0.724574
42500312,2025-26,2026-05-20,OKC,SAS,1,0.681223
42500302,2025-26,2026-05-21,NYK,CLE,1,0.716297
42500313,2025-26,2026-05-22,SAS,OKC,0,0.580452
42500303,2025-26,2026-05-23,CLE,NYK,0,0.541295
42500314,2025-26,2026-05-24,SAS,OKC,1,0.552681
42500304,2025-26,2026-05-25,CLE,NYK,0,0.522276
42500315,2025-26,2026-05-26,OKC,SAS,1,0.670774
42500316,2025-26,2026-05-28,SAS,OKC,1,0.578383
42500317,2025-26,2026-05-30,OKC,SAS,0,0.647625
42500401,2025-26,2026-06-03,SAS,NYK,0,0.652868
42500402,2025-26,2026-06-05,SAS,NYK,0,0.632045
42500403,2025-26,2026-06-08,NYK,SAS,0,0.63404
42500404,2025-26,2026-06-10,NYK,SAS,1,0.618115
42500405,2025-26,2026-06-13,SAS,NYK,0,0.644133
