GAME_ID,season,date,home,away,home_win,p
22200001,2022-23,2022-10-18,BOS,PHI,1,0.600902
22200002,2022-23,2022-10-18,GSW,LAL,1,0.658023
22200003,2022-23,2022-10-19,DET,ORL,1,0.582434
22200004,2022-23,2022-10-19,IND,WAS,0,0.572605
22200005,2022-23,2022-10-19,ATL,HOU,1,0.64049
22200006,2022-23,2022-10-19,BKN,NOP,0,0.565498
22200007,2022-23,2022-10-19,MIA,CHI,0,0.657078
22200008,2022-23,2022-10-19,TOR,CLE,1,0.607455
22200009,2022-23,2022-10-19,MEM,NYK,1,0.634506
22200010,2022-23,2022-10-19,MIN,OKC,1,0.650509
22200011,2022-23,2022-10-19,SAS,CHA,0,0.580152
22200012,2022-23,2022-10-19,UTA,DEN,1,0.583529
22200013,2022-23,2022-10-19,PHX,DAL,1,0.588981
22200014,2022-23,2022-10-19,SAC,POR,0,0.610196
22200015,2022-23,2022-10-20,PHI,MIL,0,0.472842
22200016,2022-23,2022-10-20,LAL,LAC,0,0.45634
22200017,2022-23,2022-10-21,CHA,NOP,0,0.49948
22200019,2022-23,2022-10-21,WAS,CHI,1,0.504604
22200020,2022-23,2022-10-21,ATL,ORL,1,0.638249
22200021,2022-23,2022-10-21,BKN,TOR,1,0.447903
22200022,2022-23,2022-10-21,MIA,BOS,0,0.439022
22200023,2022-23,2022-10-21,NYK,DET,1,0.553576
22200024,2022-23,2022-10-21,HOU,MEM,0,0.378512
22200025,2022-23,2022-10-21,MIN,UTA,0,0.490076
22200026,2022-23,2022-10-21,GSW,DEN,0,0.685588
22200027,2022-23,2022-10-21,POR,PHX,1,0.407537
22200028,2022-23,2022-10-22,PHI,SAS,0,0.690824
22200029,2022-23,2022-10-22,IND,DET,1,0.584497
22200030,2022-23,2022-10-22,ORL,BOS,0,0.343648
22200031,2022-23,2022-10-22,MIA,TOR,1,0.546274
22200032,2022-23,2022-10-22,CHI,CLE,0,0.476138
22200033,2022-23,2022-10-22,MIL,HOU,1,0.763228
22200034,2022-23,2022-10-22,DAL,MEM,1,0.568123
22200035,2022-23,2022-10-22,DEN,OKC,1,0.568516
22200036,2022-23,2022-10-22,SAC,LAC,0,0.449723
22200037,2022-23,2022-10-23,LAL,POR,0,0.526318
22200038,2022-23,2022-10-23,ATL,CHA,0,0.533801
22200039,2022-23,2022-10-23,CLE,WAS,1,0.517612
22200040,2022-23,2022-10-23,NOP,UTA,0,0.566107
22200041,2022-23,2022-10-23,OKC,MIN,0,0.339773
22200042,2022-23,2022-10-23,GSW,SAC,1,0.763168
22200044,2022-23,2022-10-24,PHI,IND,1,0.536657
22200045,2022-23,2022-10-24,MIA,TOR,0,0.509085
22200046,2022-23,2022-10-24,NYK,ORL,1,0.674929
22200047,2022-23,2022-10-24,CHI,BOS,1,0.363384
22200048,2022-23,2022-10-24,HOU,UTA,1,0.348639
22200049,2022-23,2022-10-24,MEM,BKN,1,0.566942
22200050,2022-23,2022-10-24,MIN,SAS,0,0.512255
22200051,2022-23,2022-10-24,POR,DEN,1,0.439086
22200052,2022-23,2022-10-25,WAS,DET,1,0.609145
22200053,2022-23,2022-10-25,NOP,DAL,1,0.556986
22200054,2022-23,2022-10-25,OKC,LAC,1,0.435269
22200055,2022-23,2022-10-25,PHX,GSW,1,0.592174
22200056,2022-23,2022-10-26,CLE,ORL,1,0.738805
22200057,2022-23,2022-10-26,DET,ATL,0,0.327649
22200058,2022-23,2022-10-26,NYK,CHA,1,0.604235
22200059,2022-23,2022-10-26,TOR,PHI,1,0.5417
22200060,2022-23,2022-10-26,MIL,BKN,1,0.68658
22200061,2022-23,2022-10-26,CHI,IND,1,0.617053
22200062,2022-23,2022-10-26,MIN,SAS,1,0.569203
22200063,2022-23,2022-10-26,UTA,HOU,1,0.791011
22200064,2022-23,2022-10-26,DEN,LAL,1,0.56374
22200065,2022-23,2022-10-26,POR,MIA,0,0.637947
22200066,2022-23,2022-10-27,BKN,DAL,0,0.326619
22200067,2022-23,2022-10-27,OKC,LAC,1,0.665585
22200068,2022-23,2022-10-27,GSW,MIA,1,0.61445
22200069,2022-23,2022-10-27,SAC,MEM,0,0.50449
22200070,2022-23,2022-10-28,DET,ATL,0,0.390603
22200072,2022-23,2022-10-28,BOS,CLE,0,0.535798
22200073,2022-23,2022-10-28,TOR,PHI,0,0.649643
22200074,2022-23,2022-10-28,WAS,IND,0,0.62842
22200075,2022-23,2022-10-28,MIL,NYK,1,0.62531
22200076,2022-23,2022-10-28,MIN,LAL,1,0.667521
22200077,2022-23,2022-10-28,SAS,CHI,1,0.499007
22200078,2022-23,2022-10-28,DEN,UTA,1,0.427317
22200079,2022-23,2022-10-28,PHX,NOP,1,0.708891
22200080,2022-23,2022-10-28,POR,HOU,1,0.61909
22200081,2022-23,2022-10-29,SAC,MIA,1,0.48581
22200082,2022-23,2022-10-29,CHA,GSW,1,0.45614
22200083,2022-23,2022-10-29,BKN,IND,0,0.653375
22200084,2022-23,2022-10-29,CHI,PHI,0,0.632035
22200085,2022-23,2022-10-29,MIL,ATL,1,0.676952
22200086,2022-23,2022-10-29,DAL,OKC,0,0.674933
22200087,2022-23,2022-10-29,UTA,MEM,1,0.541217
22200088,2022-23,2022-10-30,LAC,NOP,0,0.45925
22200089,2022-23,2022-10-30,BOS,WAS,1,0.68249
22200090,2022-23,2022-10-30,CLE,NYK,1,0.622937
22200091,2022-23,2022-10-30,DET,GSW,1,0.445998
22200092,2022-23,2022-10-30,SAS,MIN,1,0.53929
22200093,2022-23,2022-10-30,DAL,ORL,1,0.623115
22200094,2022-23,2022-10-30,PHX,HOU,1,0.835513
22200095,2022-23,2022-10-30,LAL,DEN,1,0.450987
22200096,2022-23,2022-10-31,CHA,SAC,0,0.64783
22200097,2022-23,2022-10-31,WAS,PHI,0,0.44545
22200098,2022-23,2022-10-31,BKN,IND,1,0.539191
22200099,2022-23,2022-10-31,TOR,ATL,1,0.564493
22200100,2022-23,2022-10-31,MIL,DET,1,0.888044
22200101,2022-23,2022-10-31,UTA,MEM,1,0.651581
22200102,2022-23,2022-10-31,LAC,HOU,1,0.607578
22200103,2022-23,2022-11-01,BKN,CHI,0,0.411534
22200104,2022-23,2022-11-01,MIA,GSW,1,0.590687
22200105,2022-23,2022-11-01,OKC,ORL,1,0.609161
22200106,2022-23,2022-11-01,PHX,MIN,1,0.69943
22200108,2022-23,2022-11-02,PHI,WAS,0,0.576558
22200109,2022-23,2022-11-02,MIA,SAC,1,0.57119
22200110,2022-23,2022-11-02,NYK,ATL,0,0.613335
22200111,2022-23,2022-11-02,CHI,CHA,1,0.571474
22200112,2022-23,2022-11-02,HOU,LAC,0,0.552698
22200113,2022-23,2022-11-02,MIL,DET,1,0.807574
22200114,2022-23,2022-11-02,SAS,TOR,0,0.554561
22200115,2022-23,2022-11-02,DAL,UTA,1,0.641671
22200116,2022-23,2022-11-02,POR,MEM,0,0.493951
22200117,2022-23,2022-11-02,LAL,NOP,1,0.448047
22200118,2022-23,2022-11-03,ORL,GSW,1,0.463652
22200119,2022-23,2022-11-03,OKC,DEN,0,0.634948
22200120,2022-23,2022-11-04,DET,CLE,0,0.26302
22200121,2022-23,2022-11-04,IND,MIA,1,0.567081
22200122,2022-23,2022-11-04,PHI,NYK,0,0.468265
22200123,2022-23,2022-11-04,WAS,BKN,0,0.623478
22200124,2022-23,2022-11-04,BOS,CHI,1,0.605606
22200125,2022-23,2022-11-04,MEM,CHA,1,0.657991
22200126,2022-23,2022-11-04,SAS,LAC,0,0.621057
22200127,2022-23,2022-11-04,DAL,TOR,1,0.596169
22200128,2022-23,2022-11-04,NOP,GSW,1,0.695358
22200129,2022-23,2022-11-04,MIN,MIL,0,0.419385
22200130,2022-23,2022-11-04,PHX,POR,0,0.777025
22200131,2022-23,2022-11-04,LAL,UTA,0,0.497379
22200132,2022-23,2022-11-05,ORL,SAC,0,0.53168
22200133,2022-23,2022-11-05,CHA,BKN,0,0.503494
22200134,2022-23,2022-11-05,ATL,NOP,1,0.552079
22200135,2022-23,2022-11-05,NYK,BOS,0,0.458933
22200136,2022-23,2022-11-05,MIL,OKC,1,0.615129
22200137,2022-23,2022-11-05,MIN,HOU,1,0.666757
22200138,2022-23,2022-11-05,DEN,SAS,1,0.729592
22200139,2022-23,2022-11-05,PHX,POR,1,0.781556
22200140,2022-23,2022-11-06,LAL,CLE,0,0.469507
22200141,2022-23,2022-11-06,TOR,CHI,1,0.594162
22200142,2022-23,2022-11-06,MEM,WAS,1,0.697845
22200143,2022-23,2022-11-06,LAC,UTA,0,0.342122
22200145,2022-23,2022-11-07,ORL,HOU,0,0.639285
22200147,2022-23,2022-11-07,IND,NOP,1,0.503798
22200149,2022-23,2022-11-07,ATL,MIL,1,0.523335
22200150,2022-23,2022-11-07,MIA,POR,0,0.664436
22200151,2022-23,2022-11-07,CHI,TOR,1,0.454912
22200152,2022-23,2022-11-07,MEM,BOS,0,0.465688
22200153,2022-23,2022-11-07,MIN,NYK,0,0.604833
22200154,2022-23,2022-11-07,SAS,DEN,0,0.460033
22200155,2022-23,2022-11-07,DAL,BKN,1,0.729892
22200156,2022-23,2022-11-07,GSW,SAC,1,0.477522
22200157,2022-23,2022-11-07,UTA,LAL,1,0.786473
22200158,2022-23,2022-11-07,LAC,CLE,1,0.283049
22200159,2022-23,2022-11-09,CHA,POR,0,0.476545
22200160,2022-23,2022-11-09,IND,DEN,0,0.587852
22200161,2022-23,2022-11-09,ORL,DAL,1,0.392512
22200162,2022-23,2022-11-09,ATL,UTA,0,0.510337
22200163,2022-23,2022-11-09,BOS,DET,1,0.78968
22200164,2022-23,2022-11-09,BKN,NYK,1,0.519631
22200165,2022-23,2022-11-09,TOR,HOU,1,0.742835
22200166,2022-23,2022-11-09,CHI,NOP,0,0.548835
22200167,2022-23,2022-11-09,MIN,PHX,0,0.389288
22200168,2022-23,2022-11-09,OKC,MIL,0,0.391386
22200169,2022-23,2022-11-09,SAS,MEM,0,0.418048
22200170,2022-23,2022-11-09,LAC,LAL,1,0.663173
22200171,2022-23,2022-11-09,SAC,CLE,1,0.37888
22200172,2022-23,2022-11-10,WAS,DAL,1,0.539739
22200173,2022-23,2022-11-10,ATL,PHI,1,0.567412
22200174,2022-23,2022-11-10,MIA,CHA,1,0.804458
22200175,2022-23,2022-11-10,NOP,POR,0,0.694655
22200176,2022-23,2022-11-11,BOS,DEN,1,0.69318
22200177,2022-23,2022-11-11,ORL,PHX,1,0.342203
22200178,2022-23,2022-11-11,NYK,DET,1,0.68329
22200179,2022-23,2022-11-11,OKC,TOR,1,0.507243
22200180,2022-23,2022-11-11,SAS,MIL,1,0.475672
22200181,2022-23,2022-11-11,MEM,MIN,1,0.631745
22200182,2022-23,2022-11-11,GSW,CLE,1,0.417443
22200183,2022-23,2022-11-11,LAL,SAC,0,0.443148
22200185,2022-23,2022-11-12,WAS,UTA,1,0.399865
22200186,2022-23,2022-11-12,DET,BOS,0,0.299267
22200187,2022-23,2022-11-12,IND,TOR,1,0.663825
22200188,2022-23,2022-11-12,PHI,ATL,1,0.481006
22200189,2022-23,2022-11-12,MIA,CHA,1,0.723382
22200190,2022-23,2022-11-12,DAL,POR,1,0.66671
22200191,2022-23,2022-11-12,NOP,HOU,1,0.752445
22200192,2022-23,2022-11-13,NYK,OKC,0,0.609513
22200193,2022-23,2022-11-13,CLE,MIN,0,0.725037
22200194,2022-23,2022-11-13,WAS,MEM,1,0.388971
22200195,2022-23,2022-11-13,PHI,UTA,1,0.453523
22200196,2022-23,2022-11-13,CHI,DEN,0,0.663254
22200197,2022-23,2022-11-13,SAC,GSW,1,0.575875
22200198,2022-23,2022-11-13,LAL,BKN,1,0.442462
22200199,2022-23,2022-11-14,DET,TOR,0,0.418687
22200200,2022-23,2022-11-14,ORL,CHA,0,0.638406
22200201,2022-23,2022-11-14,BOS,OKC,1,0.739912
22200202,2022-23,2022-11-14,MIA,PHX,1,0.524503
22200203,2022-23,2022-11-14,HOU,LAC,0,0.513153
22200204,2022-23,2022-11-14,MIL,ATL,0,0.51196
22200205,2022-23,2022-11-14,GSW,SAS,1,0.582439
22200207,2022-23,2022-11-15,DAL,LAC,1,0.764691
22200208,2022-23,2022-11-15,UTA,NYK,0,0.762343
22200209,2022-23,2022-11-15,POR,SAS,1,0.716463
22200211,2022-23,2022-11-16,CHA,IND,0,0.474453
22200212,2022-23,2022-11-16,ORL,MIN,0,0.492195
22200213,2022-23,2022-11-16,WAS,OKC,0,0.573076
22200214,2022-23,2022-11-16,ATL,BOS,0,0.536154
22200215,2022-23,2022-11-16,TOR,MIA,1,0.50335
22200216,2022-23,2022-11-16,MIL,CLE,1,0.594648
22200218,2022-23,2022-11-16,DAL,HOU,0,0.724294
22200219,2022-23,2022-11-16,DEN,NYK,0,0.75479
22200220,2022-23,2022-11-16,PHX,GSW,1,0.655335
22200221,2022-23,2022-11-17,POR,BKN,0,0.637222
22200222,2022-23,2022-11-17,SAC,SAS,1,0.683825
22200223,2022-23,2022-11-17,LAC,DET,1,0.716348
22200224,2022-23,2022-11-18,WAS,MIA,1,0.597593
22200225,2022-23,2022-11-18,CLE,CHA,1,0.744237
22200226,2022-23,2022-11-18,PHI,MIL,1,0.494405
22200227,2022-23,2022-11-18,CHI,ORL,0,0.712446
22200228,2022-23,2022-11-18,HOU,IND,0,0.388405
22200229,2022-23,2022-11-18,MEM,OKC,1,0.632746
22200230,2022-23,2022-11-18,DAL,DEN,1,0.661101
22200231,2022-23,2022-11-18,NOP,BOS,0,0.43025
22200232,2022-23,2022-11-18,UTA,PHX,1,0.608234
22200233,2022-23,2022-11-18,GSW,NYK,1,0.574415
22200234,2022-23,2022-11-18,LAL,DET,1,0.633528
22200235,2022-23,2022-11-19,ATL,TOR,1,0.622513
22200236,2022-23,2022-11-19,IND,ORL,1,0.709463
22200237,2022-23,2022-11-19,PHI,MIN,0,0.472721
22200238,2022-23,2022-11-19,POR,UTA,0,0.617927
22200239,2022-23,2022-11-19,LAC,SAS,1,0.664586
22200240,2022-23,2022-11-20,PHX,NYK,1,0.694533
22200241,2022-23,2022-11-20,WAS,CHA,1,0.716083
22200242,2022-23,2022-11-20,SAC,DET,1,0.776318
22200243,2022-23,2022-11-20,BKN,MEM,1,0.441732
22200244,2022-23,2022-11-20,CLE,MIA,1,0.726629
22200245,2022-23,2022-11-20,HOU,GSW,0,0.393306
22200246,2022-23,2022-11-20,DAL,DEN,0,0.778652
22200247,2022-23,2022-11-20,LAL,SAS,1,0.62867
22200248,2022-23,2022-11-21,CLE,ATL,1,0.562883
22200249,2022-23,2022-11-21,IND,ORL,1,0.714996
22200250,2022-23,2022-11-21,CHI,BOS,1,0.405431
22200251,2022-23,2022-11-21,MIL,POR,1,0.687159
22200252,2022-23,2022-11-21,MIN,MIA,1,0.735898
22200253,2022-23,2022-11-21,NOP,GSW,1,0.650703
22200254,2022-23,2022-11-21,OKC,NYK,0,0.659541
22200255,2022-23,2022-11-21,LAC,UTA,1,0.512433
22200256,2022-23,2022-11-22,PHI,BKN,1,0.483351
22200257,2022-23,2022-11-22,MEM,SAC,0,0.484552
22200258,2022-23,2022-11-22,DEN,DET,0,0.715102
22200259,2022-23,2022-11-22,PHX,LAL,1,0.825689
22200260,2022-23,2022-11-23,CHA,PHI,1,0.672254
22200261,2022-23,2022-11-23,CLE,POR,1,0.746643
22200262,2022-23,2022-11-23,IND,MIN,0,0.582439
22200263,2022-23,2022-11-23,ATL,SAC,1,0.612827
22200264,2022-23,2022-11-23,BOS,DAL,1,0.677762
22200265,2022-23,2022-11-23,MIA,WAS,1,0.534284
22200266,2022-23,2022-11-23,TOR,BKN,0,0.60033
22200267,2022-23,2022-11-23,MIL,CHI,0,0.660006
22200268,2022-23,2022-11-23,OKC,DEN,0,0.679788
22200269,2022-23,2022-11-23,SAS,NOP,0,0.30155
22200270,2022-23,2022-11-23,UTA,DET,0,0.873383
22200271,2022-23,2022-11-23,GSW,LAC,1,0.478027
22200272,2022-23,2022-11-25,CHA,MIN,1,0.40704
22200274,2022-23,2022-11-25,NYK,POR,0,0.649668
22200275,2022-23,2022-11-25,BOS,SAC,1,0.693557
22200276,2022-23,2022-11-25,IND,BKN,1,0.53808
22200277,2022-23,2022-11-25,MIA,WAS,1,0.592728
22200278,2022-23,2022-11-25,HOU,ATL,1,0.387721
22200279,2022-23,2022-11-25,MEM,NOP,1,0.534744
22200280,2022-23,2022-11-25,MIL,CLE,1,0.566339
22200281,2022-23,2022-11-25,OKC,CHI,1,0.506736
22200282,2022-23,2022-11-25,SAS,LAL,0,0.581139
22200283,2022-23,2022-11-25,PHX,DET,1,0.811573
22200284,2022-23,2022-11-25,GSW,UTA,1,0.590453
22200285,2022-23,2022-11-25,LAC,DEN,0,0.570878
22200286,2022-23,2022-11-26,TOR,DAL,1,0.460748
22200287,2022-23,2022-11-26,HOU,OKC,1,0.50228
22200289,2022-23,2022-11-26,PHX,UTA,1,0.72454
22200290,2022-23,2022-11-27,BKN,POR,1,0.678117
22200291,2022-23,2022-11-27,MIN,GSW,0,0.610643
22200293,2022-23,2022-11-27,ATL,MIA,0,0.585927
22200294,2022-23,2022-11-27,BOS,WAS,1,0.77636
22200295,2022-23,2022-11-27,DET,CLE,0,0.287993
22200296,2022-23,2022-11-27,NYK,MEM,0,0.571126
22200297,2022-23,2022-11-27,ORL,PHI,0,0.550187
22200298,2022-23,2022-11-27,MIL,DAL,1,0.699312
22200299,2022-23,2022-11-28,PHI,ATL,1,0.539437
22200300,2022-23,2022-11-28,WAS,MIN,1,0.550541
22200301,2022-23,2022-11-28,BOS,CHA,1,0.74577
22200302,2022-23,2022-11-28,BKN,ORL,1,0.774846
22200303,2022-23,2022-11-28,TOR,CLE,1,0.628045
22200304,2022-23,2022-11-28,NOP,OKC,1,0.67173
22200305,2022-23,2022-11-28,DEN,HOU,1,0.732265
22200307,2022-23,2022-11-28,SAC,PHX,0,0.461463
22200308,2022-23,2022-11-28,LAL,IND,0,0.535339
22200309,2022-23,2022-11-29,DET,NYK,0,0.419513
22200310,2022-23,2022-11-29,DAL,GSW,1,0.585252
22200311,2022-23,2022-11-29,POR,LAC,0,0.558381
22200312,2022-23,2022-11-30,CLE,PHI,1,0.615605
22200313,2022-23,2022-11-30,ORL,ATL,0,0.387269
22200314,2022-23,2022-11-30,BOS,MIA,1,0.710023
22200315,2022-23,2022-11-30,BKN,WAS,1,0.615404
22200316,2022-23,2022-11-30,NYK,MIL,0,0.416985
22200317,2022-23,2022-11-30,MIN,MEM,1,0.50549
22200318,2022-23,2022-11-30,NOP,TOR,1,0.550924
22200319,2022-23,2022-11-30,OKC,SAS,1,0.686453
22200320,2022-23,2022-11-30,DEN,HOU,1,0.770715
22200321,2022-23,2022-11-30,PHX,CHI,1,0.672677
22200322,2022-23,2022-11-30,UTA,LAC,1,0.821076
22200323,2022-23,2022-11-30,SAC,IND,1,0.629715
22200324,2022-23,2022-11-30,LAL,POR,1,0.718091
22200325,2022-23,2022-12-01,DET,DAL,1,0.417319
22200326,2022-23,2022-12-02,CHA,WAS,1,0.373152
22200327,2022-23,2022-12-02,ATL,DEN,1,0.607954
22200328,2022-23,2022-12-02,BOS,MIA,0,0.754642
22200330,2022-23,2022-12-02,CLE,ORL,1,0.843819
22200331,2022-23,2022-12-02,MIL,LAL,0,0.731365
22200332,2022-23,2022-12-02,MEM,PHI,1,0.626796
22200333,2022-23,2022-12-02,SAS,NOP,0,0.374777
22200334,2022-23,2022-12-02,PHX,HOU,0,0.847596
22200335,2022-23,2022-12-02,UTA,IND,1,0.684636
22200336,2022-23,2022-12-02,GSW,CHI,1,0.58784
22200338,2022-23,2022-12-03,LAC,SAC,0,0.366745
22200340,2022-23,2022-12-03,TOR,ORL,1,0.774346
22200341,2022-23,2022-12-03,MIN,OKC,0,0.651063
22200342,2022-23,2022-12-03,GSW,HOU,1,0.777125
22200343,2022-23,2022-12-03,UTA,POR,0,0.729042
22200345,2022-23,2022-12-04,SAS,PHX,0,0.241043
22200347,2022-23,2022-12-04,DET,MEM,0,0.381608
22200348,2022-23,2022-12-04,NYK,CLE,1,0.368677
22200349,2022-23,2022-12-04,WAS,LAL,0,0.601926
22200350,2022-23,2022-12-04,SAC,CHI,1,0.569918
22200351,2022-23,2022-12-04,POR,IND,1,0.354979
22200352,2022-23,2022-12-05,CHA,LAC,0,0.585445
22200353,2022-23,2022-12-05,ORL,MIL,0,0.382061
22200354,2022-23,2022-12-05,ATL,OKC,0,0.555503
22200355,2022-23,2022-12-05,TOR,BOS,0,0.517115
22200356,2022-23,2022-12-05,HOU,PHI,1,0.418904
22200357,2022-23,2022-12-05,MEM,MIA,1,0.525024
22200358,2022-23,2022-12-05,DAL,PHX,1,0.514752
22200359,2022-23,2022-12-05,GSW,IND,0,0.801829
22200360,2022-23,2022-12-06,CLE,LAL,1,0.666443
22200361,2022-23,2022-12-06,MIA,DET,0,0.64849
22200362,2022-23,2022-12-06,DEN,DAL,0,0.643397
22200363,2022-23,2022-12-07,ORL,LAC,1,0.402992
22200364,2022-23,2022-12-07,BKN,CHA,1,0.759351
22200366,2022-23,2022-12-07,TOR,LAL,1,0.687811
22200367,2022-23,2022-12-07,CHI,WAS,1,0.55298
22200368,2022-23,2022-12-07,MEM,OKC,1,0.60125
22200369,2022-23,2022-12-07,MIL,SAC,1,0.546124
22200370,2022-23,2022-12-07,MIN,IND,1,0.669163
22200371,2022-23,2022-12-07,NOP,DET,1,0.807929
22200372,2022-23,2022-12-07,UTA,GSW,1,0.621729
22200373,2022-23,2022-12-07,PHX,BOS,0,0.58654
22200374,2022-23,2022-12-08,MIA,LAC,1,0.721354
22200375,2022-23,2022-12-08,SAS,HOU,1,0.457731
22200377,2022-23,2022-12-09,CHA,NYK,0,0.359365
22200378,2022-23,2022-12-09,IND,WAS,1,0.538608
22200379,2022-23,2022-12-09,ORL,TOR,1,0.39393
22200380,2022-23,2022-12-09,BKN,ATL,1,0.608856
22200381,2022-23,2022-12-09,CLE,SAC,0,0.60306
22200382,2022-23,2022-12-09,PHI,LAL,1,0.687345
22200383,2022-23,2022-12-09,MEM,DET,1,0.776892
22200384,2022-23,2022-12-09,NOP,PHX,1,0.571012
22200385,2022-23,2022-12-09,UTA,MIN,0,0.66635
22200386,2022-23,2022-12-09,DAL,MIL,0,0.534253
22200387,2022-23,2022-12-10,MIA,SAS,0,0.768599
22200388,2022-23,2022-12-10,IND,BKN,0,0.516202
22200389,2022-23,2022-12-10,WAS,LAC,0,0.588038
22200390,2022-23,2022-12-10,CLE,OKC,1,0.600442
22200391,2022-23,2022-12-10,CHI,DAL,1,0.602858
22200392,2022-23,2022-12-10,GSW,BOS,1,0.343558
22200393,2022-23,2022-12-10,DEN,UTA,1,0.686919
22200394,2022-23,2022-12-10,POR,MIN,1,0.650315
22200395,2022-23,2022-12-11,NOP,PHX,1,0.577125
22200396,2022-23,2022-12-11,DET,LAL,0,0.496627
22200397,2022-23,2022-12-11,NYK,SAC,1,0.538999
22200398,2022-23,2022-12-11,ORL,TOR,1,0.39484
22200399,2022-23,2022-12-11,PHI,CHA,1,0.740958
22200400,2022-23,2022-12-11,ATL,CHI,1,0.575263
22200401,2022-23,2022-12-11,HOU,MIL,1,0.345783
22200402,2022-23,2022-12-12,IND,MIA,0,0.52036
22200403,2022-23,2022-12-12,WAS,BKN,0,0.598006
22200404,2022-23,2022-12-12,MEM,ATL,1,0.833867
22200405,2022-23,2022-12-12,DAL,OKC,1,0.606777
22200406,2022-23,2022-12-12,SAS,CLE,1,0.340941
22200407,2022-23,2022-12-12,POR,MIN,1,0.574709
22200408,2022-23,2022-12-12,LAC,BOS,1,0.287398
22200409,2022-23,2022-12-13,PHI,SAC,1,0.536923
22200410,2022-23,2022-12-13,MIL,GSW,1,0.627317
22200411,2022-23,2022-12-13,HOU,PHX,1,0.443613
22200412,2022-23,2022-12-13,UTA,NOP,1,0.4684
22200413,2022-23,2022-12-13,LAL,BOS,0,0.45673
22200414,2022-23,2022-12-14,CHA,DET,0,0.530524
22200415,2022-23,2022-12-14,IND,GSW,1,0.564203
22200416,2022-23,2022-12-14,ORL,ATL,1,0.664745
22200417,2022-23,2022-12-14,TOR,SAC,0,0.591165
22200418,2022-23,2022-12-14,CHI,NYK,0,0.541379
22200419,2022-23,2022-12-14,OKC,MIA,0,0.545763
22200420,2022-23,2022-12-14,SAS,POR,0,0.464195
22200421,2022-23,2022-12-14,DAL,CLE,0,0.527843
22200422,2022-23,2022-12-14,DEN,WAS,1,0.783858
22200423,2022-23,2022-12-14,LAC,MIN,1,0.630356
22200424,2022-23,2022-12-15,HOU,MIA,0,0.67163
22200425,2022-23,2022-12-15,MEM,MIL,1,0.596618
22200426,2022-23,2022-12-15,UTA,NOP,1,0.575092
22200427,2022-23,2022-12-15,LAC,PHX,0,0.451611
22200428,2022-23,2022-12-16,CHA,ATL,0,0.539995
22200429,2022-23,2022-12-16,DET,SAC,0,0.414137
22200430,2022-23,2022-12-16,BOS,ORL,0,0.787041
22200431,2022-23,2022-12-16,CLE,IND,1,0.738732
22200432,2022-23,2022-12-16,PHI,GSW,1,0.587271
22200433,2022-23,2022-12-16,TOR,BKN,0,0.505069
22200434,2022-23,2022-12-16,CHI,NYK,0,0.530247
22200435,2022-23,2022-12-16,OKC,MIN,0,0.648359
22200436,2022-23,2022-12-16,DAL,POR,1,0.636357
22200438,2022-23,2022-12-17,LAC,WAS,1,0.595258
22200439,2022-23,2022-12-17,SAS,MIA,0,0.371253
22200440,2022-23,2022-12-17,CLE,DAL,1,0.664683
22200441,2022-23,2022-12-17,HOU,POR,0,0.631609
22200443,2022-23,2022-12-17,OKC,MEM,1,0.293279
22200444,2022-23,2022-12-17,PHX,NOP,1,0.56586
22200445,2022-23,2022-12-18,BOS,ORL,0,0.793123
22200446,2022-23,2022-12-18,IND,NYK,0,0.445862
22200447,2022-23,2022-12-18,DET,BKN,0,0.387341
22200448,2022-23,2022-12-18,TOR,GSW,0,0.633686
22200449,2022-23,2022-12-18,MIN,CHI,1,0.466555
22200450,2022-23,2022-12-18,DEN,CHA,1,0.809153
22200451,2022-23,2022-12-18,LAL,WAS,1,0.766244
22200452,2022-23,2022-12-19,CLE,UTA,1,0.722638
22200453,2022-23,2022-12-19,PHI,TOR,1,0.745767
22200454,2022-23,2022-12-19,ATL,ORL,1,0.676074
22200455,2022-23,2022-12-19,HOU,SAS,0,0.667725
22200456,2022-23,2022-12-19,MIN,DAL,1,0.477847
22200457,2022-23,2022-12-19,NOP,MIL,0,0.671957
22200458,2022-23,2022-12-19,OKC,POR,1,0.531546
22200459,2022-23,2022-12-19,PHX,LAL,1,0.780185
22200460,2022-23,2022-12-19,SAC,CHA,0,0.83268
22200461,2022-23,2022-12-20,DET,UTA,0,0.644043
22200463,2022-23,2022-12-20,NYK,GSW,1,0.680882
22200464,2022-23,2022-12-20,PHX,WAS,0,0.606865
22200465,2022-23,2022-12-20,DEN,MEM,1,0.510541
22200466,2022-23,2022-12-21,CLE,MIL,1,0.61495
22200467,2022-23,2022-12-21,PHI,DET,1,0.803637
22200468,2022-23,2022-12-21,ATL,CHI,0,0.668289
22200469,2022-23,2022-12-21,BOS,IND,0,0.693392
22200470,2022-23,2022-12-21,BKN,GSW,1,0.749943
22200472,2022-23,2022-12-21,HOU,ORL,0,0.586711
22200473,2022-23,2022-12-21,MIN,DAL,0,0.521162
22200474,2022-23,2022-12-21,OKC,POR,1,0.592194
22200475,2022-23,2022-12-21,SAC,LAL,1,0.807855
22200476,2022-23,2022-12-21,LAC,CHA,1,0.661652
22200477,2022-23,2022-12-22,NOP,SAS,1,0.801494
22200478,2022-23,2022-12-22,UTA,WAS,1,0.687257
22200479,2022-23,2022-12-23,ORL,SAS,1,0.730125
22200480,2022-23,2022-12-23,PHI,LAC,1,0.671342
22200481,2022-23,2022-12-23,ATL,DET,1,0.678367
22200482,2022-23,2022-12-23,BOS,MIN,1,0.692994
22200483,2022-23,2022-12-23,BKN,MIL,1,0.520489
22200484,2022-23,2022-12-23,CLE,TOR,0,0.726605
22200485,2022-23,2022-12-23,NYK,CHI,0,0.691975
22200486,2022-23,2022-12-23,MIA,IND,0,0.573383
22200487,2022-23,2022-12-23,HOU,DAL,0,0.400879
22200489,2022-23,2022-12-23,DEN,POR,1,0.663113
22200490,2022-23,2022-12-23,PHX,MEM,0,0.466361
22200491,2022-23,2022-12-23,SAC,WAS,0,0.819043
22200492,2022-23,2022-12-23,LAL,CHA,0,0.605734
22200493,2022-23,2022-12-25,NYK,PHI,0,0.589056
22200494,2022-23,2022-12-25,DAL,LAL,1,0.749475
22200495,2022-23,2022-12-25,BOS,MIL,1,0.605355
22200496,2022-23,2022-12-25,GSW,MEM,1,0.276965
22200497,2022-23,2022-12-25,DEN,PHX,1,0.663662
22200499,2022-23,2022-12-26,DET,LAC,0,0.458872
22200500,2022-23,2022-12-26,MIA,MIN,1,0.608823
22200501,2022-23,2022-12-26,CHI,HOU,0,0.70668
22200502,2022-23,2022-12-26,NOP,IND,1,0.593782
22200503,2022-23,2022-12-26,SAS,UTA,1,0.438484
22200504,2022-23,2022-12-26,POR,CHA,1,0.649782
22200505,2022-23,2022-12-27,ORL,LAL,0,0.635084
22200506,2022-23,2022-12-27,WAS,PHI,1,0.42733
22200507,2022-23,2022-12-27,BOS,HOU,1,0.859582
22200509,2022-23,2022-12-27,TOR,LAC,0,0.732473
22200510,2022-23,2022-12-27,MEM,PHX,0,0.6509
22200511,2022-23,2022-12-27,OKC,SAS,1,0.776514
22200512,2022-23,2022-12-27,DAL,NYK,1,0.592668
22200513,2022-23,2022-12-27,GSW,CHA,1,0.764787
22200514,2022-23,2022-12-27,SAC,DEN,0,0.612911
22200515,2022-23,2022-12-28,DET,ORL,1,0.610597
22200516,2022-23,2022-12-28,WAS,PHX,1,0.551007
22200517,2022-23,2022-12-28,ATL,BKN,0,0.330687
22200518,2022-23,2022-12-28,MIA,LAL,1,0.673258
22200519,2022-23,2022-12-28,CHI,MIL,1,0.508815
22200520,2022-23,2022-12-28,NOP,MIN,1,0.598923
22200521,2022-23,2022-12-28,GSW,UTA,1,0.50317
22200522,2022-23,2022-12-28,SAC,DEN,1,0.567546
22200523,2022-23,2022-12-29,CHA,OKC,1,0.420575
22200524,2022-23,2022-12-29,IND,CLE,1,0.43083
22200525,2022-23,2022-12-29,BOS,LAC,1,0.729372
22200526,2022-23,2022-12-29,TOR,MEM,0,0.481233
22200527,2022-23,2022-12-29,SAS,NYK,1,0.372698
22200528,2022-23,2022-12-29,DAL,HOU,1,0.768557
22200529,2022-23,2022-12-30,ORL,WAS,0,0.495722
22200530,2022-23,2022-12-30,ATL,LAL,0,0.581258
22200531,2022-23,2022-12-30,TOR,PHX,1,0.481088
22200532,2022-23,2022-12-30,CHI,DET,1,0.703835
22200533,2022-23,2022-12-30,MIL,MIN,1,0.603239
22200534,2022-23,2022-12-30,NOP,PHI,1,0.641862
22200535,2022-23,2022-12-30,DEN,MIA,1,0.613248
22200536,2022-23,2022-12-30,GSW,POR,1,0.54487
22200537,2022-23,2022-12-30,SAC,UTA,1,0.615638
22200538,2022-23,2022-12-31,IND,LAC,1,0.566781
22200539,2022-23,2022-12-31,CHA,BKN,0,0.359948
22200540,2022-23,2022-12-31,CHI,CLE,0,0.357444
22200541,2022-23,2022-12-31,HOU,NYK,0,0.428356
22200542,2022-23,2022-12-31,SAS,DAL,0,0.326196
22200543,2022-23,2022-12-31,MEM,NOP,1,0.734692
22200544,2022-23,2022-12-31,MIN,DET,0,0.710273
22200545,2022-23,2022-12-31,OKC,PHI,0,0.56839
22200546,2022-23,2022-12-31,UTA,MIA,0,0.645827
22200547,2022-23,2023-01-01,MEM,SAC,1,0.672636
22200548,2022-23,2023-01-01,MIL,WAS,0,0.65042
22200549,2022-23,2023-01-01,DEN,BOS,1,0.572634
22200550,2022-23,2023-01-02,NYK,PHX,1,0.593081
22200551,2022-23,2023-01-02,CHA,LAL,0,0.55799
22200552,2022-23,2023-01-02,CLE,CHI,1,0.651727
22200554,2022-23,2023-01-02,PHI,NOP,1,0.521246
22200555,2022-23,2023-01-02,BKN,SAS,1,0.823557
22200556,2022-23,2023-01-02,HOU,DAL,0,0.365081
22200557,2022-23,2023-01-02,MIN,DEN,1,0.673353
22200558,2022-23,2023-01-02,GSW,ATL,1,0.64922
22200559,2022-23,2023-01-02,POR,DET,1,0.685862
22200560,2022-23,2023-01-02,LAC,MIA,0,0.590735
22200561,2022-23,2023-01-03,MIL,WAS,1,0.469926
22200562,2022-23,2023-01-03,OKC,BOS,1,0.359773
22200563,2022-23,2023-01-03,UTA,SAC,0,0.646073
22200564,2022-23,2023-01-04,CHA,MEM,0,0.335502
22200565,2022-23,2023-01-04,CLE,PHX,1,0.650797
22200566,2022-23,2023-01-04,ORL,OKC,1,0.592703
22200567,2022-23,2023-01-04,PHI,IND,1,0.658595
22200568,2022-23,2023-01-04,NYK,SAS,1,0.776003
22200569,2022-23,2023-01-04,TOR,MIL,0,0.649524
22200570,2022-23,2023-01-04,CHI,BKN,1,0.415307
22200572,2022-23,2023-01-04,NOP,HOU,1,0.74359
22200573,2022-23,2023-01-04,GSW,DET,0,0.699654
22200574,2022-23,2023-01-04,LAL,MIA,1,0.394135
22200576,2022-23,2023-01-05,ORL,MEM,0,0.299431
22200577,2022-23,2023-01-05,DAL,BOS,0,0.519803
22200578,2022-23,2023-01-05,HOU,UTA,0,0.393422
22200579,2022-23,2023-01-05,DEN,LAC,1,0.734056
22200580,2022-23,2023-01-06,IND,POR,1,0.585968
22200581,2022-23,2023-01-06,PHI,CHI,0,0.584816
22200582,2022-23,2023-01-06,TOR,NYK,0,0.529308
22200583,2022-23,2023-01-06,MIL,CHA,0,0.750555
22200584,2022-23,2023-01-06,OKC,WAS,1,0.493955
22200585,2022-23,2023-01-06,SAS,DET,1,0.562219
22200586,2022-23,2023-01-06,NOP,BKN,0,0.469023
22200587,2022-23,2023-01-06,MIN,LAC,1,0.704277
22200588,2022-23,2023-01-06,DEN,CLE,1,0.550363
22200589,2022-23,2023-01-06,PHX,MIA,0,0.462609
22200590,2022-23,2023-01-06,LAL,ATL,1,0.535886
22200591,2022-23,2023-01-07,SAS,BOS,0,0.211668
22200592,2022-23,2023-01-07,CHI,UTA,1,0.526573
22200593,2022-23,2023-01-07,DAL,NOP,1,0.726663
22200594,2022-23,2023-01-07,GSW,ORL,0,0.75669
22200595,2022-23,2023-01-07,SAC,LAL,0,0.69611
22200596,2022-23,2023-01-08,DET,PHI,0,0.428116
22200597,2022-23,2023-01-08,TOR,POR,1,0.624081
22200598,2022-23,2023-01-08,IND,CHA,1,0.696172
22200599,2022-23,2023-01-08,MIA,BKN,0,0.470959
22200600,2022-23,2023-01-08,MEM,UTA,1,0.802301
22200601,2022-23,2023-01-08,HOU,MIN,0,0.401905
22200602,2022-23,2023-01-08,OKC,DAL,1,0.586062
22200603,2022-23,2023-01-08,PHX,CLE,0,0.507973
22200604,2022-23,2023-01-08,LAC,ATL,0,0.474684
22200605,2022-23,2023-01-09,WAS,NOP,0,0.627144
22200606,2022-23,2023-01-09,BOS,CHI,1,0.691668
22200607,2022-23,2023-01-09,NYK,MIL,0,0.607834
22200608,2022-23,2023-01-09,MEM,SAS,1,0.747886
22200609,2022-23,2023-01-09,DEN,LAL,1,0.712385
22200610,2022-23,2023-01-09,SAC,ORL,1,0.683679
22200612,2022-23,2023-01-10,PHI,DET,1,0.72807
22200613,2022-23,2023-01-10,TOR,CHA,1,0.723267
22200614,2022-23,2023-01-10,UTA,CLE,1,0.475767
22200615,2022-23,2023-01-10,GSW,PHX,0,0.644338
22200616,2022-23,2023-01-10,POR,ORL,0,0.721232
22200617,2022-23,2023-01-10,LAC,DAL,1,0.582804
22200618,2022-23,2023-01-11,DET,MIN,1,0.266542
22200619,2022-23,2023-01-11,WAS,CHI,1,0.552854
22200620,2022-23,2023-01-11,ATL,MIL,0,0.437245
22200621,2022-23,2023-01-11,BOS,NOP,1,0.707209
22200622,2022-23,2023-01-11,NYK,IND,1,0.650726
22200623,2022-23,2023-01-11,MEM,SAS,1,0.798748
22200624,2022-23,2023-01-11,DEN,PHX,1,0.861464
22200625,2022-23,2023-01-11,SAC,HOU,1,0.758859
22200626,2022-23,2023-01-12,PHI,OKC,0,0.689386
22200627,2022-23,2023-01-12,BKN,BOS,0,0.644458
22200628,2022-23,2023-01-12,MIA,MIL,1,0.599621
22200629,2022-23,2023-01-12,TOR,CHA,1,0.72641
22200630,2022-23,2023-01-12,LAL,DAL,0,0.473296
22200631,2022-23,2023-01-12,POR,CLE,0,0.432879
22200632,2022-23,2023-01-13,DET,NOP,0,0.38812
22200633,2022-23,2023-01-13,IND,ATL,0,0.668055
22200634,2022-23,2023-01-13,WAS,NYK,0,0.376323
22200635,2022-23,2023-01-13,SAS,GSW,0,0.480493
22200636,2022-23,2023-01-13,CHI,OKC,0,0.607104
22200637,2022-23,2023-01-13,MIN,PHX,1,0.699068
22200638,2022-23,2023-01-13,UTA,ORL,1,0.737271
22200639,2022-23,2023-01-13,LAC,DEN,0,0.432982
22200640,2022-23,2023-01-13,SAC,HOU,1,0.755006
22200641,2022-23,2023-01-14,MIA,MIL,1,0.661913
22200642,2022-23,2023-01-14,CHA,BOS,0,0.316326
22200643,2022-23,2023-01-14,IND,MEM,0,0.299174
22200644,2022-23,2023-01-14,TOR,ATL,0,0.751514
22200645,2022-23,2023-01-14,MIN,CLE,1,0.404279
22200646,2022-23,2023-01-14,UTA,PHI,0,0.524517
22200647,2022-23,2023-01-14,POR,DAL,1,0.537095
22200648,2022-23,2023-01-15,DET,NYK,0,0.313664
22200649,2022-23,2023-01-15,LAC,HOU,1,0.698584
22200650,2022-23,2023-01-15,CHI,GSW,1,0.512381
22200651,2022-23,2023-01-15,BKN,OKC,0,0.606696
22200652,2022-23,2023-01-15,SAS,SAC,0,0.430293
22200653,2022-23,2023-01-15,DEN,ORL,1,0.711365
22200654,2022-23,2023-01-15,POR,DAL,1,0.614863
22200655,2022-23,2023-01-15,LAL,PHI,0,0.635997
22200656,2022-23,2023-01-16,CHA,BOS,0,0.296319
22200657,2022-23,2023-01-16,MIL,IND,1,0.559375
22200658,2022-23,2023-01-16,CLE,NOP,1,0.674432
22200660,2022-23,2023-01-16,WAS,GSW,0,0.618365
22200661,2022-23,2023-01-16,ATL,MIA,1,0.463692
22200662,2022-23,2023-01-16,MIN,UTA,0,0.665074
22200663,2022-23,2023-01-16,MEM,PHX,1,0.769959
22200664,2022-23,2023-01-16,LAL,HOU,1,0.791714
22200666,2022-23,2023-01-17,SAS,BKN,1,0.458472
22200667,2022-23,2023-01-17,DEN,POR,1,0.740646
22200669,2022-23,2023-01-18,NYK,WAS,0,0.695712
22200670,2022-23,2023-01-18,DAL,ATL,0,0.450376
22200671,2022-23,2023-01-18,HOU,CHA,0,0.477334
22200672,2022-23,2023-01-18,MEM,CLE,1,0.644289
22200673,2022-23,2023-01-18,NOP,MIA,0,0.476998
22200674,2022-23,2023-01-18,OKC,IND,1,0.650736
22200675,2022-23,2023-01-18,UTA,LAC,1,0.731014
22200676,2022-23,2023-01-18,DEN,MIN,1,0.640281
22200677,2022-23,2023-01-18,LAL,SAC,0,0.529594
22200678,2022-23,2023-01-19,DET,CHI,0,0.37212
22200679,2022-23,2023-01-19,BOS,GSW,1,0.71725
22200680,2022-23,2023-01-19,MIN,TOR,1,0.449889
22200681,2022-23,2023-01-19,PHX,BKN,1,0.55785
22200683,2022-23,2023-01-20,ORL,NOP,1,0.489799
22200684,2022-23,2023-01-20,ATL,NYK,1,0.491257
22200685,2022-23,2023-01-20,CLE,GSW,0,0.720814
22200686,2022-23,2023-01-20,DAL,MIA,1,0.446676
22200687,2022-23,2023-01-20,SAS,LAC,0,0.636827
22200688,2022-23,2023-01-20,DEN,IND,1,0.777813
22200689,2022-23,2023-01-20,UTA,BKN,0,0.760121
22200690,2022-23,2023-01-20,LAL,MEM,1,0.373715
22200691,2022-23,2023-01-20,SAC,OKC,1,0.530438
22200692,2022-23,2023-01-21,TOR,BOS,0,0.386824
22200693,2022-23,2023-01-21,WAS,ORL,1,0.705448
22200694,2022-23,2023-01-21,ATL,CHA,0,0.631487
22200695,2022-23,2023-01-21,CLE,MIL,1,0.606969
22200696,2022-23,2023-01-21,MIN,HOU,1,0.783254
22200697,2022-23,2023-01-21,PHX,IND,1,0.703593
22200698,2022-23,2023-01-21,SAC,PHI,0,0.496324
22200699,2022-23,2023-01-22,MIA,NOP,1,0.695469
22200700,2022-23,2023-01-22,TOR,NYK,1,0.452556
22200702,2022-23,2023-01-22,DEN,OKC,0,0.591093
22200703,2022-23,2023-01-22,PHX,MEM,1,0.229711
22200704,2022-23,2023-01-22,GSW,BKN,0,0.461587
22200705,2022-23,2023-01-22,POR,LAL,0,0.568099
22200706,2022-23,2023-01-23,DET,MIL,0,0.369229
22200707,2022-23,2023-01-23,ORL,BOS,1,0.365469
22200708,2022-23,2023-01-23,CHI,ATL,1,0.544317
22200709,2022-23,2023-01-23,HOU,MIN,1,0.376886
22200710,2022-23,2023-01-23,UTA,CHA,1,0.787069
22200711,2022-23,2023-01-23,POR,SAS,1,0.627179
22200712,2022-23,2023-01-23,SAC,MEM,1,0.555678
22200714,2022-23,2023-01-24,MIA,BOS,1,0.666034
22200715,2022-23,2023-01-24,NYK,CLE,1,0.524212
22200716,2022-23,2023-01-24,NOP,DEN,0,0.635377
22200717,2022-23,2023-01-24,DAL,WAS,0,0.517673
22200718,2022-23,2023-01-24,PHX,CHA,1,0.744058
22200719,2022-23,2023-01-24,LAL,LAC,0,0.630049
22200720,2022-23,2023-01-25,ORL,IND,1,0.681078
22200721,2022-23,2023-01-25,PHI,BKN,1,0.51252
22200722,2022-23,2023-01-25,HOU,WAS,0,0.50895
22200723,2022-23,2023-01-25,MIL,DEN,1,0.691141
22200724,2022-23,2023-01-25,NOP,MIN,0,0.508129
22200725,2022-23,2023-01-25,OKC,ATL,0,0.669165
22200726,2022-23,2023-01-25,GSW,MEM,1,0.535652
22200727,2022-23,2023-01-25,POR,UTA,1,0.573198
22200728,2022-23,2023-01-25,SAC,TOR,0,0.668292
22200729,2022-23,2023-01-25,LAL,SAS,1,0.611116
22200730,2022-23,2023-01-26,BOS,NYK,0,0.585569
22200731,2022-23,2023-01-26,BKN,DET,0,0.68721
22200732,2022-23,2023-01-26,CHA,CHI,1,0.339842
22200733,2022-23,2023-01-26,HOU,CLE,0,0.202353
22200735,2022-23,2023-01-26,LAC,SAS,1,0.748956
22200736,2022-23,2023-01-27,IND,MIL,0,0.460708
22200738,2022-23,2023-01-27,MIA,ORL,1,0.652416
22200739,2022-23,2023-01-27,OKC,CLE,1,0.647098
22200740,2022-23,2023-01-27,GSW,TOR,1,0.513341
22200741,2022-23,2023-01-28,PHI,DEN,1,0.752901
22200742,2022-23,2023-01-28,BKN,NYK,1,0.534003
22200743,2022-23,2023-01-28,DET,HOU,0,0.663467
22200744,2022-23,2023-01-28,ORL,CHI,0,0.435902
22200745,2022-23,2023-01-28,ATL,LAC,0,0.596472
22200746,2022-23,2023-01-28,MIN,SAC,1,0.476787
22200747,2022-23,2023-01-28,NOP,WAS,0,0.656895
22200748,2022-23,2023-01-28,SAS,PHX,0,0.399496
22200749,2022-23,2023-01-28,BOS,LAL,1,0.754478
22200750,2022-23,2023-01-28,UTA,DAL,1,0.678951
22200751,2022-23,2023-01-28,POR,TOR,0,0.608702
22200752,2022-23,2023-01-29,CHA,MIA,1,0.392383
22200753,2022-23,2023-01-29,MEM,IND,1,0.738996
22200754,2022-23,2023-01-29,CLE,LAC,1,0.711693
22200755,2022-23,2023-01-29,MIL,NOP,1,0.703324
22200756,2022-23,2023-01-30,PHI,ORL,0,0.746497
22200757,2022-23,2023-01-30,BKN,LAL,1,0.527432
22200758,2022-23,2023-01-30,MIN,SAC,0,0.514088
22200759,2022-23,2023-01-30,OKC,GSW,0,0.623223
22200760,2022-23,2023-01-30,SAS,WAS,0,0.436177
22200761,2022-23,2023-01-30,DAL,DET,1,0.594268
22200762,2022-23,2023-01-30,PHX,TOR,1,0.532045
22200763,2022-23,2023-01-30,POR,ATL,1,0.552753
22200764,2022-23,2023-01-31,CLE,MIA,0,0.59628
22200765,2022-23,2023-01-31,NYK,LAL,0,0.810143
22200766,2022-23,2023-01-31,CHI,LAC,0,0.700977
22200767,2022-23,2023-01-31,MIL,CHA,1,0.714488
22200768,2022-23,2023-01-31,DEN,NOP,1,0.774337
22200770,2022-23,2023-02-01,PHI,ORL,1,0.698055
22200771,2022-23,2023-02-01,MEM,POR,0,0.708878
22200772,2022-23,2023-02-01,BOS,BKN,1,0.631612
22200773,2022-23,2023-02-01,HOU,OKC,1,0.277222
22200774,2022-23,2023-02-01,MIN,GSW,1,0.544662
22200775,2022-23,2023-02-01,SAS,SAC,0,0.355919
22200776,2022-23,2023-02-01,UTA,TOR,1,0.625125
22200777,2022-23,2023-02-01,PHX,ATL,0,0.661963
22200778,2022-23,2023-02-02,IND,LAL,0,0.550339
22200779,2022-23,2023-02-02,CLE,MEM,1,0.654312
22200780,2022-23,2023-02-02,NYK,MIA,1,0.518434
22200781,2022-23,2023-02-02,CHI,CHA,1,0.652793
22200782,2022-23,2023-02-02,DAL,NOP,1,0.541516
22200783,2022-23,2023-02-02,DEN,GSW,1,0.762986
22200784,2022-23,2023-02-02,MIL,LAC,1,0.618831
22200785,2022-23,2023-02-03,DET,CHA,1,0.570425
22200786,2022-23,2023-02-03,IND,SAC,1,0.382039
22200787,2022-23,2023-02-03,WAS,POR,0,0.568489
22200788,2022-23,2023-02-03,BOS,PHX,0,0.768001
22200789,2022-23,2023-02-03,HOU,TOR,0,0.357513
22200790,2022-23,2023-02-03,MIN,ORL,0,0.635989
22200791,2022-23,2023-02-03,SAS,PHI,0,0.374793
22200792,2022-23,2023-02-03,UTA,ATL,0,0.661474
22200793,2022-23,2023-02-04,BKN,WAS,1,0.656336
22200794,2022-23,2023-02-04,DET,PHX,0,0.436486
22200795,2022-23,2023-02-04,NYK,LAC,0,0.546459
22200796,2022-23,2023-02-04,CHI,POR,1,0.704326
22200797,2022-23,2023-02-04,MIL,MIA,1,0.57025
22200798,2022-23,2023-02-04,NOP,LAL,1,0.556375
22200799,2022-23,2023-02-04,OKC,HOU,1,0.815478
22200800,2022-23,2023-02-04,GSW,DAL,1,0.606967
22200801,2022-23,2023-02-04,DEN,ATL,1,0.737432
22200802,2022-23,2023-02-05,CHA,ORL,0,0.537133
22200803,2022-23,2023-02-05,IND,CLE,0,0.401123
22200804,2022-23,2023-02-05,NYK,PHI,1,0.456696
22200806,2022-23,2023-02-05,MIN,DEN,1,0.620613
22200807,2022-23,2023-02-05,NOP,SAC,1,0.459286
22200808,2022-23,2023-02-06,DET,BOS,0,0.274498
22200809,2022-23,2023-02-06,WAS,CLE,0,0.516258
22200810,2022-23,2023-02-06,BKN,LAC,0,0.514067
22200811,2022-23,2023-02-06,CHI,SAS,1,0.762612
22200812,2022-23,2023-02-06,HOU,SAC,0,0.461987
22200813,2022-23,2023-02-06,UTA,DAL,0,0.766224
22200814,2022-23,2023-02-06,GSW,OKC,1,0.574887
22200815,2022-23,2023-02-06,POR,MIL,0,0.46546
22200816,2022-23,2023-02-07,ORL,NYK,0,0.533339
22200817,2022-23,2023-02-07,BKN,PHX,0,0.439233
22200818,2022-23,2023-02-07,NOP,ATL,1,0.575074
22200819,2022-23,2023-02-07,MEM,CHI,1,0.681299
22200820,2022-23,2023-02-07,DEN,MIN,1,0.462107
22200821,2022-23,2023-02-07,LAL,OKC,0,0.597718
22200822,2022-23,2023-02-08,CLE,DET,1,0.842146
22200823,2022-23,2023-02-08,WAS,CHA,1,0.604062
22200824,2022-23,2023-02-08,BOS,PHI,1,0.606435
22200825,2022-23,2023-02-08,MIA,IND,1,0.674036
22200826,2022-23,2023-02-08,TOR,SAS,1,0.784619
22200827,2022-23,2023-02-08,HOU,SAC,0,0.321063
22200828,2022-23,2023-02-08,UTA,MIN,0,0.706753
22200829,2022-23,2023-02-08,LAC,DAL,0,0.668198
22200830,2022-23,2023-02-08,POR,GSW,1,0.547721
22200831,2022-23,2023-02-09,ORL,DEN,1,0.529108
22200832,2022-23,2023-02-09,ATL,PHX,1,0.56929
22200833,2022-23,2023-02-09,BKN,CHI,1,0.646465
22200834,2022-23,2023-02-09,LAL,MIL,0,0.506527
22200835,2022-23,2023-02-10,DET,SAS,1,0.578702
22200836,2022-23,2023-02-10,IND,PHX,0,0.633371
22200837,2022-23,2023-02-10,PHI,NYK,1,0.585752
22200838,2022-23,2023-02-10,BOS,CHA,1,0.754305
22200839,2022-23,2023-02-10,TOR,UTA,0,0.712972
22200840,2022-23,2023-02-10,MIA,HOU,1,0.805312
22200841,2022-23,2023-02-10,MEM,MIN,1,0.703476
22200842,2022-23,2023-02-10,NOP,CLE,0,0.521516
22200843,2022-23,2023-02-10,POR,OKC,0,0.529459
22200844,2022-23,2023-02-10,SAC,DAL,0,0.661206
22200845,2022-23,2023-02-10,LAC,MIL,0,0.598855
22200847,2022-23,2023-02-11,CHA,DEN,0,0.327832
22200849,2022-23,2023-02-11,WAS,IND,1,0.68423
22200850,2022-23,2023-02-11,ATL,SAS,1,0.872546
22200851,2022-23,2023-02-11,NYK,UTA,1,0.677411
22200852,2022-23,2023-02-11,CLE,CHI,1,0.623045
22200853,2022-23,2023-02-11,GSW,LAL,0,0.660311
22200854,2022-23,2023-02-11,SAC,DAL,1,0.689644
22200855,2022-23,2023-02-12,BOS,MEM,1,0.541613
22200856,2022-23,2023-02-12,TOR,DET,1,0.783962
22200857,2022-23,2023-02-13,CHA,ATL,1,0.378056
22200858,2022-23,2023-02-13,CLE,SAS,1,0.879982
22200859,2022-23,2023-02-13,IND,UTA,0,0.497576
22200860,2022-23,2023-02-13,PHI,HOU,1,0.791797
22200861,2022-23,2023-02-13,MIA,DEN,0,0.610921
22200862,2022-23,2023-02-13,NYK,BKN,1,0.595335
22200863,2022-23,2023-02-13,CHI,ORL,0,0.618309
22200864,2022-23,2023-02-13,OKC,NOP,0,0.567597
22200865,2022-23,2023-02-13,DAL,MIN,0,0.51335
22200866,2022-23,2023-02-13,GSW,WAS,1,0.580934
22200867,2022-23,2023-02-13,POR,LAL,1,0.630732
22200868,2022-23,2023-02-14,TOR,ORL,1,0.73507
22200869,2022-23,2023-02-14,MIL,BOS,1,0.52979
22200870,2022-23,2023-02-14,PHX,SAC,1,0.523421
22200871,2022-23,2023-02-14,LAC,GSW,1,0.646885
22200873,2022-23,2023-02-15,CHA,SAS,1,0.676015
22200874,2022-23,2023-02-15,IND,CHI,1,0.448081
22200876,2022-23,2023-02-15,ATL,NYK,0,0.546646
22200877,2022-23,2023-02-15,BOS,DET,1,0.651413
22200879,2022-23,2023-02-15,MEM,UTA,1,0.689325
22200880,2022-23,2023-02-15,OKC,HOU,1,0.764389
22200881,2022-23,2023-02-15,DEN,DAL,1,0.644944
22200882,2022-23,2023-02-15,LAL,NOP,1,0.472658
22200883,2022-23,2023-02-16,CHI,MIL,0,0.281013
22200884,2022-23,2023-02-16,MIN,WAS,0,0.601159
22200885,2022-23,2023-02-16,PHX,LAC,0,0.588734
22200886,2022-23,2023-02-23,CLE,DEN,0,0.713385
22200887,2022-23,2023-02-23,IND,BOS,0,0.442772
22200888,2022-23,2023-02-23,ORL,DET,1,0.674676
22200889,2022-23,2023-02-23,PHI,MEM,1,0.526118
22200890,2022-23,2023-02-23,TOR,NOP,1,0.648423
22200891,2022-23,2023-02-23,DAL,SAS,1,0.713442
22200892,2022-23,2023-02-23,UTA,OKC,1,0.545574
22200893,2022-23,2023-02-23,LAL,GSW,1,0.595106
22200894,2022-23,2023-02-23,SAC,POR,1,0.673848
22200895,2022-23,2023-02-24,WAS,NYK,0,0.50804
22200896,2022-23,2023-02-24,ATL,CLE,1,0.517213
22200897,2022-23,2023-02-24,MIL,MIA,1,0.656986
22200898,2022-23,2023-02-24,MIN,CHA,0,0.724033
22200899,2022-23,2023-02-24,PHX,OKC,1,0.657877
22200901,2022-23,2023-02-24,GSW,HOU,1,0.628148
22200902,2022-23,2023-02-24,LAC,SAC,0,0.609867
22200903,2022-23,2023-02-25,DET,TOR,0,0.340607
22200904,2022-23,2023-02-25,CHA,MIA,1,0.445897
22200905,2022-23,2023-02-25,ORL,IND,0,0.613719
22200906,2022-23,2023-02-25,NYK,NOP,1,0.598327
22200907,2022-23,2023-02-25,MEM,DEN,1,0.629656
22200908,2022-23,2023-02-25,PHI,BOS,0,0.522142
22200909,2022-23,2023-02-25,UTA,SAS,1,0.816568
22200910,2022-23,2023-02-26,MIL,PHX,1,0.697229
22200911,2022-23,2023-02-26,ATL,BKN,1,0.612035
22200912,2022-23,2023-02-26,CHI,WAS,1,0.559741
22200913,2022-23,2023-02-26,DAL,LAL,0,0.607959
22200914,2022-23,2023-02-26,CLE,TOR,1,0.739977
22200915,2022-23,2023-02-26,OKC,SAC,0,0.44632
22200916,2022-23,2023-02-26,GSW,MIN,1,0.513841
22200917,2022-23,2023-02-26,POR,HOU,1,0.570115
22200918,2022-23,2023-02-26,DEN,LAC,1,0.590522
22200919,2022-23,2023-02-27,CHA,DET,1,0.420011
22200920,2022-23,2023-02-27,PHI,MIA,0,0.606437
22200922,2022-23,2023-02-27,NOP,ORL,0,0.589545
22200923,2022-23,2023-02-28,ATL,WAS,0,0.662947
22200924,2022-23,2023-02-28,BKN,MIL,0,0.476671
22200925,2022-23,2023-02-28,TOR,CHI,1,0.568064
22200926,2022-23,2023-02-28,HOU,DEN,0,0.366682
22200927,2022-23,2023-02-28,MEM,LAL,1,0.707304
22200928,2022-23,2023-02-28,OKC,SAC,0,0.422086
22200929,2022-23,2023-02-28,DAL,IND,0,0.652179
22200930,2022-23,2023-02-28,UTA,SAS,0,0.808443
22200931,2022-23,2023-02-28,GSW,POR,1,0.603934
22200932,2022-23,2023-02-28,LAC,MIN,0,0.605874
22200933,2022-23,2023-03-01,CHA,PHX,0,0.214998
22200934,2022-23,2023-03-01,DET,CHI,0,0.198591
22200935,2022-23,2023-03-01,BOS,CLE,1,0.531422
22200936,2022-23,2023-03-01,MIA,PHI,0,0.531383
22200937,2022-23,2023-03-01,NYK,BKN,1,0.758425
22200938,2022-23,2023-03-01,HOU,MEM,0,0.219082
22200939,2022-23,2023-03-01,MIL,ORL,1,0.674022
22200940,2022-23,2023-03-01,OKC,LAL,0,0.596238
22200941,2022-23,2023-03-01,POR,NOP,0,0.473396
22200943,2022-23,2023-03-02,DAL,PHI,1,0.671935
22200944,2022-23,2023-03-02,SAS,IND,1,0.182001
22200945,2022-23,2023-03-02,GSW,LAC,1,0.52278
22200946,2022-23,2023-03-03,CHA,ORL,0,0.25831
22200947,2022-23,2023-03-03,ATL,POR,1,0.700086
22200948,2022-23,2023-03-03,BOS,BKN,0,0.762368
22200949,2022-23,2023-03-03,MIA,NYK,0,0.499622
22200950,2022-23,2023-03-03,CHI,PHX,0,0.513632
22200951,2022-23,2023-03-03,OKC,UTA,1,0.550436
22200952,2022-23,2023-03-03,DEN,MEM,1,0.588453
22200953,2022-23,2023-03-03,GSW,NOP,1,0.591009
22200954,2022-23,2023-03-03,SAC,LAC,1,0.680343
22200956,2022-23,2023-03-04,WAS,TOR,0,0.514095
22200957,2022-23,2023-03-04,CLE,DET,1,0.939493
22200958,2022-23,2023-03-04,MIA,ATL,1,0.581203
22200960,2022-23,2023-03-04,MIL,PHI,0,0.661097
22200961,2022-23,2023-03-04,SAC,MIN,0,0.639685
22200963,2022-23,2023-03-05,CHI,IND,0,0.694101
22200964,2022-23,2023-03-05,LAL,GSW,1,0.414392
22200965,2022-23,2023-03-05,BKN,CHA,1,0.830491
22200966,2022-23,2023-03-05,ORL,POR,0,0.636402
22200967,2022-23,2023-03-05,HOU,SAS,1,0.547829
22200968,2022-23,2023-03-05,OKC,UTA,1,0.569697
22200969,2022-23,2023-03-05,BOS,NYK,0,0.580607
22200970,2022-23,2023-03-05,LAC,MEM,1,0.325933
22200973,2022-23,2023-03-05,WAS,MIL,0,0.509037
22200971,2022-23,2023-03-06,CLE,BOS,1,0.83582
22200972,2022-23,2023-03-06,IND,PHI,0,0.42695
22200974,2022-23,2023-03-06,MIA,ATL,1,0.574375
22200975,2022-23,2023-03-06,DEN,TOR,1,0.732702
22200976,2022-23,2023-03-06,SAC,NOP,1,0.722057
22200977,2022-23,2023-03-06,DET,POR,0,0.30878
22200769,2022-23,2023-03-07,DET,WAS,0,0.14281
22200978,2022-23,2023-03-07,ORL,MIL,0,0.459231
22200979,2022-23,2023-03-07,NYK,CHA,0,0.882293
22200980,2022-23,2023-03-07,MIN,PHI,0,0.657066
22200981,2022-23,2023-03-07,HOU,BKN,0,0.202419
22200982,2022-23,2023-03-07,OKC,GSW,1,0.581855
22200983,2022-23,2023-03-07,DAL,UTA,1,0.672209
22200985,2022-23,2023-03-08,WAS,ATL,0,0.449958
22200986,2022-23,2023-03-08,BOS,POR,1,0.691546
22200987,2022-23,2023-03-08,MIA,CLE,0,0.424884
22200988,2022-23,2023-03-08,NOP,DAL,1,0.557346
22200989,2022-23,2023-03-08,DEN,CHI,0,0.788932
22200990,2022-23,2023-03-08,PHX,OKC,1,0.710086
22200991,2022-23,2023-03-08,LAC,TOR,1,0.492931
22200992,2022-23,2023-03-09,DET,CHA,0,0.400398
22200993,2022-23,2023-03-09,IND,HOU,1,0.841954
22200994,2022-23,2023-03-09,ORL,UTA,0,0.614299
22200995,2022-23,2023-03-09,MIL,BKN,1,0.622042
22200996,2022-23,2023-03-09,MEM,GSW,1,0.534242
22200997,2022-23,2023-03-09,SAC,NYK,1,0.571074
22200998,2022-23,2023-03-10,PHI,POR,1,0.737702
22200999,2022-23,2023-03-10,WAS,ATL,0,0.514441
22201000,2022-23,2023-03-10,MIA,CLE,1,0.430538
22201001,2022-23,2023-03-10,MIN,BKN,0,0.714219
22201002,2022-23,2023-03-10,SAS,DEN,1,0.161038
22201003,2022-23,2023-03-10,LAL,TOR,1,0.411165
22201004,2022-23,2023-03-11,LAC,NYK,1,0.471407
22201005,2022-23,2023-03-11,CHA,UTA,0,0.282126
22201006,2022-23,2023-03-11,DET,IND,0,0.19309
22201007,2022-23,2023-03-11,ORL,MIA,1,0.537466
22201008,2022-23,2023-03-11,ATL,BOS,0,0.505465
22201009,2022-23,2023-03-11,HOU,CHI,0,0.156222
22201010,2022-23,2023-03-11,MEM,DAL,1,0.613609
22201011,2022-23,2023-03-11,NOP,OKC,0,0.625529
22201012,2022-23,2023-03-11,GSW,MIL,1,0.603813
22201013,2022-23,2023-03-11,PHX,SAC,0,0.522711
22201014,2022-23,2023-03-12,DEN,BKN,0,0.719139
22201015,2022-23,2023-03-12,CHA,CLE,0,0.094414
22201016,2022-23,2023-03-12,PHI,WAS,1,0.717018
22201017,2022-23,2023-03-12,NOP,POR,1,0.466779
22201018,2022-23,2023-03-12,SAS,OKC,0,0.256813
22201019,2022-23,2023-03-12,LAL,NYK,0,0.554255
22201020,2022-23,2023-03-13,DET,IND,1,0.280285
22201021,2022-23,2023-03-13,ATL,MIN,0,0.560721
22201022,2022-23,2023-03-13,MIA,UTA,1,0.647221
22201023,2022-23,2023-03-13,DAL,MEM,0,0.354755
22201024,2022-23,2023-03-13,HOU,BOS,1,0.189516
22201025,2022-23,2023-03-13,GSW,PHX,1,0.607827
22201026,2022-23,2023-03-13,SAC,MIL,0,0.649926
22201027,2022-23,2023-03-14,CHA,CLE,0,0.111811
22201028,2022-23,2023-03-14,WAS,DET,1,0.925386
22201032,2022-23,2023-03-14,SAS,ORL,1,0.206185
22201033,2022-23,2023-03-14,PHX,MIL,0,0.536638
22201034,2022-23,2023-03-14,POR,NYK,0,0.332865
22201035,2022-23,2023-03-15,CLE,PHI,0,0.515201
22201036,2022-23,2023-03-15,MIA,MEM,1,0.54187
22201037,2022-23,2023-03-15,CHI,SAC,0,0.501668
22201038,2022-23,2023-03-15,HOU,LAL,1,0.302826
22201039,2022-23,2023-03-15,MIN,BOS,0,0.589314
22201040,2022-23,2023-03-15,SAS,DAL,0,0.242998
22201041,2022-23,2023-03-15,LAC,GSW,1,0.53552
22201042,2022-23,2023-03-16,DET,DEN,0,0.169986
22201043,2022-23,2023-03-16,BKN,SAC,0,0.610038
22201044,2022-23,2023-03-16,TOR,OKC,1,0.633931
22201045,2022-23,2023-03-16,MIL,IND,0,0.846129
22201046,2022-23,2023-03-16,PHX,ORL,1,0.643514
22201047,2022-23,2023-03-17,CHA,PHI,0,0.18127
22201048,2022-23,2023-03-17,ATL,GSW,1,0.567062
22201049,2022-23,2023-03-17,CLE,WAS,1,0.696463
22201050,2022-23,2023-03-17,CHI,MIN,1,0.568112
22201051,2022-23,2023-03-17,HOU,NOP,1,0.256425
22201052,2022-23,2023-03-17,SAS,MEM,0,0.136714
22201053,2022-23,2023-03-17,POR,BOS,0,0.461782
22201054,2022-23,2023-03-17,LAL,DAL,0,0.590482
22201055,2022-23,2023-03-18,NYK,DEN,1,0.630268
22201056,2022-23,2023-03-18,LAC,ORL,0,0.670517
22201057,2022-23,2023-03-18,IND,PHI,0,0.46328
22201058,2022-23,2023-03-18,TOR,MIN,1,0.725112
22201059,2022-23,2023-03-18,WAS,SAC,0,0.389424
22201060,2022-23,2023-03-18,CHI,MIA,1,0.487855
22201061,2022-23,2023-03-18,MEM,GSW,1,0.56483
22201062,2022-23,2023-03-18,UTA,BOS,1,0.670737
22201063,2022-23,2023-03-19,BKN,DEN,0,0.706671
22201064,2022-23,2023-03-19,OKC,PHX,1,0.595848
22201065,2022-23,2023-03-19,SAS,ATL,1,0.169322
22201066,2022-23,2023-03-19,DET,MIA,0,0.185306
22201067,2022-23,2023-03-19,HOU,NOP,0,0.272206
22201068,2022-23,2023-03-19,MIL,TOR,1,0.724859
22201069,2022-23,2023-03-19,POR,LAC,0,0.581753
22201070,2022-23,2023-03-19,LAL,ORL,1,0.7346
22201072,2022-23,2023-03-20,PHI,CHI,0,0.691855
22201073,2022-23,2023-03-20,NYK,MIN,0,0.738729
22201074,2022-23,2023-03-20,HOU,GSW,0,0.14795
22201075,2022-23,2023-03-20,MEM,DAL,1,0.734062
22201076,2022-23,2023-03-20,UTA,SAC,1,0.604967
22201078,2022-23,2023-03-21,ATL,DET,1,0.873785
22201079,2022-23,2023-03-21,BKN,CLE,0,0.449665
22201080,2022-23,2023-03-21,NOP,SAS,1,0.813766
22201081,2022-23,2023-03-21,SAC,BOS,0,0.550062
22201082,2022-23,2023-03-21,LAC,OKC,0,0.551046
22201083,2022-23,2023-03-22,WAS,DEN,0,0.445707
22201084,2022-23,2023-03-22,MIA,NYK,1,0.47932
22201085,2022-23,2023-03-22,TOR,IND,0,0.761786
22201086,2022-23,2023-03-22,DAL,GSW,0,0.429187
22201088,2022-23,2023-03-22,MEM,HOU,1,0.884502
22201089,2022-23,2023-03-22,MIL,SAS,1,0.979674
22201090,2022-23,2023-03-22,MIN,ATL,1,0.65673
22201091,2022-23,2023-03-22,UTA,POR,0,0.716423
22201092,2022-23,2023-03-22,LAL,PHX,1,0.630639
22201093,2022-23,2023-03-23,ORL,NYK,1,0.490898
22201094,2022-23,2023-03-23,BKN,CLE,0,0.391751
22201095,2022-23,2023-03-23,NOP,CHA,1,0.780789
22201096,2022-23,2023-03-23,LAC,OKC,1,0.531518
22201097,2022-23,2023-03-24,BOS,IND,1,0.811036
22201098,2022-23,2023-03-24,WAS,SAS,1,0.849801
22201099,2022-23,2023-03-24,TOR,DET,1,0.905877
22201100,2022-23,2023-03-24,MEM,HOU,1,0.906404
22201101,2022-23,2023-03-24,DAL,CHA,0,0.81496
22201102,2022-23,2023-03-24,UTA,MIL,0,0.539806
22201103,2022-23,2023-03-24,GSW,PHI,1,0.59468
22201104,2022-23,2023-03-24,POR,CHI,0,0.42138
22201105,2022-23,2023-03-24,SAC,PHX,1,0.675687
22201106,2022-23,2023-03-24,LAL,OKC,1,0.657291
22201107,2022-23,2023-03-25,ATL,IND,1,0.722995
22201108,2022-23,2023-03-25,MIA,BKN,0,0.627437
22201109,2022-23,2023-03-25,DEN,MIL,1,0.737729
22201110,2022-23,2023-03-25,PHX,PHI,1,0.505454
22201111,2022-23,2023-03-25,SAC,UTA,1,0.759707
22201112,2022-23,2023-03-25,LAC,NOP,0,0.627826
22201113,2022-23,2023-03-26,CHA,DAL,1,0.264099
22201114,2022-23,2023-03-26,LAL,CHI,0,0.603927
22201115,2022-23,2023-03-26,ATL,MEM,0,0.365983
22201116,2022-23,2023-03-26,BOS,SAS,1,0.947307
22201117,2022-23,2023-03-26,CLE,HOU,1,0.91503
22201118,2022-23,2023-03-26,ORL,BKN,1,0.580378
22201119,2022-23,2023-03-26,TOR,WAS,1,0.721364
22201120,2022-23,2023-03-26,POR,OKC,0,0.31931
22201121,2022-23,2023-03-26,GSW,MIN,0,0.660898
22201122,2022-23,2023-03-27,DET,MIL,0,0.147151
22201123,2022-23,2023-03-27,IND,DAL,0,0.582348
22201124,2022-23,2023-03-27,NYK,HOU,1,0.911662
22201125,2022-23,2023-03-27,UTA,PHX,0,0.568659
22201126,2022-23,2023-03-27,DEN,PHI,1,0.758157
22201127,2022-23,2023-03-27,POR,NOP,0,0.25422
22201128,2022-23,2023-03-27,SAC,MIN,0,0.654252
22201129,2022-23,2023-03-27,LAC,CHI,1,0.625603
22201130,2022-23,2023-03-28,WAS,BOS,1,0.422822
22201131,2022-23,2023-03-28,ATL,CLE,1,0.439421
22201132,2022-23,2023-03-28,TOR,MIA,1,0.629092
22201133,2022-23,2023-03-28,MEM,ORL,1,0.718486
22201134,2022-23,2023-03-28,OKC,CHA,0,0.832844
22201135,2022-23,2023-03-28,GSW,NOP,1,0.705807
22201136,2022-23,2023-03-29,IND,MIL,0,0.38234
22201137,2022-23,2023-03-29,BKN,HOU,1,0.852157
22201138,2022-23,2023-03-29,NYK,MIA,1,0.769612
22201139,2022-23,2023-03-29,PHI,DAL,1,0.600217
22201140,2022-23,2023-03-29,CHI,LAL,0,0.60467
22201141,2022-23,2023-03-29,MEM,LAC,0,0.553553
22201142,2022-23,2023-03-29,OKC,DET,1,0.760436
22201143,2022-23,2023-03-29,SAS,UTA,0,0.191129
22201144,2022-23,2023-03-29,PHX,MIN,1,0.642884
22201145,2022-23,2023-03-29,POR,SAC,0,0.231417
22201146,2022-23,2023-03-30,MIL,BOS,0,0.579727
22201147,2022-23,2023-03-30,DEN,NOP,0,0.749255
22201148,2022-23,2023-03-31,CHA,CHI,0,0.191408
22201149,2022-23,2023-03-31,IND,OKC,1,0.414335
22201150,2022-23,2023-03-31,PHI,TOR,1,0.635162
22201151,2022-23,2023-03-31,WAS,ORL,0,0.495074
22201152,2022-23,2023-03-31,BOS,UTA,1,0.781391
22201153,2022-23,2023-03-31,BKN,ATL,1,0.565463
22201154,2022-23,2023-03-31,CLE,NYK,0,0.559831
22201155,2022-23,2023-03-31,HOU,DET,1,0.494415
22201156,2022-23,2023-03-31,MEM,LAC,1,0.624205
22201157,2022-23,2023-03-31,MIN,LAL,0,0.510541
22201158,2022-23,2023-03-31,GSW,SAS,1,0.913396
22201159,2022-23,2023-03-31,POR,SAC,0,0.194752
22201160,2022-23,2023-03-31,PHX,DEN,1,0.82721
22201161,2022-23,2023-04-01,MIA,DAL,1,0.589652
22201162,2022-23,2023-04-01,NOP,LAC,1,0.645351
22201163,2022-23,2023-04-02,CHA,TOR,0,0.152971
22201164,2022-23,2023-04-02,BKN,UTA,1,0.693765
22201165,2022-23,2023-04-02,CHI,MEM,1,0.471431
22201166,2022-23,2023-04-02,MIN,POR,0,0.822276
22201167,2022-23,2023-04-02,ATL,DAL,1,0.686746
22201168,2022-23,2023-04-02,NYK,WAS,1,0.764559
22201169,2022-23,2023-04-02,ORL,DET,1,0.836567
22201170,2022-23,2023-04-02,SAC,SAS,0,0.914999
22201171,2022-23,2023-04-02,HOU,LAL,0,0.190488
22201172,2022-23,2023-04-02,OKC,PHX,0,0.474729
22201173,2022-23,2023-04-02,CLE,IND,1,0.833046
22201174,2022-23,2023-04-02,MIL,PHI,1,0.695711
22201175,2022-23,2023-04-02,DEN,GSW,1,0.507333
22201176,2022-23,2023-04-04,CHA,TOR,0,0.115829
22201177,2022-23,2023-04-04,DET,MIA,0,0.18123
22201178,2022-23,2023-04-04,ORL,CLE,0,0.404772
22201179,2022-23,2023-04-04,WAS,MIL,0,0.321173
22201180,2022-23,2023-04-04,BKN,MIN,0,0.611312
22201181,2022-23,2023-04-04,PHI,BOS,1,0.655745
22201182,2022-23,2023-04-04,CHI,ATL,0,0.608282
22201183,2022-23,2023-04-04,HOU,DEN,1,0.33077
22201184,2022-23,2023-04-04,MEM,POR,1,0.854748
22201185,2022-23,2023-04-04,NOP,SAC,0,0.533805
22201186,2022-23,2023-04-04,UTA,LAL,0,0.504491
22201187,2022-23,2023-04-04,GSW,OKC,1,0.612973
22201188,2022-23,2023-04-04,PHX,SAS,1,0.901614
22201189,2022-23,2023-04-05,DET,BKN,0,0.158259
22201190,2022-23,2023-04-05,IND,NYK,0,0.271163
22201191,2022-23,2023-04-05,ATL,WAS,1,0.702512
22201193,2022-23,2023-04-05,MIL,CHI,1,0.67124
22201194,2022-23,2023-04-05,NOP,MEM,1,0.464208
22201195,2022-23,2023-04-05,DAL,SAC,1,0.499294
22201196,2022-23,2023-04-05,LAC,LAL,1,0.560141
22201197,2022-23,2023-04-06,ORL,CLE,0,0.385903
22201198,2022-23,2023-04-06,PHI,MIA,0,0.675373
22201199,2022-23,2023-04-06,SAS,POR,1,0.33322
22201200,2022-23,2023-04-06,UTA,OKC,0,0.496472
22201201,2022-23,2023-04-06,PHX,DEN,1,0.701937
22201202,2022-23,2023-04-07,CHA,HOU,0,0.447749
22201203,2022-23,2023-04-07,IND,DET,0,0.71305
22201204,2022-23,2023-04-07,WAS,MIA,1,0.367961
22201205,2022-23,2023-04-07,ATL,PHI,0,0.579718
22201206,2022-23,2023-04-07,BOS,TOR,1,0.547948
22201207,2022-23,2023-04-07,BKN,ORL,1,0.792164
22201208,2022-23,2023-04-07,MIL,MEM,0,0.641516
22201209,2022-23,2023-04-07,NOP,NYK,1,0.522711
22201210,2022-23,2023-04-07,DAL,CHI,0,0.497366
22201211,2022-23,2023-04-07,SAC,GSW,0,0.56575
22201212,2022-23,2023-04-07,LAL,PHX,1,0.607962
22201213,2022-23,2023-04-08,UTA,DEN,1,0.511744
22201214,2022-23,2023-04-08,SAS,MIN,0,0.204518
22201215,2022-23,2023-04-08,LAC,POR,1,0.785507
22201216,2022-23,2023-04-09,BOS,ATL,1,0.662572
22201218,2022-23,2023-04-09,CLE,CHA,0,0.819104
22201219,2022-23,2023-04-09,MIA,ORL,1,0.532593
22201220,2022-23,2023-04-09,NYK,IND,0,0.792173
22201221,2022-23,2023-04-09,TOR,MIL,1,0.766694
22201222,2022-23,2023-04-09,WAS,HOU,0,0.678185
22201223,2022-23,2023-04-09,CHI,DET,1,0.802425
22201224,2022-23,2023-04-09,DAL,SAS,0,0.867172
22201225,2022-23,2023-04-09,MIN,NOP,1,0.456818
22201226,2022-23,2023-04-09,OKC,MEM,1,0.431536
22201227,2022-23,2023-04-09,DEN,SAC,1,0.64061
22201228,2022-23,2023-04-09,LAL,UTA,1,0.840146
22201229,2022-23,2023-04-09,PHX,LAC,0,0.49366
22201230,2022-23,2023-04-09,POR,GSW,0,0.160222
52200101,2022-23,2023-04-11,MIA,ATL,0,0.706031
52200121,2022-23,2023-04-11,LAL,MIN,1,0.708827
52200111,2022-23,2023-04-12,TOR,CHI,0,0.627403
52200131,2022-23,2023-04-12,NOP,OKC,0,0.730924
52200201,2022-23,2023-04-14,MIA,CHI,1,0.610443
52200211,2022-23,2023-04-14,MIN,OKC,1,0.542768
42200111,2022-23,2023-04-15,BOS,ATL,1,0.62112
42200121,2022-23,2023-04-15,PHI,BKN,1,0.63845
42200131,2022-23,2023-04-15,CLE,NYK,0,0.622885
42200161,2022-23,2023-04-15,SAC,GSW,1,0.596674
42200101,2022-23,2023-04-16,MIL,MIA,0,0.590405
42200141,2022-23,2023-04-16,DEN,MIN,1,0.591504
42200151,2022-23,2023-04-16,MEM,LAL,0,0.542427
42200171,2022-23,2023-04-16,PHX,LAC,0,0.478504
42200122,2022-23,2023-04-17,PHI,BKN,1,0.728906
42200162,2022-23,2023-04-17,SAC,GSW,1,0.594509
42200112,2022-23,2023-04-18,BOS,ATL,1,0.732554
42200132,2022-23,2023-04-18,CLE,NYK,1,0.610071
42200172,2022-23,2023-04-18,PHX,LAC,1,0.627851
42200102,2022-23,2023-04-19,MIL,MIA,1,0.721581
42200142,2022-23,2023-04-19,DEN,MIN,1,0.769706
42200152,2022-23,2023-04-19,MEM,LAL,1,0.653355
42200123,2022-23,2023-04-20,BKN,PHI,0,0.508384
42200163,2022-23,2023-04-20,GSW,SAC,1,0.640018
42200173,2022-23,2023-04-20,LAC,PHX,0,0.607141
42200113,2022-23,2023-04-21,ATL,BOS,1,0.505164
42200133,2022-23,2023-04-21,NYK,CLE,1,0.62341
42200103,2022-23,2023-04-22,MIA,MIL,1,0.57911
42200124,2022-23,2023-04-22,BKN,PHI,0,0.505856
42200153,2022-23,2023-04-22,LAL,MEM,1,0.645319
42200174,2022-23,2023-04-22,LAC,PHX,0,0.527858
42200114,2022-23,2023-04-23,ATL,BOS,0,0.529862
42200144,2022-23,2023-04-23,MIN,DEN,1,0.557113
42200164,2022-23,2023-04-23,GSW,SAC,1,0.646984
42200104,2022-23,2023-04-24,MIA,MIL,1,0.61398
42200154,2022-23,2023-04-24,LAL,MEM,1,0.60903
42200115,2022-23,2023-04-25,BOS,ATL,0,0.735192
42200145,2022-23,2023-04-25,DEN,MIN,1,0.76067
42200175,2022-23,2023-04-25,PHX,LAC,1,0.737481
42200105,2022-23,2023-04-26,MIL,MIA,0,0.711904
42200135,2022-23,2023-04-26,CLE,NYK,0,0.596521
42200155,2022-23,2023-04-26,MEM,LAL,1,0.650186
42200116,2022-23,2023-04-27,ATL,BOS,0,0.476989
42200156,2022-23,2023-04-28,LAL,MEM,1,0.587472
42200166,2022-23,2023-04-28,GSW,SAC,0,0.660128
42200221,2022-23,2023-04-29,DEN,PHX,1,0.696108
42200167,2022-23,2023-04-30,SAC,GSW,0,0.619142
42200201,2022-23,2023-04-30,NYK,MIA,0,0.73007
42200211,2022-23,2023-05-01,BOS,PHI,0,0.722187
42200222,2022-23,2023-05-01,DEN,PHX,1,0.695267
42200202,2022-23,2023-05-02,NYK,MIA,1,0.671006
42200231,2022-23,2023-05-02,GSW,LAL,0,0.642383
42200212,2022-23,2023-05-03,BOS,PHI,1,0.741123
42200232,2022-23,2023-05-04,GSW,LAL,1,0.597021
42200213,2022-23,2023-05-05,PHI,BOS,0,0.552991
42200223,2022-23,2023-05-05,PHX,DEN,1,0.627115
42200203,2022-23,2023-05-06,MIA,NYK,1,0.45574
42200233,2022-23,2023-05-06,LAL,GSW,1,0.602744
42200214,2022-23,2023-05-07,PHI,BOS,1,0.518634
42200224,2022-23,2023-05-07,PHX,DEN,1,0.605044
42200204,2022-23,2023-05-08,MIA,NYK,1,0.57372
42200234,2022-23,2023-05-08,LAL,GSW,1,0.638652
42200215,2022-23,2023-05-09,BOS,PHI,0,0.723612
42200225,2022-23,2023-05-09,DEN,PHX,1,0.724999
42200205,2022-23,2023-05-10,NYK,MIA,1,0.64988
42200235,2022-23,2023-05-10,GSW,LAL,1,0.61494
42200216,2022-23,2023-05-11,PHI,BOS,0,0.553357
42200226,2022-23,2023-05-11,PHX,DEN,0,0.590634
42200206,2022-23,2023-05-12,MIA,NYK,1,0.597555
42200236,2022-23,2023-05-12,LAL,GSW,1,0.613682
42200217,2022-23,2023-05-14,BOS,PHI,1,0.694359
42200311,2022-23,2023-05-16,DEN,LAL,1,0.707204
42200301,2022-23,2023-05-17,BOS,MIA,0,0.755552
42200312,2022-23,2023-05-18,DEN,LAL,1,0.70078
42200302,2022-23,2023-05-19,BOS,MIA,0,0.698328
42200313,2022-23,2023-05-20,LAL,DEN,0,0.633505
42200303,2022-23,2023-05-21,MIA,BOS,1,0.553697
42200314,2022-23,2023-05-22,LAL,DEN,0,0.612784
42200304,2022-23,2023-05-23,MIA,BOS,0,0.582717
42200305,2022-23,2023-05-25,BOS,MIA,1,0.688572
42200306,2022-23,2023-05-27,MIA,BOS,0,0.550344
42200307,2022-23,2023-05-29,BOS,MIA,0,0.702399
42200401,2022-23,2023-06-01,DEN,MIA,1,0.73645
42200402,2022-23,2023-06-04,DEN,MIA,0,0.713173
42200403,2022-23,2023-06-07,MIA,DEN,0,0.620194
42200404,2022-23,2023-06-09,MIA,DEN,0,0.578555
42200405,2022-23,2023-06-12,DEN,MIA,1,0.746507
22300061,2023-24,2023-10-24,DEN,LAL,1,0.62987
22300062,2023-24,2023-10-24,GSW,PHX,0,0.553332
22300063,2023-24,2023-10-25,CHA,ATL,1,0.467395
22300064,2023-24,2023-10-25,IND,WAS,1,0.495845
22300065,2023-24,2023-10-25,NYK,BOS,0,0.483586
22300066,2023-24,2023-10-25,ORL,HOU,1,0.560633
22300067,2023-24,2023-10-25,BKN,CLE,0,0.503766
22300068,2023-24,2023-10-25,MIA,DET,1,0.683737
22300069,2023-24,2023-10-25,TOR,MIN,1,0.59114
22300070,2023-24,2023-10-25,CHI,OKC,0,0.565144
22300071,2023-24,2023-10-25,MEM,NOP,0,0.58658
22300073,2023-24,2023-10-25,SAS,DAL,0,0.490568
22300074,2023-24,2023-10-25,LAC,POR,1,0.663775
22300075,2023-24,2023-10-26,MIL,PHI,1,0.535575
22300076,2023-24,2023-10-26,LAL,PHX,1,0.497856
22300077,2023-24,2023-10-27,CHA,DET,0,0.603117
22300078,2023-24,2023-10-27,MEM,DEN,0,0.485982
22300079,2023-24,2023-10-27,ATL,NYK,0,0.529351
22300080,2023-24,2023-10-27,BOS,MIA,1,0.650714
22300081,2023-24,2023-10-27,CLE,OKC,0,0.519028
22300082,2023-24,2023-10-27,CHI,TOR,1,0.449049
22300083,2023-24,2023-10-27,SAS,HOU,1,0.583031
22300084,2023-24,2023-10-27,DAL,BKN,1,0.546522
22300085,2023-24,2023-10-27,UTA,LAC,1,0.493384
22300086,2023-24,2023-10-27,POR,ORL,0,0.41471
22300087,2023-24,2023-10-27,SAC,GSW,0,0.552839
22300088,2023-24,2023-10-28,DET,CHI,1,0.530935
22300089,2023-24,2023-10-28,WAS,MEM,1,0.493084
22300090,2023-24,2023-10-28,NOP,NYK,1,0.618807
22300091,2023-24,2023-10-28,CLE,IND,0,0.483626
22300092,2023-24,2023-10-28,TOR,PHI,0,0.443489
22300093,2023-24,2023-10-28,MIN,MIA,1,0.655682
22300094,2023-24,2023-10-28,PHX,UTA,1,0.657183
22300095,2023-24,2023-10-29,OKC,DEN,0,0.446847
22300096,2023-24,2023-10-29,HOU,GSW,0,0.363425
22300097,2023-24,2023-10-29,MIL,ATL,0,0.630572
22300098,2023-24,2023-10-29,PHI,POR,1,0.715989
22300099,2023-24,2023-10-29,LAC,SAS,1,0.644988
22300100,2023-24,2023-10-29,SAC,LAL,1,0.558373
22300101,2023-24,2023-10-30,CHA,BKN,0,0.561145
22300102,2023-24,2023-10-30,IND,CHI,0,0.657168
22300103,2023-24,2023-10-30,WAS,BOS,0,0.338305
22300104,2023-24,2023-10-30,ATL,MIN,1,0.471942
22300105,2023-24,2023-10-30,TOR,POR,0,0.776517
22300107,2023-24,2023-10-30,MIL,MIA,1,0.582863
22300108,2023-24,2023-10-30,NOP,GSW,0,0.579644
22300109,2023-24,2023-10-30,OKC,DET,1,0.460194
22300110,2023-24,2023-10-30,DEN,UTA,1,0.751756
22300111,2023-24,2023-10-30,LAL,ORL,1,0.536178
22300112,2023-24,2023-10-31,CLE,NYK,0,0.43173
22300113,2023-24,2023-10-31,PHX,SAS,0,0.671022
22300114,2023-24,2023-10-31,LAC,ORL,1,0.685194
22300115,2023-24,2023-11-01,DET,POR,0,0.622028
22300116,2023-24,2023-11-01,TOR,MIL,1,0.432544
22300117,2023-24,2023-11-01,ATL,WAS,1,0.740254
22300118,2023-24,2023-11-01,BOS,IND,1,0.719236
22300119,2023-24,2023-11-01,MIA,BKN,0,0.465872
22300120,2023-24,2023-11-01,NYK,CLE,0,0.701649
22300121,2023-24,2023-11-01,OKC,NOP,0,0.593306
22300122,2023-24,2023-11-01,HOU,CHA,1,0.487836
22300123,2023-24,2023-11-01,MIN,DEN,1,0.393584
22300124,2023-24,2023-11-01,DAL,CHI,1,0.621018
22300126,2023-24,2023-11-01,GSW,SAC,1,0.533574
22300127,2023-24,2023-11-01,LAL,LAC,1,0.648901
22300128,2023-24,2023-11-02,PHI,TOR,1,0.730639
22300129,2023-24,2023-11-02,NOP,DET,1,0.634579
22300130,2023-24,2023-11-02,UTA,ORL,0,0.459377
22300001,2023-24,2023-11-03,IND,CLE,1,0.508393
22300002,2023-24,2023-11-03,MIL,NYK,1,0.464721
22300003,2023-24,2023-11-03,MIA,WAS,1,0.62805
22300004,2023-24,2023-11-03,CHI,BKN,0,0.545049
22300005,2023-24,2023-11-03,OKC,GSW,0,0.425949
22300006,2023-24,2023-11-03,DEN,DAL,1,0.678185
22300007,2023-24,2023-11-03,POR,MEM,1,0.468493
22300132,2023-24,2023-11-04,PHI,PHX,1,0.711338
22300133,2023-24,2023-11-04,IND,CHA,0,0.508232
22300134,2023-24,2023-11-04,ORL,LAL,1,0.433055
22300135,2023-24,2023-11-04,NOP,ATL,0,0.318752
22300136,2023-24,2023-11-04,BKN,BOS,0,0.234245
22300137,2023-24,2023-11-04,HOU,SAC,1,0.418337
22300138,2023-24,2023-11-04,MIN,UTA,1,0.701322
22300139,2023-24,2023-11-04,DEN,CHI,1,0.800834
22300140,2023-24,2023-11-05,DET,PHX,0,0.605139
22300141,2023-24,2023-11-05,SAS,TOR,0,0.51548
22300142,2023-24,2023-11-05,CLE,GSW,1,0.399916
22300143,2023-24,2023-11-05,DAL,CHA,1,0.746896
22300144,2023-24,2023-11-05,POR,MEM,0,0.540869
22300145,2023-24,2023-11-06,DET,GSW,0,0.355395
22300146,2023-24,2023-11-06,IND,SAS,1,0.638504
22300147,2023-24,2023-11-06,ORL,DAL,0,0.625515
22300148,2023-24,2023-11-06,PHI,WAS,1,0.796052
22300149,2023-24,2023-11-06,BKN,MIL,0,0.508739
22300150,2023-24,2023-11-06,MIA,LAL,1,0.467924
22300151,2023-24,2023-11-06,NYK,LAC,1,0.568121
22300152,2023-24,2023-11-06,CHI,UTA,1,0.577358
22300153,2023-24,2023-11-06,HOU,SAC,1,0.514442
22300154,2023-24,2023-11-06,MIN,BOS,1,0.443492
22300155,2023-24,2023-11-06,OKC,ATL,1,0.324037
22300156,2023-24,2023-11-06,DEN,NOP,1,0.791979
22300157,2023-24,2023-11-08,CHA,WAS,0,0.604715
22300158,2023-24,2023-11-08,IND,UTA,1,0.65876
22300159,2023-24,2023-11-08,PHI,BOS,1,0.535942
22300160,2023-24,2023-11-08,BKN,LAC,1,0.446029
22300161,2023-24,2023-11-08,NYK,SAS,1,0.762957
22300162,2023-24,2023-11-08,CHI,PHX,0,0.531481
22300163,2023-24,2023-11-08,HOU,LAL,1,0.51962
22300164,2023-24,2023-11-08,MEM,MIA,0,0.532271
22300165,2023-24,2023-11-08,MIL,DET,1,0.74223
22300166,2023-24,2023-11-08,MIN,NOP,1,0.754786
22300167,2023-24,2023-11-08,OKC,CLE,1,0.550884
22300168,2023-24,2023-11-08,DAL,TOR,0,0.588436
22300169,2023-24,2023-11-08,DEN,GSW,1,0.658412
22300170,2023-24,2023-11-08,SAC,POR,1,0.589785
22300171,2023-24,2023-11-09,IND,MIL,1,0.595429
22300172,2023-24,2023-11-09,ORL,ATL,0,0.322856
22300008,2023-24,2023-11-10,DET,PHI,0,0.219033
22300009,2023-24,2023-11-10,WAS,CHA,0,0.580337
22300010,2023-24,2023-11-10,BOS,BKN,1,0.801717
22300011,2023-24,2023-11-10,HOU,NOP,1,0.754782
22300012,2023-24,2023-11-10,MEM,UTA,0,0.682959
22300013,2023-24,2023-11-10,SAS,MIN,0,0.318145
22300014,2023-24,2023-11-10,DAL,LAC,1,0.578206
22300015,2023-24,2023-11-10,PHX,LAL,0,0.60557
22300016,2023-24,2023-11-10,SAC,OKC,1,0.498794
22300173,2023-24,2023-11-11,ORL,MIL,1,0.597023
22300174,2023-24,2023-11-11,BOS,TOR,1,0.64652
22300175,2023-24,2023-11-11,ATL,MIA,0,0.689569
22300176,2023-24,2023-11-11,GSW,CLE,0,0.617629
22300177,2023-24,2023-11-12,NYK,CHA,1,0.751855
22300178,2023-24,2023-11-12,BKN,WAS,1,0.603032
22300179,2023-24,2023-11-12,LAC,MEM,0,0.613892
22300180,2023-24,2023-11-12,PHI,IND,1,0.73513
22300181,2023-24,2023-11-12,CHI,DET,1,0.675297
22300182,2023-24,2023-11-12,HOU,DEN,1,0.456822
22300183,2023-24,2023-11-12,NOP,DAL,0,0.374395
22300184,2023-24,2023-11-12,SAS,MIA,0,0.617657
22300185,2023-24,2023-11-12,PHX,OKC,0,0.52503
22300186,2023-24,2023-11-12,GSW,MIN,0,0.474507
22300187,2023-24,2023-11-12,LAL,POR,1,0.682458
22300188,2023-24,2023-11-13,BOS,NYK,1,0.734154
22300189,2023-24,2023-11-13,TOR,WAS,1,0.800999
22300190,2023-24,2023-11-13,MIL,CHI,1,0.582405
22300191,2023-24,2023-11-13,SAC,CLE,1,0.446666
22300017,2023-24,2023-11-14,CHA,MIA,0,0.444677
22300018,2023-24,2023-11-14,DET,ATL,0,0.323512
22300019,2023-24,2023-11-14,PHI,IND,0,0.723613
22300020,2023-24,2023-11-14,BKN,ORL,1,0.562417
22300021,2023-24,2023-11-14,OKC,SAS,1,0.70834
22300022,2023-24,2023-11-14,NOP,DAL,1,0.331156
22300023,2023-24,2023-11-14,UTA,POR,1,0.587608
22300024,2023-24,2023-11-14,DEN,LAC,1,0.775399
22300025,2023-24,2023-11-14,GSW,MIN,0,0.51396
22300026,2023-24,2023-11-14,LAL,MEM,1,0.570201
22300192,2023-24,2023-11-15,WAS,DAL,0,0.494185
22300193,2023-24,2023-11-15,ATL,NYK,0,0.426458
22300194,2023-24,2023-11-15,PHI,BOS,0,0.379366
22300195,2023-24,2023-11-15,TOR,MIL,0,0.591825
22300196,2023-24,2023-11-15,CHI,ORL,0,0.666488
22300197,2023-24,2023-11-15,PHX,MIN,1,0.477235
22300198,2023-24,2023-11-15,LAL,SAC,0,0.50148
22300199,2023-24,2023-11-15,POR,CLE,0,0.291754
22300200,2023-24,2023-11-16,MIA,BKN,1,0.59427
22300201,2023-24,2023-11-16,GSW,OKC,0,0.536395
22300027,2023-24,2023-11-17,CHA,MIL,0,0.461454
22300028,2023-24,2023-11-17,WAS,NYK,0,0.301216
22300029,2023-24,2023-11-17,ATL,PHI,0,0.540596
22300030,2023-24,2023-11-17,CLE,DET,1,0.735684
22300031,2023-24,2023-11-17,TOR,BOS,0,0.353839
22300032,2023-24,2023-11-17,SAS,SAC,0,0.31776
22300033,2023-24,2023-11-17,CHI,ORL,0,0.490273
22300034,2023-24,2023-11-17,NOP,DEN,1,0.347629
22300035,2023-24,2023-11-17,UTA,PHX,0,0.529235
22300036,2023-24,2023-11-17,POR,LAL,0,0.36098
22300037,2023-24,2023-11-17,LAC,HOU,1,0.481006
22300202,2023-24,2023-11-18,CHA,NYK,0,0.309293
22300203,2023-24,2023-11-18,NOP,MIN,0,0.291213
22300204,2023-24,2023-11-18,CHI,MIA,1,0.381568
22300205,2023-24,2023-11-18,MIL,DAL,1,0.520698
22300206,2023-24,2023-11-18,SAS,MEM,0,0.387389
22300207,2023-24,2023-11-18,GSW,OKC,0,0.477751
22300208,2023-24,2023-11-19,BKN,PHI,0,0.387219
22300209,2023-24,2023-11-19,IND,ORL,0,0.608987
22300210,2023-24,2023-11-19,CLE,DEN,1,0.443173
22300211,2023-24,2023-11-19,TOR,DET,1,0.717314
22300212,2023-24,2023-11-19,DAL,SAC,0,0.431552
22300213,2023-24,2023-11-19,MEM,BOS,0,0.18398
22300214,2023-24,2023-11-19,UTA,PHX,0,0.503322
22300215,2023-24,2023-11-19,POR,OKC,0,0.359246
22300216,2023-24,2023-11-19,LAL,HOU,1,0.508032
22300217,2023-24,2023-11-20,CHA,BOS,1,0.219323
22300218,2023-24,2023-11-20,DET,DEN,0,0.310777
22300219,2023-24,2023-11-20,WAS,MIL,0,0.335757
22300220,2023-24,2023-11-20,CHI,MIA,0,0.460708
22300221,2023-24,2023-11-20,MIN,NYK,1,0.504403
22300222,2023-24,2023-11-20,NOP,SAC,1,0.424555
22300223,2023-24,2023-11-20,SAS,LAC,0,0.401371
22300224,2023-24,2023-11-20,GSW,HOU,1,0.678026
22300038,2023-24,2023-11-21,ORL,TOR,1,0.491684
22300039,2023-24,2023-11-21,ATL,IND,0,0.618248
22300040,2023-24,2023-11-21,PHI,CLE,0,0.690922
22300041,2023-24,2023-11-21,PHX,POR,1,0.725513
22300042,2023-24,2023-11-21,LAL,UTA,1,0.699544
22300225,2023-24,2023-11-22,CHA,WAS,1,0.547437
22300226,2023-24,2023-11-22,ORL,DEN,1,0.433297
22300227,2023-24,2023-11-22,ATL,BKN,1,0.597509
22300228,2023-24,2023-11-22,BOS,MIL,1,0.689114
22300229,2023-24,2023-11-22,CLE,MIA,0,0.457184
22300230,2023-24,2023-11-22,IND,TOR,0,0.5967
22300231,2023-24,2023-11-22,HOU,MEM,1,0.605044
22300232,2023-24,2023-11-22,MIN,PHI,1,0.643995
22300233,2023-24,2023-11-22,NOP,SAC,1,0.440926
22300234,2023-24,2023-11-22,OKC,CHI,1,0.697518
22300235,2023-24,2023-11-22,SAS,LAC,0,0.324566
22300236,2023-24,2023-11-22,PHX,GSW,1,0.431175
22300237,2023-24,2023-11-22,POR,UTA,1,0.522741
22300238,2023-24,2023-11-22,LAL,DAL,0,0.52092
22300043,2023-24,2023-11-24,ORL,BOS,1,0.388382
22300044,2023-24,2023-11-24,MEM,PHX,0,0.505302
22300045,2023-24,2023-11-24,NYK,MIA,1,0.646334
22300046,2023-24,2023-11-24,TOR,CHI,1,0.667784
22300047,2023-24,2023-11-24,IND,DET,1,0.710373
22300048,2023-24,2023-11-24,HOU,DEN,1,0.543052
22300049,2023-24,2023-11-24,MIL,WAS,1,0.793721
22300050,2023-24,2023-11-24,MIN,SAC,0,0.682608
22300051,2023-24,2023-11-24,GSW,SAS,1,0.758507
22300052,2023-24,2023-11-24,LAC,NOP,0,0.593234
22300239,2023-24,2023-11-25,OKC,PHI,0,0.619939
22300240,2023-24,2023-11-25,BKN,MIA,1,0.541339
22300241,2023-24,2023-11-25,WAS,ATL,0,0.240362
22300242,2023-24,2023-11-25,CLE,LAL,0,0.524981
22300243,2023-24,2023-11-25,UTA,NOP,1,0.553859
22300244,2023-24,2023-11-25,LAC,DAL,1,0.405539
22300245,2023-24,2023-11-26,MIL,POR,1,0.834269
22300246,2023-24,2023-11-26,BOS,ATL,1,0.730465
22300247,2023-24,2023-11-26,NYK,PHX,0,0.748544
22300248,2023-24,2023-11-26,ORL,CHA,1,0.785402
22300249,2023-24,2023-11-26,MEM,MIN,0,0.349282
22300250,2023-24,2023-11-26,BKN,CHI,1,0.546892
22300251,2023-24,2023-11-26,CLE,TOR,1,0.485865
22300252,2023-24,2023-11-26,DEN,SAS,1,0.792713
22300253,2023-24,2023-11-27,DET,WAS,0,0.628485
22300254,2023-24,2023-11-27,IND,POR,0,0.811344
22300255,2023-24,2023-11-27,PHI,LAL,1,0.639251
22300256,2023-24,2023-11-27,UTA,NOP,1,0.488059
22300257,2023-24,2023-11-27,LAC,DEN,0,0.617555
22300053,2023-24,2023-11-28,BOS,CHI,1,0.765752
22300054,2023-24,2023-11-28,BKN,TOR,1,0.45321
22300055,2023-24,2023-11-28,CLE,ATL,1,0.521079
22300056,2023-24,2023-11-28,MIA,MIL,0,0.447999
22300057,2023-24,2023-11-28,NYK,CHA,1,0.796605
22300058,2023-24,2023-11-28,MIN,OKC,1,0.577711
22300059,2023-24,2023-11-28,DAL,HOU,1,0.479602
22300060,2023-24,2023-11-28,SAC,GSW,1,0.573122
22300258,2023-24,2023-11-29,DET,LAL,0,0.306207
22300259,2023-24,2023-11-29,ORL,WAS,1,0.809913
22300260,2023-24,2023-11-29,TOR,PHX,1,0.537728
22300261,2023-24,2023-11-29,MEM,UTA,1,0.623639
22300262,2023-24,2023-11-29,NOP,PHI,1,0.353267
22300263,2023-24,2023-11-29,DEN,HOU,1,0.614361
22300264,2023-24,2023-11-29,SAC,LAC,0,0.557947
22300265,2023-24,2023-11-30,CLE,POR,0,0.767912
22300266,2023-24,2023-11-30,BKN,CHA,0,0.748926
22300267,2023-24,2023-11-30,MIA,IND,1,0.573363
22300268,2023-24,2023-11-30,NYK,DET,1,0.903341
22300269,2023-24,2023-11-30,CHI,MIL,1,0.368018
22300270,2023-24,2023-11-30,MIN,UTA,1,0.899276
22300271,2023-24,2023-11-30,OKC,LAL,1,0.714123
22300272,2023-24,2023-11-30,SAS,ATL,0,0.3837
22300273,2023-24,2023-11-30,GSW,LAC,1,0.65544
22300274,2023-24,2023-12-01,ORL,WAS,1,0.809819
22300275,2023-24,2023-12-01,BOS,PHI,1,0.673075
22300276,2023-24,2023-12-01,TOR,NYK,0,0.575327
22300277,2023-24,2023-12-01,DAL,MEM,0,0.676308
22300278,2023-24,2023-12-01,NOP,SAS,1,0.806522
22300279,2023-24,2023-12-01,PHX,DEN,0,0.514508
22300280,2023-24,2023-12-02,LAC,GSW,1,0.591158
22300281,2023-24,2023-12-02,CHA,MIN,0,0.259934
22300282,2023-24,2023-12-02,BKN,ORL,1,0.576916
22300283,2023-24,2023-12-02,DET,CLE,0,0.274323
22300284,2023-24,2023-12-02,MIA,IND,0,0.648494
22300285,2023-24,2023-12-02,CHI,NOP,1,0.481467
22300286,2023-24,2023-12-02,MIL,ATL,1,0.61076
22300287,2023-24,2023-12-02,DAL,OKC,0,0.281026
22300288,2023-24,2023-12-02,PHX,MEM,1,0.61634
22300289,2023-24,2023-12-02,UTA,POR,1,0.552756
22300290,2023-24,2023-12-02,SAC,DEN,1,0.652393
22300291,2023-24,2023-12-02,LAL,HOU,1,0.545246
22301202,2023-24,2023-12-04,IND,BOS,1,0.306005
22301204,2023-24,2023-12-04,SAC,NOP,0,0.639387
22301201,2023-24,2023-12-05,MIL,NYK,1,0.538382
22301203,2023-24,2023-12-05,LAL,PHX,1,0.55906
22301205,2023-24,2023-12-06,CLE,ORL,1,0.550671
22301206,2023-24,2023-12-06,DET,MEM,0,0.426519
22301207,2023-24,2023-12-06,TOR,MIA,0,0.584908
22301208,2023-24,2023-12-06,WAS,PHI,0,0.346447
22301209,2023-24,2023-12-06,ATL,BKN,0,0.540733
22301210,2023-24,2023-12-06,MIN,SAS,1,0.808995
22301212,2023-24,2023-12-06,HOU,OKC,1,0.460311
22301213,2023-24,2023-12-06,DAL,UTA,1,0.695161
22301214,2023-24,2023-12-06,GSW,POR,1,0.698914
22301215,2023-24,2023-12-06,LAC,DEN,1,0.537776
22301229,2023-24,2023-12-07,MIL,IND,0,0.601463
22301230,2023-24,2023-12-07,LAL,NOP,1,0.512603
22301216,2023-24,2023-12-08,CHA,TOR,1,0.318718
22301217,2023-24,2023-12-08,ORL,DET,1,0.830453
22301218,2023-24,2023-12-08,PHI,ATL,1,0.693869
22301219,2023-24,2023-12-08,BKN,WAS,1,0.746386
22301220,2023-24,2023-12-08,MIA,CLE,0,0.553254
22301221,2023-24,2023-12-08,MEM,MIN,0,0.411693
22301222,2023-24,2023-12-08,OKC,GSW,1,0.672818
22301223,2023-24,2023-12-08,SAS,CHI,0,0.510982
22301224,2023-24,2023-12-08,DEN,HOU,0,0.675283
22301225,2023-24,2023-12-08,UTA,LAC,0,0.344738
22301226,2023-24,2023-12-08,POR,DAL,0,0.342261
22301227,2023-24,2023-12-08,BOS,NYK,1,0.626773
22301228,2023-24,2023-12-08,PHX,SAC,0,0.579743
22300292,2023-24,2023-12-11,CHA,MIA,0,0.333923
22300293,2023-24,2023-12-11,DET,IND,0,0.269245
22300294,2023-24,2023-12-11,ORL,CLE,1,0.603815
22300295,2023-24,2023-12-11,PHI,WAS,1,0.840199
22300296,2023-24,2023-12-11,ATL,DEN,0,0.432194
22300297,2023-24,2023-12-11,NYK,TOR,1,0.644861
22300298,2023-24,2023-12-11,HOU,SAS,1,0.764242
22300299,2023-24,2023-12-11,MEM,DAL,0,0.482176
22300300,2023-24,2023-12-11,MIL,CHI,1,0.735101
22300301,2023-24,2023-12-11,NOP,MIN,1,0.435446
22300302,2023-24,2023-12-11,OKC,UTA,1,0.843652
22300303,2023-24,2023-12-11,SAC,BKN,1,0.579904
22300304,2023-24,2023-12-11,LAC,POR,1,0.816638
22300305,2023-24,2023-12-12,BOS,CLE,1,0.819057
22300306,2023-24,2023-12-12,DAL,LAL,1,0.406218
22300307,2023-24,2023-12-12,CHI,DEN,0,0.381973
22300308,2023-24,2023-12-12,PHX,GSW,1,0.532778
22300309,2023-24,2023-12-12,LAC,SAC,1,0.592007
22300310,2023-24,2023-12-13,DET,PHI,0,0.170934
22300311,2023-24,2023-12-13,WAS,NOP,0,0.298652
22300312,2023-24,2023-12-13,MIA,CHA,1,0.781004
22300313,2023-24,2023-12-13,TOR,ATL,1,0.580811
22300314,2023-24,2023-12-13,HOU,MEM,1,0.671994
22300315,2023-24,2023-12-13,MIL,IND,1,0.602125
22300316,2023-24,2023-12-13,SAS,LAL,0,0.394155
22300317,2023-24,2023-12-13,PHX,BKN,0,0.413382
22300318,2023-24,2023-12-13,UTA,NYK,1,0.338934
22300319,2023-24,2023-12-14,BOS,CLE,1,0.747077
22300320,2023-24,2023-12-14,MIA,CHI,0,0.614753
22300321,2023-24,2023-12-14,DAL,MIN,0,0.470264
22300322,2023-24,2023-12-14,DEN,BKN,1,0.715335
22300323,2023-24,2023-12-14,POR,UTA,0,0.58336
22300324,2023-24,2023-12-14,SAC,OKC,1,0.47119
22300325,2023-24,2023-12-14,LAC,GSW,1,0.619047
22300326,2023-24,2023-12-15,CHA,NOP,0,0.304914
22300327,2023-24,2023-12-15,PHI,DET,1,0.897407
22300328,2023-24,2023-12-15,WAS,IND,1,0.335315
22300329,2023-24,2023-12-15,BOS,ORL,1,0.623569
22300330,2023-24,2023-12-15,TOR,ATL,0,0.582066
22300331,2023-24,2023-12-15,SAS,LAL,1,0.363174
22300332,2023-24,2023-12-15,MEM,HOU,0,0.378897
22300333,2023-24,2023-12-15,PHX,NYK,0,0.501378
22300334,2023-24,2023-12-16,MIL,DET,1,0.91507
22300335,2023-24,2023-12-16,CHA,PHI,0,0.194522
22300336,2023-24,2023-12-16,CLE,ATL,1,0.636666
22300337,2023-24,2023-12-16,MIA,CHI,1,0.62962
22300338,2023-24,2023-12-16,MIN,IND,1,0.779541
22300339,2023-24,2023-12-16,GSW,BKN,1,0.551172
22300340,2023-24,2023-12-16,DEN,OKC,0,0.610061
22300341,2023-24,2023-12-16,POR,DAL,0,0.388176
22300342,2023-24,2023-12-16,SAC,UTA,1,0.783328
22300343,2023-24,2023-12-16,LAC,NYK,1,0.616638
22300344,2023-24,2023-12-17,BOS,ORL,1,0.632603
22300345,2023-24,2023-12-17,SAS,NOP,0,0.352203
22300346,2023-24,2023-12-17,MIL,HOU,1,0.512418
22300347,2023-24,2023-12-17,PHX,WAS,1,0.73052
22300348,2023-24,2023-12-17,POR,GSW,0,0.408887
22300349,2023-24,2023-12-18,CLE,HOU,1,0.622042
22300350,2023-24,2023-12-18,IND,LAC,0,0.372127
22300351,2023-24,2023-12-18,PHI,CHI,0,0.798724
22300352,2023-24,2023-12-18,ATL,DET,1,0.794663
22300353,2023-24,2023-12-18,MIA,MIN,0,0.410257
22300354,2023-24,2023-12-18,TOR,CHA,1,0.808245
22300355,2023-24,2023-12-18,OKC,MEM,1,0.743055
22300356,2023-24,2023-12-18,DEN,DAL,1,0.731874
22300357,2023-24,2023-12-18,UTA,BKN,1,0.404651
22300358,2023-24,2023-12-18,SAC,WAS,1,0.816707
22300359,2023-24,2023-12-18,LAL,NYK,0,0.466156
22300360,2023-24,2023-12-19,NOP,MEM,0,0.794083
22300361,2023-24,2023-12-19,MIL,SAS,1,0.805028
22300362,2023-24,2023-12-19,GSW,BOS,1,0.348744
22300363,2023-24,2023-12-19,POR,PHX,1,0.367225
22300364,2023-24,2023-12-20,CLE,UTA,1,0.704184
22300365,2023-24,2023-12-20,IND,CHA,1,0.741714
22300366,2023-24,2023-12-20,ORL,MIA,0,0.596267
22300367,2023-24,2023-12-20,PHI,MIN,1,0.599254
22300368,2023-24,2023-12-20,BKN,NYK,0,0.502954
22300369,2023-24,2023-12-20,TOR,DEN,0,0.442923
22300370,2023-24,2023-12-20,CHI,LAL,1,0.444698
22300371,2023-24,2023-12-20,HOU,ATL,0,0.599073
22300372,2023-24,2023-12-20,DAL,LAC,0,0.393452
22300373,2023-24,2023-12-20,SAC,BOS,0,0.538333
22300374,2023-24,2023-12-21,DET,UTA,0,0.520884
22300375,2023-24,2023-12-21,CLE,NOP,0,0.374586
22300376,2023-24,2023-12-21,CHI,SAS,1,0.638355
22300377,2023-24,2023-12-21,MEM,IND,1,0.59654
22300378,2023-24,2023-12-21,MIL,ORL,1,0.688845
22300379,2023-24,2023-12-21,OKC,LAC,1,0.692452
22300380,2023-24,2023-12-21,MIN,LAL,1,0.629887
22300381,2023-24,2023-12-21,POR,WAS,0,0.544333
22300382,2023-24,2023-12-22,PHI,TOR,1,0.736097
22300383,2023-24,2023-12-22,BKN,DEN,0,0.390258
22300384,2023-24,2023-12-22,MIA,ATL,1,0.471613
22300385,2023-24,2023-12-22,HOU,DAL,1,0.610317
22300386,2023-24,2023-12-22,GSW,WAS,1,0.816635
22300387,2023-24,2023-12-22,SAC,PHX,1,0.629302
22300388,2023-24,2023-12-23,NYK,MIL,0,0.542672
22300389,2023-24,2023-12-23,LAC,BOS,0,0.406574
22300390,2023-24,2023-12-23,CHA,DEN,0,0.284869
22300391,2023-24,2023-12-23,IND,ORL,0,0.47768
22300392,2023-24,2023-12-23,NOP,HOU,0,0.642775
22300393,2023-24,2023-12-23,ATL,MEM,0,0.583134
22300394,2023-24,2023-12-23,BKN,DET,1,0.731284
22300395,2023-24,2023-12-23,TOR,UTA,0,0.682067
22300396,2023-24,2023-12-23,CHI,CLE,0,0.623017
22300397,2023-24,2023-12-23,OKC,LAL,0,0.7342
22300398,2023-24,2023-12-23,DAL,SAS,1,0.496792
22300399,2023-24,2023-12-23,GSW,POR,1,0.705938
22300400,2023-24,2023-12-23,SAC,MIN,0,0.440155
22300401,2023-24,2023-12-25,NYK,MIL,1,0.499294
22300402,2023-24,2023-12-25,DEN,GSW,1,0.711646
22300403,2023-24,2023-12-25,LAL,BOS,0,0.33927
22300404,2023-24,2023-12-25,MIA,PHI,1,0.329595
22300405,2023-24,2023-12-25,PHX,DAL,0,0.573347
22300406,2023-24,2023-12-26,DET,BKN,0,0.281558
22300407,2023-24,2023-12-26,WAS,ORL,0,0.273321
22300408,2023-24,2023-12-26,CHI,ATL,1,0.50893
22300409,2023-24,2023-12-26,HOU,IND,0,0.649555
22300410,2023-24,2023-12-26,NOP,MEM,0,0.67278
22300411,2023-24,2023-12-26,OKC,MIN,1,0.595332
22300412,2023-24,2023-12-26,SAS,UTA,0,0.457983
22300413,2023-24,2023-12-26,POR,SAC,1,0.317935
22300414,2023-24,2023-12-26,LAC,CHA,1,0.812784
22300415,2023-24,2023-12-27,ORL,PHI,0,0.465412
22300416,2023-24,2023-12-27,WAS,TOR,0,0.329332
22300417,2023-24,2023-12-27,BKN,MIL,0,0.341759
22300418,2023-24,2023-12-27,HOU,PHX,0,0.616088
22300419,2023-24,2023-12-27,OKC,NYK,1,0.580674
22300420,2023-24,2023-12-27,DAL,CLE,0,0.56004
22300421,2023-24,2023-12-28,BOS,DET,1,0.923127
22300422,2023-24,2023-12-28,CHI,IND,0,0.541564
22300423,2023-24,2023-12-28,MIN,DAL,1,0.734825
22300424,2023-24,2023-12-28,NOP,UTA,1,0.689627
22300425,2023-24,2023-12-28,DEN,MEM,1,0.765717
22300426,2023-24,2023-12-28,GSW,MIA,0,0.591761
22300427,2023-24,2023-12-28,POR,SAS,0,0.561229
22300428,2023-24,2023-12-28,LAL,CHA,1,0.768261
22300429,2023-24,2023-12-29,ORL,NYK,1,0.536606
22300430,2023-24,2023-12-29,WAS,BKN,1,0.402835
22300431,2023-24,2023-12-29,ATL,SAC,0,0.558781
22300432,2023-24,2023-12-29,BOS,TOR,1,0.683836
22300433,2023-24,2023-12-29,CLE,MIL,0,0.390439
22300434,2023-24,2023-12-29,HOU,PHI,0,0.48066
22300435,2023-24,2023-12-29,DEN,OKC,0,0.504386
22300436,2023-24,2023-12-29,PHX,CHA,1,0.793843
22300437,2023-24,2023-12-29,POR,SAS,1,0.495863
22300438,2023-24,2023-12-29,LAC,MEM,1,0.783912
22300439,2023-24,2023-12-30,UTA,MIA,1,0.531518
22300440,2023-24,2023-12-30,DET,TOR,1,0.345105
22300441,2023-24,2023-12-30,IND,NYK,1,0.564097
22300442,2023-24,2023-12-30,CHI,PHI,1,0.489247
22300443,2023-24,2023-12-30,MIN,LAL,1,0.603185
22300444,2023-24,2023-12-30,GSW,DAL,0,0.651508
22300445,2023-24,2023-12-31,WAS,ATL,0,0.334079
22300446,2023-24,2023-12-31,NOP,LAL,1,0.631738
22300447,2023-24,2023-12-31,OKC,BKN,1,0.745601
22300448,2023-24,2023-12-31,SAS,BOS,0,0.188827
22300449,2023-24,2023-12-31,MEM,SAC,0,0.424943
22300450,2023-24,2023-12-31,PHX,ORL,1,0.519483
22300451,2023-24,2024-01-01,NYK,MIN,1,0.468606
22300452,2023-24,2024-01-01,TOR,CLE,1,0.505464
22300453,2023-24,2024-01-01,HOU,DET,1,0.798156
22300454,2023-24,2024-01-01,MIL,IND,0,0.661718
22300455,2023-24,2024-01-01,DEN,CHA,1,0.865391
22300456,2023-24,2024-01-01,PHX,POR,1,0.722816
22300457,2023-24,2024-01-01,UTA,DAL,1,0.514904
22300458,2023-24,2024-01-01,LAC,MIA,1,0.575353
22300459,2023-24,2024-01-02,PHI,CHI,1,0.681894
22300460,2023-24,2024-01-02,MEM,SAS,1,0.705598
22300461,2023-24,2024-01-02,NOP,BKN,1,0.624027
22300462,2023-24,2024-01-02,OKC,BOS,1,0.515961
22300463,2023-24,2024-01-02,GSW,ORL,1,0.47907
22300464,2023-24,2024-01-02,SAC,CHA,0,0.874467
22300465,2023-24,2024-01-03,CLE,WAS,1,0.744802
22300466,2023-24,2024-01-03,IND,MIL,1,0.455509
22300467,2023-24,2024-01-03,ATL,OKC,1,0.44782
22300468,2023-24,2024-01-03,NYK,CHI,1,0.725563
22300469,2023-24,2024-01-03,HOU,BKN,1,0.729199
22300470,2023-24,2024-01-03,MEM,TOR,0,0.414566
22300471,2023-24,2024-01-03,MIN,NOP,0,0.654153
22300472,2023-24,2024-01-03,DAL,POR,1,0.790654
22300473,2023-24,2024-01-03,PHX,LAC,0,0.383704
22300474,2023-24,2024-01-03,UTA,DET,1,0.794333
22300475,2023-24,2024-01-03,LAL,MIA,0,0.592681
22300476,2023-24,2024-01-03,SAC,ORL,1,0.557784
22300477,2023-24,2024-01-04,SAS,MIL,0,0.350328
22300478,2023-24,2024-01-04,GSW,DEN,0,0.412615
22300479,2023-24,2024-01-05,BOS,UTA,1,0.817511
22300480,2023-24,2024-01-05,IND,ATL,1,0.568309
22300481,2023-24,2024-01-05,BKN,OKC,1,0.344399
22300482,2023-24,2024-01-05,CLE,WAS,1,0.759545
22300483,2023-24,2024-01-05,PHI,NYK,0,0.648411
22300484,2023-24,2024-01-05,CHI,CHA,1,0.70676
22300485,2023-24,2024-01-05,HOU,MIN,0,0.513071
22300486,2023-24,2024-01-05,NOP,LAC,0,0.51111
22300487,2023-24,2024-01-05,DAL,POR,1,0.78669
22300488,2023-24,2024-01-05,DEN,ORL,0,0.683087
22300489,2023-24,2024-01-05,PHX,MIA,1,0.502689
22300490,2023-24,2024-01-05,GSW,DET,1,0.739849
22300491,2023-24,2024-01-05,LAL,MEM,0,0.657061
22300492,2023-24,2024-01-05,SAC,TOR,1,0.57082
22300493,2023-24,2024-01-06,IND,BOS,0,0.352634
22300494,2023-24,2024-01-06,WAS,NYK,0,0.283241
22300495,2023-24,2024-01-06,PHI,UTA,0,0.773745
22300496,2023-24,2024-01-06,HOU,MIL,1,0.405639
22300497,2023-24,2024-01-07,CLE,SAS,1,0.808756
22300498,2023-24,2024-01-07,BKN,POR,0,0.766258
22300499,2023-24,2024-01-07,ORL,ATL,1,0.509096
22300500,2023-24,2024-01-07,SAC,NOP,0,0.520233
22300501,2023-24,2024-01-07,DAL,MIN,1,0.390229
22300502,2023-24,2024-01-07,DEN,DET,1,0.898707
22300503,2023-24,2024-01-07,PHX,MEM,0,0.570622
22300504,2023-24,2024-01-07,GSW,TOR,0,0.508672
22300505,2023-24,2024-01-07,LAL,LAC,1,0.436765
22300506,2023-24,2024-01-08,CHA,CHI,0,0.387183
22300507,2023-24,2024-01-08,IND,BOS,1,0.294613
22300508,2023-24,2024-01-08,WAS,OKC,0,0.193854
22300509,2023-24,2024-01-08,MIA,HOU,1,0.496658
22300510,2023-24,2024-01-08,MIL,UTA,0,0.663255
22300511,2023-24,2024-01-08,LAC,PHX,1,0.672051
22300512,2023-24,2024-01-09,DET,SAC,0,0.298011
22300513,2023-24,2024-01-09,ORL,MIN,0,0.453784
22300514,2023-24,2024-01-09,NYK,POR,1,0.847374
22300515,2023-24,2024-01-09,DAL,MEM,0,0.663454
22300516,2023-24,2024-01-09,LAL,TOR,1,0.538828
22300517,2023-24,2024-01-10,BOS,MIN,1,0.722587
22300518,2023-24,2024-01-10,CHA,SAC,0,0.407821
22300519,2023-24,2024-01-10,DET,SAS,0,0.355207
22300520,2023-24,2024-01-10,IND,WAS,1,0.785342
22300521,2023-24,2024-01-10,ATL,PHI,1,0.50812
22300522,2023-24,2024-01-10,MIA,OKC,0,0.356697
22300523,2023-24,2024-01-10,CHI,HOU,1,0.540593
22300524,2023-24,2024-01-10,UTA,DEN,1,0.366618
22300525,2023-24,2024-01-10,GSW,NOP,0,0.450162
22300526,2023-24,2024-01-10,LAC,TOR,1,0.749452
22300528,2023-24,2024-01-11,MIL,BOS,1,0.426317
22300529,2023-24,2024-01-11,OKC,POR,1,0.842694
22300530,2023-24,2024-01-11,DAL,NYK,1,0.427737
22300531,2023-24,2024-01-11,LAL,PHX,0,0.560337
22300532,2023-24,2024-01-12,PHI,SAC,1,0.56172
22300533,2023-24,2024-01-12,ATL,IND,0,0.548175
22300534,2023-24,2024-01-12,DET,HOU,0,0.222226
22300535,2023-24,2024-01-12,MIA,ORL,1,0.528754
22300536,2023-24,2024-01-12,CHI,GSW,0,0.587804
22300537,2023-24,2024-01-12,MEM,LAC,0,0.321957
22300538,2023-24,2024-01-12,MIN,POR,1,0.888892
22300539,2023-24,2024-01-12,DEN,NOP,1,0.597638
22300540,2023-24,2024-01-12,UTA,TOR,1,0.648269
22300541,2023-24,2024-01-12,SAS,CHA,1,0.595121
22300542,2023-24,2024-01-13,BOS,HOU,1,0.814396
22300543,2023-24,2024-01-13,ATL,WAS,0,0.684973
22300544,2023-24,2024-01-13,MEM,NYK,0,0.282305
22300545,2023-24,2024-01-13,MIL,GSW,1,0.751624
22300546,2023-24,2024-01-13,OKC,ORL,1,0.794071
22300547,2023-24,2024-01-13,DAL,NOP,0,0.444922
22300548,2023-24,2024-01-13,SAS,CHI,0,0.481725
22300549,2023-24,2024-01-13,UTA,LAL,1,0.560314
22300550,2023-24,2024-01-14,DEN,IND,1,0.729871
22300551,2023-24,2024-01-14,MIA,CHA,1,0.720165
22300552,2023-24,2024-01-14,MIL,SAC,1,0.566712
22300553,2023-24,2024-01-14,MIN,LAC,1,0.506751
22300554,2023-24,2024-01-14,POR,PHX,0,0.244533
22300555,2023-24,2024-01-15,PHI,HOU,1,0.590997
22300556,2023-24,2024-01-15,DAL,NOP,1,0.46593
22300557,2023-24,2024-01-15,NYK,ORL,0,0.668478
22300558,2023-24,2024-01-15,WAS,DET,0,0.677162
22300559,2023-24,2024-01-15,ATL,SAS,1,0.691065
22300560,2023-24,2024-01-15,MEM,GSW,1,0.504247
22300561,2023-24,2024-01-15,CLE,CHI,1,0.626136
22300562,2023-24,2024-01-15,BKN,MIA,0,0.627883
22300563,2023-24,2024-01-15,TOR,BOS,0,0.287577
22300564,2023-24,2024-01-15,UTA,IND,1,0.722494
22300565,2023-24,2024-01-15,LAL,OKC,1,0.334594
22300566,2023-24,2024-01-16,PHI,DEN,1,0.487432
22300567,2023-24,2024-01-16,PHX,SAC,1,0.536716
22300568,2023-24,2024-01-16,LAC,OKC,1,0.596597
22300569,2023-24,2024-01-17,DET,MIN,0,0.174933
22300570,2023-24,2024-01-17,ATL,ORL,1,0.532013
22300571,2023-24,2024-01-17,BOS,SAS,1,0.866239
22300572,2023-24,2024-01-17,CLE,MIL,1,0.581769
22300573,2023-24,2024-01-17,NYK,HOU,1,0.640259
22300574,2023-24,2024-01-17,TOR,MIA,1,0.563961
22300575,2023-24,2024-01-17,NOP,CHA,1,0.843725
22300577,2023-24,2024-01-17,LAL,DAL,1,0.642235
22300578,2023-24,2024-01-17,POR,BKN,1,0.311327
22300579,2023-24,2024-01-18,NYK,WAS,1,0.780858
22300580,2023-24,2024-01-18,TOR,CHI,0,0.51553
22300581,2023-24,2024-01-18,UTA,OKC,0,0.528241
22300582,2023-24,2024-01-18,MIN,MEM,1,0.716156
22300583,2023-24,2024-01-18,SAC,IND,0,0.635317
22300584,2023-24,2024-01-19,CHA,SAS,1,0.474113
22300585,2023-24,2024-01-19,ORL,PHI,0,0.41119
22300586,2023-24,2024-01-19,BOS,DEN,0,0.612086
22300587,2023-24,2024-01-19,MIA,ATL,0,0.537309
22300588,2023-24,2024-01-19,NOP,PHX,0,0.654609
22300590,2023-24,2024-01-19,POR,IND,1,0.441938
22300591,2023-24,2024-01-19,LAL,BKN,0,0.633219
22300592,2023-24,2024-01-20,DET,MIL,0,0.295044
22300593,2023-24,2024-01-20,CHA,PHI,0,0.243958
22300594,2023-24,2024-01-20,WAS,SAS,0,0.614385
22300595,2023-24,2024-01-20,ATL,CLE,0,0.281396
22300596,2023-24,2024-01-20,NYK,TOR,1,0.656969
22300597,2023-24,2024-01-20,CHI,MEM,1,0.631012
22300598,2023-24,2024-01-20,HOU,UTA,1,0.464805
22300599,2023-24,2024-01-20,MIN,OKC,0,0.548737
22300600,2023-24,2024-01-21,LAC,BKN,1,0.699405
22300601,2023-24,2024-01-21,ORL,MIA,1,0.531889
22300602,2023-24,2024-01-21,WAS,DEN,0,0.176457
22300603,2023-24,2024-01-21,HOU,BOS,0,0.272608
22300604,2023-24,2024-01-21,PHX,IND,1,0.558533
22300605,2023-24,2024-01-21,LAL,POR,1,0.771701
22300606,2023-24,2024-01-22,DET,MIL,0,0.231132
22300607,2023-24,2024-01-22,ORL,CLE,0,0.366519
22300608,2023-24,2024-01-22,PHI,SAS,1,0.807228
22300609,2023-24,2024-01-22,TOR,MEM,0,0.668542
22300610,2023-24,2024-01-22,MIN,CHA,0,0.876338
22300611,2023-24,2024-01-22,DAL,BOS,0,0.451419
22300612,2023-24,2024-01-22,PHX,CHI,1,0.608942
22300613,2023-24,2024-01-22,SAC,ATL,1,0.672648
22300614,2023-24,2024-01-23,IND,DEN,0,0.346477
22300615,2023-24,2024-01-23,BKN,NYK,0,0.35037
22300616,2023-24,2024-01-23,NOP,UTA,1,0.624135
22300617,2023-24,2024-01-23,OKC,POR,1,0.865423
22300618,2023-24,2024-01-23,LAC,LAL,1,0.664445
22300619,2023-24,2024-01-24,DET,CHA,1,0.522157
22300620,2023-24,2024-01-24,WAS,MIN,0,0.276705
22300621,2023-24,2024-01-24,MIA,MEM,0,0.643437
22300622,2023-24,2024-01-24,SAS,OKC,0,0.314907
22300623,2023-24,2024-01-24,HOU,POR,0,0.803757
22300624,2023-24,2024-01-24,MIL,CLE,1,0.505987
22300625,2023-24,2024-01-24,DAL,PHX,0,0.508818
22300626,2023-24,2024-01-24,GSW,ATL,1,0.631006
22300627,2023-24,2024-01-25,IND,PHI,1,0.351207
22300628,2023-24,2024-01-25,WAS,UTA,0,0.242752
22300629,2023-24,2024-01-25,BKN,MIN,0,0.520887
22300630,2023-24,2024-01-25,MIA,BOS,0,0.281033
22300631,2023-24,2024-01-25,NYK,DEN,1,0.54874
22300632,2023-24,2024-01-25,GSW,SAC,0,0.400965
22300633,2023-24,2024-01-25,LAL,CHI,1,0.550196
22300634,2023-24,2024-01-26,ATL,DAL,0,0.471828
22300635,2023-24,2024-01-26,CHA,HOU,0,0.358959
22300636,2023-24,2024-01-26,IND,PHX,1,0.372007
22300637,2023-24,2024-01-26,TOR,LAC,0,0.432319
22300638,2023-24,2024-01-26,MEM,ORL,1,0.435603
22300639,2023-24,2024-01-26,MIL,CLE,0,0.509488
22300640,2023-24,2024-01-26,NOP,OKC,0,0.519404
22300641,2023-24,2024-01-26,SAS,POR,1,0.601578
22300642,2023-24,2024-01-27,DET,WAS,0,0.479968
22300643,2023-24,2024-01-27,NYK,MIA,1,0.736172
22300644,2023-24,2024-01-27,DEN,PHI,1,0.587442
22300645,2023-24,2024-01-27,BKN,HOU,1,0.612345
22300646,2023-24,2024-01-27,BOS,LAC,0,0.714538
22300647,2023-24,2024-01-27,CHA,UTA,0,0.221632
22300648,2023-24,2024-01-27,MIL,NOP,1,0.584422
22300649,2023-24,2024-01-27,SAS,MIN,1,0.259301
22300650,2023-24,2024-01-27,GSW,LAL,0,0.485408
22300651,2023-24,2024-01-27,DAL,SAC,0,0.347887
22300652,2023-24,2024-01-28,IND,MEM,1,0.563309
22300653,2023-24,2024-01-28,ATL,TOR,1,0.506515
22300654,2023-24,2024-01-28,DET,OKC,1,0.137272
22300655,2023-24,2024-01-28,ORL,PHX,1,0.480436
22300656,2023-24,2024-01-28,POR,CHI,0,0.303742
22300657,2023-24,2024-01-29,CHA,NYK,0,0.155236
22300658,2023-24,2024-01-29,CLE,LAC,1,0.515516
22300659,2023-24,2024-01-29,BOS,NOP,1,0.651786
22300660,2023-24,2024-01-29,BKN,UTA,1,0.456579
22300661,2023-24,2024-01-29,MIA,PHX,0,0.540721
22300662,2023-24,2024-01-29,HOU,LAL,1,0.499111
22300663,2023-24,2024-01-29,MEM,SAC,0,0.330517
22300664,2023-24,2024-01-29,OKC,MIN,0,0.556016
22300665,2023-24,2024-01-29,SAS,WAS,0,0.600044
22300666,2023-24,2024-01-29,DAL,ORL,1,0.511662
22300667,2023-24,2024-01-29,DEN,MIL,1,0.656684
22300668,2023-24,2024-01-29,POR,PHI,1,0.278618
22300669,2023-24,2024-01-30,ATL,LAL,1,0.573242
22300670,2023-24,2024-01-30,BOS,IND,1,0.721252
22300671,2023-24,2024-01-30,NYK,UTA,1,0.669707
22300672,2023-24,2024-01-30,CHI,TOR,0,0.546242
22300673,2023-24,2024-01-30,GSW,PHI,1,0.650178
22300674,2023-24,2024-01-31,CHA,CHI,0,0.399515
22300675,2023-24,2024-01-31,CLE,DET,1,0.871002
22300676,2023-24,2024-01-31,WAS,LAC,0,0.246089
22300677,2023-24,2024-01-31,BKN,PHX,0,0.484554
22300678,2023-24,2024-01-31,MIA,SAC,1,0.434462
22300679,2023-24,2024-01-31,HOU,NOP,0,0.487565
22300680,2023-24,2024-01-31,MIN,DAL,1,0.718643
22300681,2023-24,2024-01-31,SAS,ORL,0,0.384885
22300682,2023-24,2024-01-31,OKC,DEN,1,0.565569
22300683,2023-24,2024-01-31,POR,MIL,1,0.266135
22300684,2023-24,2024-02-01,BOS,LAL,0,0.795461
22300685,2023-24,2024-02-01,NYK,IND,1,0.646725
22300686,2023-24,2024-02-01,UTA,PHI,0,0.541253
22300687,2023-24,2024-02-01,MEM,CLE,0,0.407476
22300688,2023-24,2024-02-02,DET,LAC,0,0.226349
22300689,2023-24,2024-02-02,WAS,MIA,0,0.413633
22300690,2023-24,2024-02-02,ATL,PHX,1,0.428289
22300691,2023-24,2024-02-02,IND,SAC,0,0.411517
22300692,2023-24,2024-02-02,HOU,TOR,1,0.610488
22300693,2023-24,2024-02-02,MEM,GSW,0,0.452529
22300694,2023-24,2024-02-02,MIN,ORL,0,0.655198
22300695,2023-24,2024-02-02,OKC,CHA,1,0.866229
22300696,2023-24,2024-02-02,SAS,NOP,0,0.330636
22300697,2023-24,2024-02-02,DEN,POR,1,0.807496
22300698,2023-24,2024-02-03,PHI,BKN,0,0.545916
22300699,2023-24,2024-02-03,ATL,GSW,1,0.531026
22300700,2023-24,2024-02-03,CHI,SAC,0,0.527165
22300701,2023-24,2024-02-03,NYK,LAL,0,0.782476
22300702,2023-24,2024-02-03,DAL,MIL,0,0.262251
22300703,2023-24,2024-02-03,SAS,CLE,0,0.220645
22300704,2023-24,2024-02-04,DET,ORL,0,0.302607
22300705,2023-24,2024-02-04,WAS,PHX,0,0.27401
22300706,2023-24,2024-02-04,BOS,MEM,1,0.773026
22300707,2023-24,2024-02-04,CHA,IND,0,0.296658
22300708,2023-24,2024-02-04,MIA,LAC,0,0.347013
22300709,2023-24,2024-02-04,MIN,HOU,1,0.63187
22300710,2023-24,2024-02-04,OKC,TOR,1,0.712849
22300711,2023-24,2024-02-04,UTA,MIL,1,0.607876
22300712,2023-24,2024-02-04,DEN,POR,1,0.892166
22300713,2023-24,2024-02-05,CHA,LAL,0,0.200213
22300714,2023-24,2024-02-05,CLE,SAC,1,0.618257
22300715,2023-24,2024-02-05,PHI,DAL,0,0.635581
22300716,2023-24,2024-02-05,ATL,LAC,0,0.452374
22300717,2023-24,2024-02-05,BKN,GSW,0,0.552486
22300718,2023-24,2024-02-05,NOP,TOR,1,0.729781
22300719,2023-24,2024-02-06,IND,HOU,1,0.548893
22300720,2023-24,2024-02-06,BKN,DAL,0,0.597835
22300721,2023-24,2024-02-06,MIA,ORL,1,0.457282
22300722,2023-24,2024-02-06,NYK,MEM,1,0.846532
22300723,2023-24,2024-02-06,CHI,MIN,1,0.38757
22300724,2023-24,2024-02-06,UTA,OKC,1,0.496617
22300725,2023-24,2024-02-06,PHX,MIL,1,0.582594
22300726,2023-24,2024-02-07,CHA,TOR,0,0.432571
22300727,2023-24,2024-02-07,PHI,GSW,0,0.501767
22300728,2023-24,2024-02-07,WAS,CLE,0,0.170354
22300729,2023-24,2024-02-07,BOS,ATL,1,0.835846
22300730,2023-24,2024-02-07,MIA,SAS,1,0.716204
22300731,2023-24,2024-02-07,LAC,NOP,0,0.570947
22300732,2023-24,2024-02-07,SAC,DET,0,0.787097
22300733,2023-24,2024-02-08,IND,GSW,0,0.619848
22300734,2023-24,2024-02-08,ORL,SAS,1,0.846871
22300735,2023-24,2024-02-08,BKN,CLE,0,0.414236
22300736,2023-24,2024-02-08,NYK,DAL,0,0.718296
22300737,2023-24,2024-02-08,MEM,CHI,0,0.313044
22300738,2023-24,2024-02-08,MIL,MIN,0,0.41442
22300739,2023-24,2024-02-08,PHX,UTA,1,0.613095
22300740,2023-24,2024-02-08,LAL,DEN,0,0.429254
22300741,2023-24,2024-02-08,POR,DET,0,0.610651
22300742,2023-24,2024-02-09,PHI,ATL,0,0.569913
22300743,2023-24,2024-02-09,BOS,WAS,1,0.940276
22300744,2023-24,2024-02-09,TOR,HOU,1,0.331603
22300745,2023-24,2024-02-09,MIL,CHA,1,0.822799
22300746,2023-24,2024-02-09,SAC,DEN,1,0.573082
22300747,2023-24,2024-02-09,LAL,NOP,1,0.341869
22300748,2023-24,2024-02-10,DAL,OKC,1,0.362175
22300749,2023-24,2024-02-10,LAC,DET,1,0.944566
22300750,2023-24,2024-02-10,BKN,SAS,1,0.557361
22300751,2023-24,2024-02-10,CHA,MEM,1,0.206658
22300752,2023-24,2024-02-10,ORL,CHI,1,0.593121
22300753,2023-24,2024-02-10,WAS,PHI,0,0.285411
22300754,2023-24,2024-02-10,ATL,HOU,1,0.514257
22300755,2023-24,2024-02-10,NYK,IND,0,0.593907
22300756,2023-24,2024-02-10,TOR,CLE,0,0.147156
22300757,2023-24,2024-02-10,GSW,PHX,1,0.516595
22300758,2023-24,2024-02-10,POR,NOP,0,0.208051
22300759,2023-24,2024-02-11,MIA,BOS,0,0.344682
22300760,2023-24,2024-02-11,OKC,SAC,1,0.615225
22300761,2023-24,2024-02-12,CHA,IND,1,0.141439
22300762,2023-24,2024-02-12,CLE,PHI,0,0.822808
22300763,2023-24,2024-02-12,ATL,CHI,0,0.49625
22300764,2023-24,2024-02-12,TOR,SAS,0,0.59416
22300765,2023-24,2024-02-12,HOU,NYK,1,0.359524
22300766,2023-24,2024-02-12,MEM,NOP,0,0.283387
22300767,2023-24,2024-02-12,MIL,DEN,1,0.542722
22300768,2023-24,2024-02-12,DAL,WAS,1,0.82431
22300769,2023-24,2024-02-12,UTA,GSW,0,0.578178
22300770,2023-24,2024-02-12,LAC,MIN,0,0.646049
22300771,2023-24,2024-02-13,BKN,BOS,0,0.317743
22300772,2023-24,2024-02-13,ORL,OKC,0,0.431379
22300773,2023-24,2024-02-13,MIL,MIA,0,0.570625
22300774,2023-24,2024-02-13,PHX,SAC,1,0.579897
22300775,2023-24,2024-02-13,POR,MIN,0,0.153536
22300776,2023-24,2024-02-13,LAL,DET,1,0.829554
22300777,2023-24,2024-02-14,CHA,ATL,1,0.215895
22300778,2023-24,2024-02-14,ORL,NYK,1,0.396278
22300779,2023-24,2024-02-14,PHI,MIA,0,0.615953
22300780,2023-24,2024-02-14,BOS,BKN,1,0.85224
22300781,2023-24,2024-02-14,CLE,CHI,1,0.788095
22300782,2023-24,2024-02-14,TOR,IND,0,0.302601
22300783,2023-24,2024-02-14,MEM,HOU,1,0.361532
22300784,2023-24,2024-02-14,NOP,WAS,1,0.858425
22300785,2023-24,2024-02-14,DAL,SAS,1,0.764655
22300786,2023-24,2024-02-14,DEN,SAC,0,0.767609
22300787,2023-24,2024-02-14,PHX,DET,1,0.892673
22300788,2023-24,2024-02-14,UTA,LAL,0,0.676384
22300789,2023-24,2024-02-14,GSW,LAC,0,0.505593
22300576,2023-24,2024-02-15,UTA,GSW,0,0.554656
22300790,2023-24,2024-02-15,MEM,MIL,1,0.211257
22300791,2023-24,2024-02-15,POR,MIN,0,0.114142
22300792,2023-24,2024-02-22,CLE,ORL,0,0.772237
22300793,2023-24,2024-02-22,IND,DET,1,0.772326
22300794,2023-24,2024-02-22,PHI,NYK,0,0.445908
22300795,2023-24,2024-02-22,TOR,BKN,1,0.479631
22300796,2023-24,2024-02-22,DAL,PHX,1,0.503614
22300797,2023-24,2024-02-22,CHI,BOS,0,0.383202
22300798,2023-24,2024-02-22,NOP,HOU,1,0.698
22300799,2023-24,2024-02-22,OKC,LAC,1,0.68095
22300800,2023-24,2024-02-22,DEN,WAS,1,0.905467
22300801,2023-24,2024-02-22,UTA,CHA,0,0.845959
22300802,2023-24,2024-02-22,GSW,LAL,1,0.627956
22300803,2023-24,2024-02-22,SAC,SAS,1,0.819309
22300804,2023-24,2024-02-23,ATL,TOR,0,0.700499
22300805,2023-24,2024-02-23,PHI,CLE,1,0.400774
22300806,2023-24,2024-02-23,HOU,PHX,1,0.462001
22300807,2023-24,2024-02-23,MEM,LAC,0,0.280746
22300808,2023-24,2024-02-23,MIN,MIL,0,0.70921
22300809,2023-24,2024-02-23,OKC,WAS,1,0.935923
22300810,2023-24,2024-02-23,NOP,MIA,0,0.61199
22300811,2023-24,2024-02-23,GSW,CHA,1,0.880871
22300812,2023-24,2024-02-23,POR,DEN,0,0.22254
22300813,2023-24,2024-02-23,LAL,SAS,1,0.765908
22300814,2023-24,2024-02-24,DET,ORL,0,0.183971
22300815,2023-24,2024-02-24,MIN,BKN,1,0.819953
22300816,2023-24,2024-02-24,NYK,BOS,0,0.472656
22300817,2023-24,2024-02-25,PHI,MIL,0,0.508939
22300818,2023-24,2024-02-25,PHX,LAL,1,0.54661
22300819,2023-24,2024-02-25,IND,DAL,1,0.475394
22300820,2023-24,2024-02-25,WAS,CLE,0,0.126169
22300821,2023-24,2024-02-25,ATL,ORL,1,0.574689
22300822,2023-24,2024-02-25,HOU,OKC,0,0.353712
22300823,2023-24,2024-02-25,NOP,CHI,0,0.605962
22300824,2023-24,2024-02-25,GSW,DEN,0,0.603042
22300825,2023-24,2024-02-25,UTA,SAS,1,0.798326
22300826,2023-24,2024-02-25,POR,CHA,0,0.46668
22300827,2023-24,2024-02-25,LAC,SAC,0,0.603792
22300828,2023-24,2024-02-26,NYK,DET,1,0.878157
22300829,2023-24,2024-02-26,IND,TOR,0,0.646135
22300830,2023-24,2024-02-26,MEM,BKN,0,0.500359
22300831,2023-24,2024-02-26,SAC,MIA,0,0.558747
22300832,2023-24,2024-02-27,CLE,DAL,1,0.712691
22300833,2023-24,2024-02-27,ORL,BKN,1,0.747406
22300834,2023-24,2024-02-27,WAS,GSW,0,0.155337
22300835,2023-24,2024-02-27,ATL,UTA,1,0.458775
22300836,2023-24,2024-02-27,BOS,PHI,1,0.788748
22300837,2023-24,2024-02-27,NYK,NOP,0,0.523917
22300838,2023-24,2024-02-27,MIN,SAS,1,0.888281
22300839,2023-24,2024-02-27,CHI,DET,0,0.873798
22300840,2023-24,2024-02-27,MIL,CHA,1,0.848398
22300841,2023-24,2024-02-27,OKC,HOU,1,0.781249
22300842,2023-24,2024-02-27,POR,MIA,0,0.303259
22300843,2023-24,2024-02-28,IND,NOP,1,0.575818
22300844,2023-24,2024-02-28,TOR,DAL,0,0.412973
22300845,2023-24,2024-02-28,MIN,MEM,1,0.790462
22300846,2023-24,2024-02-28,CHI,CLE,1,0.440855
22300847,2023-24,2024-02-28,DEN,SAC,1,0.676202
22300848,2023-24,2024-02-28,LAC,LAL,0,0.629131
22300849,2023-24,2024-02-29,CHA,MIL,0,0.165831
22300850,2023-24,2024-02-29,ORL,UTA,1,0.547684
22300851,2023-24,2024-02-29,BKN,ATL,1,0.346648
22300852,2023-24,2024-02-29,NYK,GSW,0,0.477079
22300853,2023-24,2024-02-29,SAS,OKC,1,0.13921
22300854,2023-24,2024-02-29,PHX,HOU,1,0.649569
22300855,2023-24,2024-02-29,DEN,MIA,1,0.696443
22300856,2023-24,2024-02-29,LAL,WAS,1,0.792628
22300857,2023-24,2024-03-01,DET,CLE,0,0.144777
22300858,2023-24,2024-03-01,PHI,CHA,1,0.858833
22300859,2023-24,2024-03-01,BOS,DAL,1,0.793968
22300860,2023-24,2024-03-01,TOR,GSW,0,0.380158
22300861,2023-24,2024-03-01,MEM,POR,0,0.646721
22300862,2023-24,2024-03-01,MIN,SAC,0,0.735334
22300863,2023-24,2024-03-01,NOP,IND,1,0.621161
22300864,2023-24,2024-03-01,CHI,MIL,0,0.574835
22300865,2023-24,2024-03-01,LAC,WAS,1,0.88321
22300866,2023-24,2024-03-02,BKN,ATL,1,0.387507
22300867,2023-24,2024-03-02,MIA,UTA,1,0.58121
22300868,2023-24,2024-03-02,MEM,POR,0,0.581959
22300869,2023-24,2024-03-02,LAL,DEN,0,0.460686
22300870,2023-24,2024-03-02,PHX,HOU,0,0.648094
22300871,2023-24,2024-03-03,DAL,PHI,0,0.567568
22300872,2023-24,2024-03-03,BOS,GSW,1,0.764651
22300873,2023-24,2024-03-03,MIN,LAC,0,0.64801
22300874,2023-24,2024-03-03,ORL,DET,1,0.805841
22300875,2023-24,2024-03-03,TOR,CHA,1,0.651988
22300876,2023-24,2024-03-03,CLE,NYK,0,0.581656
22300877,2023-24,2024-03-03,SAS,IND,1,0.267134
22300878,2023-24,2024-03-03,PHX,OKC,0,0.424559
22300879,2023-24,2024-03-04,BKN,MEM,0,0.736961
22300880,2023-24,2024-03-04,MIL,LAC,1,0.74578
22300881,2023-24,2024-03-04,MIN,POR,1,0.867738
22300882,2023-24,2024-03-04,UTA,WAS,1,0.771854
22300883,2023-24,2024-03-04,SAC,CHI,0,0.55607
22300884,2023-24,2024-03-04,LAL,OKC,1,0.474903
22300885,2023-24,2024-03-05,CHA,ORL,0,0.164366
22300886,2023-24,2024-03-05,CLE,BOS,1,0.396146
22300887,2023-24,2024-03-05,BKN,PHI,1,0.253605
22300888,2023-24,2024-03-05,MIA,DET,1,0.787802
22300889,2023-24,2024-03-05,NYK,ATL,0,0.730131
22300890,2023-24,2024-03-05,TOR,NOP,0,0.221163
22300891,2023-24,2024-03-05,HOU,SAS,1,0.691675
22300892,2023-24,2024-03-05,DAL,IND,0,0.562664
22300893,2023-24,2024-03-05,DEN,PHX,0,0.76083
22300894,2023-24,2024-03-06,WAS,ORL,0,0.233799
22300895,2023-24,2024-03-06,ATL,CLE,1,0.428452
22300896,2023-24,2024-03-06,PHI,MEM,0,0.642421
22300897,2023-24,2024-03-06,HOU,LAC,0,0.410107
22300898,2023-24,2024-03-06,UTA,CHI,0,0.476473
22300899,2023-24,2024-03-06,GSW,MIL,1,0.557253
22300900,2023-24,2024-03-06,POR,OKC,0,0.11051
22300901,2023-24,2024-03-06,LAL,SAC,0,0.495321
22300902,2023-24,2024-03-07,DET,BKN,1,0.282485
22300903,2023-24,2024-03-07,IND,MIN,0,0.433634
22300904,2023-24,2024-03-07,DAL,MIA,1,0.539636
22300905,2023-24,2024-03-07,PHX,TOR,1,0.75827
22300906,2023-24,2024-03-07,DEN,BOS,1,0.549605
22300907,2023-24,2024-03-07,GSW,CHI,0,0.659323
22300908,2023-24,2024-03-07,SAC,SAS,1,0.757081
22300909,2023-24,2024-03-08,PHI,NOP,0,0.321227
22300910,2023-24,2024-03-08,WAS,CHA,1,0.454114
22300911,2023-24,2024-03-08,CLE,MIN,1,0.57971
22300912,2023-24,2024-03-08,NYK,ORL,1,0.546993
22300913,2023-24,2024-03-08,MEM,ATL,0,0.37746
22300914,2023-24,2024-03-08,OKC,MIA,1,0.784776
22300915,2023-24,2024-03-08,LAL,MIL,1,0.468441
22300916,2023-24,2024-03-08,POR,HOU,0,0.256636
22300917,2023-24,2024-03-09,LAC,CHI,1,0.686218
22300918,2023-24,2024-03-09,CHA,BKN,1,0.333665
22300919,2023-24,2024-03-09,DET,DAL,0,0.244607
22300920,2023-24,2024-03-09,PHX,BOS,0,0.341429
22300921,2023-24,2024-03-09,GSW,SAS,0,0.842015
22300922,2023-24,2024-03-09,DEN,UTA,1,0.809842
22300923,2023-24,2024-03-09,POR,TOR,1,0.312143
22300924,2023-24,2024-03-10,LAC,MIL,0,0.537639
22300925,2023-24,2024-03-10,ATL,NOP,0,0.294681
22300926,2023-24,2024-03-10,MIA,WAS,0,0.788161
22300927,2023-24,2024-03-10,NYK,PHI,0,0.694207
22300928,2023-24,2024-03-10,ORL,IND,0,0.556557
22300929,2023-24,2024-03-10,SAC,HOU,0,0.634349
22300930,2023-24,2024-03-10,CLE,BKN,0,0.859866
22300931,2023-24,2024-03-10,OKC,MEM,1,0.86973
22300932,2023-24,2024-03-10,LAL,MIN,1,0.446369
22300933,2023-24,2024-03-11,DET,CHA,1,0.504535
22300934,2023-24,2024-03-11,CLE,PHX,0,0.453711
22300935,2023-24,2024-03-11,CHI,DAL,0,0.475314
22300936,2023-24,2024-03-11,SAS,GSW,0,0.212119
22300937,2023-24,2024-03-11,DEN,TOR,1,0.913338
22300938,2023-24,2024-03-11,POR,BOS,0,0.102646
22300939,2023-24,2024-03-12,NYK,PHI,1,0.661163
22300940,2023-24,2024-03-12,MEM,WAS,1,0.591968
22300941,2023-24,2024-03-12,OKC,IND,0,0.760695
22300942,2023-24,2024-03-12,SAS,HOU,0,0.234004
22300943,2023-24,2024-03-12,UTA,BOS,0,0.439975
22300944,2023-24,2024-03-12,LAC,MIN,0,0.592914
22300945,2023-24,2024-03-12,SAC,MIL,1,0.510055
22300946,2023-24,2024-03-13,DET,TOR,1,0.480486
22300947,2023-24,2024-03-13,ORL,BKN,1,0.588988
22300948,2023-24,2024-03-13,IND,CHI,0,0.51168
22300949,2023-24,2024-03-13,MIA,DEN,0,0.421311
22300950,2023-24,2024-03-13,MEM,CHA,0,0.516515
22300951,2023-24,2024-03-13,NOP,CLE,0,0.657345
22300952,2023-24,2024-03-13,DAL,GSW,1,0.528025
22300953,2023-24,2024-03-13,POR,ATL,1,0.319101
22300954,2023-24,2024-03-13,SAC,LAL,1,0.531563
22300955,2023-24,2024-03-14,BOS,PHX,1,0.664787
22300956,2023-24,2024-03-14,CHI,LAC,0,0.386494
22300957,2023-24,2024-03-14,HOU,WAS,1,0.762385
22300958,2023-24,2024-03-14,MIL,PHI,1,0.624535
22300959,2023-24,2024-03-14,OKC,DAL,1,0.749512
22300960,2023-24,2024-03-14,POR,NYK,0,0.129281
22300961,2023-24,2024-03-15,CHA,PHX,0,0.226689
22300962,2023-24,2024-03-15,DET,MIA,0,0.273258
22300963,2023-24,2024-03-15,TOR,ORL,0,0.240608
22300964,2023-24,2024-03-15,NOP,LAC,1,0.70591
22300965,2023-24,2024-03-15,SAS,DEN,0,0.189759
22300966,2023-24,2024-03-15,UTA,ATL,1,0.615251
22300967,2023-24,2024-03-16,HOU,CLE,1,0.399337
22300968,2023-24,2024-03-16,IND,BKN,1,0.683088
22300969,2023-24,2024-03-16,PHI,CHA,1,0.835247
22300970,2023-24,2024-03-16,NOP,POR,1,0.854563
22300971,2023-24,2024-03-16,CHI,WAS,1,0.75904
22300972,2023-24,2024-03-16,MEM,OKC,0,0.169311
22300973,2023-24,2024-03-16,LAL,GSW,0,0.559265
22300974,2023-24,2024-03-16,UTA,MIN,0,0.330411
22300975,2023-24,2024-03-16,SAC,NYK,0,0.516682
22300976,2023-24,2024-03-17,MIL,PHX,1,0.531706
22300977,2023-24,2024-03-17,DET,MIA,0,0.239909
22300978,2023-24,2024-03-17,DAL,DEN,1,0.377804
22300979,2023-24,2024-03-17,ORL,TOR,1,0.777265
22300980,2023-24,2024-03-17,WAS,BOS,0,0.04523
22300981,2023-24,2024-03-17,SAS,BKN,1,0.545148
22300982,2023-24,2024-03-17,LAC,ATL,0,0.608428
22300983,2023-24,2024-03-18,IND,CLE,0,0.511495
22300984,2023-24,2024-03-18,BOS,DET,1,0.924819
22300985,2023-24,2024-03-18,PHI,MIA,1,0.634853
22300986,2023-24,2024-03-18,CHI,POR,1,0.753151
22300987,2023-24,2024-03-18,UTA,MIN,0,0.364098
22300988,2023-24,2024-03-18,GSW,NYK,0,0.486306
22300989,2023-24,2024-03-18,SAC,MEM,1,0.804623
22300990,2023-24,2024-03-18,LAL,ATL,1,0.683026
22300991,2023-24,2024-03-19,ORL,CHA,1,0.811621
22300992,2023-24,2024-03-19,WAS,HOU,0,0.183248
22300993,2023-24,2024-03-19,BKN,NOP,0,0.234618
22300994,2023-24,2024-03-19,SAS,DAL,0,0.246064
22300995,2023-24,2024-03-19,MIN,DEN,0,0.50722
22300996,2023-24,2024-03-20,CLE,MIA,0,0.601571
22300997,2023-24,2024-03-20,DET,IND,0,0.183091
22300998,2023-24,2024-03-20,BOS,MIL,1,0.761011
22300999,2023-24,2024-03-20,TOR,SAC,0,0.184073
22301000,2023-24,2024-03-20,OKC,UTA,1,0.81077
22301001,2023-24,2024-03-20,GSW,MEM,1,0.781957
22301002,2023-24,2024-03-20,PHX,PHI,1,0.6575
22301003,2023-24,2024-03-20,POR,LAC,0,0.192577
22301004,2023-24,2024-03-21,ORL,NOP,1,0.450634
22301005,2023-24,2024-03-21,WAS,SAC,1,0.141564
22301006,2023-24,2024-03-21,HOU,CHI,1,0.551231
22301007,2023-24,2024-03-21,MIL,BKN,1,0.655543
22301008,2023-24,2024-03-21,DAL,UTA,1,0.807705
22301009,2023-24,2024-03-21,DEN,NYK,1,0.674923
22301010,2023-24,2024-03-21,PHX,ATL,1,0.614105
22301011,2023-24,2024-03-22,DET,BOS,0,0.104865
22301012,2023-24,2024-03-22,TOR,OKC,0,0.132202
22301013,2023-24,2024-03-22,MIA,NOP,0,0.474855
22301014,2023-24,2024-03-22,MIN,CLE,1,0.649058
22301015,2023-24,2024-03-22,SAS,MEM,0,0.516798
22301016,2023-24,2024-03-22,GSW,IND,0,0.604101
22301017,2023-24,2024-03-22,POR,LAC,0,0.181933
22301018,2023-24,2024-03-22,LAL,PHI,1,0.620152
22301019,2023-24,2024-03-23,NYK,BKN,1,0.767251
22301020,2023-24,2024-03-23,ORL,SAC,0,0.517544
22301021,2023-24,2024-03-23,ATL,CHA,1,0.721825
22301022,2023-24,2024-03-23,WAS,TOR,1,0.507041
22301023,2023-24,2024-03-23,CHI,BOS,0,0.421862
22301024,2023-24,2024-03-23,HOU,UTA,1,0.640647
22301025,2023-24,2024-03-23,SAS,PHX,0,0.192053
22301026,2023-24,2024-03-23,POR,DEN,0,0.101905
22301027,2023-24,2024-03-24,DET,NOP,0,0.175727
22301028,2023-24,2024-03-24,LAC,PHI,0,0.616617
22301029,2023-24,2024-03-24,MIA,CLE,1,0.54508
22301030,2023-24,2024-03-24,MIL,OKC,1,0.454395
22301031,2023-24,2024-03-24,MIN,GSW,1,0.654996
22301032,2023-24,2024-03-24,LAL,IND,1,0.537789
22301033,2023-24,2024-03-25,CLE,CHA,1,0.73383
22301034,2023-24,2024-03-25,ATL,BOS,1,0.318775
22301035,2023-24,2024-03-25,NYK,DET,1,0.92481
22301036,2023-24,2024-03-25,TOR,BKN,0,0.384118
22301037,2023-24,2024-03-25,CHI,WAS,0,0.791021
22301038,2023-24,2024-03-25,HOU,POR,1,0.825542
22301039,2023-24,2024-03-25,SAS,PHX,1,0.231639
22301040,2023-24,2024-03-25,DEN,MEM,1,0.846606
22301041,2023-24,2024-03-25,UTA,DAL,0,0.346144
22301042,2023-24,2024-03-25,SAC,PHI,1,0.696111
22301043,2023-24,2024-03-25,LAC,IND,0,0.587143
22301044,2023-24,2024-03-26,MIA,GSW,0,0.502286
22301045,2023-24,2024-03-26,MIL,LAL,0,0.648646
22301046,2023-24,2024-03-26,NOP,OKC,0,0.489938
22301047,2023-24,2024-03-26,SAC,DAL,0,0.571963
22301048,2023-24,2024-03-27,CHA,CLE,1,0.195881
22301049,2023-24,2024-03-27,ORL,GSW,0,0.634059
22301050,2023-24,2024-03-27,WAS,BKN,0,0.334933
22301051,2023-24,2024-03-27,ATL,POR,1,0.772263
22301052,2023-24,2024-03-27,PHI,LAC,0,0.442968
22301053,2023-24,2024-03-27,TOR,NYK,0,0.159936
22301054,2023-24,2024-03-27,CHI,IND,1,0.46451
22301055,2023-24,2024-03-27,MEM,LAL,0,0.389112
22301056,2023-24,2024-03-27,MIN,DET,1,0.913777
22301057,2023-24,2024-03-27,OKC,HOU,0,0.664374
22301058,2023-24,2024-03-27,UTA,SAS,0,0.727035
22301059,2023-24,2024-03-27,DEN,PHX,0,0.640542
22301060,2023-24,2024-03-28,ATL,BOS,1,0.205433
22301061,2023-24,2024-03-28,NOP,MIL,1,0.519329
22301062,2023-24,2024-03-29,CHA,GSW,0,0.17793
22301063,2023-24,2024-03-29,IND,LAL,1,0.599644
22301064,2023-24,2024-03-29,ORL,LAC,0,0.564946
22301065,2023-24,2024-03-29,WAS,DET,0,0.481211
22301066,2023-24,2024-03-29,BKN,CHI,1,0.339404
22301067,2023-24,2024-03-29,CLE,PHI,1,0.55526
22301068,2023-24,2024-03-29,MIA,POR,1,0.780625
22301069,2023-24,2024-03-29,OKC,PHX,1,0.553435
22301070,2023-24,2024-03-29,SAS,NYK,1,0.207656
22301071,2023-24,2024-03-29,DEN,MIN,0,0.626735
22301072,2023-24,2024-03-29,UTA,HOU,0,0.321595
22301073,2023-24,2024-03-29,SAC,DAL,0,0.51422
22301074,2023-24,2024-03-30,NOP,BOS,0,0.391721
22301075,2023-24,2024-03-30,ORL,MEM,1,0.719964
22301076,2023-24,2024-03-30,ATL,MIL,0,0.37162
22301077,2023-24,2024-03-31,DEN,CLE,1,0.68839
22301078,2023-24,2024-03-31,BKN,LAL,0,0.319223
22301079,2023-24,2024-03-31,CHA,LAC,0,0.170366
22301080,2023-24,2024-03-31,TOR,PHI,0,0.260558
22301081,2023-24,2024-03-31,WAS,MIA,0,0.192404
22301082,2023-24,2024-03-31,NYK,OKC,0,0.617014
22301083,2023-24,2024-03-31,HOU,DAL,0,0.42812
22301084,2023-24,2024-03-31,MIN,CHI,0,0.76523
22301085,2023-24,2024-03-31,SAS,GSW,0,0.295015
22301086,2023-24,2024-03-31,SAC,UTA,1,0.838231
22301087,2023-24,2024-04-01,CHA,BOS,0,0.054182
22301088,2023-24,2024-04-01,DET,MEM,0,0.47527
22301089,2023-24,2024-04-01,IND,BKN,1,0.813058
22301090,2023-24,2024-04-01,ORL,POR,1,0.809502
22301091,2023-24,2024-04-01,CHI,ATL,0,0.503075
22301092,2023-24,2024-04-01,NOP,PHX,0,0.550638
22300589,2023-24,2024-04-02,GSW,DAL,1,0.500924
22301093,2023-24,2024-04-02,PHI,OKC,1,0.354981
22301094,2023-24,2024-04-02,TOR,LAL,0,0.238766
22301095,2023-24,2024-04-02,WAS,MIL,1,0.158373
22301096,2023-24,2024-04-02,MIA,NYK,1,0.461374
22301098,2023-24,2024-04-02,MIN,HOU,1,0.704522
22301099,2023-24,2024-04-02,DEN,SAS,1,0.870286
22301100,2023-24,2024-04-02,UTA,CLE,0,0.219256
22301101,2023-24,2024-04-02,SAC,LAC,1,0.547882
22301102,2023-24,2024-04-03,CHA,POR,0,0.439249
22301103,2023-24,2024-04-03,WAS,LAL,0,0.195502
22301104,2023-24,2024-04-03,ATL,DET,1,0.750154
22301105,2023-24,2024-04-03,BOS,OKC,1,0.859723
22301106,2023-24,2024-04-03,BKN,IND,1,0.239827
22301107,2023-24,2024-04-03,MIL,MEM,0,0.732192
22301108,2023-24,2024-04-03,MIN,TOR,1,0.882023
22301109,2023-24,2024-04-03,NOP,ORL,0,0.58554
22301110,2023-24,2024-04-03,PHX,CLE,1,0.717884
22301111,2023-24,2024-04-04,MIA,PHI,0,0.633915
22301112,2023-24,2024-04-04,NYK,SAC,1,0.572169
22301113,2023-24,2024-04-04,HOU,GSW,0,0.50064
22301114,2023-24,2024-04-04,LAC,DEN,1,0.490304
22301124,2023-24,2024-04-04,DAL,ATL,1,0.749819
22301097,2023-24,2024-04-05,DAL,GSW,1,0.580091
22301115,2023-24,2024-04-05,CHA,ORL,1,0.148218
22301116,2023-24,2024-04-05,IND,OKC,1,0.592177
22301117,2023-24,2024-04-05,WAS,POR,0,0.446938
22301118,2023-24,2024-04-05,BOS,SAC,1,0.854502
22301119,2023-24,2024-04-05,CHI,NYK,1,0.491365
22301120,2023-24,2024-04-05,HOU,MIA,0,0.573879
22301121,2023-24,2024-04-05,MEM,DET,1,0.538769
22301122,2023-24,2024-04-05,MIL,TOR,0,0.7871
22301123,2023-24,2024-04-05,NOP,SAS,0,0.776514
22301125,2023-24,2024-04-05,PHX,MIN,1,0.545785
22301126,2023-24,2024-04-05,LAC,UTA,1,0.749715
22301127,2023-24,2024-04-06,LAL,CLE,1,0.514259
22301128,2023-24,2024-04-06,BKN,DET,1,0.729984
22301129,2023-24,2024-04-06,MEM,PHI,0,0.200842
22301130,2023-24,2024-04-06,DEN,ATL,1,0.760292
22301131,2023-24,2024-04-07,DAL,HOU,1,0.576727
22301132,2023-24,2024-04-07,LAC,CLE,1,0.608884
22301133,2023-24,2024-04-07,IND,MIA,1,0.591925
22301134,2023-24,2024-04-07,BOS,POR,1,0.933039
22301135,2023-24,2024-04-07,CHA,OKC,0,0.249048
22301136,2023-24,2024-04-07,ORL,CHI,1,0.574965
22301137,2023-24,2024-04-07,TOR,WAS,1,0.60572
22301138,2023-24,2024-04-07,PHX,NOP,0,0.66728
22301139,2023-24,2024-04-07,MIL,NYK,0,0.3985
22301140,2023-24,2024-04-07,SAS,PHI,0,0.432188
22301141,2023-24,2024-04-07,BKN,SAC,0,0.222365
22301142,2023-24,2024-04-07,GSW,UTA,1,0.862982
22301143,2023-24,2024-04-07,LAL,MIN,0,0.41833
22301144,2023-24,2024-04-09,CHA,DAL,0,0.180022
22301145,2023-24,2024-04-09,PHI,DET,1,0.729074
22301146,2023-24,2024-04-09,TOR,IND,0,0.23344
22301147,2023-24,2024-04-09,ATL,MIA,0,0.449123
22301148,2023-24,2024-04-09,MIL,BOS,1,0.404214
22301149,2023-24,2024-04-09,CHI,NYK,0,0.383518
22301150,2023-24,2024-04-09,HOU,ORL,1,0.47167
22301151,2023-24,2024-04-09,MEM,SAS,0,0.40397
22301152,2023-24,2024-04-09,MIN,WAS,1,0.927232
22301153,2023-24,2024-04-09,OKC,SAC,1,0.514875
22301154,2023-24,2024-04-09,UTA,DEN,0,0.128022
22301155,2023-24,2024-04-09,LAL,GSW,0,0.49185
22301156,2023-24,2024-04-09,PHX,LAC,0,0.647465
22301157,2023-24,2024-04-09,POR,NOP,0,0.186698
22301158,2023-24,2024-04-10,CLE,MEM,1,0.835025
22301159,2023-24,2024-04-10,ATL,CHA,0,0.804436
22301160,2023-24,2024-04-10,BKN,TOR,1,0.623397
22301161,2023-24,2024-04-10,MIA,DAL,0,0.459321
22301162,2023-24,2024-04-10,MIL,ORL,1,0.621087
22301163,2023-24,2024-04-10,OKC,SAS,1,0.854646
22301164,2023-24,2024-04-10,DEN,MIN,1,0.6923
22301165,2023-24,2024-04-10,LAC,PHX,0,0.488173
22301166,2023-24,2024-04-11,DET,CHI,0,0.234649
22301167,2023-24,2024-04-11,BOS,NYK,0,0.677534
22301168,2023-24,2024-04-11,UTA,HOU,1,0.19783
22301169,2023-24,2024-04-11,POR,GSW,0,0.153708
22301170,2023-24,2024-04-11,SAC,NOP,0,0.536841
22301171,2023-24,2024-04-12,PHI,ORL,1,0.522908
22301172,2023-24,2024-04-12,WAS,CHI,0,0.301069
22301173,2023-24,2024-04-12,BOS,CHA,1,0.91661
22301174,2023-24,2024-04-12,CLE,IND,1,0.509267
22301175,2023-24,2024-04-12,NYK,BKN,1,0.629591
22301176,2023-24,2024-04-12,MIA,TOR,1,0.777029
22301177,2023-24,2024-04-12,MEM,LAL,0,0.227765
22301178,2023-24,2024-04-12,MIN,ATL,1,0.790968
22301179,2023-24,2024-04-12,OKC,MIL,1,0.747977
22301180,2023-24,2024-04-12,SAS,DEN,1,0.158579
22301181,2023-24,2024-04-12,DAL,DET,0,0.927215
22301182,2023-24,2024-04-12,GSW,NOP,0,0.561783
22301183,2023-24,2024-04-12,POR,HOU,0,0.270839
22301184,2023-24,2024-04-12,LAC,UTA,0,0.835089
22301185,2023-24,2024-04-12,SAC,PHX,0,0.460993
22301186,2023-24,2024-04-14,BOS,WAS,1,0.89637
22301187,2023-24,2024-04-14,CLE,CHA,0,0.831095
22301188,2023-24,2024-04-14,IND,ATL,1,0.671498
22301189,2023-24,2024-04-14,MIA,TOR,1,0.749258
22301190,2023-24,2024-04-14,NYK,CHI,1,0.761669
22301191,2023-24,2024-04-14,ORL,MIL,1,0.63891
22301192,2023-24,2024-04-14,PHI,BKN,1,0.725505
22301193,2023-24,2024-04-14,MEM,DEN,0,0.141351
22301194,2023-24,2024-04-14,MIN,PHX,0,0.635625
22301195,2023-24,2024-04-14,NOP,LAL,0,0.535144
22301196,2023-24,2024-04-14,OKC,DAL,1,0.727905
22301197,2023-24,2024-04-14,SAS,DET,1,0.621191
22301198,2023-24,2024-04-14,GSW,UTA,1,0.887225
22301199,2023-24,2024-04-14,LAC,HOU,0,0.556548
22301200,2023-24,2024-04-14,SAC,POR,1,0.828924
52300121,2023-24,2024-04-16,NOP,LAL,0,0.607234
52300131,2023-24,2024-04-16,SAC,GSW,1,0.65819
52300101,2023-24,2024-04-17,PHI,MIA,1,0.574309
52300111,2023-24,2024-04-17,CHI,ATL,1,0.661589
52300201,2023-24,2024-04-19,MIA,CHI,1,0.635412
52300211,2023-24,2024-04-19,NOP,SAC,1,0.584602
42300111,2023-24,2024-04-20,NYK,PHI,1,0.717915
42300131,2023-24,2024-04-20,CLE,ORL,1,0.52462
42300151,2023-24,2024-04-20,DEN,LAL,1,0.738066
42300161,2023-24,2024-04-20,MIN,PHX,1,0.608818
42300101,2023-24,2024-04-21,BOS,MIA,1,0.718897
42300121,2023-24,2024-04-21,MIL,IND,1,0.495914
42300141,2023-24,2024-04-21,OKC,NOP,1,0.754799
42300171,2023-24,2024-04-21,LAC,DAL,1,0.57561
42300112,2023-24,2024-04-22,NYK,PHI,1,0.714627
42300132,2023-24,2024-04-22,CLE,ORL,1,0.624136
42300152,2023-24,2024-04-22,DEN,LAL,1,0.725163
42300122,2023-24,2024-04-23,MIL,IND,0,0.518663
42300162,2023-24,2024-04-23,MIN,PHX,1,0.642259
42300172,2023-24,2024-04-23,LAC,DAL,0,0.497001
42300102,2023-24,2024-04-24,BOS,MIA,0,0.832593
42300142,2023-24,2024-04-24,OKC,NOP,1,0.73769
42300113,2023-24,2024-04-25,PHI,NYK,1,0.540974
42300133,2023-24,2024-04-25,ORL,CLE,1,0.612369
42300153,2023-24,2024-04-25,LAL,DEN,0,0.564025
42300123,2023-24,2024-04-26,IND,MIL,1,0.746611
42300163,2023-24,2024-04-26,PHX,MIN,0,0.585592
42300173,2023-24,2024-04-26,DAL,LAC,1,0.690351
42300103,2023-24,2024-04-27,MIA,BOS,0,0.406759
42300134,2023-24,2024-04-27,ORL,CLE,1,0.640219
42300143,2023-24,2024-04-27,NOP,OKC,0,0.483825
42300154,2023-24,2024-04-27,LAL,DEN,1,0.547572
42300114,2023-24,2024-04-28,PHI,NYK,0,0.552723
42300124,2023-24,2024-04-28,IND,MIL,1,0.746881
42300164,2023-24,2024-04-28,PHX,MIN,0,0.54056
42300174,2023-24,2024-04-28,DAL,LAC,0,0.694707
42300104,2023-24,2024-04-29,MIA,BOS,0,0.358868
42300144,2023-24,2024-04-29,NOP,OKC,0,0.454647
42300155,2023-24,2024-04-29,DEN,LAL,1,0.728673
42300115,2023-24,2024-04-30,NYK,PHI,0,0.691475
42300125,2023-24,2024-04-30,MIL,IND,1,0.427081
42300135,2023-24,2024-04-30,CLE,ORL,1,0.576463
42300105,2023-24,2024-05-01,BOS,MIA,1,0.824149
42300175,2023-24,2024-05-01,LAC,DAL,0,0.495154
42300116,2023-24,2024-05-02,PHI,NYK,0,0.55919
42300126,2023-24,2024-05-02,IND,MIL,1,0.756155
42300136,2023-24,2024-05-03,ORL,CLE,1,0.69931
42300176,2023-24,2024-05-03,DAL,LAC,1,0.753489
42300231,2023-24,2024-05-04,DEN,MIN,0,0.632591
42300137,2023-24,2024-05-05,CLE,ORL,1,0.523099
42300211,2023-24,2024-05-06,NYK,IND,1,0.64779
42300232,2023-24,2024-05-06,DEN,MIN,0,0.623613
42300201,2023-24,2024-05-07,BOS,CLE,1,0.830385
42300221,2023-24,2024-05-07,OKC,DAL,1,0.675922
42300212,2023-24,2024-05-08,NYK,IND,1,0.642849
42300202,2023-24,2024-05-09,BOS,CLE,0,0.836375
42300222,2023-24,2024-05-09,OKC,DAL,0,0.677106
42300213,2023-24,2024-05-10,IND,NYK,1,0.59331
42300233,2023-24,2024-05-10,MIN,DEN,0,0.673851
42300203,2023-24,2024-05-11,CLE,BOS,0,0.422339
42300223,2023-24,2024-05-11,DAL,OKC,1,0.575145
42300214,2023-24,2024-05-12,IND,NYK,1,0.611172
42300234,2023-24,2024-05-12,MIN,DEN,0,0.660044
42300204,2023-24,2024-05-13,CLE,BOS,0,0.407456
42300224,2023-24,2024-05-13,DAL,OKC,0,0.579619
42300215,2023-24,2024-05-14,NYK,IND,1,0.589708
42300235,2023-24,2024-05-14,DEN,MIN,1,0.648628
42300205,2023-24,2024-05-15,BOS,CLE,1,0.836639
42300225,2023-24,2024-05-15,OKC,DAL,0,0.668559
42300236,2023-24,2024-05-16,MIN,DEN,1,0.613311
42300216,2023-24,2024-05-17,IND,NYK,1,0.614139
42300226,2023-24,2024-05-18,DAL,OKC,1,0.588193
42300217,2023-24,2024-05-19,NYK,IND,0,0.605237
42300237,2023-24,2024-05-19,DEN,MIN,0,0.637857
42300301,2023-24,2024-05-21,BOS,IND,1,0.723755
42300311,2023-24,2024-05-22,MIN,DAL,0,0.665718
42300302,2023-24,2024-05-23,BOS,IND,1,0.71645
42300312,2023-24,2024-05-24,MIN,DAL,0,0.616702
42300303,2023-24,2024-05-25,IND,BOS,0,0.510224
42300313,2023-24,2024-05-26,DAL,MIN,1,0.606943
42300304,2023-24,2024-05-27,IND,BOS,0,0.456563
42300314,2023-24,2024-05-28,DAL,MIN,0,0.606808
42300315,2023-24,2024-05-30,MIN,DAL,0,0.653983
42300401,2023-24,2024-06-06,BOS,DAL,1,0.719388
42300402,2023-24,2024-06-09,BOS,DAL,1,0.732857
42300403,2023-24,2024-06-12,DAL,BOS,0,0.481218
42300404,2023-24,2024-06-14,DAL,BOS,1,0.504736
42300405,2023-24,2024-06-17,BOS,DAL,1,0.67746
22400061,2024-25,2024-10-22,BOS,NYK,1,0.646932
22400062,2024-25,2024-10-22,LAL,MIN,1,0.520778
22400063,2024-25,2024-10-23,DET,IND,0,0.385415
22400064,2024-25,2024-10-23,ATL,BKN,1,0.554844
22400065,2024-25,2024-10-23,MIA,ORL,0,0.543306
22400066,2024-25,2024-10-23,PHI,MIL,0,0.556292
22400067,2024-25,2024-10-23,TOR,CLE,0,0.487018
22400068,2024-25,2024-10-23,HOU,CHA,0,0.623489
22400069,2024-25,2024-10-23,NOP,CHI,1,0.584777
22400070,2024-25,2024-10-23,UTA,MEM,0,0.59377
22400071,2024-25,2024-10-23,LAC,PHX,0,0.512629
22400072,2024-25,2024-10-23,POR,GSW,0,0.382779
22400073,2024-25,2024-10-24,WAS,BOS,0,0.252733
22400074,2024-25,2024-10-24,DAL,SAS,1,0.613686
22400075,2024-25,2024-10-24,DEN,OKC,0,0.545955
22400076,2024-25,2024-10-24,SAC,MIN,0,0.565603
22400077,2024-25,2024-10-25,ORL,BKN,1,0.64432
22400078,2024-25,2024-10-25,TOR,PHI,1,0.41138
22400079,2024-25,2024-10-25,ATL,CHA,1,0.579462
22400080,2024-25,2024-10-25,CLE,DET,1,0.685431
22400081,2024-25,2024-10-25,NYK,IND,1,0.458799
22400082,2024-25,2024-10-25,HOU,MEM,1,0.525891
22400083,2024-25,2024-10-25,MIL,CHI,0,0.608089
22400084,2024-25,2024-10-25,UTA,GSW,0,0.393964
22400085,2024-25,2024-10-25,LAL,PHX,1,0.558317
22400086,2024-25,2024-10-25,POR,NOP,0,0.337233
22400087,2024-25,2024-10-26,DEN,LAC,0,0.600569
22400088,2024-25,2024-10-26,CHA,MIA,0,0.415614
22400089,2024-25,2024-10-26,DET,BOS,0,0.149148
22400090,2024-25,2024-10-26,WAS,CLE,0,0.435847
22400091,2024-25,2024-10-26,CHI,OKC,0,0.298802
22400092,2024-25,2024-10-26,MEM,ORL,1,0.361132
22400093,2024-25,2024-10-26,MIN,TOR,1,0.717673
22400094,2024-25,2024-10-26,SAS,HOU,1,0.577955
22400095,2024-25,2024-10-26,PHX,DAL,1,0.36887
22400096,2024-25,2024-10-26,LAL,SAC,1,0.481149
22400097,2024-25,2024-10-27,IND,PHI,0,0.585212
22400098,2024-25,2024-10-27,BKN,MIL,1,0.433523
22400099,2024-25,2024-10-27,POR,NOP,1,0.397075
22400100,2024-25,2024-10-27,OKC,ATL,1,0.6609
22400101,2024-25,2024-10-27,GSW,LAC,0,0.73541
22400102,2024-25,2024-10-28,ORL,IND,1,0.715066
22400103,2024-25,2024-10-28,ATL,WAS,0,0.551198
22400104,2024-25,2024-10-28,BOS,MIL,1,0.813159
22400105,2024-25,2024-10-28,MIA,DET,1,0.639653
22400106,2024-25,2024-10-28,NYK,CLE,0,0.490629
22400107,2024-25,2024-10-28,TOR,DEN,0,0.460863
22400108,2024-25,2024-10-28,MEM,CHI,0,0.571664
22400109,2024-25,2024-10-28,SAS,HOU,0,0.467103
22400110,2024-25,2024-10-28,DAL,UTA,1,0.700303
22400111,2024-25,2024-10-28,PHX,LAL,1,0.449103
22400112,2024-25,2024-10-28,SAC,POR,1,0.76909
22400113,2024-25,2024-10-29,BKN,DEN,0,0.648498
22400114,2024-25,2024-10-29,MIN,DAL,0,0.66063
22400115,2024-25,2024-10-29,UTA,SAC,0,0.455751
22400116,2024-25,2024-10-29,GSW,NOP,1,0.720451
22400117,2024-25,2024-10-30,CHA,TOR,1,0.543384
22400118,2024-25,2024-10-30,CLE,LAL,1,0.620597
22400119,2024-25,2024-10-30,IND,BOS,1,0.306725
22400120,2024-25,2024-10-30,PHI,DET,0,0.674739
22400121,2024-25,2024-10-30,WAS,ATL,1,0.467604
22400122,2024-25,2024-10-30,MIA,NYK,0,0.500891
22400123,2024-25,2024-10-30,CHI,ORL,1,0.40399
22400124,2024-25,2024-10-30,MEM,BKN,0,0.630962
22400125,2024-25,2024-10-30,OKC,SAS,1,0.785517
22400126,2024-25,2024-10-30,GSW,NOP,1,0.723635
22400127,2024-25,2024-10-30,LAC,POR,0,0.715961
22400128,2024-25,2024-10-31,MEM,MIL,1,0.402127
22400129,2024-25,2024-10-31,DAL,HOU,0,0.571032
22400130,2024-25,2024-10-31,UTA,SAS,0,0.599993
22400131,2024-25,2024-10-31,LAC,PHX,0,0.439041
22400132,2024-25,2024-11-01,CHA,BOS,0,0.310718
22400133,2024-25,2024-11-01,CLE,ORL,1,0.649368
22400134,2024-25,2024-11-01,DET,NYK,0,0.381178
22400135,2024-25,2024-11-01,ATL,SAC,0,0.378283
22400136,2024-25,2024-11-01,BKN,CHI,1,0.563253
22400137,2024-25,2024-11-01,TOR,LAL,0,0.389892
22400138,2024-25,2024-11-01,NOP,IND,1,0.427664
22400139,2024-25,2024-11-01,MIN,DEN,1,0.580919
22400140,2024-25,2024-11-01,POR,OKC,0,0.239847
22400141,2024-25,2024-11-02,CHA,BOS,0,0.274397
22400142,2024-25,2024-11-02,PHI,MEM,0,0.582853
22400143,2024-25,2024-11-02,TOR,SAC,1,0.356483
22400144,2024-25,2024-11-02,HOU,GSW,0,0.522117
22400145,2024-25,2024-11-02,MIL,CLE,0,0.379311
22400146,2024-25,2024-11-02,SAS,MIN,1,0.585833
22400148,2024-25,2024-11-02,DEN,UTA,1,0.700721
22400149,2024-25,2024-11-02,PHX,POR,1,0.775505
22400150,2024-25,2024-11-02,LAC,OKC,0,0.451732
22400151,2024-25,2024-11-03,BKN,DET,0,0.66253
22400152,2024-25,2024-11-03,NOP,ATL,0,0.477814
22400153,2024-25,2024-11-03,DAL,ORL,1,0.593245
22400154,2024-25,2024-11-04,CLE,MIL,1,0.731595
22400155,2024-25,2024-11-04,WAS,GSW,0,0.307185
22400156,2024-25,2024-11-04,DET,LAL,1,0.294046
22400157,2024-25,2024-11-04,ATL,BOS,0,0.222965
22400158,2024-25,2024-11-04,BKN,MEM,1,0.433702
22400159,2024-25,2024-11-04,MIA,SAC,0,0.408164
22400160,2024-25,2024-11-04,CHI,UTA,0,0.677603
22400161,2024-25,2024-11-04,HOU,NYK,1,0.512277
22400162,2024-25,2024-11-04,MIN,CHA,1,0.679389
22400163,2024-25,2024-11-04,OKC,ORL,1,0.841978
22400164,2024-25,2024-11-04,NOP,POR,0,0.349585
22400165,2024-25,2024-11-04,DAL,IND,0,0.614461
22400166,2024-25,2024-11-04,DEN,TOR,1,0.712651
22400167,2024-25,2024-11-04,PHX,PHI,1,0.704988
22400168,2024-25,2024-11-04,LAC,SAS,1,0.570313
22400169,2024-25,2024-11-06,CHA,DET,1,0.398375
22400170,2024-25,2024-11-06,IND,ORL,1,0.525573
22400171,2024-25,2024-11-06,ATL,NYK,1,0.36218
22400172,2024-25,2024-11-06,BOS,GSW,0,0.53811
22400173,2024-25,2024-11-06,HOU,SAS,1,0.619405
22400174,2024-25,2024-11-06,MEM,LAL,1,0.499927
22400175,2024-25,2024-11-06,NOP,CLE,0,0.161493
22400176,2024-25,2024-11-06,DAL,CHI,1,0.751563
22400177,2024-25,2024-11-06,DEN,OKC,1,0.311755
22400178,2024-25,2024-11-06,PHX,MIA,1,0.628411
22400179,2024-25,2024-11-06,LAC,PHI,1,0.645442
22400180,2024-25,2024-11-06,SAC,TOR,1,0.689991
22400181,2024-25,2024-11-07,CHI,MIN,0,0.25817
22400182,2024-25,2024-11-07,MIL,UTA,1,0.627296
22400183,2024-25,2024-11-07,SAS,POR,1,0.500239
22400184,2024-25,2024-11-08,CHA,IND,1,0.416171
22400185,2024-25,2024-11-08,DET,ATL,1,0.53145
22400186,2024-25,2024-11-08,ORL,NOP,1,0.671754
22400187,2024-25,2024-11-08,BOS,BKN,1,0.751672
22400188,2024-25,2024-11-08,CLE,GSW,1,0.555368
22400189,2024-25,2024-11-08,NYK,MIL,1,0.671881
22400190,2024-25,2024-11-08,DAL,PHX,0,0.558195
22400191,2024-25,2024-11-08,MEM,WAS,1,0.672517
22400192,2024-25,2024-11-08,OKC,HOU,1,0.626667
22400193,2024-25,2024-11-08,MIN,POR,1,0.677389
22400194,2024-25,2024-11-08,DEN,MIA,1,0.608981
22400195,2024-25,2024-11-08,LAL,PHI,1,0.474566
22400196,2024-25,2024-11-08,SAC,LAC,0,0.610852
22400197,2024-25,2024-11-09,SAS,UTA,0,0.755652
22400198,2024-25,2024-11-09,ATL,CHI,0,0.626789
22400199,2024-25,2024-11-09,CLE,BKN,1,0.758459
22400200,2024-25,2024-11-09,LAC,TOR,1,0.630974
22400201,2024-25,2024-11-10,DET,HOU,0,0.367362
22400202,2024-25,2024-11-10,MIL,BOS,0,0.33037
22400203,2024-25,2024-11-10,IND,NYK,1,0.38449
22400204,2024-25,2024-11-10,ORL,WAS,1,0.711119
22400205,2024-25,2024-11-10,PHI,CHA,1,0.509781
22400206,2024-25,2024-11-10,MIN,MIA,0,0.677688
22400207,2024-25,2024-11-10,OKC,GSW,0,0.695658
22400208,2024-25,2024-11-10,DEN,DAL,1,0.560759
22400209,2024-25,2024-11-10,PHX,SAC,0,0.473449
22400210,2024-25,2024-11-10,POR,MEM,0,0.462869
22400211,2024-25,2024-11-10,LAL,TOR,1,0.726095
22400212,2024-25,2024-11-11,CHI,CLE,0,0.230648
22400213,2024-25,2024-11-11,HOU,WAS,1,0.830184
22400214,2024-25,2024-11-11,NOP,BKN,0,0.294649
22400215,2024-25,2024-11-11,OKC,LAC,1,0.698183
22400216,2024-25,2024-11-11,SAS,SAC,1,0.492909
22400001,2024-25,2024-11-12,BOS,ATL,0,0.816138
22400002,2024-25,2024-11-12,DET,MIA,1,0.564621
22400003,2024-25,2024-11-12,ORL,CHA,1,0.69708
22400004,2024-25,2024-11-12,PHI,NYK,0,0.361953
22400005,2024-25,2024-11-12,MIL,TOR,1,0.646202
22400006,2024-25,2024-11-12,UTA,PHX,0,0.418144
22400007,2024-25,2024-11-12,GSW,DAL,1,0.585557
22400008,2024-25,2024-11-12,POR,MIN,1,0.362083
22400217,2024-25,2024-11-13,ORL,IND,1,0.585176
22400218,2024-25,2024-11-13,BKN,BOS,0,0.418826
22400219,2024-25,2024-11-13,NYK,CHI,0,0.67969
22400220,2024-25,2024-11-13,PHI,CLE,0,0.176606
22400221,2024-25,2024-11-13,OKC,NOP,1,0.896511
22400222,2024-25,2024-11-13,HOU,LAC,1,0.643951
22400223,2024-25,2024-11-13,MIL,DET,1,0.567589
22400224,2024-25,2024-11-13,SAS,WAS,1,0.768932
22400225,2024-25,2024-11-13,LAL,MEM,1,0.571431
22400226,2024-25,2024-11-13,POR,MIN,1,0.390023
22400227,2024-25,2024-11-13,SAC,PHX,1,0.745405
22400228,2024-25,2024-11-14,UTA,DAL,1,0.301061
22400009,2024-25,2024-11-15,IND,MIA,0,0.590632
22400010,2024-25,2024-11-15,ORL,PHI,1,0.842514
22400011,2024-25,2024-11-15,TOR,DET,0,0.464133
22400012,2024-25,2024-11-15,ATL,WAS,1,0.68671
22400013,2024-25,2024-11-15,CLE,CHI,1,0.815029
22400014,2024-25,2024-11-15,NYK,BKN,1,0.648604
22400015,2024-25,2024-11-15,SAS,LAL,0,0.579823
22400016,2024-25,2024-11-15,HOU,LAC,1,0.656672
22400017,2024-25,2024-11-15,NOP,DEN,1,0.312835
22400018,2024-25,2024-11-15,OKC,PHX,1,0.828828
22400019,2024-25,2024-11-15,GSW,MEM,1,0.704996
22400020,2024-25,2024-11-15,SAC,MIN,0,0.645859
22400229,2024-25,2024-11-16,CHA,MIL,1,0.484838
22400230,2024-25,2024-11-16,BOS,TOR,1,0.924167
22400231,2024-25,2024-11-16,NOP,LAL,0,0.353919
22400232,2024-25,2024-11-16,DAL,SAS,1,0.691046
22400233,2024-25,2024-11-16,SAC,UTA,1,0.71674
22400234,2024-25,2024-11-17,MIN,PHX,1,0.6744
22400235,2024-25,2024-11-17,IND,MIA,1,0.530615
22400236,2024-25,2024-11-17,CLE,CHA,1,0.865955
22400237,2024-25,2024-11-17,WAS,DET,0,0.41559
22400238,2024-25,2024-11-17,MEM,DEN,1,0.664519
22400239,2024-25,2024-11-17,POR,ATL,1,0.428692
22400240,2024-25,2024-11-17,NYK,BKN,1,0.62103
22400241,2024-25,2024-11-17,CHI,HOU,0,0.287867
22400242,2024-25,2024-11-17,OKC,DAL,0,0.768079
22400243,2024-25,2024-11-17,LAC,UTA,1,0.802237
22400244,2024-25,2024-11-18,DET,CHI,0,0.677386
22400245,2024-25,2024-11-18,MIA,PHI,1,0.556141
22400246,2024-25,2024-11-18,NYK,WAS,1,0.850173
22400247,2024-25,2024-11-18,TOR,IND,1,0.576935
22400248,2024-25,2024-11-18,MIL,HOU,1,0.423476
22400249,2024-25,2024-11-18,PHX,ORL,0,0.346152
22400250,2024-25,2024-11-18,SAC,ATL,0,0.662586
22400251,2024-25,2024-11-18,LAC,GSW,1,0.325507
22400021,2024-25,2024-11-19,BOS,CLE,1,0.630558
22400022,2024-25,2024-11-19,BKN,CHA,1,0.612237
22400023,2024-25,2024-11-19,MEM,DEN,0,0.730022
22400024,2024-25,2024-11-19,DAL,NOP,1,0.773046
22400025,2024-25,2024-11-19,SAS,OKC,1,0.257714
22400026,2024-25,2024-11-19,LAL,UTA,1,0.747246
22400252,2024-25,2024-11-20,CLE,NOP,1,0.887018
22400253,2024-25,2024-11-20,MIL,CHI,1,0.688406
22400254,2024-25,2024-11-20,HOU,IND,1,0.794335
22400255,2024-25,2024-11-20,MEM,PHI,1,0.679702
22400256,2024-25,2024-11-20,OKC,POR,1,0.798505
22400257,2024-25,2024-11-20,PHX,NYK,0,0.379225
22400258,2024-25,2024-11-20,GSW,ATL,1,0.726424
22400259,2024-25,2024-11-20,LAC,ORL,1,0.452778
22400260,2024-25,2024-11-21,CHA,DET,1,0.455055
22400261,2024-25,2024-11-21,TOR,MIN,1,0.370028
22400262,2024-25,2024-11-21,SAS,UTA,1,0.693211
22400263,2024-25,2024-11-21,LAL,ORL,0,0.570559
22400027,2024-25,2024-11-22,PHI,BKN,1,0.536244
22400028,2024-25,2024-11-22,WAS,BOS,0,0.158644
22400029,2024-25,2024-11-22,MIL,IND,1,0.670483
22400030,2024-25,2024-11-22,CHI,ATL,1,0.494665
22400031,2024-25,2024-11-22,HOU,POR,1,0.845978
22400032,2024-25,2024-11-22,NOP,GSW,0,0.194385
22400033,2024-25,2024-11-22,DEN,DAL,0,0.365732
22400034,2024-25,2024-11-22,LAC,SAC,1,0.566783
22400264,2024-25,2024-11-23,UTA,NYK,1,0.307364
22400265,2024-25,2024-11-23,ORL,DET,1,0.668292
22400266,2024-25,2024-11-23,CHI,MEM,0,0.340368
22400267,2024-25,2024-11-23,HOU,POR,0,0.863039
22400268,2024-25,2024-11-23,MIL,CHA,1,0.632692
22400269,2024-25,2024-11-23,SAS,GSW,1,0.466487
22400270,2024-25,2024-11-23,LAL,DEN,0,0.671337
22400271,2024-25,2024-11-24,BOS,MIN,1,0.706578
22400272,2024-25,2024-11-24,IND,WAS,1,0.741894
22400273,2024-25,2024-11-24,MIA,DAL,1,0.500955
22400274,2024-25,2024-11-24,PHI,LAC,0,0.359142
22400275,2024-25,2024-11-24,CLE,TOR,1,0.808546
22400276,2024-25,2024-11-24,SAC,BKN,0,0.724391
22400277,2024-25,2024-11-25,CHA,ORL,0,0.318039
22400278,2024-25,2024-11-25,DET,TOR,1,0.66852
22400279,2024-25,2024-11-25,IND,NOP,1,0.647545
22400280,2024-25,2024-11-25,ATL,DAL,0,0.497692
22400281,2024-25,2024-11-25,BOS,LAC,1,0.705221
22400282,2024-25,2024-11-25,MEM,POR,1,0.747839
22400283,2024-25,2024-11-25,DEN,NYK,0,0.537864
22400284,2024-25,2024-11-25,GSW,BKN,0,0.773078
22400285,2024-25,2024-11-25,SAC,OKC,0,0.313208
22400035,2024-25,2024-11-26,WAS,CHI,0,0.412484
22400036,2024-25,2024-11-26,MIA,MIL,0,0.548673
22400037,2024-25,2024-11-26,MIN,HOU,0,0.393308
22400038,2024-25,2024-11-26,UTA,SAS,0,0.490281
22400039,2024-25,2024-11-26,PHX,LAL,1,0.511377
22400286,2024-25,2024-11-27,CHA,MIA,0,0.505522
22400287,2024-25,2024-11-27,CLE,ATL,0,0.811591
22400288,2024-25,2024-11-27,IND,POR,1,0.671159
22400289,2024-25,2024-11-27,ORL,CHI,1,0.842757
22400290,2024-25,2024-11-27,PHI,HOU,0,0.276659
22400291,2024-25,2024-11-27,WAS,LAC,0,0.191155
22400292,2024-25,2024-11-27,DAL,NYK,1,0.469985
22400293,2024-25,2024-11-27,MEM,DET,1,0.7333
22400294,2024-25,2024-11-27,MIN,SAC,0,0.504524
22400295,2024-25,2024-11-27,NOP,TOR,0,0.432471
22400296,2024-25,2024-11-27,SAS,LAL,0,0.635266
22400297,2024-25,2024-11-27,PHX,BKN,0,0.61011
22400298,2024-25,2024-11-27,UTA,DEN,0,0.350076
22400299,2024-25,2024-11-27,GSW,OKC,0,0.358825
22400040,2024-25,2024-11-29,CHA,NYK,0,0.289998
22400041,2024-25,2024-11-29,ATL,CLE,1,0.314758
22400042,2024-25,2024-11-29,MEM,NOP,1,0.807897
22400043,2024-25,2024-11-29,BKN,ORL,0,0.294445
22400044,2024-25,2024-11-29,MIN,LAC,1,0.530814
22400045,2024-25,2024-11-29,IND,DET,0,0.626745
22400046,2024-25,2024-11-29,MIA,TOR,1,0.641024
22400047,2024-25,2024-11-29,CHI,BOS,0,0.262206
22400048,2024-25,2024-11-29,LAL,OKC,0,0.294134
22400049,2024-25,2024-11-29,POR,SAC,1,0.35408
22400300,2024-25,2024-11-30,CHA,ATL,0,0.415874
22400301,2024-25,2024-11-30,DET,PHI,0,0.620485
22400302,2024-25,2024-11-30,MIL,WAS,1,0.75076
22400303,2024-25,2024-11-30,PHX,GSW,1,0.50884
22400304,2024-25,2024-11-30,UTA,DAL,0,0.313444
22400305,2024-25,2024-12-01,BKN,ORL,0,0.296218
22400306,2024-25,2024-12-01,MEM,IND,1,0.71251
22400307,2024-25,2024-12-01,CLE,BOS,1,0.492611
22400308,2024-25,2024-12-01,NYK,NOP,1,0.831868
22400309,2024-25,2024-12-01,TOR,MIA,1,0.441499
22400310,2024-25,2024-12-01,HOU,OKC,1,0.484411
22400311,2024-25,2024-12-01,UTA,LAL,0,0.355515
22400312,2024-25,2024-12-01,POR,DAL,0,0.415264
22400313,2024-25,2024-12-01,SAC,SAS,0,0.55323
22400314,2024-25,2024-12-01,LAC,DEN,1,0.522025
22400315,2024-25,2024-12-02,ATL,NOP,1,0.801937
22400316,2024-25,2024-12-02,BOS,MIA,1,0.698
22400317,2024-25,2024-12-02,CHI,BKN,1,0.635448
22400318,2024-25,2024-12-02,MIN,LAL,1,0.716139
22400050,2024-25,2024-12-03,CHA,PHI,0,0.521372
22400051,2024-25,2024-12-03,CLE,WAS,1,0.90094
22400052,2024-25,2024-12-03,DET,MIL,0,0.415953
22400053,2024-25,2024-12-03,NYK,ORL,1,0.513001
22400054,2024-25,2024-12-03,TOR,IND,1,0.557272
22400055,2024-25,2024-12-03,OKC,UTA,1,0.899373
22400056,2024-25,2024-12-03,DAL,MEM,1,0.498112
22400057,2024-25,2024-12-03,PHX,SAS,1,0.509027
22400058,2024-25,2024-12-03,DEN,GSW,1,0.567274
22400059,2024-25,2024-12-03,SAC,HOU,1,0.409043
22400060,2024-25,2024-12-03,LAC,POR,1,0.744848
22400319,2024-25,2024-12-04,BOS,DET,1,0.836978
22400320,2024-25,2024-12-04,BKN,IND,1,0.600745
22400321,2024-25,2024-12-04,MIA,LAL,1,0.561105
22400322,2024-25,2024-12-04,PHI,ORL,0,0.27536
22400323,2024-25,2024-12-04,MIL,ATL,0,0.548081
22400324,2024-25,2024-12-04,LAC,MIN,0,0.500245
22400325,2024-25,2024-12-05,CLE,DEN,1,0.676532
22400326,2024-25,2024-12-05,WAS,DAL,0,0.162565
22400327,2024-25,2024-12-05,NYK,CHA,1,0.838227
22400328,2024-25,2024-12-05,TOR,OKC,0,0.259812
22400329,2024-25,2024-12-05,MEM,SAC,1,0.618083
22400330,2024-25,2024-12-05,NOP,PHX,1,0.338364
22400331,2024-25,2024-12-05,SAS,CHI,0,0.627027
22400332,2024-25,2024-12-05,GSW,HOU,1,0.441202
22400333,2024-25,2024-12-06,PHI,ORL,1,0.216043
22400334,2024-25,2024-12-06,ATL,LAL,1,0.653585
22400335,2024-25,2024-12-06,BOS,MIL,1,0.680323
22400336,2024-25,2024-12-06,CHI,IND,0,0.504387
22400337,2024-25,2024-12-06,SAS,SAC,0,0.422437
22400338,2024-25,2024-12-06,GSW,MIN,0,0.439928
22400339,2024-25,2024-12-06,POR,UTA,0,0.603382
22400340,2024-25,2024-12-07,CHA,CLE,0,0.197078
22400341,2024-25,2024-12-07,WAS,DEN,1,0.210234
22400342,2024-25,2024-12-07,NOP,OKC,0,0.153049
22400343,2024-25,2024-12-07,NYK,DET,0,0.756389
22400344,2024-25,2024-12-07,TOR,DAL,0,0.281773
22400345,2024-25,2024-12-07,BOS,MEM,0,0.537694
22400346,2024-25,2024-12-07,MIA,PHX,1,0.633499
22400347,2024-25,2024-12-08,CHI,PHI,0,0.664262
22400348,2024-25,2024-12-08,BKN,MIL,0,0.474604
22400349,2024-25,2024-12-08,IND,CHA,0,0.757751
22400350,2024-25,2024-12-08,ATL,DEN,0,0.704308
22400351,2024-25,2024-12-08,MIA,CLE,1,0.453561
22400352,2024-25,2024-12-08,ORL,PHX,1,0.796348
22400353,2024-25,2024-12-08,WAS,MEM,0,0.179286
22400354,2024-25,2024-12-08,SAS,NOP,1,0.670516
22400355,2024-25,2024-12-08,GSW,MIN,1,0.501024
22400356,2024-25,2024-12-08,LAC,HOU,0,0.418214
22400357,2024-25,2024-12-08,SAC,UTA,1,0.794098
22400358,2024-25,2024-12-08,LAL,POR,1,0.640033
22400359,2024-25,2024-12-09,TOR,NYK,0,0.385029
22401201,2024-25,2024-12-10,MIL,ORL,1,0.46677
22401203,2024-25,2024-12-10,OKC,DAL,1,0.633264
22401202,2024-25,2024-12-11,NYK,ATL,0,0.726199
22401204,2024-25,2024-12-11,HOU,GSW,1,0.640287
22401205,2024-25,2024-12-12,BOS,DET,1,0.798677
22401206,2024-25,2024-12-12,MIA,TOR,1,0.679946
22401207,2024-25,2024-12-12,NOP,SAC,0,0.24418
22401208,2024-25,2024-12-13,CLE,WAS,1,0.904845
22401209,2024-25,2024-12-13,PHI,IND,0,0.580517
22401210,2024-25,2024-12-13,MIN,LAL,1,0.74362
22401211,2024-25,2024-12-13,MEM,BKN,1,0.698582
22401212,2024-25,2024-12-13,CHI,CHA,1,0.638237
22401213,2024-25,2024-12-13,DEN,LAC,1,0.602346
22401214,2024-25,2024-12-13,UTA,PHX,0,0.512427
22401215,2024-25,2024-12-13,POR,SAS,0,0.419181
22401216,2024-25,2024-12-15,IND,NOP,1,0.680116
22401217,2024-25,2024-12-15,WAS,BOS,0,0.132686
22401218,2024-25,2024-12-15,SAS,MIN,0,0.377325
22401219,2024-25,2024-12-15,PHX,POR,1,0.714179
22401220,2024-25,2024-12-15,LAL,MEM,1,0.301442
22401227,2024-25,2024-12-15,ORL,NYK,0,0.507243
22401228,2024-25,2024-12-15,GSW,DAL,0,0.444055
22401221,2024-25,2024-12-16,DET,MIA,1,0.394086
22401222,2024-25,2024-12-16,CHA,PHI,0,0.434254
22401223,2024-25,2024-12-16,TOR,CHI,0,0.524631
22401224,2024-25,2024-12-16,BKN,CLE,0,0.306767
22401225,2024-25,2024-12-16,SAC,DEN,0,0.545367
22401226,2024-25,2024-12-16,LAC,UTA,1,0.727473
22400360,2024-25,2024-12-19,DET,UTA,0,0.642947
22400361,2024-25,2024-12-19,ORL,OKC,0,0.344911
22400362,2024-25,2024-12-19,WAS,CHA,1,0.37577
22400363,2024-25,2024-12-19,BOS,CHI,0,0.82238
22400364,2024-25,2024-12-19,TOR,BKN,0,0.583454
22400365,2024-25,2024-12-19,HOU,NOP,1,0.86566
22400366,2024-25,2024-12-19,MEM,GSW,1,0.592889
22400367,2024-25,2024-12-19,MIN,NYK,0,0.524731
22400368,2024-25,2024-12-19,DAL,LAC,0,0.669243
22400369,2024-25,2024-12-19,PHX,IND,0,0.59541
22400370,2024-25,2024-12-19,SAS,ATL,1,0.47018
22400371,2024-25,2024-12-19,POR,DEN,1,0.283797
22400372,2024-25,2024-12-19,SAC,LAL,0,0.66583
22400373,2024-25,2024-12-20,PHI,CHA,1,0.64441
22400374,2024-25,2024-12-20,CLE,MIL,1,0.667854
22400375,2024-25,2024-12-20,MIA,OKC,0,0.396166
22400376,2024-25,2024-12-21,SAC,LAL,0,0.593462
22400377,2024-25,2024-12-21,ORL,MIA,1,0.658356
22400378,2024-25,2024-12-21,ATL,MEM,0,0.379532
22400379,2024-25,2024-12-21,BKN,UTA,0,0.60769
22400380,2024-25,2024-12-21,CLE,PHI,1,0.790846
22400381,2024-25,2024-12-21,CHI,BOS,0,0.243982
22400382,2024-25,2024-12-21,MIL,WAS,1,0.693557
22400383,2024-25,2024-12-21,MIN,GSW,0,0.569221
22400384,2024-25,2024-12-21,NOP,NYK,0,0.223049
22400385,2024-25,2024-12-21,DAL,LAC,1,0.512987
22400386,2024-25,2024-12-21,SAS,POR,1,0.660109
22400387,2024-25,2024-12-21,PHX,DET,0,0.660844
22400388,2024-25,2024-12-22,TOR,HOU,0,0.263607
22400389,2024-25,2024-12-22,SAC,IND,0,0.562412
22400390,2024-25,2024-12-22,NOP,DEN,0,0.216317
22400391,2024-25,2024-12-23,CHA,HOU,0,0.262577
22400392,2024-25,2024-12-23,CLE,UTA,1,0.865919
22400393,2024-25,2024-12-23,ORL,BOS,1,0.381065
22400394,2024-25,2024-12-23,PHI,SAS,1,0.411576
22400395,2024-25,2024-12-23,ATL,MIN,1,0.401858
22400396,2024-25,2024-12-23,MIA,BKN,1,0.653468
22400397,2024-25,2024-12-23,NYK,TOR,1,0.849695
22400398,2024-25,2024-12-23,CHI,MIL,0,0.582341
22400399,2024-25,2024-12-23,MEM,LAC,0,0.582624
22400400,2024-25,2024-12-23,OKC,WAS,1,0.930073
22400401,2024-25,2024-12-23,DAL,POR,1,0.758569
22400402,2024-25,2024-12-23,DEN,PHX,1,0.647212
22400403,2024-25,2024-12-23,GSW,IND,0,0.672434
22400404,2024-25,2024-12-23,LAL,DET,0,0.603735
22400405,2024-25,2024-12-25,NYK,SAS,1,0.707519
22400406,2024-25,2024-12-25,DAL,MIN,0,0.657204
22400407,2024-25,2024-12-25,BOS,PHI,0,0.775834
22400408,2024-25,2024-12-25,GSW,LAL,0,0.596931
22400409,2024-25,2024-12-25,PHX,DEN,1,0.381762
22400410,2024-25,2024-12-26,IND,OKC,0,0.24217
22400411,2024-25,2024-12-26,ORL,MIA,0,0.577944
22400412,2024-25,2024-12-26,WAS,CHA,1,0.400277
22400413,2024-25,2024-12-26,ATL,CHI,1,0.6126
22400414,2024-25,2024-12-26,MEM,TOR,1,0.765598
22400415,2024-25,2024-12-26,MIL,BKN,0,0.524009
22400416,2024-25,2024-12-26,NOP,HOU,0,0.193472
22400417,2024-25,2024-12-26,POR,UTA,1,0.573305
22400418,2024-25,2024-12-26,SAC,DET,0,0.62412
22400419,2024-25,2024-12-27,ORL,NYK,0,0.389119
22400420,2024-25,2024-12-27,BOS,IND,1,0.818975
22400421,2024-25,2024-12-27,BKN,SAS,0,0.391177
22400422,2024-25,2024-12-27,HOU,MIN,0,0.564072
22400423,2024-25,2024-12-27,NOP,MEM,0,0.230829
22400424,2024-25,2024-12-27,DEN,CLE,0,0.42888
22400425,2024-25,2024-12-27,PHX,DAL,0,0.306755
22400426,2024-25,2024-12-27,LAC,GSW,1,0.548123
22400427,2024-25,2024-12-28,ATL,MIA,1,0.501995
22400428,2024-25,2024-12-28,CHA,OKC,0,0.157709
22400429,2024-25,2024-12-28,WAS,NYK,0,0.24765
22400430,2024-25,2024-12-28,CHI,MIL,1,0.528539
22400431,2024-25,2024-12-28,GSW,PHX,1,0.634353
22400432,2024-25,2024-12-28,DEN,DET,1,0.592709
22400433,2024-25,2024-12-28,UTA,PHI,0,0.450693
22400434,2024-25,2024-12-28,POR,DAL,1,0.404443
22400435,2024-25,2024-12-28,LAL,SAC,1,0.518237
22400436,2024-25,2024-12-29,ORL,BKN,1,0.708945
22400437,2024-25,2024-12-29,BOS,IND,0,0.730558
22400438,2024-25,2024-12-29,TOR,ATL,0,0.529323
22400439,2024-25,2024-12-29,HOU,MIA,0,0.787044
22400440,2024-25,2024-12-29,OKC,MEM,1,0.597215
22400441,2024-25,2024-12-29,MIN,SAS,1,0.61376
22400442,2024-25,2024-12-30,CHA,CHI,0,0.426512
22400443,2024-25,2024-12-30,WAS,NYK,0,0.152278
22400444,2024-25,2024-12-30,NOP,LAC,0,0.289999
22400445,2024-25,2024-12-30,UTA,DEN,0,0.299628
22400446,2024-25,2024-12-30,GSW,CLE,0,0.331326
22400447,2024-25,2024-12-30,POR,PHI,0,0.442296
22400448,2024-25,2024-12-30,SAC,DAL,1,0.526176
22400449,2024-25,2024-12-31,BOS,TOR,1,0.784721
22400450,2024-25,2024-12-31,IND,MIL,0,0.584004
22400451,2024-25,2024-12-31,SAS,LAC,1,0.521156
22400452,2024-25,2024-12-31,OKC,MIN,1,0.736568
22400453,2024-25,2024-12-31,PHX,MEM,0,0.398432
22400454,2024-25,2024-12-31,LAL,CLE,0,0.358882
22400455,2024-25,2025-01-01,DET,ORL,1,0.435857
22400456,2024-25,2025-01-01,WAS,CHI,1,0.375851
22400457,2024-25,2025-01-01,MIA,NOP,1,0.737703
22400458,2024-25,2025-01-01,NYK,UTA,1,0.871565
22400459,2024-25,2025-01-01,TOR,BKN,1,0.398749
22400460,2024-25,2025-01-01,HOU,DAL,1,0.736688
22400461,2024-25,2025-01-01,DEN,ATL,1,0.614872
22400462,2024-25,2025-01-01,SAC,PHI,1,0.630612
22400463,2024-25,2025-01-02,MIA,IND,0,0.51646
22400464,2024-25,2025-01-02,MIN,BOS,0,0.41254
22400465,2024-25,2025-01-02,MIL,BKN,0,0.76341
22400466,2024-25,2025-01-02,OKC,LAC,1,0.750707
22400467,2024-25,2025-01-02,GSW,PHI,1,0.767739
22400468,2024-25,2025-01-02,LAL,POR,1,0.737104
22400469,2024-25,2025-01-03,DET,CHA,1,0.719796
22400470,2024-25,2025-01-03,TOR,ORL,0,0.295
22400471,2024-25,2025-01-03,HOU,BOS,0,0.656432
22400472,2024-25,2025-01-03,NOP,WAS,1,0.613019
22400473,2024-25,2025-01-03,OKC,NYK,1,0.642012
22400474,2024-25,2025-01-03,DAL,CLE,0,0.370639
22400475,2024-25,2025-01-03,DEN,SAS,0,0.66945
22400476,2024-25,2025-01-03,SAC,MEM,1,0.572003
22400477,2024-25,2025-01-03,LAL,ATL,1,0.449579
22400478,2024-25,2025-01-04,BKN,PHI,0,0.557267
22400479,2024-25,2025-01-04,DET,MIN,1,0.359453
22400480,2024-25,2025-01-04,IND,PHX,1,0.604711
22400481,2024-25,2025-01-04,MIA,UTA,0,0.789939
22400482,2024-25,2025-01-04,CHI,NYK,1,0.354777
22400483,2024-25,2025-01-04,MIL,POR,0,0.744113
22400484,2024-25,2025-01-04,SAS,DEN,0,0.521815
22400485,2024-25,2025-01-04,GSW,MEM,1,0.610548
22400486,2024-25,2025-01-04,LAC,ATL,1,0.579511
22400487,2024-25,2025-01-05,OKC,BOS,1,0.632377
22400488,2024-25,2025-01-05,CLE,CHA,1,0.877323
22400489,2024-25,2025-01-05,WAS,NOP,0,0.455531
22400490,2024-25,2025-01-05,ORL,UTA,0,0.810753
22400491,2024-25,2025-01-05,HOU,LAL,1,0.659733
22400492,2024-25,2025-01-05,GSW,SAC,0,0.394627
22400493,2024-25,2025-01-06,DET,POR,1,0.663573
22400494,2024-25,2025-01-06,PHI,PHX,0,0.567127
22400495,2024-25,2025-01-06,BKN,IND,0,0.319899
22400496,2024-25,2025-01-06,NYK,ORL,0,0.739331
22400497,2024-25,2025-01-06,TOR,MIL,0,0.377302
22400498,2024-25,2025-01-06,CHI,SAS,1,0.440794
22400499,2024-25,2025-01-06,MEM,DAL,1,0.57518
22400500,2024-25,2025-01-06,MIN,LAC,1,0.512655
22400501,2024-25,2025-01-06,SAC,MIA,1,0.556567
22400502,2024-25,2025-01-07,CHA,PHX,1,0.507549
22400503,2024-25,2025-01-07,WAS,HOU,0,0.177527
22400504,2024-25,2025-01-07,DAL,LAL,1,0.428528
22400505,2024-25,2025-01-07,NOP,MIN,0,0.470966
22400506,2024-25,2025-01-07,UTA,ATL,0,0.419046
22400507,2024-25,2025-01-07,DEN,BOS,0,0.408922
22400508,2024-25,2025-01-07,GSW,MIA,0,0.635875
22400509,2024-25,2025-01-08,CLE,OKC,1,0.472043
22400510,2024-25,2025-01-08,IND,CHI,1,0.650948
22400511,2024-25,2025-01-08,NYK,TOR,1,0.740917
22400512,2024-25,2025-01-08,PHI,WAS,1,0.805025
22400513,2024-25,2025-01-08,BKN,DET,0,0.401036
22400514,2024-25,2025-01-08,NOP,POR,0,0.466881
22400515,2024-25,2025-01-08,DEN,LAC,1,0.396307
22400516,2024-25,2025-01-08,MIL,SAS,1,0.537084
22400517,2024-25,2025-01-09,CLE,TOR,1,0.860622
22400518,2024-25,2025-01-09,DET,GSW,0,0.486453
22400519,2024-25,2025-01-09,ORL,MIN,0,0.573621
22400520,2024-25,2025-01-09,MEM,HOU,0,0.415598
22400521,2024-25,2025-01-09,DAL,POR,1,0.757128
22400522,2024-25,2025-01-09,PHX,ATL,1,0.488595
22400523,2024-25,2025-01-09,UTA,MIA,0,0.412375
22400525,2024-25,2025-01-10,IND,GSW,1,0.714552
22400526,2024-25,2025-01-10,ORL,MIL,0,0.465745
22400527,2024-25,2025-01-10,PHI,NOP,0,0.670044
22400528,2024-25,2025-01-10,BOS,SAC,0,0.735128
22400529,2024-25,2025-01-10,NYK,OKC,0,0.410696
22400530,2024-25,2025-01-10,CHI,WAS,1,0.740432
22400531,2024-25,2025-01-10,DEN,BKN,1,0.765431
22400533,2024-25,2025-01-11,PHX,UTA,1,0.651144
22400534,2024-25,2025-01-11,DET,TOR,1,0.636065
22400535,2024-25,2025-01-11,MIN,MEM,0,0.403995
22400536,2024-25,2025-01-11,POR,MIA,0,0.351105
22400539,2024-25,2025-01-12,NYK,MIL,1,0.664816
22400540,2024-25,2025-01-12,DAL,DEN,0,0.477645
22400541,2024-25,2025-01-12,CHI,SAC,0,0.36582
22400542,2024-25,2025-01-12,BOS,NOP,1,0.90955
22400543,2024-25,2025-01-12,CLE,IND,0,0.640708
22400544,2024-25,2025-01-12,ORL,PHI,1,0.703356
22400545,2024-25,2025-01-12,WAS,OKC,0,0.067651
22400546,2024-25,2025-01-12,UTA,BKN,1,0.506542
22400547,2024-25,2025-01-12,PHX,CHA,1,0.531093
22400548,2024-25,2025-01-13,WAS,MIN,0,0.159926
22400549,2024-25,2025-01-13,NYK,DET,0,0.649453
22400550,2024-25,2025-01-13,TOR,GSW,1,0.490668
22400551,2024-25,2025-01-13,HOU,MEM,1,0.565985
22400552,2024-25,2025-01-13,LAL,SAS,0,0.584404
22400553,2024-25,2025-01-13,LAC,MIA,1,0.523925
22400554,2024-25,2025-01-14,IND,CLE,0,0.413432
22400555,2024-25,2025-01-14,PHI,OKC,0,0.146199
22400556,2024-25,2025-01-14,ATL,PHX,1,0.536662
22400557,2024-25,2025-01-14,CHI,NOP,0,0.56493
22400558,2024-25,2025-01-14,MIL,SAC,1,0.392812
22400559,2024-25,2025-01-14,DAL,DEN,0,0.386742
22400560,2024-25,2025-01-14,POR,BKN,0,0.519907
22400561,2024-25,2025-01-15,PHI,NYK,0,0.143261
22400562,2024-25,2025-01-15,TOR,BOS,1,0.181688
22400563,2024-25,2025-01-15,CHI,ATL,0,0.488278
22400564,2024-25,2025-01-15,MIL,ORL,1,0.375785
22400565,2024-25,2025-01-15,MIN,GSW,0,0.592323
22400566,2024-25,2025-01-15,NOP,DAL,1,0.308243
22400567,2024-25,2025-01-15,SAS,MEM,0,0.382193
22400568,2024-25,2025-01-15,DEN,HOU,0,0.434266
22400569,2024-25,2025-01-15,UTA,CHA,0,0.452185
22400570,2024-25,2025-01-15,LAL,MIA,1,0.543341
22400571,2024-25,2025-01-15,LAC,BKN,1,0.819311
22400572,2024-25,2025-01-16,DET,IND,0,0.468747
22400573,2024-25,2025-01-16,WAS,PHX,0,0.304341
22400574,2024-25,2025-01-16,OKC,CLE,1,0.618346
22400575,2024-25,2025-01-16,POR,LAC,0,0.355331
22400576,2024-25,2025-01-16,SAC,HOU,1,0.488492
22400577,2024-25,2025-01-17,BOS,ORL,1,0.708776
22400578,2024-25,2025-01-17,NYK,MIN,0,0.569
22400579,2024-25,2025-01-17,MIA,DEN,0,0.529081
22400580,2024-25,2025-01-17,MIL,TOR,1,0.668137
22400581,2024-25,2025-01-17,NOP,UTA,1,0.624854
22400582,2024-25,2025-01-17,SAS,MEM,0,0.35821
22400583,2024-25,2025-01-17,DAL,OKC,1,0.312651
22400584,2024-25,2025-01-17,CHI,CHA,0,0.539747
22400585,2024-25,2025-01-17,LAL,BKN,1,0.731937
22400586,2024-25,2025-01-18,DET,PHX,0,0.576718
22400587,2024-25,2025-01-18,BOS,ATL,0,0.782201
22400588,2024-25,2025-01-18,IND,PHI,1,0.704184
22400589,2024-25,2025-01-18,GSW,WAS,1,0.768848
22400590,2024-25,2025-01-18,MIN,CLE,0,0.293027
22400591,2024-25,2025-01-18,POR,HOU,0,0.196563
22400592,2024-25,2025-01-19,MIA,SAS,1,0.577688
22400593,2024-25,2025-01-19,ORL,DEN,0,0.417514
22400594,2024-25,2025-01-19,MIL,PHI,1,0.809401
22400595,2024-25,2025-01-19,OKC,BKN,1,0.851472
22400596,2024-25,2025-01-19,LAC,LAL,1,0.611612
22400597,2024-25,2025-01-19,POR,CHI,1,0.343636
22400598,2024-25,2025-01-19,SAC,WAS,1,0.902607
22400599,2024-25,2025-01-20,CHA,DAL,1,0.322528
22400600,2024-25,2025-01-20,HOU,DET,0,0.676808
22400601,2024-25,2025-01-20,MEM,MIN,1,0.60633
22400602,2024-25,2025-01-20,NYK,ATL,1,0.612442
22400603,2024-25,2025-01-20,CLE,PHX,1,0.733043
22400604,2024-25,2025-01-20,GSW,BOS,0,0.404963
22400605,2024-25,2025-01-20,NOP,UTA,1,0.658062
22400611,2024-25,2025-01-20,LAC,CHI,0,0.766092
22400606,2024-25,2025-01-21,BKN,NYK,0,0.29337
22400607,2024-25,2025-01-21,MIA,POR,0,0.792666
22400608,2024-25,2025-01-21,TOR,ORL,1,0.425064
22400609,2024-25,2025-01-21,DEN,PHI,1,0.841483
22400610,2024-25,2025-01-21,LAL,WAS,1,0.805557
22400612,2024-25,2025-01-22,ATL,DET,0,0.520067
22400613,2024-25,2025-01-22,BKN,PHX,0,0.362273
22400614,2024-25,2025-01-22,DAL,MIN,0,0.543317
22400615,2024-25,2025-01-22,HOU,CLE,1,0.554857
22400616,2024-25,2025-01-22,MEM,CHA,1,0.802006
22400618,2024-25,2025-01-22,OKC,UTA,1,0.919243
22400619,2024-25,2025-01-22,SAC,GSW,1,0.674667
22400620,2024-25,2025-01-22,LAC,BOS,0,0.327147
22400622,2024-25,2025-01-23,ORL,POR,0,0.649176
22400623,2024-25,2025-01-23,ATL,TOR,0,0.523928
22400624,2024-25,2025-01-23,MIL,MIA,1,0.63018
22400625,2024-25,2025-01-23,OKC,DAL,0,0.766971
22400626,2024-25,2025-01-23,DEN,SAC,1,0.703406
22400628,2024-25,2025-01-23,GSW,CHI,1,0.539713
22400629,2024-25,2025-01-23,LAL,BOS,1,0.467884
22400983,2024-25,2025-01-23,LAC,WAS,1,0.713418
22400630,2024-25,2025-01-24,CHA,POR,0,0.647785
22400631,2024-25,2025-01-24,PHI,CLE,1,0.222199
22400632,2024-25,2025-01-24,MEM,NOP,1,0.819393
22400634,2024-25,2025-01-25,MIN,DEN,1,0.421242
22400635,2024-25,2025-01-25,DAL,BOS,0,0.389576
22400636,2024-25,2025-01-25,BKN,MIA,0,0.383191
22400637,2024-25,2025-01-25,CHA,NOP,1,0.473182
22400638,2024-25,2025-01-25,ORL,DET,1,0.488869
22400639,2024-25,2025-01-25,ATL,TOR,0,0.58469
22400640,2024-25,2025-01-25,CLE,HOU,0,0.423733
22400641,2024-25,2025-01-25,NYK,SAC,1,0.565445
22400642,2024-25,2025-01-25,CHI,PHI,0,0.547546
22400643,2024-25,2025-01-25,MEM,UTA,1,0.677009
22400644,2024-25,2025-01-25,GSW,LAL,0,0.493659
22400645,2024-25,2025-01-25,PHX,WAS,1,0.724062
22400646,2024-25,2025-01-25,LAC,MIL,1,0.530847
22400647,2024-25,2025-01-26,POR,OKC,0,0.146646
22400648,2024-25,2025-01-27,CHA,LAL,0,0.342045
22400649,2024-25,2025-01-27,CLE,DET,1,0.704678
22400650,2024-25,2025-01-27,BOS,HOU,0,0.534008
22400651,2024-25,2025-01-27,BKN,SAC,0,0.289686
22400652,2024-25,2025-01-27,MIA,ORL,1,0.490695
22400653,2024-25,2025-01-27,NYK,MEM,1,0.579604
22400654,2024-25,2025-01-27,TOR,NOP,1,0.615775
22400655,2024-25,2025-01-27,CHI,DEN,1,0.260506
22400656,2024-25,2025-01-27,MIN,ATL,1,0.695852
22400657,2024-25,2025-01-27,DAL,WAS,1,0.832967
22400658,2024-25,2025-01-27,UTA,MIL,0,0.358926
22400659,2024-25,2025-01-27,PHX,LAC,1,0.43209
22400532,2024-25,2025-01-28,ATL,HOU,0,0.24115
22400660,2024-25,2025-01-28,PHI,LAL,1,0.519567
22400661,2024-25,2025-01-28,GSW,UTA,1,0.801291
22400662,2024-25,2025-01-28,POR,MIL,1,0.422736
22400663,2024-25,2025-01-29,CHA,BKN,0,0.558987
22400664,2024-25,2025-01-29,IND,DET,1,0.658116
22400665,2024-25,2025-01-29,WAS,TOR,0,0.303119
22400666,2024-25,2025-01-29,BOS,CHI,1,0.833092
22400667,2024-25,2025-01-29,MIA,CLE,0,0.329115
22400668,2024-25,2025-01-29,NYK,DEN,1,0.597695
22400669,2024-25,2025-01-29,PHI,SAC,1,0.270746
22400670,2024-25,2025-01-29,NOP,DAL,0,0.288887
22400671,2024-25,2025-01-29,SAS,LAC,0,0.434456
22400672,2024-25,2025-01-29,PHX,MIN,0,0.454506
22400673,2024-25,2025-01-29,GSW,OKC,1,0.15821
22400674,2024-25,2025-01-30,WAS,LAL,0,0.153242
22400675,2024-25,2025-01-30,CLE,ATL,1,0.713904
22400676,2024-25,2025-01-30,MEM,HOU,1,0.528973
22400677,2024-25,2025-01-30,UTA,MIN,0,0.349009
22400678,2024-25,2025-01-30,POR,ORL,1,0.444001
22400679,2024-25,2025-01-31,CHA,LAC,0,0.230016
22400680,2024-25,2025-01-31,DET,DAL,1,0.44493
22400681,2024-25,2025-01-31,PHI,DEN,0,0.348403
22400682,2024-25,2025-01-31,TOR,CHI,0,0.634992
22400683,2024-25,2025-01-31,NOP,BOS,0,0.223869
22400684,2024-25,2025-01-31,SAS,MIL,1,0.492396
22400685,2024-25,2025-01-31,GSW,PHX,0,0.563649
22400686,2024-25,2025-02-01,IND,ATL,1,0.723763
22400687,2024-25,2025-02-01,UTA,ORL,1,0.452468
22400688,2024-25,2025-02-01,CHA,DEN,0,0.225077
22400689,2024-25,2025-02-01,HOU,BKN,0,0.768419
22400690,2024-25,2025-02-01,MIN,WAS,0,0.870957
22400691,2024-25,2025-02-01,OKC,SAC,1,0.730267
22400692,2024-25,2025-02-01,NYK,LAL,0,0.722909
22400693,2024-25,2025-02-01,SAS,MIA,0,0.513884
22400694,2024-25,2025-02-01,POR,PHX,1,0.539666
22400695,2024-25,2025-02-02,DET,CHI,1,0.687182
22400696,2024-25,2025-02-02,CLE,DAL,1,0.692374
22400697,2024-25,2025-02-02,TOR,LAC,1,0.358585
22400698,2024-25,2025-02-02,PHI,BOS,0,0.251894
22400699,2024-25,2025-02-02,MIL,MEM,0,0.425877
22400700,2024-25,2025-02-03,CHA,WAS,0,0.653727
22400701,2024-25,2025-02-03,DET,ATL,0,0.545641
22400702,2024-25,2025-02-03,NYK,HOU,1,0.606714
22400703,2024-25,2025-02-03,MEM,SAS,1,0.680525
22400704,2024-25,2025-02-03,MIN,SAC,0,0.446313
22400705,2024-25,2025-02-03,OKC,MIL,1,0.828493
22400706,2024-25,2025-02-03,DEN,NOP,1,0.810278
22400707,2024-25,2025-02-03,UTA,IND,0,0.356353
22400708,2024-25,2025-02-03,GSW,ORL,1,0.561487
22400709,2024-25,2025-02-03,POR,PHX,1,0.479131
22400710,2024-25,2025-02-04,CLE,BOS,0,0.605141
22400711,2024-25,2025-02-04,BKN,HOU,1,0.439012
22400712,2024-25,2025-02-04,PHI,DAL,1,0.485167
22400713,2024-25,2025-02-04,TOR,NYK,0,0.439099
22400714,2024-25,2025-02-04,CHI,MIA,1,0.38869
22400715,2024-25,2025-02-04,LAC,LAL,0,0.607839
22400716,2024-25,2025-02-04,POR,IND,1,0.385645
22400717,2024-25,2025-02-05,CHA,MIL,0,0.512104
22400718,2024-25,2025-02-05,DET,CLE,0,0.39225
22400719,2024-25,2025-02-05,ATL,SAS,0,0.487019
22400720,2024-25,2025-02-05,BKN,WAS,0,0.473664
22400721,2024-25,2025-02-05,PHI,MIA,0,0.530273
22400722,2024-25,2025-02-05,TOR,MEM,0,0.142638
22400723,2024-25,2025-02-05,MIN,CHI,1,0.82706
22400724,2024-25,2025-02-05,OKC,PHX,1,0.815006
22400725,2024-25,2025-02-05,UTA,GSW,1,0.450628
22400726,2024-25,2025-02-05,DEN,NOP,1,0.884592
22400727,2024-25,2025-02-05,SAC,ORL,0,0.582361
22400728,2024-25,2025-02-06,BOS,DAL,0,0.752951
22400729,2024-25,2025-02-06,MIN,HOU,1,0.436375
22400730,2024-25,2025-02-06,DEN,ORL,1,0.756459
22400731,2024-25,2025-02-06,LAL,GSW,1,0.70622
22400732,2024-25,2025-02-06,POR,SAC,1,0.518589
22400733,2024-25,2025-02-06,LAC,IND,0,0.571097
22400734,2024-25,2025-02-07,CHA,SAS,1,0.35029
22400735,2024-25,2025-02-07,WAS,CLE,0,0.143672
22400736,2024-25,2025-02-07,ATL,MIL,1,0.544037
22400737,2024-25,2025-02-07,BKN,MIA,1,0.301538
22400738,2024-25,2025-02-07,DET,PHI,1,0.663107
22400739,2024-25,2025-02-07,OKC,TOR,1,0.958454
22400740,2024-25,2025-02-07,PHX,UTA,1,0.670385
22400741,2024-25,2025-02-08,DAL,HOU,1,0.519146
22400742,2024-25,2025-02-08,LAL,IND,1,0.491197
22400743,2024-25,2025-02-08,ORL,SAS,1,0.613756
22400744,2024-25,2025-02-08,WAS,ATL,0,0.23434
22400745,2024-25,2025-02-08,CHI,GSW,0,0.471261
22400746,2024-25,2025-02-08,MEM,OKC,0,0.541126
22400747,2024-25,2025-02-08,MIN,POR,1,0.691156
22400748,2024-25,2025-02-08,NYK,BOS,0,0.577564
22400749,2024-25,2025-02-08,PHX,DEN,0,0.288865
22400750,2024-25,2025-02-08,SAC,NOP,1,0.843495
22400751,2024-25,2025-02-08,LAC,UTA,1,0.904239
22400752,2024-25,2025-02-09,DET,CHA,1,0.701412
22400753,2024-25,2025-02-09,HOU,TOR,1,0.805969
22400754,2024-25,2025-02-09,MIL,PHI,1,0.626665
22400755,2024-25,2025-02-10,CLE,MIN,1,0.795205
22400756,2024-25,2025-02-10,ORL,ATL,0,0.63996
22400757,2024-25,2025-02-10,WAS,SAS,0,0.174328
22400758,2024-25,2025-02-10,BKN,CHA,1,0.747363
22400759,2024-25,2025-02-10,MIA,BOS,0,0.34756
22400760,2024-25,2025-02-10,MIL,GSW,0,0.36879
22400761,2024-25,2025-02-10,OKC,NOP,1,0.964295
22400762,2024-25,2025-02-10,DAL,SAC,0,0.596824
22400763,2024-25,2025-02-10,DEN,POR,1,0.724355
22400768,2024-25,2025-02-10,LAL,UTA,1,0.900875
22400764,2024-25,2025-02-11,PHI,TOR,0,0.597382
22400765,2024-25,2025-02-11,IND,NYK,0,0.422743
22400766,2024-25,2025-02-11,CHI,DET,0,0.379964
22400767,2024-25,2025-02-11,PHX,MEM,0,0.278959
22400769,2024-25,2025-02-12,BOS,SAS,1,0.800487
22400770,2024-25,2025-02-12,ORL,CHA,1,0.835467
22400771,2024-25,2025-02-12,WAS,IND,0,0.175693
22400772,2024-25,2025-02-12,BKN,PHI,1,0.559508
22400773,2024-25,2025-02-12,NYK,ATL,1,0.750483
22400774,2024-25,2025-02-12,TOR,CLE,0,0.065215
22400775,2024-25,2025-02-12,CHI,DET,0,0.369826
22400776,2024-25,2025-02-12,MIN,MIL,0,0.719302
22400777,2024-25,2025-02-12,NOP,SAC,0,0.149912
22400778,2024-25,2025-02-12,OKC,MIA,1,0.897597
22400779,2024-25,2025-02-12,HOU,PHX,1,0.756631
22400780,2024-25,2025-02-12,DEN,POR,1,0.778467
22400781,2024-25,2025-02-12,UTA,LAL,1,0.166463
22400782,2024-25,2025-02-12,DAL,GSW,1,0.514763
22400783,2024-25,2025-02-12,LAC,MEM,1,0.552947
22400784,2024-25,2025-02-13,HOU,GSW,0,0.61555
22400785,2024-25,2025-02-13,NOP,SAC,1,0.189237
22400786,2024-25,2025-02-13,DAL,MIA,1,0.551669
22400787,2024-25,2025-02-13,MIN,OKC,1,0.343419
22401004,2024-25,2025-02-13,UTA,LAC,0,0.204347
22400524,2024-25,2025-02-19,LAL,CHA,0,0.921094
22400788,2024-25,2025-02-20,IND,MEM,1,0.518861
22400789,2024-25,2025-02-20,PHI,BOS,0,0.120293
22400790,2024-25,2025-02-20,ATL,ORL,0,0.526278
22400791,2024-25,2025-02-20,BKN,CLE,0,0.145528
22400792,2024-25,2025-02-20,NYK,CHI,1,0.855813
22400793,2024-25,2025-02-20,MIL,LAC,1,0.338327
22400794,2024-25,2025-02-20,DEN,CHA,1,0.960731
22400795,2024-25,2025-02-20,SAS,PHX,1,0.599451
22400796,2024-25,2025-02-20,POR,LAL,0,0.448413
22400797,2024-25,2025-02-21,CLE,NYK,1,0.751313
22400798,2024-25,2025-02-21,ORL,MEM,0,0.44293
22400799,2024-25,2025-02-21,WAS,MIL,0,0.269707
22400800,2024-25,2025-02-21,TOR,MIA,0,0.341729
22400801,2024-25,2025-02-21,HOU,MIN,1,0.549285
22400802,2024-25,2025-02-21,SAS,DET,0,0.335821
22400803,2024-25,2025-02-21,DAL,NOP,1,0.762392
22400804,2024-25,2025-02-21,UTA,OKC,0,0.075354
22400805,2024-25,2025-02-21,SAC,GSW,0,0.524761
22400806,2024-25,2025-02-22,CHI,PHX,0,0.280061
22400807,2024-25,2025-02-22,PHI,BKN,0,0.554009
22400808,2024-25,2025-02-22,DEN,LAL,0,0.79432
22400809,2024-25,2025-02-22,UTA,HOU,1,0.235498
22400810,2024-25,2025-02-22,POR,CHA,1,0.787911
22400811,2024-25,2025-02-23,BOS,NYK,1,0.746429
22400812,2024-25,2025-02-23,GSW,DAL,1,0.663344
22400813,2024-25,2025-02-23,IND,LAC,1,0.572318
22400814,2024-25,2025-02-23,ATL,DET,0,0.446203
22400815,2024-25,2025-02-23,ORL,WAS,1,0.846593
22400816,2024-25,2025-02-23,TOR,PHX,1,0.412965
22400817,2024-25,2025-02-23,MIL,MIA,1,0.461209
22400818,2024-25,2025-02-23,NOP,SAS,1,0.327592
22400819,2024-25,2025-02-23,CLE,MEM,1,0.740691
22400820,2024-25,2025-02-23,MIN,OKC,0,0.31975
22400821,2024-25,2025-02-24,DET,LAC,1,0.635329
22400822,2024-25,2025-02-24,IND,DEN,0,0.45003
22400823,2024-25,2025-02-24,PHI,CHI,0,0.633606
22400824,2024-25,2025-02-24,WAS,BKN,1,0.234069
22400825,2024-25,2025-02-24,ATL,MIA,1,0.565663
22400826,2024-25,2025-02-24,OKC,MIN,0,0.797254
22400827,2024-25,2025-02-24,UTA,POR,0,0.341577
22400828,2024-25,2025-02-24,SAC,CHA,1,0.848689
22400829,2024-25,2025-02-25,TOR,BOS,0,0.126911
22400830,2024-25,2025-02-25,ORL,CLE,0,0.335236
22400831,2024-25,2025-02-25,HOU,MIL,1,0.601091
22400832,2024-25,2025-02-25,MEM,PHX,1,0.712833
22400833,2024-25,2025-02-25,NOP,SAS,1,0.374857
22400834,2024-25,2025-02-25,GSW,CHA,1,0.931453
22400835,2024-25,2025-02-25,LAL,DAL,1,0.669181
22400836,2024-25,2025-02-26,DET,BOS,1,0.538892
22400837,2024-25,2025-02-26,IND,TOR,1,0.876605
22400838,2024-25,2025-02-26,NYK,PHI,1,0.857349
22400839,2024-25,2025-02-26,WAS,POR,0,0.244491
22400840,2024-25,2025-02-26,BKN,OKC,0,0.124577
22400841,2024-25,2025-02-26,MIA,ATL,1,0.505703
22400842,2024-25,2025-02-26,CHI,LAC,0,0.252033
22400843,2024-25,2025-02-26,UTA,SAC,0,0.152577
22400844,2024-25,2025-02-26,HOU,SAS,1,0.748902
22400845,2024-25,2025-02-27,ORL,GSW,0,0.45019
22400846,2024-25,2025-02-27,MIL,DEN,1,0.406755
22400847,2024-25,2025-02-27,DAL,CHA,1,0.811508
22400848,2024-25,2025-02-27,PHX,NOP,0,0.714808
22400849,2024-25,2025-02-27,LAL,MIN,1,0.544831
22400850,2024-25,2025-02-28,DET,DEN,0,0.581072
22400851,2024-25,2025-02-28,ATL,OKC,0,0.248612
22400852,2024-25,2025-02-28,BOS,CLE,0,0.548155
22400853,2024-25,2025-02-28,BKN,POR,0,0.360783
22400854,2024-25,2025-02-28,MIA,IND,1,0.453132
22400855,2024-25,2025-02-28,CHI,TOR,1,0.488119
22400856,2024-25,2025-02-28,MEM,NYK,0,0.698997
22400857,2024-25,2025-02-28,PHX,NOP,1,0.693424
22400858,2024-25,2025-02-28,UTA,MIN,1,0.250471
22400859,2024-25,2025-02-28,LAL,LAC,1,0.607654
22400860,2024-25,2025-03-01,CHA,WAS,0,0.52631
22400861,2024-25,2025-03-01,DET,BKN,1,0.842591
22400862,2024-25,2025-03-01,HOU,SAC,0,0.561714
22400863,2024-25,2025-03-01,MEM,SAS,0,0.727163
22400864,2024-25,2025-03-01,PHI,GSW,1,0.181233
22400865,2024-25,2025-03-01,DAL,MIL,0,0.489238
22400866,2024-25,2025-03-02,BOS,DEN,1,0.629508
22400867,2024-25,2025-03-02,CLE,POR,1,0.901229
22400868,2024-25,2025-03-02,IND,CHI,1,0.717715
22400869,2024-25,2025-03-02,MIA,NYK,0,0.410512
22400870,2024-25,2025-03-02,ORL,TOR,0,0.762713
22400871,2024-25,2025-03-02,SAS,OKC,0,0.125132
22400872,2024-25,2025-03-02,UTA,NOP,0,0.559112
22400873,2024-25,2025-03-02,PHX,MIN,0,0.381028
22400874,2024-25,2025-03-02,LAL,LAC,1,0.598373
22400875,2024-25,2025-03-03,CHA,GSW,0,0.168217
22400876,2024-25,2025-03-03,PHI,POR,0,0.463102
22400877,2024-25,2025-03-03,MIA,WAS,1,0.774143
22400878,2024-25,2025-03-03,MEM,ATL,0,0.611108
22400879,2024-25,2025-03-03,OKC,HOU,1,0.721188
22400880,2024-25,2025-03-03,DAL,SAC,0,0.389886
22400881,2024-25,2025-03-03,UTA,DET,0,0.105816
22400882,2024-25,2025-03-04,IND,HOU,1,0.742358
22400883,2024-25,2025-03-04,ORL,TOR,0,0.716124
22400884,2024-25,2025-03-04,ATL,MIL,0,0.423546
22400885,2024-25,2025-03-04,NYK,GSW,0,0.707723
22400886,2024-25,2025-03-04,CHI,CLE,0,0.110711
22400887,2024-25,2025-03-04,MIN,PHI,1,0.905153
22400888,2024-25,2025-03-04,SAS,BKN,1,0.694406
22400889,2024-25,2025-03-04,PHX,LAC,1,0.41012
22400890,2024-25,2025-03-04,LAL,NOP,1,0.776825
22400891,2024-25,2025-03-05,BOS,POR,1,0.812202
22400892,2024-25,2025-03-05,CHA,MIN,0,0.220325
22400893,2024-25,2025-03-05,CLE,MIA,1,0.788667
22400894,2024-25,2025-03-05,WAS,UTA,1,0.493589
22400895,2024-25,2025-03-05,MEM,OKC,0,0.314542
22400896,2024-25,2025-03-05,DEN,SAC,1,0.636713
22400897,2024-25,2025-03-05,MIL,DAL,1,0.593739
22400898,2024-25,2025-03-05,LAC,DET,1,0.401291
22400899,2024-25,2025-03-06,ATL,IND,1,0.408752
22400900,2024-25,2025-03-06,BOS,PHI,1,0.87882
22400901,2024-25,2025-03-06,BKN,GSW,0,0.185502
22400902,2024-25,2025-03-06,NOP,HOU,0,0.276746
22400903,2024-25,2025-03-06,LAL,NYK,1,0.605128
22400944,2024-25,2025-03-06,ORL,CHI,0,0.788898
22400904,2024-25,2025-03-07,CHA,CLE,0,0.091548
22400905,2024-25,2025-03-07,TOR,UTA,1,0.718683
22400906,2024-25,2025-03-07,DAL,MEM,0,0.361181
22400907,2024-25,2025-03-07,MIA,MIN,0,0.339902
22400908,2024-25,2025-03-07,OKC,POR,1,0.883458
22400909,2024-25,2025-03-07,DEN,PHX,1,0.766077
22400910,2024-25,2025-03-07,SAC,SAS,1,0.678553
22400911,2024-25,2025-03-07,LAC,NYK,1,0.497706
22400912,2024-25,2025-03-08,CHA,BKN,1,0.306393
22400913,2024-25,2025-03-08,HOU,NOP,1,0.738047
22400914,2024-25,2025-03-08,ATL,IND,1,0.454865
22400915,2024-25,2025-03-08,TOR,WAS,0,0.571025
22400916,2024-25,2025-03-08,MIA,CHI,0,0.661553
22400917,2024-25,2025-03-08,MIL,ORL,0,0.617938
22400918,2024-25,2025-03-08,BOS,LAL,1,0.668701
22400919,2024-25,2025-03-08,GSW,DET,1,0.530096
22400920,2024-25,2025-03-09,OKC,DEN,1,0.617488
22400921,2024-25,2025-03-09,DAL,PHX,0,0.520107
22400922,2024-25,2025-03-09,MIL,CLE,0,0.270685
22400923,2024-25,2025-03-09,NOP,MEM,0,0.160588
22400924,2024-25,2025-03-09,PHI,UTA,1,0.533013
22400925,2024-25,2025-03-09,MIN,SAS,1,0.763822
22400926,2024-25,2025-03-09,POR,DET,0,0.471241
22400927,2024-25,2025-03-09,LAC,SAC,1,0.523815
22400928,2024-25,2025-03-10,ATL,PHI,1,0.87226
22400929,2024-25,2025-03-10,BOS,UTA,1,0.978792
22400930,2024-25,2025-03-10,BKN,LAL,1,0.194987
22400931,2024-25,2025-03-10,MIA,CHA,0,0.843443
22400932,2024-25,2025-03-10,TOR,WAS,1,0.619254
22400933,2024-25,2025-03-10,CHI,IND,1,0.365573
22400934,2024-25,2025-03-10,HOU,ORL,1,0.631594
22400935,2024-25,2025-03-10,MEM,PHX,1,0.629902
22400936,2024-25,2025-03-10,OKC,DEN,0,0.790484
22400937,2024-25,2025-03-10,SAS,DAL,0,0.586261
22400938,2024-25,2025-03-10,GSW,POR,1,0.792706
22400939,2024-25,2025-03-10,SAC,NYK,0,0.426912
22400940,2024-25,2025-03-11,CLE,BKN,1,0.964158
22400941,2024-25,2025-03-11,DET,WAS,1,0.934725
22400942,2024-25,2025-03-11,IND,MIL,1,0.409142
22400943,2024-25,2025-03-11,NOP,LAC,1,0.210616
22400945,2024-25,2025-03-12,ATL,CHA,1,0.72738
22400946,2024-25,2025-03-12,BOS,OKC,0,0.451091
22400947,2024-25,2025-03-12,TOR,PHI,1,0.622635
22400948,2024-25,2025-03-12,MIA,LAC,0,0.579518
22400949,2024-25,2025-03-12,HOU,PHX,1,0.651927
22400950,2024-25,2025-03-12,MEM,UTA,1,0.844095
22400951,2024-25,2025-03-12,SAS,DAL,1,0.530561
22400952,2024-25,2025-03-12,DEN,MIN,0,0.562111
22400953,2024-25,2025-03-12,POR,NYK,0,0.421695
22400954,2024-25,2025-03-13,DET,WAS,0,0.882463
22400955,2024-25,2025-03-13,MIL,LAL,1,0.554564
22400956,2024-25,2025-03-13,CHI,BKN,1,0.671433
22400957,2024-25,2025-03-13,GSW,SAC,1,0.618759
22401141,2024-25,2025-03-13,NOP,ORL,0,0.2968
22400958,2024-25,2025-03-14,MIA,BOS,0,0.37901
22400959,2024-25,2025-03-14,PHI,IND,0,0.138286
22400960,2024-25,2025-03-14,ATL,LAC,0,0.550178
22400961,2024-25,2025-03-14,HOU,DAL,1,0.698442
22400962,2024-25,2025-03-14,MEM,CLE,0,0.435237
22400963,2024-25,2025-03-14,MIN,ORL,1,0.783533
22400964,2024-25,2025-03-14,SAS,CHA,0,0.715383
22400965,2024-25,2025-03-14,DEN,LAL,1,0.772704
22400966,2024-25,2025-03-14,UTA,TOR,0,0.554536
22400967,2024-25,2025-03-14,PHX,SAC,1,0.536013
22400968,2024-25,2025-03-15,BKN,BOS,0,0.296039
22400969,2024-25,2025-03-15,DET,OKC,0,0.382466
22400970,2024-25,2025-03-15,HOU,CHI,1,0.636302
22400971,2024-25,2025-03-15,MEM,MIA,1,0.697623
22400972,2024-25,2025-03-15,MIL,IND,1,0.640608
22400973,2024-25,2025-03-15,SAS,NOP,1,0.572309
22400974,2024-25,2025-03-15,GSW,NYK,1,0.610049
22400975,2024-25,2025-03-15,DEN,WAS,0,0.889505
22400538,2024-25,2025-03-16,LAC,CHA,1,0.788966
22400976,2024-25,2025-03-16,DAL,PHI,0,0.723845
22400977,2024-25,2025-03-16,LAL,PHX,1,0.531865
22400978,2024-25,2025-03-16,BKN,ATL,1,0.236184
22400979,2024-25,2025-03-16,CLE,ORL,0,0.789043
22400980,2024-25,2025-03-16,POR,TOR,1,0.70702
22400981,2024-25,2025-03-16,MIN,UTA,1,0.913827
22400982,2024-25,2025-03-16,MIL,OKC,0,0.39856
22400537,2024-25,2025-03-17,LAL,SAS,1,0.594225
22400984,2024-25,2025-03-17,NYK,MIA,1,0.63887
22400985,2024-25,2025-03-17,HOU,PHI,1,0.879293
22400986,2024-25,2025-03-17,MIN,IND,0,0.524164
22400987,2024-25,2025-03-17,NOP,DET,0,0.186366
22400989,2024-25,2025-03-17,UTA,CHI,0,0.252749
22400990,2024-25,2025-03-17,GSW,DEN,0,0.606037
22400991,2024-25,2025-03-17,PHX,TOR,1,0.721634
22400992,2024-25,2025-03-17,SAC,MEM,1,0.57685
22400995,2024-25,2025-03-17,POR,WAS,1,0.739954
22400993,2024-25,2025-03-18,CHA,ATL,0,0.28634
22400994,2024-25,2025-03-18,BOS,BKN,1,0.906053
22400997,2024-25,2025-03-18,LAC,CLE,1,0.478889
22401012,2024-25,2025-03-18,GSW,MIL,1,0.558052
22400627,2024-25,2025-03-19,UTA,WAS,1,0.550253
22400998,2024-25,2025-03-19,IND,DAL,1,0.589181
22400999,2024-25,2025-03-19,ORL,HOU,0,0.475793
22401000,2024-25,2025-03-19,MIA,DET,0,0.331045
22401001,2024-25,2025-03-19,MIN,NOP,0,0.854941
22401002,2024-25,2025-03-19,OKC,PHI,1,0.960075
22401003,2024-25,2025-03-19,SAS,NYK,1,0.325014
22401006,2024-25,2025-03-19,LAL,DEN,1,0.615192
22401007,2024-25,2025-03-19,PHX,CHI,1,0.569993
22401008,2024-25,2025-03-19,POR,MEM,1,0.507029
22401009,2024-25,2025-03-19,SAC,CLE,1,0.511278
22400996,2024-25,2025-03-20,LAL,MIL,0,0.452252
22401005,2024-25,2025-03-20,GSW,TOR,1,0.813119
22401010,2024-25,2025-03-20,CHA,NYK,1,0.229518
22401011,2024-25,2025-03-20,IND,BKN,1,0.695407
22401013,2024-25,2025-03-20,SAC,CHI,0,0.642597
22401014,2024-25,2025-03-21,WAS,ORL,0,0.180212
22401015,2024-25,2025-03-21,MIA,HOU,0,0.396202
22401016,2024-25,2025-03-21,MIN,NOP,1,0.848961
22401017,2024-25,2025-03-21,OKC,CHA,1,0.953223
22401018,2024-25,2025-03-21,SAS,PHI,1,0.728124
22401019,2024-25,2025-03-21,DAL,DET,1,0.328031
22401020,2024-25,2025-03-21,UTA,BOS,0,0.170573
22401021,2024-25,2025-03-21,PHX,CLE,1,0.31459
22401022,2024-25,2025-03-21,POR,DEN,1,0.540273
22401023,2024-25,2025-03-21,LAC,MEM,1,0.602744
22401024,2024-25,2025-03-22,IND,BKN,1,0.754052
22401025,2024-25,2025-03-22,ATL,GSW,1,0.414852
22401026,2024-25,2025-03-22,NYK,WAS,1,0.901049
22401027,2024-25,2025-03-22,SAC,MIL,0,0.512809
22401028,2024-25,2025-03-22,LAL,CHI,0,0.538861
22401029,2024-25,2025-03-23,DET,NOP,1,0.855438
22401030,2024-25,2025-03-23,UTA,CLE,0,0.116024
22401031,2024-25,2025-03-23,ATL,PHI,1,0.686532
22401032,2024-25,2025-03-23,MIA,CHA,1,0.821669
22401033,2024-25,2025-03-23,TOR,SAS,0,0.417847
22401034,2024-25,2025-03-23,POR,BOS,0,0.358625
22401035,2024-25,2025-03-23,HOU,DEN,0,0.729687
22401036,2024-25,2025-03-23,LAC,OKC,0,0.393652
22401037,2024-25,2025-03-24,IND,MIN,1,0.435484
22401038,2024-25,2025-03-24,ORL,LAL,1,0.496042
22401039,2024-25,2025-03-24,WAS,TOR,0,0.464451
22401040,2024-25,2025-03-24,BKN,DAL,0,0.372899
22401041,2024-25,2025-03-24,NOP,PHI,1,0.415946
22401042,2024-25,2025-03-24,DEN,CHI,0,0.542443
22401043,2024-25,2025-03-24,PHX,MIL,1,0.45502
22401044,2024-25,2025-03-24,SAC,BOS,0,0.495737
22401045,2024-25,2025-03-25,CHA,ORL,0,0.308914
22401046,2024-25,2025-03-25,DET,SAS,1,0.660196
22401047,2024-25,2025-03-25,MIA,GSW,1,0.424463
22401048,2024-25,2025-03-25,NYK,DAL,1,0.677193
22401049,2024-25,2025-03-25,HOU,ATL,1,0.664814
22401050,2024-25,2025-03-25,UTA,MEM,0,0.212593
22401051,2024-25,2025-03-25,POR,CLE,0,0.337218
22401052,2024-25,2025-03-25,SAC,OKC,0,0.244027
22401053,2024-25,2025-03-26,PHI,WAS,0,0.595406
22401054,2024-25,2025-03-26,BKN,TOR,0,0.476761
22401055,2024-25,2025-03-26,IND,LAL,0,0.578717
22401056,2024-25,2025-03-26,NYK,LAC,0,0.414058
22401057,2024-25,2025-03-26,DEN,MIL,1,0.512839
22401058,2024-25,2025-03-26,PHX,BOS,0,0.324447
22401059,2024-25,2025-03-27,CLE,SAS,1,0.818902
22401060,2024-25,2025-03-27,ORL,DAL,0,0.644485
22401061,2024-25,2025-03-27,WAS,IND,0,0.14011
22401062,2024-25,2025-03-27,MIA,ATL,1,0.55787
22401063,2024-25,2025-03-27,CHI,LAL,1,0.551037
22401064,2024-25,2025-03-27,OKC,MEM,1,0.796996
22401065,2024-25,2025-03-27,UTA,HOU,0,0.177982
22401066,2024-25,2025-03-27,SAC,POR,1,0.531575
22401067,2024-25,2025-03-28,DET,CLE,1,0.546344
22401068,2024-25,2025-03-28,BKN,LAC,0,0.147217
22401069,2024-25,2025-03-28,TOR,CHA,1,0.555997
22401070,2024-25,2025-03-28,MIL,NYK,0,0.359156
22401071,2024-25,2025-03-28,MIN,PHX,1,0.729871
22401072,2024-25,2025-03-28,NOP,GSW,0,0.158222
22401073,2024-25,2025-03-28,DEN,UTA,1,0.941748
22401074,2024-25,2025-03-29,ORL,SAC,1,0.521243
22401075,2024-25,2025-03-29,WAS,BKN,0,0.515335
22401076,2024-25,2025-03-29,PHI,MIA,0,0.324694
22401077,2024-25,2025-03-29,CHI,DAL,0,0.570142
22401078,2024-25,2025-03-29,MEM,LAL,0,0.513517
22401079,2024-25,2025-03-29,OKC,IND,1,0.824368
22401080,2024-25,2025-03-29,SAS,BOS,0,0.275475
22401081,2024-25,2025-03-30,CLE,LAC,1,0.628773
22401082,2024-25,2025-03-30,NYK,POR,1,0.659887
22401083,2024-25,2025-03-30,MIL,ATL,0,0.589348
22401084,2024-25,2025-03-30,MIN,DET,1,0.677352
22401085,2024-25,2025-03-30,NOP,CHA,1,0.533592
22401086,2024-25,2025-03-30,SAS,GSW,0,0.246843
22401087,2024-25,2025-03-30,PHI,TOR,0,0.371365
22401088,2024-25,2025-03-30,PHX,HOU,0,0.390374
22401089,2024-25,2025-03-31,CHA,UTA,1,0.495156
22401090,2024-25,2025-03-31,IND,SAC,1,0.558615
22401091,2024-25,2025-03-31,ORL,LAC,0,0.597563
22401092,2024-25,2025-03-31,WAS,MIA,0,0.177153
22401093,2024-25,2025-03-31,MEM,BOS,0,0.396855
22401094,2024-25,2025-03-31,OKC,CHI,1,0.864962
22401095,2024-25,2025-03-31,DAL,BKN,0,0.796885
22401096,2024-25,2025-03-31,LAL,HOU,1,0.564668
22400988,2024-25,2025-04-01,SAS,ORL,0,0.53951
22401097,2024-25,2025-04-01,ATL,POR,0,0.549127
22401098,2024-25,2025-04-01,NYK,PHI,1,0.829909
22401099,2024-25,2025-04-01,CHI,TOR,1,0.590729
22401100,2024-25,2025-04-01,MEM,GSW,0,0.37043
22401101,2024-25,2025-04-01,MIL,PHX,1,0.600415
22401102,2024-25,2025-04-01,DEN,MIN,0,0.502863
22401103,2024-25,2025-04-02,CLE,NYK,1,0.80762
22401104,2024-25,2025-04-02,IND,CHA,1,0.869766
22401105,2024-25,2025-04-02,WAS,SAC,1,0.158458
22401106,2024-25,2025-04-02,BOS,MIA,0,0.771213
22401107,2024-25,2025-04-02,HOU,UTA,1,0.934262
22401108,2024-25,2025-04-02,OKC,DET,1,0.856375
22401109,2024-25,2025-04-02,DAL,ATL,1,0.595088
22401110,2024-25,2025-04-02,DEN,SAS,0,0.763467
22401111,2024-25,2025-04-02,LAC,NOP,1,0.885105
22401112,2024-25,2025-04-03,WAS,ORL,0,0.122744
22401113,2024-25,2025-04-03,BKN,MIN,0,0.149052
22401114,2024-25,2025-04-03,MIA,MEM,0,0.409795
22401115,2024-25,2025-04-03,PHI,MIL,0,0.277244
22401116,2024-25,2025-04-03,TOR,POR,0,0.344463
22401117,2024-25,2025-04-03,LAL,GSW,0,0.507384
22401118,2024-25,2025-04-04,CHA,SAC,0,0.172146
22401119,2024-25,2025-04-04,IND,UTA,1,0.880127
22401120,2024-25,2025-04-04,BOS,PHX,1,0.83718
22401121,2024-25,2025-04-04,TOR,DET,0,0.202412
22401122,2024-25,2025-04-04,CHI,POR,1,0.649703
22401123,2024-25,2025-04-04,HOU,OKC,1,0.377941
22401124,2024-25,2025-04-04,SAS,CLE,0,0.223242
22401125,2024-25,2025-04-04,GSW,DEN,1,0.694824
22401126,2024-25,2025-04-04,LAL,NOP,1,0.81063
22401127,2024-25,2025-04-04,LAC,DAL,1,0.708497
22401128,2024-25,2025-04-05,ATL,NYK,0,0.438757
22401129,2024-25,2025-04-05,DET,MEM,0,0.459069
22401130,2024-25,2025-04-05,PHI,MIN,0,0.164162
22401131,2024-25,2025-04-05,MIA,MIL,0,0.535312
22401132,2024-25,2025-04-05,LAC,DAL,1,0.799064
22400617,2024-25,2025-04-06,NOP,MIL,0,0.27697
22401133,2024-25,2025-04-06,CHA,CHI,0,0.209617
22401134,2024-25,2025-04-06,BKN,TOR,0,0.507045
22401135,2024-25,2025-04-06,OKC,LAL,0,0.821325
22401136,2024-25,2025-04-06,ATL,UTA,1,0.788929
22401137,2024-25,2025-04-06,BOS,WAS,1,0.966159
22401138,2024-25,2025-04-06,CLE,SAC,0,0.73807
22401139,2024-25,2025-04-06,POR,SAS,1,0.572052
22401140,2024-25,2025-04-06,NYK,PHX,1,0.628635
22401142,2024-25,2025-04-06,DEN,IND,0,0.502452
22401143,2024-25,2025-04-06,GSW,HOU,0,0.557249
22401144,2024-25,2025-04-07,DET,SAC,0,0.617344
22401145,2024-25,2025-04-07,MIA,PHI,1,0.677164
22401146,2024-25,2025-04-08,CHA,MEM,0,0.208617
22401147,2024-25,2025-04-08,CLE,CHI,1,0.796146
22401148,2024-25,2025-04-08,IND,WAS,1,0.888836
22401149,2024-25,2025-04-08,ORL,ATL,1,0.577405
22401150,2024-25,2025-04-08,BKN,NOP,1,0.568298
22401151,2024-25,2025-04-08,NYK,BOS,0,0.518391
22401152,2024-25,2025-04-08,MIL,MIN,1,0.295119
22401153,2024-25,2025-04-08,OKC,LAL,1,0.787241
22401154,2024-25,2025-04-08,PHX,GSW,0,0.294616
22401155,2024-25,2025-04-08,LAC,SAS,1,0.766195
22401156,2024-25,2025-04-09,ORL,BOS,1,0.426125
22401157,2024-25,2025-04-09,WAS,PHI,0,0.270863
22401158,2024-25,2025-04-09,TOR,CHA,1,0.68994
22401159,2024-25,2025-04-09,DAL,LAL,0,0.439945
22401160,2024-25,2025-04-09,CHI,MIA,1,0.347986
22401162,2024-25,2025-04-09,UTA,POR,1,0.263387
22401163,2024-25,2025-04-09,GSW,SAS,0,0.748065
22401164,2024-25,2025-04-09,PHX,OKC,0,0.1959
22401165,2024-25,2025-04-09,SAC,DEN,0,0.492528
22401166,2024-25,2025-04-09,LAC,HOU,1,0.416247
22401161,2024-25,2025-04-10,MIL,NOP,1,0.826872
22401167,2024-25,2025-04-10,DET,NYK,1,0.47676
22401168,2024-25,2025-04-10,IND,CLE,1,0.49944
22401169,2024-25,2025-04-10,BKN,ATL,0,0.260335
22401170,2024-25,2025-04-10,MEM,MIN,0,0.429374
22401171,2024-25,2025-04-11,DET,MIL,0,0.568436
22401172,2024-25,2025-04-11,IND,ORL,0,0.505717
22401173,2024-25,2025-04-11,PHI,ATL,0,0.40076
22401174,2024-25,2025-04-11,BOS,CHA,1,0.924947
22401175,2024-25,2025-04-11,NYK,CLE,0,0.570782
22401176,2024-25,2025-04-11,CHI,WAS,1,0.858622
22401177,2024-25,2025-04-11,NOP,MIA,0,0.148657
22401178,2024-25,2025-04-11,DAL,TOR,1,0.661128
22401179,2024-25,2025-04-11,MIN,BKN,1,0.91406
22401180,2024-25,2025-04-11,DEN,MEM,1,0.670643
22401181,2024-25,2025-04-11,UTA,OKC,0,0.129542
22401182,2024-25,2025-04-11,PHX,SAS,1,0.49206
22401183,2024-25,2025-04-11,POR,GSW,0,0.344531
22401184,2024-25,2025-04-11,SAC,LAC,0,0.37178
22401185,2024-25,2025-04-11,LAL,HOU,1,0.593114
22401186,2024-25,2025-04-13,ATL,ORL,1,0.556016
22401187,2024-25,2025-04-13,BOS,CHA,1,0.957192
22401188,2024-25,2025-04-13,BKN,NYK,0,0.157739
22401189,2024-25,2025-04-13,CLE,IND,0,0.710701
22401190,2024-25,2025-04-13,MIA,WAS,0,0.900605
22401191,2024-25,2025-04-13,PHI,CHI,0,0.319642
22401192,2024-25,2025-04-13,MIL,DET,1,0.533875
22401193,2024-25,2025-04-13,HOU,DEN,0,0.41072
22401194,2024-25,2025-04-13,MEM,DAL,1,0.618045
22401195,2024-25,2025-04-13,MIN,UTA,1,0.921738
22401196,2024-25,2025-04-13,NOP,OKC,0,0.144851
22401197,2024-25,2025-04-13,SAS,TOR,1,0.620248
22401198,2024-25,2025-04-13,GSW,LAC,0,0.504163
22401199,2024-25,2025-04-13,POR,LAL,1,0.336636
22401200,2024-25,2025-04-13,SAC,PHX,1,0.672819
52400101,2024-25,2025-04-15,ORL,ATL,1,0.696374
52400121,2024-25,2025-04-15,GSW,MEM,1,0.858003
52400111,2024-25,2025-04-16,CHI,MIA,0,0.676022
52400131,2024-25,2025-04-16,SAC,DAL,0,0.793815
52400201,2024-25,2025-04-18,ATL,MIA,0,0.586324
52400211,2024-25,2025-04-18,MEM,DAL,1,0.714502
42400121,2024-25,2025-04-19,NYK,DET,1,0.593098
42400131,2024-25,2025-04-19,IND,MIL,1,0.705668
42400161,2024-25,2025-04-19,LAL,MIN,0,0.383793
42400171,2024-25,2025-04-19,DEN,LAC,1,0.606365
42400101,2024-25,2025-04-20,CLE,MIA,1,0.617798
42400111,2024-25,2025-04-20,BOS,ORL,1,0.628196
42400141,2024-25,2025-04-20,OKC,MEM,1,0.700745
42400151,2024-25,2025-04-20,HOU,GSW,0,0.612341
42400122,2024-25,2025-04-21,NYK,DET,0,0.69087
42400172,2024-25,2025-04-21,DEN,LAC,0,0.600133
42400132,2024-25,2025-04-22,IND,MIL,1,0.669204
42400142,2024-25,2025-04-22,OKC,MEM,1,0.843211
42400162,2024-25,2025-04-22,LAL,MIN,1,0.513199
42400102,2024-25,2025-04-23,CLE,MIA,1,0.768762
42400112,2024-25,2025-04-23,BOS,ORL,1,0.753531
42400152,2024-25,2025-04-23,HOU,GSW,1,0.56089
42400123,2024-25,2025-04-24,DET,NYK,0,0.549932
42400143,2024-25,2025-04-24,MEM,OKC,0,0.342533
42400173,2024-25,2025-04-24,LAC,DEN,1,0.686577
42400113,2024-25,2025-04-25,ORL,BOS,1,0.513364
42400133,2024-25,2025-04-25,MIL,IND,1,0.546904
42400163,2024-25,2025-04-25,MIN,LAL,1,0.691308
42400103,2024-25,2025-04-26,MIA,CLE,0,0.462298
42400144,2024-25,2025-04-26,MEM,OKC,0,0.343887
42400153,2024-25,2025-04-26,GSW,HOU,1,0.662653
42400174,2024-25,2025-04-26,LAC,DEN,0,0.714184
42400114,2024-25,2025-04-27,ORL,BOS,0,0.481056
42400124,2024-25,2025-04-27,DET,NYK,0,0.53942
42400134,2024-25,2025-04-27,MIL,IND,0,0.582788
42400164,2024-25,2025-04-27,MIN,LAL,1,0.70754
42400104,2024-25,2025-04-28,MIA,CLE,0,0.472879
42400154,2024-25,2025-04-28,GSW,HOU,1,0.630478
42400115,2024-25,2025-04-29,BOS,ORL,1,0.747501
42400125,2024-25,2025-04-29,NYK,DET,0,0.68031
42400135,2024-25,2025-04-29,IND,MIL,1,0.665527
42400175,2024-25,2025-04-29,DEN,LAC,1,0.567721
42400155,2024-25,2025-04-30,HOU,GSW,1,0.564945
42400165,2024-25,2025-04-30,LAL,MIN,0,0.519745
42400126,2024-25,2025-05-01,DET,NYK,0,0.561163
42400176,2024-25,2025-05-01,LAC,DEN,1,0.681835
42400156,2024-25,2025-05-02,GSW,HOU,0,0.636825
42400177,2024-25,2025-05-03,DEN,LAC,1,0.590605
42400157,2024-25,2025-05-04,HOU,GSW,0,0.596822
42400201,2024-25,2025-05-04,CLE,IND,0,0.662813
42400211,2024-25,2025-05-05,BOS,NYK,0,0.743964
42400221,2024-25,2025-05-05,OKC,DEN,0,0.821515
42400202,2024-25,2025-05-06,CLE,IND,0,0.641801
42400231,2024-25,2025-05-06,MIN,GSW,0,0.697839
42400212,2024-25,2025-05-07,BOS,NYK,0,0.726175
42400222,2024-25,2025-05-07,OKC,DEN,1,0.789203
42400232,2024-25,2025-05-08,MIN,GSW,1,0.670866
42400203,2024-25,2025-05-09,IND,CLE,0,0.644475
42400223,2024-25,2025-05-09,DEN,OKC,1,0.454406
42400213,2024-25,2025-05-10,NYK,BOS,0,0.497788
42400233,2024-25,2025-05-10,GSW,MIN,0,0.484514
42400204,2024-25,2025-05-11,IND,CLE,1,0.509311
42400224,2024-25,2025-05-11,DEN,OKC,0,0.467144
42400214,2024-25,2025-05-12,NYK,BOS,1,0.477211
42400234,2024-25,2025-05-12,GSW,MIN,0,0.469767
42400205,2024-25,2025-05-13,CLE,IND,0,0.67486
42400225,2024-25,2025-05-13,OKC,DEN,1,0.789516
42400215,2024-25,2025-05-14,BOS,NYK,1,0.730414
42400235,2024-25,2025-05-14,MIN,GSW,1,0.742396
42400226,2024-25,2025-05-15,DEN,OKC,1,0.477623
42400216,2024-25,2025-05-16,NYK,BOS,1,0.519895
42400227,2024-25,2025-05-18,OKC,DEN,1,0.769793
42400311,2024-25,2025-05-20,OKC,MIN,1,0.687644
42400301,2024-25,2025-05-21,NYK,IND,0,0.568837
42400312,2024-25,2025-05-22,OKC,MIN,1,0.715625
42400302,2024-25,2025-05-23,NYK,IND,0,0.588315
42400313,2024-25,2025-05-24,MIN,OKC,1,0.475191
42400303,2024-25,2025-05-25,IND,NYK,0,0.657182
42400314,2024-25,2025-05-26,MIN,OKC,0,0.520101
42400304,2024-25,2025-05-27,IND,NYK,1,0.643657
42400315,2024-25,2025-05-28,OKC,MIN,1,0.716741
42400305,2024-25,2025-05-29,NYK,IND,1,0.588475
42400306,2024-25,2025-05-31,IND,NYK,1,0.624548
42400401,2024-25,2025-06-05,OKC,IND,0,0.810453
42400402,2024-25,2025-06-08,OKC,IND,1,0.777866
42400403,2024-25,2025-06-11,IND,OKC,1,0.433288
42400404,2024-25,2025-06-13,IND,OKC,0,0.465659
42400405,2024-25,2025-06-16,OKC,IND,1,0.775218
42400406,2024-25,2025-06-19,IND,OKC,1,0.451835
42400407,2024-25,2025-06-22,OKC,IND,1,0.751928
22500001,2025-26,2025-10-21,OKC,HOU,1,0.687358
22500002,2025-26,2025-10-21,LAL,GSW,0,0.512755
22500003,2025-26,2025-10-22,NYK,CLE,1,0.497186
22500004,2025-26,2025-10-22,DAL,SAS,0,0.570067
22500080,2025-26,2025-10-22,CHA,BKN,1,0.497071
22500081,2025-26,2025-10-22,ORL,MIA,1,0.558702
22500082,2025-26,2025-10-22,ATL,TOR,0,0.564516
22500083,2025-26,2025-10-22,BOS,PHI,0,0.706497
22500084,2025-26,2025-10-22,CHI,DET,1,0.525151
22500085,2025-26,2025-10-22,MEM,NOP,1,0.612427
22500087,2025-26,2025-10-22,UTA,LAC,1,0.396866
22500088,2025-26,2025-10-22,PHX,SAC,1,0.498489
22500089,2025-26,2025-10-22,POR,MIN,0,0.419243
22500005,2025-26,2025-10-23,IND,OKC,0,0.466902
22500006,2025-26,2025-10-23,GSW,DEN,1,0.566994
22500018,2025-26,2025-10-24,NYK,BOS,1,0.513897
22500019,2025-26,2025-10-24,LAL,MIN,1,0.488142
22500090,2025-26,2025-10-24,ORL,ATL,0,0.655504
22500091,2025-26,2025-10-24,BKN,CLE,0,0.366673
22500092,2025-26,2025-10-24,TOR,MIL,0,0.538477
22500093,2025-26,2025-10-24,HOU,DET,0,0.60113
22500094,2025-26,2025-10-24,MEM,MIA,0,0.586706
22500095,2025-26,2025-10-24,NOP,SAS,0,0.445134
22500096,2025-26,2025-10-24,DAL,WAS,0,0.623942
22500097,2025-26,2025-10-24,POR,GSW,1,0.565516
22500098,2025-26,2025-10-24,SAC,UTA,1,0.580287
22500099,2025-26,2025-10-24,LAC,PHX,1,0.560792
22500100,2025-26,2025-10-25,ORL,CHI,0,0.470455
22500101,2025-26,2025-10-25,ATL,OKC,0,0.218747
22500102,2025-26,2025-10-25,PHI,CHA,1,0.575797
22500103,2025-26,2025-10-25,MEM,IND,1,0.362532
22500104,2025-26,2025-10-25,DEN,PHX,1,0.777776
22500105,2025-26,2025-10-26,SAS,BKN,1,0.711837
22500106,2025-26,2025-10-26,DET,BOS,1,0.45397
22500107,2025-26,2025-10-26,CLE,MIL,1,0.545315
22500108,2025-26,2025-10-26,MIA,NYK,1,0.499798
22500109,2025-26,2025-10-26,WAS,CHA,0,0.57655
22500110,2025-26,2025-10-26,MIN,IND,1,0.690484
22500111,2025-26,2025-10-26,DAL,TOR,1,0.43844
22500112,2025-26,2025-10-26,LAC,POR,1,0.585651
22500113,2025-26,2025-10-26,SAC,LAL,0,0.455978
22500007,2025-26,2025-10-27,DET,CLE,0,0.524116
22500008,2025-26,2025-10-27,MIN,DEN,0,0.435174
22500114,2025-26,2025-10-27,PHI,ORL,1,0.571858
22500115,2025-26,2025-10-27,CHI,ATL,1,0.731059
22500116,2025-26,2025-10-27,HOU,BKN,1,0.80374
22500117,2025-26,2025-10-27,NOP,BOS,0,0.498057
22500118,2025-26,2025-10-27,SAS,TOR,1,0.625984
22500119,2025-26,2025-10-27,DAL,OKC,0,0.204776
22500120,2025-26,2025-10-27,UTA,PHX,1,0.710458
22500121,2025-26,2025-10-27,GSW,MEM,1,0.621401
22500122,2025-26,2025-10-27,LAL,POR,0,0.577835
22500123,2025-26,2025-10-28,WAS,PHI,0,0.546054
22500124,2025-26,2025-10-28,MIA,CHA,1,0.650214
22500125,2025-26,2025-10-28,MIL,NYK,1,0.486759
22500126,2025-26,2025-10-28,OKC,SAC,1,0.733943
22500127,2025-26,2025-10-28,GSW,LAC,1,0.474461
22500128,2025-26,2025-10-29,BOS,CLE,1,0.526001
22500129,2025-26,2025-10-29,DET,ORL,1,0.594546
22500130,2025-26,2025-10-29,BKN,ATL,0,0.490269
22500131,2025-26,2025-10-29,TOR,HOU,0,0.412478
22500132,2025-26,2025-10-29,CHI,SAC,1,0.738601
22500133,2025-26,2025-10-29,DAL,IND,1,0.4847
22500134,2025-26,2025-10-29,DEN,NOP,1,0.854317
22500135,2025-26,2025-10-29,UTA,POR,0,0.513717
22500136,2025-26,2025-10-29,MIN,LAL,0,0.588294
22500137,2025-26,2025-10-29,PHX,MEM,0,0.442561
22500138,2025-26,2025-10-30,CHA,ORL,0,0.673853
22500139,2025-26,2025-10-30,MIL,GSW,1,0.541808
22500140,2025-26,2025-10-30,OKC,WAS,1,0.873601
22500141,2025-26,2025-10-30,SAS,MIA,1,0.521771
22500020,2025-26,2025-10-31,IND,ATL,0,0.586038
22500021,2025-26,2025-10-31,PHI,BOS,0,0.396233
22500022,2025-26,2025-10-31,CLE,TOR,0,0.765641
22500023,2025-26,2025-10-31,CHI,NYK,1,0.479442
22500024,2025-26,2025-10-31,MEM,LAL,0,0.570966
22500025,2025-26,2025-10-31,PHX,UTA,1,0.487821
22500026,2025-26,2025-10-31,POR,DEN,1,0.505508
22500027,2025-26,2025-10-31,LAC,NOP,1,0.728044
22500142,2025-26,2025-11-01,MIL,SAC,0,0.59505
22500143,2025-26,2025-11-01,CHA,MIN,0,0.477503
22500144,2025-26,2025-11-01,IND,GSW,1,0.301293
22500145,2025-26,2025-11-01,WAS,ORL,0,0.392335
22500146,2025-26,2025-11-01,BOS,HOU,0,0.515984
22500148,2025-26,2025-11-02,OKC,NOP,1,0.865977
22500149,2025-26,2025-11-02,BKN,PHI,0,0.440319
22500150,2025-26,2025-11-02,CHA,UTA,1,0.410202
22500151,2025-26,2025-11-02,CLE,ATL,1,0.593627
22500152,2025-26,2025-11-02,TOR,MEM,1,0.470843
22500153,2025-26,2025-11-02,NYK,CHI,1,0.565237
22500154,2025-26,2025-11-02,PHX,SAS,1,0.432209
22500155,2025-26,2025-11-02,LAL,MIA,1,0.585247
22500156,2025-26,2025-11-03,BKN,MIN,0,0.31214
22500157,2025-26,2025-11-03,IND,MIL,0,0.401424
22500158,2025-26,2025-11-03,BOS,UTA,0,0.867249
22500159,2025-26,2025-11-03,NYK,WAS,1,0.77884
22500160,2025-26,2025-11-03,HOU,DAL,1,0.808451
22500161,2025-26,2025-11-03,MEM,DET,0,0.316976
22500162,2025-26,2025-11-03,DEN,SAC,1,0.751301
22500163,2025-26,2025-11-03,POR,LAL,0,0.673693
22500164,2025-26,2025-11-03,LAC,MIA,0,0.647356
22500165,2025-26,2025-11-04,TOR,MIL,1,0.592815
22500166,2025-26,2025-11-04,ATL,ORL,1,0.471333
22500167,2025-26,2025-11-04,CHI,PHI,1,0.618915
22500168,2025-26,2025-11-04,NOP,CHA,1,0.537833
22500169,2025-26,2025-11-04,GSW,PHX,1,0.66102
22500170,2025-26,2025-11-04,LAC,OKC,0,0.277463
22500171,2025-26,2025-11-05,CLE,PHI,1,0.702084
22500172,2025-26,2025-11-05,DET,UTA,1,0.760124
22500173,2025-26,2025-11-05,IND,BKN,0,0.67959
22500174,2025-26,2025-11-05,BOS,WAS,1,0.86654
22500175,2025-26,2025-11-05,NYK,MIN,1,0.607257
22500176,2025-26,2025-11-05,MEM,HOU,0,0.354423
22500177,2025-26,2025-11-05,DAL,NOP,0,0.771768
22500178,2025-26,2025-11-05,DEN,MIA,1,0.661104
22500179,2025-26,2025-11-05,LAL,SAS,1,0.485128
22500180,2025-26,2025-11-05,POR,OKC,1,0.451206
22500181,2025-26,2025-11-05,SAC,GSW,1,0.532947
22500182,2025-26,2025-11-06,PHX,LAC,1,0.567766
22500028,2025-26,2025-11-07,ORL,BOS,1,0.444568
22500029,2025-26,2025-11-07,WAS,CLE,0,0.226705
22500030,2025-26,2025-11-07,ATL,TOR,0,0.521291
22500031,2025-26,2025-11-07,BKN,DET,0,0.340399
22500032,2025-26,2025-11-07,SAS,HOU,1,0.423066
22500033,2025-26,2025-11-07,MIA,CHA,1,0.721693
22500034,2025-26,2025-11-07,MEM,DAL,1,0.665017
22500035,2025-26,2025-11-07,MIL,CHI,1,0.531765
22500036,2025-26,2025-11-07,MIN,UTA,1,0.727069
22500037,2025-26,2025-11-07,DEN,GSW,1,0.775002
22500038,2025-26,2025-11-07,SAC,OKC,0,0.244891
22500183,2025-26,2025-11-08,WAS,DAL,0,0.510674
22500184,2025-26,2025-11-08,PHI,TOR,1,0.571722
22500185,2025-26,2025-11-08,ATL,LAL,1,0.366482
22500186,2025-26,2025-11-08,CLE,CHI,1,0.696011
22500187,2025-26,2025-11-08,MIA,POR,1,0.490116
22500188,2025-26,2025-11-08,SAS,NOP,1,0.784506
22500189,2025-26,2025-11-08,DEN,IND,1,0.796516
22500190,2025-26,2025-11-08,LAC,PHX,0,0.465513
22500191,2025-26,2025-11-09,MIL,HOU,0,0.461582
22500192,2025-26,2025-11-09,NYK,BKN,1,0.854983
22500193,2025-26,2025-11-09,ORL,BOS,0,0.476379
22500194,2025-26,2025-11-09,MEM,OKC,0,0.279008
22500195,2025-26,2025-11-09,PHI,DET,0,0.416822
22500196,2025-26,2025-11-09,GSW,IND,1,0.758341
22500197,2025-26,2025-11-09,SAC,MIN,0,0.442265
22500198,2025-26,2025-11-10,CHA,LAL,0,0.359157
22500199,2025-26,2025-11-10,DET,WAS,1,0.833677
22500200,2025-26,2025-11-10,ORL,POR,1,0.461286
22500201,2025-26,2025-11-10,MIA,CLE,1,0.556692
22500202,2025-26,2025-11-10,CHI,SAS,0,0.53364
22500203,2025-26,2025-11-10,DAL,MIL,0,0.465574
22500204,2025-26,2025-11-10,PHX,NOP,1,0.775276
22500205,2025-26,2025-11-10,UTA,MIN,0,0.479566
22500206,2025-26,2025-11-10,LAC,ATL,0,0.595634
22500207,2025-26,2025-11-11,BKN,TOR,0,0.368914
22500208,2025-26,2025-11-11,NYK,MEM,1,0.791403
22500209,2025-26,2025-11-11,PHI,BOS,1,0.435877
22500210,2025-26,2025-11-11,OKC,GSW,1,0.829595
22500211,2025-26,2025-11-11,UTA,IND,1,0.578783
22500212,2025-26,2025-11-11,SAC,DEN,0,0.383789
22500213,2025-26,2025-11-12,CHA,MIL,1,0.426489
22500214,2025-26,2025-11-12,DET,CHI,1,0.664991
22500215,2025-26,2025-11-12,NYK,ORL,0,0.648294
22500216,2025-26,2025-11-12,BOS,MEM,1,0.770138
22500217,2025-26,2025-11-12,MIA,CLE,0,0.502392
22500218,2025-26,2025-11-12,HOU,WAS,1,0.909958
22500219,2025-26,2025-11-12,NOP,POR,0,0.260585
22500220,2025-26,2025-11-12,SAS,GSW,0,0.715961
22500221,2025-26,2025-11-12,DAL,PHX,0,0.411389
22500222,2025-26,2025-11-12,OKC,LAL,1,0.691591
22500223,2025-26,2025-11-12,SAC,ATL,0,0.436408
22500224,2025-26,2025-11-12,LAC,DEN,0,0.391317
22500225,2025-26,2025-11-13,CLE,TOR,0,0.452829
22500226,2025-26,2025-11-13,PHX,IND,1,0.658684
22500227,2025-26,2025-11-13,UTA,ATL,0,0.577871
22500039,2025-26,2025-11-14,NYK,MIA,1,0.664105
22500040,2025-26,2025-11-14,ORL,BKN,1,0.826666
22500041,2025-26,2025-11-14,DET,PHI,1,0.535052
22500042,2025-26,2025-11-14,HOU,POR,1,0.682886
22500043,2025-26,2025-11-14,MIL,CHA,1,0.573316
22500044,2025-26,2025-11-14,MIN,SAC,1,0.814767
22500045,2025-26,2025-11-14,NOP,LAL,0,0.235385
22500046,2025-26,2025-11-14,DAL,LAC,0,0.523572
22500047,2025-26,2025-11-14,SAS,GSW,0,0.602448
22500228,2025-26,2025-11-15,CLE,MEM,1,0.77204
22500229,2025-26,2025-11-15,CHA,OKC,0,0.121411
22500230,2025-26,2025-11-15,IND,TOR,0,0.33082
22500231,2025-26,2025-11-15,MIL,LAL,0,0.478801
22500232,2025-26,2025-11-15,MIN,DEN,0,0.417942
22500233,2025-26,2025-11-16,BOS,LAC,1,0.798705
22500234,2025-26,2025-11-16,SAS,SAC,1,0.768889
22500235,2025-26,2025-11-16,WAS,BKN,0,0.501808
22500236,2025-26,2025-11-16,HOU,ORL,1,0.734402
22500237,2025-26,2025-11-16,NOP,GSW,0,0.269369
22500238,2025-26,2025-11-16,DAL,POR,1,0.353072
22500239,2025-26,2025-11-16,PHX,ATL,0,0.551085
22500240,2025-26,2025-11-16,UTA,CHI,1,0.522688
22500241,2025-26,2025-11-17,CLE,MIL,1,0.707004
22500242,2025-26,2025-11-17,DET,IND,1,0.70536
22500243,2025-26,2025-11-17,PHI,LAC,1,0.749721
22500244,2025-26,2025-11-17,MIA,NYK,1,0.490085
22500245,2025-26,2025-11-17,TOR,CHA,1,0.776374
22500246,2025-26,2025-11-17,MIN,DAL,1,0.88833
22500247,2025-26,2025-11-17,NOP,OKC,0,0.054695
22500248,2025-26,2025-11-17,DEN,CHI,0,0.862424
22500249,2025-26,2025-11-18,ORL,GSW,1,0.516326
22500250,2025-26,2025-11-18,BKN,BOS,0,0.246373
22500251,2025-26,2025-11-18,ATL,DET,0,0.622734
22500252,2025-26,2025-11-18,SAS,MEM,1,0.657474
22500253,2025-26,2025-11-18,LAL,UTA,1,0.768591
22500254,2025-26,2025-11-18,POR,PHX,0,0.564027
22500255,2025-26,2025-11-19,CLE,HOU,0,0.516662
22500256,2025-26,2025-11-19,IND,CHA,1,0.445241
22500257,2025-26,2025-11-19,MIA,GSW,1,0.633123
22500258,2025-26,2025-11-19,PHI,TOR,0,0.460333
22500259,2025-26,2025-11-19,MIN,WAS,1,0.883557
22500260,2025-26,2025-11-19,NOP,DEN,0,0.140496
22500261,2025-26,2025-11-19,OKC,SAC,1,0.890738
22500262,2025-26,2025-11-19,DAL,NYK,0,0.30567
22500263,2025-26,2025-11-19,POR,CHI,0,0.497275
22500264,2025-26,2025-11-20,ORL,LAC,1,0.702149
22500265,2025-26,2025-11-20,MEM,SAC,1,0.694034
22500266,2025-26,2025-11-20,MIL,PHI,0,0.671331
22500267,2025-26,2025-11-20,SAS,ATL,1,0.534517
22500048,2025-26,2025-11-21,CLE,IND,1,0.810165
22500049,2025-26,2025-11-21,BOS,BKN,0,0.832326
22500050,2025-26,2025-11-21,TOR,WAS,1,0.875482
22500051,2025-26,2025-11-21,CHI,MIA,0,0.469303
22500052,2025-26,2025-11-21,DAL,NOP,1,0.646471
22500053,2025-26,2025-11-21,PHX,MIN,1,0.459327
22500054,2025-26,2025-11-21,HOU,DEN,0,0.60437
22500055,2025-26,2025-11-21,UTA,OKC,0,0.173916
22500056,2025-26,2025-11-21,GSW,POR,0,0.477849
22500268,2025-26,2025-11-22,CHA,LAC,0,0.580822
22500269,2025-26,2025-11-22,ORL,NYK,1,0.509655
22500270,2025-26,2025-11-22,NOP,ATL,0,0.226171
22500271,2025-26,2025-11-22,CHI,WAS,1,0.805873
22500272,2025-26,2025-11-22,MIL,DET,0,0.284998
22500273,2025-26,2025-11-22,DAL,MEM,0,0.457948
22500274,2025-26,2025-11-22,DEN,SAC,0,0.819936
22500275,2025-26,2025-11-23,PHI,MIA,0,0.467487
22500276,2025-26,2025-11-23,ATL,CHA,1,0.672802
22500277,2025-26,2025-11-23,BOS,ORL,1,0.705419
22500278,2025-26,2025-11-23,CLE,LAC,1,0.778746
22500279,2025-26,2025-11-23,TOR,BKN,1,0.759479
22500280,2025-26,2025-11-23,OKC,POR,1,0.848813
22500281,2025-26,2025-11-23,PHX,SAS,1,0.566025
22500282,2025-26,2025-11-23,UTA,LAL,0,0.322098
22500283,2025-26,2025-11-24,IND,DET,0,0.221079
22500284,2025-26,2025-11-24,TOR,CLE,1,0.524126
22500285,2025-26,2025-11-24,BKN,NYK,0,0.24055
22500286,2025-26,2025-11-24,MIA,DAL,1,0.675787
22500287,2025-26,2025-11-24,MEM,DEN,0,0.334423
22500288,2025-26,2025-11-24,MIL,POR,0,0.506413
22500289,2025-26,2025-11-24,NOP,CHI,1,0.339694
22500290,2025-26,2025-11-24,PHX,HOU,0,0.342534
22500291,2025-26,2025-11-24,GSW,UTA,1,0.776858
22500292,2025-26,2025-11-24,SAC,MIN,1,0.231305
22500057,2025-26,2025-11-25,WAS,ATL,1,0.229513
22500058,2025-26,2025-11-25,PHI,ORL,0,0.464547
22500059,2025-26,2025-11-25,LAL,LAC,1,0.766855
22500060,2025-26,2025-11-26,BOS,DET,1,0.530451
22500061,2025-26,2025-11-26,CHA,NYK,0,0.295208
22500062,2025-26,2025-11-26,MIA,MIL,1,0.760841
22500063,2025-26,2025-11-26,TOR,IND,1,0.75206
22500064,2025-26,2025-11-26,OKC,MIN,1,0.770809
22500065,2025-26,2025-11-26,NOP,MEM,0,0.462187
22500066,2025-26,2025-11-26,GSW,HOU,0,0.444385
22500067,2025-26,2025-11-26,POR,SAS,0,0.504805
22500068,2025-26,2025-11-26,SAC,PHX,0,0.454707
22500069,2025-26,2025-11-28,ATL,CLE,1,0.533459
22500070,2025-26,2025-11-28,BKN,PHI,0,0.499806
22500071,2025-26,2025-11-28,CHA,CHI,1,0.535554
22500072,2025-26,2025-11-28,DET,ORL,0,0.592641
22500073,2025-26,2025-11-28,IND,WAS,1,0.65047
22500074,2025-26,2025-11-28,NYK,MIL,1,0.84029
22500075,2025-26,2025-11-28,OKC,PHX,1,0.862207
22500076,2025-26,2025-11-28,DEN,SAS,0,0.689944
22500077,2025-26,2025-11-28,UTA,SAC,1,0.624538
22500078,2025-26,2025-11-28,LAL,DAL,1,0.784697
22500079,2025-26,2025-11-28,LAC,MEM,0,0.564097
22500293,2025-26,2025-11-29,MIN,BOS,1,0.532387
22500294,2025-26,2025-11-29,CHA,TOR,1,0.322471
22500295,2025-26,2025-11-29,IND,CHI,1,0.475681
22500296,2025-26,2025-11-29,MIA,DET,0,0.615298
22500297,2025-26,2025-11-29,MIL,BKN,1,0.59603
22500298,2025-26,2025-11-29,GSW,NOP,1,0.749419
22500299,2025-26,2025-11-29,PHX,DEN,0,0.49464
22500300,2025-26,2025-11-29,LAC,DAL,0,0.6544
22500301,2025-26,2025-11-30,UTA,HOU,0,0.336604
22500302,2025-26,2025-11-30,CLE,BOS,0,0.639435
22500303,2025-26,2025-11-30,NYK,TOR,1,0.743263
22500304,2025-26,2025-11-30,PHI,ATL,0,0.473205
22500305,2025-26,2025-11-30,POR,OKC,0,0.268835
22500306,2025-26,2025-11-30,MIN,SAS,1,0.561015
22500307,2025-26,2025-11-30,SAC,MEM,0,0.416837
22500308,2025-26,2025-11-30,LAL,NOP,1,0.882803
22500309,2025-26,2025-12-01,DET,ATL,1,0.69625
22500310,2025-26,2025-12-01,IND,CLE,0,0.441776
22500311,2025-26,2025-12-01,WAS,MIL,1,0.36129
22500312,2025-26,2025-12-01,BKN,CHA,1,0.4588
22500313,2025-26,2025-12-01,MIA,LAC,1,0.691091
22500314,2025-26,2025-12-01,ORL,CHI,1,0.775984
22500315,2025-26,2025-12-01,DEN,DAL,0,0.864977
22500316,2025-26,2025-12-01,UTA,HOU,1,0.271917
22500317,2025-26,2025-12-01,LAL,PHX,0,0.559953
22500318,2025-26,2025-12-02,PHI,WAS,1,0.853199
22500319,2025-26,2025-12-02,TOR,POR,1,0.543017
22500320,2025-26,2025-12-02,BOS,NYK,1,0.479688
22500321,2025-26,2025-12-02,NOP,MIN,0,0.195151
22500322,2025-26,2025-12-02,SAS,MEM,1,0.620677
22500323,2025-26,2025-12-02,GSW,OKC,0,0.264216
22500324,2025-26,2025-12-03,CLE,POR,0,0.660471
22500325,2025-26,2025-12-03,IND,DEN,0,0.323199
22500326,2025-26,2025-12-03,ORL,SAS,0,0.768719
22500327,2025-26,2025-12-03,ATL,LAC,0,0.615407
22500328,2025-26,2025-12-03,NYK,CHA,1,0.720487
22500329,2025-26,2025-12-03,CHI,BKN,0,0.554666
22500330,2025-26,2025-12-03,HOU,SAC,1,0.861272
22500331,2025-26,2025-12-03,MIL,DET,1,0.302556
22500332,2025-26,2025-12-03,DAL,MIA,1,0.319995
22500333,2025-26,2025-12-04,PHI,GSW,1,0.472674
22500334,2025-26,2025-12-04,WAS,BOS,0,0.153998
22500335,2025-26,2025-12-04,BKN,UTA,0,0.462373
22500336,2025-26,2025-12-04,TOR,LAL,0,0.457175
22500337,2025-26,2025-12-04,NOP,MIN,0,0.207846
22500338,2025-26,2025-12-05,BOS,LAL,1,0.654537
22500339,2025-26,2025-12-05,ORL,MIA,1,0.668018
22500340,2025-26,2025-12-05,ATL,DEN,0,0.341989
22500341,2025-26,2025-12-05,CLE,SAS,1,0.59539
22500342,2025-26,2025-12-05,DET,POR,1,0.646583
22500343,2025-26,2025-12-05,NYK,UTA,1,0.856347
22500344,2025-26,2025-12-05,TOR,CHA,0,0.559158
22500345,2025-26,2025-12-05,CHI,IND,0,0.526601
22500346,2025-26,2025-12-05,HOU,PHX,1,0.66911
22500347,2025-26,2025-12-05,MEM,LAC,1,0.515989
22500348,2025-26,2025-12-05,MIL,PHI,0,0.617943
22500349,2025-26,2025-12-05,OKC,DAL,1,0.873436
22500350,2025-26,2025-12-06,BKN,NOP,1,0.619503
22500351,2025-26,2025-12-06,WAS,ATL,0,0.344633
22500352,2025-26,2025-12-06,CLE,GSW,0,0.554157
22500353,2025-26,2025-12-06,DET,MIL,1,0.835092
22500354,2025-26,2025-12-06,MIA,SAC,0,0.665403
22500355,2025-26,2025-12-06,MIN,LAC,1,0.781297
22500356,2025-26,2025-12-06,DAL,HOU,1,0.277322
22500357,2025-26,2025-12-07,NYK,ORL,1,0.570295
22500358,2025-26,2025-12-07,TOR,BOS,0,0.343447
22500359,2025-26,2025-12-07,CHA,DEN,0,0.316604
22500360,2025-26,2025-12-07,MEM,POR,1,0.513171
22500361,2025-26,2025-12-07,CHI,GSW,0,0.559044
22500362,2025-26,2025-12-07,PHI,LAL,0,0.510138
22500363,2025-26,2025-12-07,UTA,OKC,0,0.163226
22500364,2025-26,2025-12-08,IND,SAC,1,0.611552
22500365,2025-26,2025-12-08,MIN,PHX,0,0.623229
22500366,2025-26,2025-12-08,NOP,SAS,0,0.255422
22501201,2025-26,2025-12-09,ORL,MIA,1,0.667533
22501202,2025-26,2025-12-09,TOR,NYK,0,0.367982
22501203,2025-26,2025-12-10,OKC,PHX,1,0.735041
22501204,2025-26,2025-12-10,LAL,SAS,0,0.54335
22501205,2025-26,2025-12-11,HOU,LAC,1,0.689777
22501206,2025-26,2025-12-11,MIL,BOS,1,0.195111
22501207,2025-26,2025-12-11,NOP,POR,1,0.332108
22501208,2025-26,2025-12-11,SAC,DEN,0,0.286581
22501209,2025-26,2025-12-12,CHA,CHI,0,0.553989
22501210,2025-26,2025-12-12,DET,ATL,1,0.667779
22501211,2025-26,2025-12-12,PHI,IND,1,0.648947
22501212,2025-26,2025-12-12,WAS,CLE,0,0.174182
22501213,2025-26,2025-12-12,MEM,UTA,0,0.749805
22501214,2025-26,2025-12-12,DAL,BKN,1,0.561549
22501215,2025-26,2025-12-12,GSW,MIN,0,0.425526
22501216,2025-26,2025-12-14,IND,WAS,0,0.751197
22501217,2025-26,2025-12-14,ATL,PHI,1,0.558968
22501218,2025-26,2025-12-14,CLE,CHA,0,0.76083
22501219,2025-26,2025-12-14,BKN,MIL,1,0.587889
22501220,2025-26,2025-12-14,MIN,SAC,1,0.757207
22501221,2025-26,2025-12-14,POR,GSW,1,0.419494
22501223,2025-26,2025-12-14,CHI,NOP,0,0.611691
22501228,2025-26,2025-12-14,PHX,LAL,0,0.463989
22501222,2025-26,2025-12-15,BOS,DET,0,0.560361
22501224,2025-26,2025-12-15,UTA,DAL,1,0.543085
22501225,2025-26,2025-12-15,DEN,HOU,1,0.522314
22501226,2025-26,2025-12-15,LAC,MEM,0,0.553917
22501227,2025-26,2025-12-15,MIA,TOR,0,0.661719
22500367,2025-26,2025-12-17,CHI,CLE,1,0.349234
22500368,2025-26,2025-12-17,MIN,MEM,0,0.617735
22500369,2025-26,2025-12-18,OKC,LAC,1,0.870912
22500370,2025-26,2025-12-18,SAS,WAS,1,0.867784
22500371,2025-26,2025-12-18,CHA,ATL,1,0.423304
22500372,2025-26,2025-12-18,IND,NYK,0,0.232868
22500373,2025-26,2025-12-18,BKN,MIA,0,0.464271
22500374,2025-26,2025-12-18,MIL,TOR,0,0.345667
22500375,2025-26,2025-12-18,NOP,HOU,1,0.261146
22500376,2025-26,2025-12-18,DAL,DET,1,0.276685
22500377,2025-26,2025-12-18,DEN,ORL,1,0.639649
22500378,2025-26,2025-12-18,PHX,GSW,1,0.571546
22500379,2025-26,2025-12-18,UTA,LAL,0,0.408186
22500380,2025-26,2025-12-18,POR,SAC,1,0.687567
22500381,2025-26,2025-12-19,BOS,MIA,1,0.789342
22500382,2025-26,2025-12-19,NYK,PHI,0,0.612375
22500383,2025-26,2025-12-19,ATL,SAS,0,0.416209
22500384,2025-26,2025-12-19,CLE,CHI,0,0.677253
22500385,2025-26,2025-12-19,MIN,OKC,1,0.340348
22500386,2025-26,2025-12-20,DEN,HOU,0,0.586886
22500387,2025-26,2025-12-20,PHI,DAL,1,0.486624
22500388,2025-26,2025-12-20,TOR,BOS,0,0.460051
22500389,2025-26,2025-12-20,NOP,IND,1,0.562113
22500390,2025-26,2025-12-20,DET,CHA,1,0.740732
22500391,2025-26,2025-12-20,MEM,WAS,0,0.75196
22500392,2025-26,2025-12-20,GSW,PHX,1,0.541874
22500393,2025-26,2025-12-20,UTA,ORL,0,0.331427
22500394,2025-26,2025-12-20,SAC,POR,0,0.368013
22500395,2025-26,2025-12-20,LAC,LAL,1,0.378842
22500396,2025-26,2025-12-21,ATL,CHI,0,0.537903
22500397,2025-26,2025-12-21,BKN,TOR,1,0.600831
22500398,2025-26,2025-12-21,NYK,MIA,1,0.722058
22500399,2025-26,2025-12-21,WAS,SAS,0,0.135121
22500400,2025-26,2025-12-21,MIN,MIL,1,0.819998
22500401,2025-26,2025-12-21,SAC,HOU,1,0.234019
22500402,2025-26,2025-12-22,CLE,CHA,1,0.586113
22500403,2025-26,2025-12-22,BOS,IND,1,0.785103
22500404,2025-26,2025-12-22,NOP,DAL,1,0.506754
22500405,2025-26,2025-12-22,DEN,UTA,1,0.816487
22500406,2025-26,2025-12-22,OKC,MEM,1,0.863675
22500407,2025-26,2025-12-22,GSW,ORL,1,0.515312
22500408,2025-26,2025-12-22,POR,DET,0,0.372495
22500409,2025-26,2025-12-23,CHA,WAS,1,0.643746
22500410,2025-26,2025-12-23,PHI,BKN,0,0.566609
22500411,2025-26,2025-12-23,ATL,CHI,0,0.537458
22500412,2025-26,2025-12-23,CLE,NOP,1,0.680544
22500413,2025-26,2025-12-23,IND,MIL,0,0.499792
22500414,2025-26,2025-12-23,MIA,TOR,0,0.551023
22500415,2025-26,2025-12-23,DAL,DEN,1,0.350367
22500416,2025-26,2025-12-23,MIN,NYK,1,0.543239
22500417,2025-26,2025-12-23,SAS,OKC,1,0.442091
22500418,2025-26,2025-12-23,PHX,LAL,1,0.54503
22500419,2025-26,2025-12-23,UTA,MEM,0,0.501016
22500420,2025-26,2025-12-23,POR,ORL,0,0.498232
22500421,2025-26,2025-12-23,SAC,DET,0,0.339105
22500422,2025-26,2025-12-23,LAC,HOU,1,0.391432
22500009,2025-26,2025-12-25,NYK,CLE,1,0.581604
22500010,2025-26,2025-12-25,OKC,SAS,0,0.728069
22500011,2025-26,2025-12-25,GSW,DAL,1,0.706678
22500012,2025-26,2025-12-25,LAL,HOU,0,0.419687
22500013,2025-26,2025-12-25,DEN,MIN,1,0.588899
22500423,2025-26,2025-12-26,ATL,MIA,0,0.497744
22500424,2025-26,2025-12-26,ORL,CHA,0,0.624344
22500425,2025-26,2025-12-26,WAS,TOR,1,0.323029
22500426,2025-26,2025-12-26,IND,BOS,0,0.233919
22500427,2025-26,2025-12-26,CHI,PHI,1,0.484641
22500428,2025-26,2025-12-26,MEM,MIL,1,0.637508
22500429,2025-26,2025-12-26,NOP,PHX,0,0.3643
22500430,2025-26,2025-12-26,UTA,DET,1,0.249275
22500431,2025-26,2025-12-26,POR,LAC,0,0.540565
22500432,2025-26,2025-12-27,SAC,DAL,1,0.478973
22500433,2025-26,2025-12-27,ORL,DEN,1,0.375024
22500434,2025-26,2025-12-27,NOP,PHX,0,0.391919
22500435,2025-26,2025-12-27,ATL,NYK,0,0.268883
22500436,2025-26,2025-12-27,MIA,IND,1,0.689284
22500437,2025-26,2025-12-27,CHI,MIL,0,0.706661
22500438,2025-26,2025-12-27,HOU,CLE,1,0.640319
22500439,2025-26,2025-12-27,MIN,BKN,0,0.736793
22500440,2025-26,2025-12-27,SAS,UTA,0,0.885499
22500441,2025-26,2025-12-28,TOR,GSW,1,0.4404
22500442,2025-26,2025-12-28,OKC,PHI,1,0.810363
22500443,2025-26,2025-12-28,WAS,MEM,1,0.332956
22500444,2025-26,2025-12-28,POR,BOS,1,0.322027
22500445,2025-26,2025-12-28,LAC,DET,1,0.362376
22500446,2025-26,2025-12-28,LAL,SAC,1,0.816318
22500447,2025-26,2025-12-29,CHA,MIL,0,0.58801
22500448,2025-26,2025-12-29,WAS,PHX,0,0.236048
22500449,2025-26,2025-12-29,BKN,GSW,0,0.581229
22500450,2025-26,2025-12-29,MIA,DEN,1,0.415447
22500451,2025-26,2025-12-29,TOR,ORL,1,0.457342
22500452,2025-26,2025-12-29,CHI,MIN,0,0.367803
22500453,2025-26,2025-12-29,HOU,IND,1,0.833891
22500454,2025-26,2025-12-29,NOP,NYK,0,0.33579
22500455,2025-26,2025-12-29,OKC,ATL,1,0.842279
22500456,2025-26,2025-12-29,SAS,CLE,0,0.587481
22500457,2025-26,2025-12-29,POR,DAL,1,0.56109
22500458,2025-26,2025-12-30,MEM,PHI,0,0.594769
22500459,2025-26,2025-12-30,UTA,BOS,0,0.283009
22500460,2025-26,2025-12-30,LAL,DET,0,0.44412
22500461,2025-26,2025-12-30,LAC,SAC,1,0.668533
22500462,2025-26,2025-12-31,CHA,GSW,0,0.372524
22500463,2025-26,2025-12-31,ATL,MIN,1,0.26322
22500464,2025-26,2025-12-31,IND,ORL,0,0.352727
22500465,2025-26,2025-12-31,CLE,PHX,1,0.60251
22500466,2025-26,2025-12-31,CHI,NOP,1,0.557492
22500467,2025-26,2025-12-31,SAS,NYK,1,0.572184
22500468,2025-26,2025-12-31,TOR,DEN,0,0.421606
22500469,2025-26,2025-12-31,MIL,WAS,0,0.68335
22500470,2025-26,2025-12-31,OKC,POR,1,0.858923
22500471,2025-26,2026-01-01,BKN,HOU,0,0.388247
22500472,2025-26,2026-01-01,DET,MIA,0,0.65332
22500473,2025-26,2026-01-01,DAL,PHI,0,0.40523
22500474,2025-26,2026-01-01,SAC,BOS,0,0.200388
22500475,2025-26,2026-01-01,LAC,UTA,1,0.697466
22500476,2025-26,2026-01-02,IND,SAS,0,0.277973
22500477,2025-26,2026-01-02,WAS,BKN,1,0.525821
22500478,2025-26,2026-01-02,CLE,DEN,1,0.665632
22500479,2025-26,2026-01-02,NYK,ATL,0,0.695866
22500480,2025-26,2026-01-02,CHI,ORL,1,0.330999
22500481,2025-26,2026-01-02,MIL,CHA,1,0.594
22500482,2025-26,2026-01-02,NOP,POR,0,0.484019
22500483,2025-26,2026-01-02,PHX,SAC,1,0.828913
22500484,2025-26,2026-01-02,GSW,OKC,0,0.288018
22500485,2025-26,2026-01-02,LAL,MEM,1,0.579299
22500486,2025-26,2026-01-03,MIA,MIN,0,0.477359
22500487,2025-26,2026-01-03,NYK,PHI,0,0.493141
22500488,2025-26,2026-01-03,TOR,ATL,1,0.696807
22500489,2025-26,2026-01-03,CHI,CHA,0,0.53894
22500490,2025-26,2026-01-03,SAS,POR,0,0.673549
22500491,2025-26,2026-01-03,DAL,HOU,1,0.319571
22500492,2025-26,2026-01-03,GSW,UTA,1,0.63959
22500493,2025-26,2026-01-03,LAC,BOS,0,0.38427
22500494,2025-26,2026-01-04,CLE,DET,0,0.5431
22500495,2025-26,2026-01-04,ORL,IND,1,0.759452
22500496,2025-26,2026-01-04,BKN,DEN,1,0.426232
22500497,2025-26,2026-01-04,MIA,NOP,1,0.722791
22500498,2025-26,2026-01-04,WAS,MIN,0,0.361084
22500499,2025-26,2026-01-04,PHX,OKC,1,0.277342
22500500,2025-26,2026-01-04,SAC,MIL,0,0.40443
22500501,2025-26,2026-01-04,LAL,MEM,1,0.545131
22500502,2025-26,2026-01-05,DET,NYK,1,0.489601
22500503,2025-26,2026-01-05,BOS,CHI,1,0.839851
22500504,2025-26,2026-01-05,TOR,ATL,1,0.670042
22500505,2025-26,2026-01-05,HOU,PHX,1,0.758724
22500506,2025-26,2026-01-05,OKC,CHA,0,0.832791
22500507,2025-26,2026-01-05,PHI,DEN,0,0.737484
22500508,2025-26,2026-01-05,LAC,GSW,1,0.556101
22500509,2025-26,2026-01-05,POR,UTA,1,0.640638
22500510,2025-26,2026-01-06,IND,CLE,0,0.272267
22500511,2025-26,2026-01-06,WAS,ORL,1,0.334667
22500512,2025-26,2026-01-06,MEM,SAS,1,0.436237
22500513,2025-26,2026-01-06,MIN,MIA,1,0.641078
22500514,2025-26,2026-01-06,NOP,LAL,0,0.392084
22500515,2025-26,2026-01-06,SAC,DAL,0,0.425883
22500516,2025-26,2026-01-07,CHA,TOR,0,0.468358
22500517,2025-26,2026-01-07,DET,CHI,1,0.790738
22500518,2025-26,2026-01-07,PHI,WAS,1,0.819293
22500519,2025-26,2026-01-07,ATL,NOP,1,0.707105
22500520,2025-26,2026-01-07,BOS,DEN,0,0.863223
22500521,2025-26,2026-01-07,BKN,ORL,0,0.553443
22500522,2025-26,2026-01-07,NYK,LAC,1,0.650104
22500523,2025-26,2026-01-07,SAS,LAL,1,0.668631
22500524,2025-26,2026-01-07,MEM,PHX,0,0.364916
22500525,2025-26,2026-01-07,OKC,UTA,1,0.911071
22500526,2025-26,2026-01-07,GSW,MIL,1,0.627197
22500527,2025-26,2026-01-07,POR,HOU,1,0.420813
22500528,2025-26,2026-01-08,CHA,IND,0,0.596216
22500530,2025-26,2026-01-08,MIN,CLE,1,0.635402
22500531,2025-26,2026-01-08,UTA,DAL,1,0.392257
22500532,2025-26,2026-01-09,BOS,TOR,1,0.720944
22500533,2025-26,2026-01-09,ORL,PHI,0,0.506387
22500534,2025-26,2026-01-09,WAS,NOP,0,0.53772
22500535,2025-26,2026-01-09,BKN,LAC,0,0.454361
22500536,2025-26,2026-01-09,MEM,OKC,0,0.228678
22500537,2025-26,2026-01-09,DEN,ATL,0,0.61988
22500538,2025-26,2026-01-09,PHX,NYK,1,0.555985
22500539,2025-26,2026-01-09,GSW,SAC,1,0.789631
22500540,2025-26,2026-01-09,POR,HOU,1,0.429521
22500541,2025-26,2026-01-09,LAL,MIL,0,0.503135
22500542,2025-26,2026-01-10,CLE,MIN,1,0.520618
22500543,2025-26,2026-01-10,IND,MIA,1,0.301206
22500544,2025-26,2026-01-10,DET,LAC,0,0.689304
22500545,2025-26,2026-01-10,BOS,SAS,0,0.551713
22500546,2025-26,2026-01-10,CHI,DAL,1,0.475425
22500547,2025-26,2026-01-10,UTA,CHA,0,0.477127
22500548,2025-26,2026-01-11,ORL,NOP,1,0.7036
22500549,2025-26,2026-01-11,MEM,BKN,1,0.583012
22500550,2025-26,2026-01-11,TOR,PHI,1,0.470998
22500551,2025-26,2026-01-11,POR,NYK,0,0.500046
22500552,2025-26,2026-01-11,MIN,SAS,1,0.563128
22500553,2025-26,2026-01-11,OKC,MIA,1,0.762651
22500554,2025-26,2026-01-11,DEN,MIL,1,0.508516
22500555,2025-26,2026-01-11,PHX,WAS,1,0.859247
22500556,2025-26,2026-01-11,GSW,ATL,0,0.727207
22500557,2025-26,2026-01-11,SAC,HOU,1,0.251001
22500558,2025-26,2026-01-12,CLE,UTA,0,0.873067
22500559,2025-26,2026-01-12,IND,BOS,1,0.250325
22500560,2025-26,2026-01-12,TOR,PHI,0,0.627937
22500561,2025-26,2026-01-12,DAL,BKN,1,0.581428
22500562,2025-26,2026-01-12,SAC,LAL,1,0.318429
22500563,2025-26,2026-01-12,LAC,CHA,1,0.585336
22500564,2025-26,2026-01-13,MIA,PHX,1,0.453815
22500565,2025-26,2026-01-13,HOU,CHI,1,0.740862
22500566,2025-26,2026-01-13,MIL,MIN,0,0.3906
22500567,2025-26,2026-01-13,NOP,DEN,0,0.526057
22500568,2025-26,2026-01-13,OKC,SAS,1,0.711206
22500569,2025-26,2026-01-13,LAL,ATL,1,0.51699
22500570,2025-26,2026-01-13,GSW,POR,1,0.627706
22500571,2025-26,2026-01-14,IND,TOR,0,0.395271
22500572,2025-26,2026-01-14,PHI,CLE,0,0.471565
22500573,2025-26,2026-01-14,CHI,UTA,1,0.488426
22500574,2025-26,2026-01-14,NOP,BKN,1,0.455368
22500575,2025-26,2026-01-14,DAL,DEN,0,0.520873
22500576,2025-26,2026-01-14,SAC,NYK,1,0.283392
22500577,2025-26,2026-01-14,LAC,WAS,1,0.767267
22500579,2025-26,2026-01-15,DET,PHX,1,0.512328
22500580,2025-26,2026-01-15,MIA,BOS,0,0.434945
22500581,2025-26,2026-01-15,HOU,OKC,0,0.362726
22500582,2025-26,2026-01-15,SAS,MIL,1,0.725618
22500583,2025-26,2026-01-15,DAL,UTA,1,0.632793
22500584,2025-26,2026-01-15,GSW,NYK,1,0.663313
22500585,2025-26,2026-01-15,POR,ATL,1,0.587259
22500586,2025-26,2026-01-15,LAL,CHA,0,0.580274
22500587,2025-26,2026-01-16,BKN,CHI,1,0.542876
22500588,2025-26,2026-01-16,IND,NOP,1,0.540172
22500589,2025-26,2026-01-16,PHI,CLE,0,0.435835
22500590,2025-26,2026-01-16,TOR,LAC,0,0.547741
22500591,2025-26,2026-01-16,HOU,MIN,1,0.526695
22500592,2025-26,2026-01-16,SAC,WAS,1,0.582304
22500593,2025-26,2026-01-17,DAL,UTA,1,0.565455
22500594,2025-26,2026-01-17,ATL,BOS,0,0.287742
22500595,2025-26,2026-01-17,DET,IND,1,0.892679
22500596,2025-26,2026-01-17,NYK,PHX,0,0.489404
22500597,2025-26,2026-01-17,MIA,OKC,1,0.230836
22500598,2025-26,2026-01-17,SAS,MIN,1,0.696447
22500599,2025-26,2026-01-17,GSW,CHA,1,0.663629
22500600,2025-26,2026-01-17,DEN,WAS,1,0.811288
22500601,2025-26,2026-01-17,POR,LAL,1,0.521654
22500603,2025-26,2026-01-18,CHI,BKN,1,0.537594
22500604,2025-26,2026-01-18,HOU,NOP,1,0.77794
22500605,2025-26,2026-01-18,DEN,CHA,0,0.674767
22500606,2025-26,2026-01-18,SAC,POR,0,0.554326
22500607,2025-26,2026-01-18,LAL,TOR,1,0.375116
22500014,2025-26,2026-01-19,ATL,MIL,0,0.510646
22500015,2025-26,2026-01-19,CLE,OKC,0,0.309151
22500016,2025-26,2026-01-19,NYK,DAL,0,0.755849
22500017,2025-26,2026-01-19,DET,BOS,1,0.553197
22500608,2025-26,2026-01-19,WAS,LAC,0,0.348683
22500609,2025-26,2026-01-19,PHI,IND,1,0.807936
22500610,2025-26,2026-01-19,BKN,PHX,0,0.232753
22500611,2025-26,2026-01-19,SAS,UTA,1,0.875542
22500612,2025-26,2026-01-19,GSW,MIA,1,0.675139
22500613,2025-26,2026-01-20,PHI,PHX,0,0.511196
22500614,2025-26,2026-01-20,CHI,LAC,1,0.627137
22500615,2025-26,2026-01-20,HOU,SAS,1,0.626136
22500616,2025-26,2026-01-20,UTA,MIN,1,0.20167
22500617,2025-26,2026-01-20,DEN,LAL,0,0.589903
22500618,2025-26,2026-01-20,GSW,TOR,0,0.577488
22500619,2025-26,2026-01-20,SAC,MIA,0,0.528617
22500620,2025-26,2026-01-21,CHA,CLE,0,0.47028
22500621,2025-26,2026-01-21,BOS,IND,1,0.855284
22500622,2025-26,2026-01-21,NYK,BKN,1,0.758634
22500623,2025-26,2026-01-21,MEM,ATL,0,0.661332
22500624,2025-26,2026-01-21,NOP,DET,0,0.264921
22500625,2025-26,2026-01-21,MIL,OKC,0,0.204186
22500626,2025-26,2026-01-21,SAC,TOR,0,0.403287
22500627,2025-26,2026-01-22,ORL,CHA,0,0.708915
22500628,2025-26,2026-01-22,PHI,HOU,1,0.383091
22500629,2025-26,2026-01-22,WAS,DEN,0,0.369078
22500630,2025-26,2026-01-22,DAL,GSW,1,0.342932
22500631,2025-26,2026-01-22,MIN,CHI,0,0.679146
22500632,2025-26,2026-01-22,UTA,SAS,0,0.259462
22500633,2025-26,2026-01-22,LAC,LAL,1,0.498128
22500634,2025-26,2026-01-22,POR,MIA,1,0.594262
22500635,2025-26,2026-01-23,DET,HOU,0,0.643539
22500636,2025-26,2026-01-23,ATL,PHX,1,0.387859
22500637,2025-26,2026-01-23,BKN,BOS,0,0.234855
22500638,2025-26,2026-01-23,CLE,SAC,1,0.82023
22500639,2025-26,2026-01-23,MEM,NOP,0,0.677304
22500640,2025-26,2026-01-23,MIL,DEN,0,0.548113
22500641,2025-26,2026-01-23,OKC,IND,0,0.894847
22500642,2025-26,2026-01-23,POR,TOR,0,0.526647
22500643,2025-26,2026-01-24,PHI,NYK,0,0.508379
22500645,2025-26,2026-01-24,CHA,WAS,1,0.772464
22500646,2025-26,2026-01-24,ORL,CLE,0,0.582303
22500647,2025-26,2026-01-24,CHI,BOS,1,0.498805
22500648,2025-26,2026-01-24,DAL,LAL,0,0.394294
22500649,2025-26,2026-01-24,UTA,MIA,0,0.425245
22500644,2025-26,2026-01-25,MIN,GSW,0,0.616104
22500650,2025-26,2026-01-25,DET,SAC,1,0.819489
22500653,2025-26,2026-01-25,OKC,TOR,0,0.771417
22500654,2025-26,2026-01-25,SAS,NOP,0,0.764172
22500655,2025-26,2026-01-25,PHX,MIA,0,0.738427
22500656,2025-26,2026-01-25,LAC,BKN,1,0.719206
22500657,2025-26,2026-01-26,CHA,PHI,1,0.501403
22500658,2025-26,2026-01-26,CLE,ORL,1,0.623936
22500659,2025-26,2026-01-26,ATL,IND,1,0.595866
22500660,2025-26,2026-01-26,BOS,POR,1,0.74739
22500661,2025-26,2026-01-26,CHI,LAL,0,0.478222
22500662,2025-26,2026-01-26,HOU,MEM,1,0.69406
22500663,2025-26,2026-01-26,MIN,GSW,1,0.594017
22500664,2025-26,2026-01-27,WAS,POR,1,0.436262
22500665,2025-26,2026-01-27,NYK,SAC,1,0.787734
22500666,2025-26,2026-01-27,PHI,MIL,1,0.458965
22500667,2025-26,2026-01-27,OKC,NOP,1,0.864745
22500668,2025-26,2026-01-27,DEN,DET,0,0.363183
22500669,2025-26,2026-01-27,PHX,BKN,1,0.702078
22500670,2025-26,2026-01-27,UTA,LAC,0,0.305415
22500671,2025-26,2026-01-28,CLE,LAL,1,0.560055
22500672,2025-26,2026-01-28,IND,CHI,1,0.456316
22500673,2025-26,2026-01-28,BOS,ATL,0,0.753442
22500674,2025-26,2026-01-28,MIA,ORL,0,0.57388
22500675,2025-26,2026-01-28,TOR,NYK,0,0.627714
22500676,2025-26,2026-01-28,MEM,CHA,0,0.439997
22500677,2025-26,2026-01-28,DAL,MIN,0,0.393777
22500678,2025-26,2026-01-28,UTA,GSW,0,0.306749
22500679,2025-26,2026-01-28,HOU,SAS,0,0.509128
22500529,2025-26,2026-01-29,CHI,MIA,0,0.531395
22500680,2025-26,2026-01-29,PHI,SAC,1,0.733769
22500681,2025-26,2026-01-29,WAS,MIL,1,0.507491
22500682,2025-26,2026-01-29,ATL,HOU,0,0.451151
22500683,2025-26,2026-01-29,DAL,CHA,0,0.374911
22500684,2025-26,2026-01-29,DEN,BKN,1,0.69182
22500685,2025-26,2026-01-29,PHX,DET,1,0.39034
22500686,2025-26,2026-01-29,MIN,OKC,1,0.304632
22500687,2025-26,2026-01-30,ORL,TOR,1,0.454667
22500688,2025-26,2026-01-30,WAS,LAL,0,0.251034
22500689,2025-26,2026-01-30,BOS,SAC,1,0.899492
22500690,2025-26,2026-01-30,NYK,POR,1,0.601702
22500691,2025-26,2026-01-30,NOP,MEM,1,0.516556
22500693,2025-26,2026-01-30,PHX,CLE,1,0.449663
22500694,2025-26,2026-01-30,UTA,BKN,0,0.665094
22500695,2025-26,2026-01-30,DEN,LAC,1,0.432169
22500696,2025-26,2026-01-30,GSW,DET,0,0.552232
22500692,2025-26,2026-01-31,MIA,CHI,0,0.64457
22500697,2025-26,2026-01-31,CHA,SAS,1,0.403944
22500698,2025-26,2026-01-31,IND,ATL,1,0.547865
22500699,2025-26,2026-01-31,PHI,NOP,1,0.847176
22500700,2025-26,2026-01-31,MEM,MIN,0,0.244754
22500701,2025-26,2026-01-31,HOU,DAL,1,0.679112
22500702,2025-26,2026-02-01,BOS,MIL,1,0.838018
22500703,2025-26,2026-02-01,SAS,ORL,1,0.636073
22500704,2025-26,2026-02-01,DET,BKN,1,0.786259
22500705,2025-26,2026-02-01,MIA,CHI,1,0.706258
22500706,2025-26,2026-02-01,TOR,UTA,1,0.837797
22500707,2025-26,2026-02-01,WAS,SAC,1,0.669602
22500708,2025-26,2026-02-01,NYK,LAL,1,0.586461
22500709,2025-26,2026-02-01,PHX,LAC,0,0.520334
22500710,2025-26,2026-02-01,POR,CLE,0,0.480224
22500711,2025-26,2026-02-01,DEN,OKC,0,0.328972
22500712,2025-26,2026-02-02,CHA,NOP,1,0.789269
22500713,2025-26,2026-02-02,IND,HOU,0,0.351469
22500714,2025-26,2026-02-02,MEM,MIN,1,0.277219
22500715,2025-26,2026-02-02,LAC,PHI,0,0.500678
22500716,2025-26,2026-02-03,DET,DEN,1,0.720235
22500717,2025-26,2026-02-03,IND,UTA,0,0.548449
22500718,2025-26,2026-02-03,WAS,NYK,0,0.201867
22500719,2025-26,2026-02-03,BKN,LAL,0,0.340877
22500720,2025-26,2026-02-03,MIA,ATL,0,0.623684
22500721,2025-26,2026-02-03,DAL,BOS,0,0.31976
22500722,2025-26,2026-02-03,MIL,CHI,1,0.472079
22500723,2025-26,2026-02-03,OKC,ORL,1,0.79622
22500724,2025-26,2026-02-03,GSW,PHI,0,0.685656
22500725,2025-26,2026-02-03,POR,PHX,0,0.479375
22500726,2025-26,2026-02-04,NYK,DEN,1,0.65403
22500727,2025-26,2026-02-04,TOR,MIN,0,0.457347
22500728,2025-26,2026-02-04,HOU,BOS,0,0.52353
22500729,2025-26,2026-02-04,MIL,NOP,1,0.484132
22500730,2025-26,2026-02-04,SAS,OKC,1,0.491829
22500731,2025-26,2026-02-04,SAC,MEM,0,0.236097
22500732,2025-26,2026-02-04,LAC,CLE,0,0.489454
22500733,2025-26,2026-02-05,DET,WAS,0,0.840966
22500734,2025-26,2026-02-05,ORL,BKN,1,0.607985
22500735,2025-26,2026-02-05,ATL,UTA,1,0.840507
22500736,2025-26,2026-02-05,TOR,CHI,1,0.675067
22500737,2025-26,2026-02-05,HOU,CHA,0,0.499659
22500738,2025-26,2026-02-05,DAL,SAS,0,0.426477
22500739,2025-26,2026-02-05,PHX,GSW,0,0.569325
22500740,2025-26,2026-02-05,LAL,PHI,1,0.605857
22500741,2025-26,2026-02-06,BOS,MIA,1,0.668961
22500742,2025-26,2026-02-06,DET,NYK,1,0.483902
22500743,2025-26,2026-02-06,MIL,IND,1,0.68821
22500744,2025-26,2026-02-06,MIN,NOP,0,0.852678
22500745,2025-26,2026-02-06,POR,MEM,1,0.606096
22500746,2025-26,2026-02-06,SAC,LAC,0,0.268343
22500747,2025-26,2026-02-07,BKN,WAS,1,0.571212
22500748,2025-26,2026-02-07,OKC,HOU,0,0.644821
22500749,2025-26,2026-02-07,SAS,DAL,1,0.892696
22500750,2025-26,2026-02-07,ORL,UTA,1,0.858954
22500751,2025-26,2026-02-07,ATL,CHA,0,0.450087
22500752,2025-26,2026-02-07,CHI,DEN,0,0.366746
22500753,2025-26,2026-02-07,LAL,GSW,1,0.618581
22500754,2025-26,2026-02-07,PHX,PHI,0,0.538654
22500755,2025-26,2026-02-07,POR,MEM,1,0.706454
22500756,2025-26,2026-02-07,SAC,CLE,0,0.087824
22500757,2025-26,2026-02-08,BOS,NYK,0,0.752721
22500758,2025-26,2026-02-08,WAS,MIA,0,0.078281
22500759,2025-26,2026-02-08,TOR,IND,1,0.820774
22500760,2025-26,2026-02-08,MIN,LAC,0,0.670638
22500761,2025-26,2026-02-09,CHA,DET,0,0.49236
22500762,2025-26,2026-02-09,BKN,CHI,1,0.398975
22500763,2025-26,2026-02-09,MIA,UTA,0,0.792719
22500764,2025-26,2026-02-09,ORL,MIL,1,0.698292
22500765,2025-26,2026-02-09,MIN,ATL,1,0.588565
22500766,2025-26,2026-02-09,NOP,SAC,1,0.644041
22500767,2025-26,2026-02-09,DEN,CLE,0,0.46678
22500768,2025-26,2026-02-09,GSW,MEM,1,0.684133
22500769,2025-26,2026-02-09,LAL,OKC,0,0.334283
22500770,2025-26,2026-02-09,POR,PHI,1,0.425229
22500771,2025-26,2026-02-10,NYK,IND,0,0.864957
22500772,2025-26,2026-02-10,HOU,LAC,1,0.598307
22500773,2025-26,2026-02-10,PHX,DAL,1,0.781711
22500774,2025-26,2026-02-10,LAL,SAS,0,0.284353
22500775,2025-26,2026-02-11,CHA,ATL,1,0.704332
22500776,2025-26,2026-02-11,CLE,WAS,1,0.905718
22500777,2025-26,2026-02-11,ORL,MIL,0,0.740687
22500778,2025-26,2026-02-11,BOS,CHI,1,0.840125
22500779,2025-26,2026-02-11,BKN,IND,0,0.571391
22500780,2025-26,2026-02-11,PHI,NYK,0,0.462833
22500781,2025-26,2026-02-11,TOR,DET,0,0.457923
22500782,2025-26,2026-02-11,HOU,LAC,0,0.654144
22500783,2025-26,2026-02-11,MIN,POR,1,0.665819
22500784,2025-26,2026-02-11,NOP,MIA,0,0.293028
22500785,2025-26,2026-02-11,PHX,OKC,0,0.330674
22500786,2025-26,2026-02-11,UTA,SAC,1,0.571123
22500787,2025-26,2026-02-11,DEN,MEM,1,0.809537
22500788,2025-26,2026-02-11,GSW,SAS,0,0.485333
22500789,2025-26,2026-02-12,OKC,MIL,0,0.907787
22500790,2025-26,2026-02-12,UTA,POR,0,0.258309
22500791,2025-26,2026-02-12,LAL,DAL,1,0.568653
22500792,2025-26,2026-02-19,CHA,HOU,0,0.425416
22500793,2025-26,2026-02-19,CLE,BKN,1,0.888296
22500794,2025-26,2026-02-19,PHI,ATL,0,0.462395
22500795,2025-26,2026-02-19,WAS,IND,1,0.416518
22500796,2025-26,2026-02-19,NYK,DET,0,0.510725
22500797,2025-26,2026-02-19,CHI,TOR,0,0.315266
22500798,2025-26,2026-02-19,SAS,PHX,1,0.770703
22500799,2025-26,2026-02-19,GSW,BOS,0,0.364378
22500800,2025-26,2026-02-19,SAC,ORL,0,0.153607
22500801,2025-26,2026-02-19,LAC,DEN,1,0.53403
22500802,2025-26,2026-02-20,CHA,CLE,0,0.381752
22500803,2025-26,2026-02-20,WAS,IND,1,0.443042
22500804,2025-26,2026-02-20,MEM,UTA,1,0.673316
22500805,2025-26,2026-02-20,ATL,MIA,0,0.428464
22500806,2025-26,2026-02-20,MIN,DAL,1,0.862625
22500807,2025-26,2026-02-20,NOP,MIL,0,0.442444
22500808,2025-26,2026-02-20,OKC,BKN,1,0.94797
22500809,2025-26,2026-02-20,LAL,LAC,1,0.548518
22500810,2025-26,2026-02-20,POR,DEN,0,0.552471
22500811,2025-26,2026-02-21,PHX,ORL,1,0.525141
22500812,2025-26,2026-02-21,NOP,PHI,1,0.252119
22500813,2025-26,2026-02-21,MIA,MEM,1,0.835068
22500814,2025-26,2026-02-21,CHI,DET,0,0.285296
22500815,2025-26,2026-02-21,SAS,SAC,1,0.962022
22500816,2025-26,2026-02-21,NYK,HOU,1,0.538487
22500817,2025-26,2026-02-22,OKC,CLE,1,0.625324
22500818,2025-26,2026-02-22,ATL,BKN,1,0.77441
22500819,2025-26,2026-02-22,MIL,TOR,0,0.394943
22500820,2025-26,2026-02-22,GSW,DEN,1,0.503269
22500821,2025-26,2026-02-22,IND,DAL,0,0.386691
22500822,2025-26,2026-02-22,WAS,CHA,0,0.176154
22500823,2025-26,2026-02-22,LAL,BOS,0,0.370172
22500824,2025-26,2026-02-22,MIN,PHI,0,0.845144
22500825,2025-26,2026-02-22,CHI,NYK,0,0.307891
22500826,2025-26,2026-02-22,PHX,POR,0,0.46157
22500827,2025-26,2026-02-22,LAC,ORL,0,0.693728
22500828,2025-26,2026-02-23,DET,SAS,0,0.595913
22500829,2025-26,2026-02-23,MEM,SAC,0,0.624334
22500830,2025-26,2026-02-23,HOU,UTA,1,0.903491
22500831,2025-26,2026-02-24,IND,PHI,0,0.257827
22500832,2025-26,2026-02-24,ATL,WAS,1,0.822002
22500833,2025-26,2026-02-24,BKN,DAL,0,0.437722
22500834,2025-26,2026-02-24,TOR,OKC,0,0.439052
22500835,2025-26,2026-02-24,CLE,NYK,1,0.568161
22500836,2025-26,2026-02-24,CHI,CHA,0,0.377864
22500837,2025-26,2026-02-24,MIL,MIA,1,0.393201
22500838,2025-26,2026-02-24,NOP,GSW,1,0.260229
22500839,2025-26,2026-02-24,PHX,BOS,0,0.249006
22500840,2025-26,2026-02-24,LAL,ORL,0,0.578289
22500841,2025-26,2026-02-24,POR,MIN,0,0.441153
22500842,2025-26,2026-02-25,DET,OKC,1,0.737451
22500843,2025-26,2026-02-25,TOR,SAS,0,0.297518
22500844,2025-26,2026-02-25,MEM,GSW,0,0.315455
22500845,2025-26,2026-02-25,HOU,SAC,1,0.898829
22500846,2025-26,2026-02-25,MIL,CLE,1,0.303298
22500847,2025-26,2026-02-25,DEN,BOS,1,0.513475
22500848,2025-26,2026-02-26,IND,CHA,0,0.151502
22500849,2025-26,2026-02-26,PHI,MIA,1,0.48427
22500850,2025-26,2026-02-26,ATL,WAS,1,0.829748
22500851,2025-26,2026-02-26,BKN,SAS,0,0.183442
22500852,2025-26,2026-02-26,ORL,HOU,0,0.488703
22500853,2025-26,2026-02-26,CHI,POR,0,0.42037
22500854,2025-26,2026-02-26,DAL,SAC,0,0.723802
22500855,2025-26,2026-02-26,PHX,LAL,1,0.440444
22500856,2025-26,2026-02-26,UTA,NOP,0,0.407212
22500857,2025-26,2026-02-26,LAC,MIN,0,0.433941
22500858,2025-26,2026-02-27,DET,CLE,1,0.734394
22500859,2025-26,2026-02-27,BOS,BKN,1,0.950946
22500860,2025-26,2026-02-27,MIL,NYK,0,0.338048
22500861,2025-26,2026-02-27,DAL,MEM,0,0.365821
22500862,2025-26,2026-02-27,OKC,DEN,1,0.561948
22500863,2025-26,2026-02-28,CHA,POR,1,0.63262
22500864,2025-26,2026-02-28,MIA,HOU,1,0.445212
22500865,2025-26,2026-02-28,WAS,TOR,0,0.108787
22500866,2025-26,2026-02-28,GSW,LAL,0,0.47083
22500867,2025-26,2026-02-28,UTA,NOP,0,0.337102
22500868,2025-26,2026-03-01,NYK,SAS,1,0.445671
22500869,2025-26,2026-03-01,BKN,CLE,0,0.160603
22500870,2025-26,2026-03-01,CHI,MIL,1,0.425501
22500871,2025-26,2026-03-01,DEN,MIN,0,0.501474
22500872,2025-26,2026-03-01,IND,MEM,0,0.4254
22500873,2025-26,2026-03-01,ATL,POR,1,0.591007
22500874,2025-26,2026-03-01,BOS,PHI,1,0.730288
22500875,2025-26,2026-03-01,ORL,DET,0,0.3336
22500876,2025-26,2026-03-01,DAL,OKC,0,0.088342
22500877,2025-26,2026-03-01,LAC,NOP,1,0.814276
22500878,2025-26,2026-03-01,LAL,SAC,1,0.813593
22500879,2025-26,2026-03-02,WAS,HOU,0,0.111176
22500880,2025-26,2026-03-02,MIL,BOS,0,0.251117
22500881,2025-26,2026-03-02,UTA,DEN,0,0.185351
22500882,2025-26,2026-03-02,GSW,LAC,0,0.580125
22500883,2025-26,2026-03-03,CHA,DAL,1,0.865071
22500884,2025-26,2026-03-03,CLE,DET,1,0.436655
22500885,2025-26,2026-03-03,ORL,WAS,1,0.898505
22500886,2025-26,2026-03-03,MIA,BKN,1,0.830322
22500887,2025-26,2026-03-03,TOR,NYK,0,0.437973
22500888,2025-26,2026-03-03,PHI,SAS,0,0.30977
22500889,2025-26,2026-03-03,CHI,OKC,0,0.199543
22500890,2025-26,2026-03-03,MIN,MEM,1,0.833757
22500891,2025-26,2026-03-03,LAL,NOP,1,0.801267
22500892,2025-26,2026-03-03,SAC,PHX,0,0.209275
22500893,2025-26,2026-03-04,NYK,OKC,0,0.597128
22500894,2025-26,2026-03-04,BOS,CHA,0,0.760583
22500895,2025-26,2026-03-04,PHI,UTA,1,0.767712
22500896,2025-26,2026-03-04,MEM,POR,0,0.246708
22500897,2025-26,2026-03-04,MIL,ATL,0,0.37458
22500898,2025-26,2026-03-04,LAC,IND,1,0.875818
22500899,2025-26,2026-03-05,ORL,DAL,1,0.778737
22500900,2025-26,2026-03-05,WAS,UTA,0,0.559982
22500901,2025-26,2026-03-05,MIA,BKN,1,0.809114
22500902,2025-26,2026-03-05,HOU,GSW,0,0.619439
22500903,2025-26,2026-03-05,MIN,TOR,1,0.606676
22500904,2025-26,2026-03-05,SAS,DET,1,0.568403
22500905,2025-26,2026-03-05,PHX,CHI,0,0.6716
22500906,2025-26,2026-03-05,DEN,LAL,1,0.569213
22500907,2025-26,2026-03-05,SAC,NOP,0,0.414191
22500908,2025-26,2026-03-06,BOS,DAL,1,0.962018
22500909,2025-26,2026-03-06,CHA,MIA,0,0.654077
22500910,2025-26,2026-03-06,HOU,POR,1,0.583111
22500911,2025-26,2026-03-06,DEN,NYK,0,0.402435
22500912,2025-26,2026-03-06,PHX,NOP,1,0.739264
22500913,2025-26,2026-03-06,SAS,LAC,1,0.631271
22500914,2025-26,2026-03-06,LAL,IND,1,0.743881
22500915,2025-26,2026-03-07,MIN,ORL,0,0.685281
22500916,2025-26,2026-03-07,DET,BKN,0,0.921432
22500917,2025-26,2026-03-07,ATL,PHI,1,0.615708
22500918,2025-26,2026-03-07,MEM,LAC,0,0.305221
22500919,2025-26,2026-03-07,MIL,UTA,1,0.785765
22500920,2025-26,2026-03-07,OKC,GSW,1,0.764151
22500921,2025-26,2026-03-08,CLE,BOS,0,0.428618
22500922,2025-26,2026-03-08,LAL,NYK,1,0.322039
22500923,2025-26,2026-03-08,MIA,DET,1,0.585926
22500924,2025-26,2026-03-08,TOR,DAL,1,0.812508
22500925,2025-26,2026-03-08,NOP,WAS,1,0.639414
22500926,2025-26,2026-03-08,MIL,ORL,0,0.42393
22500927,2025-26,2026-03-08,SAS,HOU,1,0.641861
22500928,2025-26,2026-03-08,PHX,CHA,1,0.391831
22500929,2025-26,2026-03-08,POR,IND,1,0.748625
22500930,2025-26,2026-03-08,SAC,CHI,1,0.366476
22500931,2025-26,2026-03-09,CLE,PHI,1,0.660105
22500932,2025-26,2026-03-09,BKN,MEM,1,0.389882
22500933,2025-26,2026-03-09,OKC,DEN,1,0.722754
22500934,2025-26,2026-03-09,UTA,GSW,1,0.14216
22500935,2025-26,2026-03-09,LAC,NYK,1,0.506504
22500936,2025-26,2026-03-10,PHI,MEM,1,0.651474
22500937,2025-26,2026-03-10,BKN,DET,0,0.094026
22500938,2025-26,2026-03-10,MIA,WAS,1,0.881108
22500939,2025-26,2026-03-10,ATL,DAL,1,0.799484
22500940,2025-26,2026-03-10,HOU,TOR,1,0.569929
22500941,2025-26,2026-03-10,MIL,PHX,0,0.372553
22500942,2025-26,2026-03-10,SAS,BOS,1,0.582406
22500943,2025-26,2026-03-10,GSW,CHI,0,0.548043
22500944,2025-26,2026-03-10,POR,CHA,0,0.468663
22500945,2025-26,2026-03-10,SAC,IND,1,0.49037
22500946,2025-26,2026-03-10,LAL,MIN,1,0.414142
22500947,2025-26,2026-03-11,ORL,CLE,1,0.414081
22500948,2025-26,2026-03-11,NOP,TOR,1,0.381847
22500949,2025-26,2026-03-11,UTA,NYK,0,0.128805
22500950,2025-26,2026-03-11,DEN,HOU,1,0.620217
22500951,2025-26,2026-03-11,SAC,CHA,0,0.219929
22500952,2025-26,2026-03-11,LAC,MIN,1,0.586692
22500953,2025-26,2026-03-12,DET,PHI,1,0.836401
22500954,2025-26,2026-03-12,IND,PHX,0,0.151389
22500955,2025-26,2026-03-12,ORL,WAS,1,0.839499
22500956,2025-26,2026-03-12,ATL,BKN,1,0.821619
22500957,2025-26,2026-03-12,MIA,MIL,1,0.710743
22500958,2025-26,2026-03-12,SAS,DEN,0,0.797725
22500959,2025-26,2026-03-12,OKC,BOS,1,0.605054
22500960,2025-26,2026-03-12,LAL,CHI,1,0.661086
22501111,2025-26,2026-03-12,MEM,DAL,0,0.49446
22500961,2025-26,2026-03-13,DET,MEM,1,0.928804
22500962,2025-26,2026-03-13,IND,NYK,0,0.054467
22500963,2025-26,2026-03-13,TOR,PHX,1,0.677298
22500964,2025-26,2026-03-13,HOU,NOP,1,0.760153
22500965,2025-26,2026-03-13,DAL,CLE,0,0.119936
22500966,2025-26,2026-03-13,GSW,MIN,0,0.465622
22500967,2025-26,2026-03-13,POR,UTA,1,0.833462
22500968,2025-26,2026-03-13,LAC,CHI,1,0.82604
22500969,2025-26,2026-03-14,PHI,BKN,1,0.673275
22500970,2025-26,2026-03-14,ATL,MIL,1,0.664494
22500971,2025-26,2026-03-14,BOS,WAS,1,0.933104
22500972,2025-26,2026-03-14,MIA,ORL,0,0.510528
22500973,2025-26,2026-03-14,SAS,CHA,1,0.668219
22500974,2025-26,2026-03-14,LAL,DEN,1,0.556603
22500975,2025-26,2026-03-14,LAC,SAC,0,0.773799
22500976,2025-26,2026-03-15,OKC,MIN,1,0.757863
22500977,2025-26,2026-03-15,CLE,DAL,0,0.881348
22500978,2025-26,2026-03-15,TOR,DET,1,0.406952
22500979,2025-26,2026-03-15,MIL,IND,1,0.563443
22500980,2025-26,2026-03-15,PHI,POR,1,0.30673
22500981,2025-26,2026-03-15,NYK,GSW,1,0.634396
22500982,2025-26,2026-03-15,SAC,UTA,1,0.493636
22500983,2025-26,2026-03-16,ATL,ORL,1,0.539711
22500984,2025-26,2026-03-16,WAS,GSW,0,0.252488
22500985,2025-26,2026-03-16,BKN,POR,0,0.240383
22500986,2025-26,2026-03-16,BOS,PHX,1,0.775528
22500987,2025-26,2026-03-16,CHI,MEM,1,0.59308
22500988,2025-26,2026-03-16,NOP,DAL,1,0.697973
22500989,2025-26,2026-03-16,HOU,LAL,0,0.508826
22500990,2025-26,2026-03-16,LAC,SAS,0,0.45605
22500991,2025-26,2026-03-17,CHA,MIA,1,0.533102
22500992,2025-26,2026-03-17,ORL,OKC,0,0.238245
22500993,2025-26,2026-03-17,WAS,DET,0,0.052799
22500994,2025-26,2026-03-17,NYK,IND,1,0.924131
22500995,2025-26,2026-03-17,MIL,CLE,0,0.280836
22500996,2025-26,2026-03-17,MIN,PHX,1,0.717487
22500997,2025-26,2026-03-17,DEN,PHI,1,0.790342
22500998,2025-26,2026-03-17,SAC,SAS,0,0.20122
22500651,2025-26,2026-03-18,MEM,DEN,1,0.212579
22500999,2025-26,2026-03-18,BOS,GSW,1,0.775985
22501000,2025-26,2026-03-18,BKN,OKC,0,0.103927
22501001,2025-26,2026-03-18,IND,POR,0,0.127641
22501002,2025-26,2026-03-18,CHI,TOR,0,0.382868
22501004,2025-26,2026-03-18,MIN,UTA,1,0.804215
22501005,2025-26,2026-03-18,NOP,LAC,1,0.31658
22501006,2025-26,2026-03-18,DAL,ATL,0,0.176979
22501007,2025-26,2026-03-18,HOU,LAL,0,0.477452
22501008,2025-26,2026-03-19,CHA,ORL,1,0.605655
22501009,2025-26,2026-03-19,WAS,DET,0,0.06452
22501010,2025-26,2026-03-19,MIA,LAL,0,0.570321
22501011,2025-26,2026-03-19,CHI,CLE,0,0.264826
22501012,2025-26,2026-03-19,NOP,LAC,1,0.322311
22501013,2025-26,2026-03-19,SAS,PHX,1,0.77193
22501014,2025-26,2026-03-19,UTA,MIL,1,0.350205
22501015,2025-26,2026-03-19,SAC,PHI,0,0.314402
22501016,2025-26,2026-03-20,BKN,NYK,0,0.121008
22501017,2025-26,2026-03-20,DET,GSW,1,0.620923
22501018,2025-26,2026-03-20,HOU,ATL,1,0.548201
22501019,2025-26,2026-03-20,MEM,BOS,0,0.157844
22501020,2025-26,2026-03-20,MIN,POR,0,0.539818
22501021,2025-26,2026-03-20,DEN,TOR,1,0.564891
22501022,2025-26,2026-03-21,WAS,OKC,0,0.03867
22501023,2025-26,2026-03-21,CHA,MEM,1,0.888622
22501024,2025-26,2026-03-21,ORL,LAL,0,0.43483
22501025,2025-26,2026-03-21,NOP,CLE,0,0.291813
22501026,2025-26,2026-03-21,ATL,GSW,1,0.595859
22501027,2025-26,2026-03-21,HOU,MIA,1,0.526031
22501028,2025-26,2026-03-21,SAS,IND,1,0.945992
22501029,2025-26,2026-03-21,DAL,LAC,0,0.287548
22501030,2025-26,2026-03-21,UTA,PHI,0,0.256984
22501031,2025-26,2026-03-21,PHX,MIL,0,0.735012
22501032,2025-26,2026-03-22,DEN,POR,1,0.621883
22501033,2025-26,2026-03-22,SAC,BKN,1,0.611491
22501034,2025-26,2026-03-22,NYK,WAS,1,0.963085
22501035,2025-26,2026-03-22,BOS,MIN,0,0.774664
22501036,2025-26,2026-03-22,PHX,TOR,1,0.370523
22501037,2025-26,2026-03-23,ATL,MEM,1,0.783328
22501038,2025-26,2026-03-23,DET,LAL,1,0.625223
22501039,2025-26,2026-03-23,ORL,IND,0,0.841049
22501040,2025-26,2026-03-23,PHI,OKC,0,0.2041
22501041,2025-26,2026-03-23,MIA,SAS,0,0.385655
22501042,2025-26,2026-03-23,CHI,HOU,1,0.371305
22501043,2025-26,2026-03-23,UTA,TOR,0,0.247885
22501044,2025-26,2026-03-23,DAL,GSW,0,0.312995
22501045,2025-26,2026-03-23,POR,BKN,1,0.856104
22501046,2025-26,2026-03-23,LAC,MIL,1,0.803893
22501047,2025-26,2026-03-24,CHA,SAC,1,0.863221
22501048,2025-26,2026-03-24,NYK,NOP,1,0.817406
22501049,2025-26,2026-03-24,CLE,ORL,1,0.735076
22501050,2025-26,2026-03-24,PHX,DEN,0,0.446154
22501051,2025-26,2026-03-25,DET,ATL,0,0.692383
22501052,2025-26,2026-03-25,IND,LAL,0,0.129335
22501053,2025-26,2026-03-25,PHI,CHI,1,0.52633
22501054,2025-26,2026-03-25,BOS,OKC,1,0.524342
22501055,2025-26,2026-03-25,CLE,MIA,0,0.502837
22501056,2025-26,2026-03-25,MEM,SAS,0,0.096464
22501057,2025-26,2026-03-25,UTA,WAS,0,0.685052
22501058,2025-26,2026-03-25,MIN,HOU,1,0.488609
22501059,2025-26,2026-03-25,DEN,DAL,1,0.80343
22501060,2025-26,2026-03-25,GSW,BKN,1,0.814187
22501061,2025-26,2026-03-25,POR,MIL,1,0.770969
22501062,2025-26,2026-03-25,LAC,TOR,1,0.634544
22501063,2025-26,2026-03-26,CHA,NYK,1,0.49323
22501064,2025-26,2026-03-26,DET,NOP,1,0.745657
22501065,2025-26,2026-03-26,ORL,SAC,1,0.781444
22501066,2025-26,2026-03-27,IND,LAC,0,0.166028
22501067,2025-26,2026-03-27,BOS,ATL,1,0.701812
22501068,2025-26,2026-03-27,CLE,MIA,1,0.582701
22501069,2025-26,2026-03-27,MEM,HOU,0,0.194747
22501070,2025-26,2026-03-27,OKC,CHI,1,0.881502
22501071,2025-26,2026-03-27,TOR,NOP,1,0.759115
22501072,2025-26,2026-03-27,DEN,UTA,1,0.883755
22501073,2025-26,2026-03-27,GSW,WAS,1,0.878538
22501074,2025-26,2026-03-27,POR,DAL,0,0.803612
22501075,2025-26,2026-03-27,LAL,BKN,1,0.876544
22501076,2025-26,2026-03-28,MIL,SAS,0,0.120166
22501077,2025-26,2026-03-28,CHA,PHI,0,0.654364
22501078,2025-26,2026-03-28,ATL,SAC,1,0.751964
22501079,2025-26,2026-03-28,MEM,CHI,1,0.555325
22501080,2025-26,2026-03-28,MIN,DET,0,0.496682
22501081,2025-26,2026-03-28,PHX,UTA,1,0.920323
22501082,2025-26,2026-03-29,MIL,LAC,0,0.053237
22501083,2025-26,2026-03-29,IND,MIA,1,0.178242
22501084,2025-26,2026-03-29,BKN,SAC,1,0.536777
22501085,2025-26,2026-03-29,CHA,BOS,0,0.414652
22501086,2025-26,2026-03-29,TOR,ORL,1,0.536541
22501087,2025-26,2026-03-29,POR,WAS,1,0.883834
22501088,2025-26,2026-03-29,NOP,HOU,0,0.201269
22501089,2025-26,2026-03-29,OKC,NYK,1,0.695907
22501090,2025-26,2026-03-29,DEN,GSW,1,0.681728
22501091,2025-26,2026-03-30,MIA,PHI,1,0.445001
22501092,2025-26,2026-03-30,ATL,BOS,1,0.531575
22501093,2025-26,2026-03-30,MEM,PHX,0,0.177619
22501094,2025-26,2026-03-30,SAS,CHI,1,0.9445
22501095,2025-26,2026-03-30,DAL,MIN,0,0.25207
22501096,2025-26,2026-03-30,UTA,CLE,0,0.125703
22501097,2025-26,2026-03-30,OKC,DET,1,0.696257
22501098,2025-26,2026-03-30,LAL,WAS,1,0.960171
22500652,2025-26,2026-03-31,MIL,DAL,1,0.40934
22501099,2025-26,2026-03-31,ORL,PHX,1,0.595097
22501100,2025-26,2026-03-31,BKN,CHA,0,0.169483
22501101,2025-26,2026-03-31,DET,TOR,1,0.551154
22501102,2025-26,2026-03-31,HOU,NYK,1,0.50419
22501103,2025-26,2026-03-31,LAL,CLE,1,0.537812
22501104,2025-26,2026-03-31,LAC,POR,0,0.586453
22501003,2025-26,2026-04-01,MEM,NYK,0,0.1834
22501105,2025-26,2026-04-01,WAS,PHI,0,0.136681
22501106,2025-26,2026-04-01,MIA,BOS,0,0.437435
22501107,2025-26,2026-04-01,ORL,ATL,0,0.413609
22501108,2025-26,2026-04-01,TOR,SAC,0,0.77951
22501109,2025-26,2026-04-01,CHI,IND,0,0.494285
22501110,2025-26,2026-04-01,HOU,MIL,1,0.889164
22501112,2025-26,2026-04-01,UTA,DEN,0,0.14868
22501113,2025-26,2026-04-01,GSW,SAS,0,0.289657
22501114,2025-26,2026-04-02,CHA,PHX,1,0.585699
22501115,2025-26,2026-04-02,DET,MIN,1,0.631243
22501116,2025-26,2026-04-02,OKC,LAL,1,0.728989
22501117,2025-26,2026-04-02,GSW,CLE,0,0.237175
22501118,2025-26,2026-04-02,POR,NOP,1,0.739756
22501119,2025-26,2026-04-02,LAC,SAS,0,0.508234
22501120,2025-26,2026-04-03,CHA,IND,1,0.851436
22501121,2025-26,2026-04-03,PHI,MIN,1,0.529142
22501122,2025-26,2026-04-03,BKN,ATL,0,0.156318
22501123,2025-26,2026-04-03,NYK,CHI,1,0.855398
22501124,2025-26,2026-04-03,HOU,UTA,1,0.89098
22501125,2025-26,2026-04-03,MEM,TOR,0,0.270227
22501126,2025-26,2026-04-03,MIL,BOS,0,0.042938
22501127,2025-26,2026-04-03,DAL,ORL,0,0.226107
22501128,2025-26,2026-04-03,SAC,NOP,1,0.486778
22501129,2025-26,2026-04-04,MIA,WAS,1,0.883761
22501130,2025-26,2026-04-04,DEN,SAS,1,0.532574
22501131,2025-26,2026-04-04,PHI,DET,0,0.349191
22501132,2025-26,2026-04-05,BOS,TOR,1,0.790598
22501133,2025-26,2026-04-05,BKN,WAS,1,0.707114
22501134,2025-26,2026-04-05,CHI,PHX,0,0.1877
22501135,2025-26,2026-04-05,MIL,MEM,1,0.447865
22501136,2025-26,2026-04-05,CLE,IND,1,0.88055
22501137,2025-26,2026-04-05,MIN,CHA,0,0.511118
22501138,2025-26,2026-04-05,NOP,ORL,0,0.28588
22501139,2025-26,2026-04-05,OKC,UTA,1,0.971452
22501140,2025-26,2026-04-05,DAL,LAL,1,0.159306
22501141,2025-26,2026-04-05,SAC,LAC,0,0.202969
22501142,2025-26,2026-04-05,GSW,HOU,0,0.403201
22501143,2025-26,2026-04-06,ATL,NYK,0,0.53158
22501144,2025-26,2026-04-06,ORL,DET,1,0.268079
22501145,2025-26,2026-04-06,MEM,CLE,0,0.148051
22501146,2025-26,2026-04-06,SAS,PHI,1,0.860304
22501147,2025-26,2026-04-06,DEN,POR,1,0.615326
22501148,2025-26,2026-04-07,WAS,CHI,0,0.432697
22501149,2025-26,2026-04-07,BOS,CHA,1,0.697033
22501150,2025-26,2026-04-07,BKN,MIL,1,0.494613
22501151,2025-26,2026-04-07,TOR,MIA,1,0.569326
22501152,2025-26,2026-04-07,IND,MIN,0,0.175383
22501153,2025-26,2026-04-07,NOP,UTA,1,0.541202
22501154,2025-26,2026-04-07,GSW,SAC,1,0.747897
22501155,2025-26,2026-04-07,LAL,OKC,0,0.212939
22501156,2025-26,2026-04-07,LAC,DAL,1,0.822527
22501157,2025-26,2026-04-07,PHX,HOU,0,0.438016
22501158,2025-26,2026-04-08,CLE,ATL,1,0.432372
22501159,2025-26,2026-04-08,ORL,MIN,1,0.607621
22501160,2025-26,2026-04-08,DET,MIL,1,0.962516
22501161,2025-26,2026-04-08,SAS,POR,1,0.783393
22501162,2025-26,2026-04-08,DEN,MEM,1,0.90452
22501163,2025-26,2026-04-08,LAC,OKC,0,0.348423
22501164,2025-26,2026-04-08,PHX,DAL,1,0.856714
22501165,2025-26,2026-04-09,TOR,MIA,1,0.570875
22501166,2025-26,2026-04-09,WAS,CHI,0,0.396315
22501167,2025-26,2026-04-09,BKN,IND,0,0.55124
22501168,2025-26,2026-04-09,NYK,BOS,1,0.472811
22501169,2025-26,2026-04-09,HOU,PHI,1,0.668157
22501170,2025-26,2026-04-09,GSW,LAL,0,0.577009
22501171,2025-26,2026-04-10,CHA,DET,0,0.492753
22501172,2025-26,2026-04-10,WAS,MIA,0,0.129969
22501173,2025-26,2026-04-10,ATL,CLE,1,0.502319
22501174,2025-26,2026-04-10,BOS,NOP,1,0.902279
22501175,2025-26,2026-04-10,IND,PHI,0,0.280012
22501176,2025-26,2026-04-10,NYK,TOR,1,0.656568
22501177,2025-26,2026-04-10,CHI,ORL,0,0.131796
22501178,2025-26,2026-04-10,HOU,MIN,0,0.661219
22501179,2025-26,2026-04-10,MIL,BKN,1,0.612868
22501180,2025-26,2026-04-10,SAS,DAL,1,0.933393
22501181,2025-26,2026-04-10,UTA,MEM,1,0.575817
22501182,2025-26,2026-04-10,DEN,OKC,1,0.375946
22501183,2025-26,2026-04-10,POR,LAC,1,0.539552
22501184,2025-26,2026-04-10,SAC,GSW,1,0.466616
22501185,2025-26,2026-04-10,LAL,PHX,1,0.400512
22501186,2025-26,2026-04-12,BOS,ORL,1,0.73164
22501187,2025-26,2026-04-12,CLE,WAS,1,0.905973
22501188,2025-26,2026-04-12,IND,DET,0,0.09304
22501189,2025-26,2026-04-12,MIA,ATL,1,0.353365
22501190,2025-26,2026-04-12,NYK,CHA,0,0.570895
22501191,2025-26,2026-04-12,PHI,MIL,1,0.752473
22501192,2025-26,2026-04-12,TOR,BKN,1,0.822816
22501193,2025-26,2026-04-12,DAL,CHI,1,0.51274
22501194,2025-26,2026-04-12,HOU,MEM,1,0.927955
22501195,2025-26,2026-04-12,MIN,NOP,1,0.805421
22501196,2025-26,2026-04-12,OKC,PHX,0,0.753768
22501197,2025-26,2026-04-12,SAS,DEN,0,0.869988
22501198,2025-26,2026-04-12,LAL,UTA,1,0.800918
22501199,2025-26,2026-04-12,LAC,GSW,1,0.625946
22501200,2025-26,2026-04-12,POR,SAC,1,0.811374
52500111,2025-26,2026-04-14,CHA,MIA,1,0.756464
52500121,2025-26,2026-04-14,PHX,POR,0,0.492228
52500101,2025-26,2026-04-15,PHI,ORL,1,0.51794
52500131,2025-26,2026-04-15,LAC,GSW,0,0.642336
52500201,2025-26,2026-04-17,ORL,CHA,1,0.530709
52500211,2025-26,2026-04-17,PHX,GSW,1,0.709798
42500121,2025-26,2026-04-18,NYK,ATL,1,0.733033
42500131,2025-26,2026-04-18,CLE,TOR,1,0.490903
42500161,2025-26,2026-04-18,DEN,MIN,1,0.764592
42500171,2025-26,2026-04-18,LAL,HOU,1,0.610274
42500101,2025-26,2026-04-19,DET,ORL,0,0.735289
42500111,2025-26,2026-04-19,BOS,PHI,1,0.746272
42500141,2025-26,2026-04-19,OKC,PHX,1,0.744707
42500151,2025-26,2026-04-19,SAS,POR,1,0.734363
42500122,2025-26,2026-04-20,NYK,ATL,0,0.696887
42500132,2025-26,2026-04-20,CLE,TOR,1,0.723097
42500162,2025-26,2026-04-20,DEN,MIN,0,0.715616
42500112,2025-26,2026-04-21,BOS,PHI,0,0.877398
42500152,2025-26,2026-04-21,SAS,POR,0,0.771055
42500172,2025-26,2026-04-21,LAL,HOU,1,0.506357
42500102,2025-26,2026-04-22,DET,ORL,1,0.714754
42500142,2025-26,2026-04-22,OKC,PHX,1,0.878336
42500123,2025-26,2026-04-23,ATL,NYK,1,0.583078
42500133,2025-26,2026-04-23,TOR,CLE,1,0.541437
42500163,2025-26,2026-04-23,MIN,DEN,1,0.610048
42500113,2025-26,2026-04-24,PHI,BOS,0,0.34648
42500153,2025-26,2026-04-24,POR,SAS,0,0.501412
42500173,2025-26,2026-04-24,HOU,LAL,0,0.798068
42500103,2025-26,2026-04-25,ORL,DET,1,0.53162
42500124,2025-26,2026-04-25,ATL,NYK,0,0.572813
42500143,2025-26,2026-04-25,PHX,OKC,0,0.321577
42500164,2025-26,2026-04-25,MIN,DEN,1,0.660504
42500114,2025-26,2026-04-26,PHI,BOS,0,0.338753
42500134,2025-26,2026-04-26,TOR,CLE,1,0.54914
42500154,2025-26,2026-04-26,POR,SAS,0,0.555842
42500174,2025-26,2026-04-26,HOU,LAL,1,0.743903
42500104,2025-26,2026-04-27,ORL,DET,1,0.536222
42500144,2025-26,2026-04-27,PHX,OKC,0,0.361128
42500165,2025-26,2026-04-27,DEN,MIN,1,0.655986
42500115,2025-26,2026-04-28,BOS,PHI,0,0.8327
42500125,2025-26,2026-04-28,NYK,ATL,1,0.711718
42500155,2025-26,2026-04-28,SAS,POR,1,0.786119
42500105,2025-26,2026-04-29,DET,ORL,1,0.703068
42500135,2025-26,2026-04-29,CLE,TOR,1,0.694434
42500175,2025-26,2026-04-29,LAL,HOU,0,0.497039
42500116,2025-26,2026-04-30,PHI,BOS,1,0.436253
42500126,2025-26,2026-04-30,ATL,NYK,0,0.539344
42500166,2025-26,2026-04-30,MIN,DEN,1,0.59609
42500106,2025-26,2026-05-01,ORL,DET,0,0.530381
42500136,2025-26,2026-05-01,TOR,CLE,1,0.57006
42500176,2025-26,2026-05-01,HOU,LAL,0,0.644859
42500117,2025-26,2026-05-02,BOS,PHI,0,0.786293
42500107,2025-26,2026-05-03,DET,ORL,1,0.757907
42500137,2025-26,2026-05-03,CLE,TOR,1,0.725938
42500211,2025-26,2026-05-04,NYK,PHI,1,0.768096
42500231,2025-26,2026-05-04,SAS,MIN,0,0.825803
42500201,2025-26,2026-05-05,DET,CLE,1,0.6826
42500221,2025-26,2026-05-05,OKC,LAL,1,0.786526
42500212,2025-26,2026-05-06,NYK,PHI,1,0.79609
42500232,2025-26,2026-05-06,SAS,MIN,1,0.758141
42500202,2025-26,2026-05-07,DET,CLE,1,0.692076
42500222,2025-26,2026-05-07,OKC,LAL,1,0.787472
42500213,2025-26,2026-05-08,PHI,NYK,0,0.402239
42500233,2025-26,2026-05-08,MIN,SAS,0,0.499653
42500203,2025-26,2026-05-09,CLE,DET,1,0.579731
42500223,2025-26,2026-05-09,LAL,OKC,0,0.442568
42500214,2025-26,2026-05-10,PHI,NYK,0,0.465213
42500234,2025-26,2026-05-10,MIN,SAS,1,0.488253
42500204,2025-26,2026-05-11,CLE,DET,1,0.592836
42500224,2025-26,2026-05-11,LAL,OKC,0,0.418517
42500235,2025-26,2026-05-12,SAS,MIN,1,0.758756
42500205,2025-26,2026-05-13,DET,CLE,0,0.652269
42500206,2025-26,2026-05-15,CLE,DET,0,0.627719
42500236,2025-26,2026-05-15,MIN,SAS,0,0.468802
42500207,2025-26,2026-05-17,DET,CLE,0,0.668472
42500311,2025-26,2026-05-18,OKC,SAS,0,0.672635
42500301,2025-26,2026-05-19,NYK,CLE,1,0.701323
42500312,2025-26,2026-05-20,OKC,SAS,1,0.709627
42500302,2025-26,2026-05-21,NYK,CLE,1,0.714368
42500313,2025-26,2026-05-22,SAS,OKC,0,0.544914
42500303,2025-26,2026-05-23,CLE,NYK,0,0.540886
42500314,2025-26,2026-05-24,SAS,OKC,1,0.58629
42500304,2025-26,2026-05-25,CLE,NYK,0,0.522054
42500315,2025-26,2026-05-26,OKC,SAS,1,0.61514
42500316,2025-26,2026-05-28,SAS,OKC,1,0.633339
42500317,2025-26,2026-05-30,OKC,SAS,0,0.624426
42500401,2025-26,2026-06-03,SAS,NYK,0,0.651425
42500402,2025-26,2026-06-05,SAS,NYK,0,0.630781
42500403,2025-26,2026-06-08,NYK,SAS,0,0.632758
42500404,2025-26,2026-06-10,NYK,SAS,1,0.616975
42500405,2025-26,2026-06-13,SAS,NYK,0,0.642764
