GAME_ID,season,date,home,away,home_win,p
22200001,2022-23,2022-10-18,BOS,PHI,1,0.67263
22200002,2022-23,2022-10-18,GSW,LAL,1,0.77903
22200003,2022-23,2022-10-19,DET,ORL,1,0.60226
22200004,2022-23,2022-10-19,IND,WAS,0,0.57071
22200005,2022-23,2022-10-19,ATL,HOU,1,0.73016
22200006,2022-23,2022-10-19,BKN,NOP,0,0.59513
22200007,2022-23,2022-10-19,MIA,CHI,0,0.73286
22200008,2022-23,2022-10-19,TOR,CLE,1,0.60576
22200009,2022-23,2022-10-19,MEM,NYK,1,0.65389
22200010,2022-23,2022-10-19,MIN,OKC,1,0.77698
22200011,2022-23,2022-10-19,SAS,CHA,0,0.5093
22200012,2022-23,2022-10-19,UTA,DEN,1,0.55981
22200013,2022-23,2022-10-19,PHX,DAL,1,0.56105
22200014,2022-23,2022-10-19,SAC,POR,0,0.6598
22200015,2022-23,2022-10-20,PHI,MIL,0,0.41099
22200016,2022-23,2022-10-20,LAL,LAC,0,0.44711
22200017,2022-23,2022-10-21,CHA,NOP,0,0.51631
22200019,2022-23,2022-10-21,WAS,CHI,1,0.55049
22200020,2022-23,2022-10-21,ATL,ORL,1,0.74487
22200021,2022-23,2022-10-21,BKN,TOR,1,0.48888
22200022,2022-23,2022-10-21,MIA,BOS,0,0.43488
22200023,2022-23,2022-10-21,NYK,DET,1,0.64578
22200024,2022-23,2022-10-21,HOU,MEM,0,0.25581
22200025,2022-23,2022-10-21,MIN,UTA,0,0.51954
22200026,2022-23,2022-10-21,GSW,DEN,0,0.68352
22200027,2022-23,2022-10-21,POR,PHX,1,0.32937
22200028,2022-23,2022-10-22,PHI,SAS,0,0.77709
22200029,2022-23,2022-10-22,IND,DET,1,0.60028
22200030,2022-23,2022-10-22,ORL,BOS,0,0.22838
22200031,2022-23,2022-10-22,MIA,TOR,1,0.57797
22200032,2022-23,2022-10-22,CHI,CLE,0,0.39774
22200033,2022-23,2022-10-22,MIL,HOU,1,0.87471
22200034,2022-23,2022-10-22,DAL,MEM,1,0.59383
22200035,2022-23,2022-10-22,DEN,OKC,1,0.65893
22200036,2022-23,2022-10-22,SAC,LAC,0,0.42797
22200037,2022-23,2022-10-23,LAL,POR,0,0.56922
22200038,2022-23,2022-10-23,ATL,CHA,0,0.58543
22200039,2022-23,2022-10-23,CLE,WAS,1,0.51584
22200040,2022-23,2022-10-23,NOP,UTA,0,0.53485
22200041,2022-23,2022-10-23,OKC,MIN,0,0.27711
22200042,2022-23,2022-10-23,GSW,SAC,1,0.83386
22200044,2022-23,2022-10-24,PHI,IND,1,0.65352
22200045,2022-23,2022-10-24,MIA,TOR,0,0.56872
22200046,2022-23,2022-10-24,NYK,ORL,1,0.70624
22200047,2022-23,2022-10-24,CHI,BOS,1,0.29821
22200048,2022-23,2022-10-24,HOU,UTA,1,0.27843
22200049,2022-23,2022-10-24,MEM,BKN,1,0.55019
22200050,2022-23,2022-10-24,MIN,SAS,0,0.59139
22200051,2022-23,2022-10-24,POR,DEN,1,0.3573
22200052,2022-23,2022-10-25,WAS,DET,1,0.65152
22200053,2022-23,2022-10-25,NOP,DAL,1,0.50526
22200054,2022-23,2022-10-25,OKC,LAC,1,0.34595
22200055,2022-23,2022-10-25,PHX,GSW,1,0.53829
22200056,2022-23,2022-10-26,CLE,ORL,1,0.74336
22200057,2022-23,2022-10-26,DET,ATL,0,0.25745
22200058,2022-23,2022-10-26,NYK,CHA,1,0.54548
22200059,2022-23,2022-10-26,TOR,PHI,1,0.5815
22200060,2022-23,2022-10-26,MIL,BKN,1,0.69403
22200061,2022-23,2022-10-26,CHI,IND,1,0.59797
22200062,2022-23,2022-10-26,MIN,SAS,1,0.63076
22200063,2022-23,2022-10-26,UTA,HOU,1,0.81939
22200064,2022-23,2022-10-26,DEN,LAL,1,0.61823
22200065,2022-23,2022-10-26,POR,MIA,0,0.47088
22200066,2022-23,2022-10-27,BKN,DAL,0,0.37348
22200067,2022-23,2022-10-27,OKC,LAC,1,0.51863
22200068,2022-23,2022-10-27,GSW,MIA,1,0.62722
22200069,2022-23,2022-10-27,SAC,MEM,0,0.38129
22200070,2022-23,2022-10-28,DET,ATL,0,0.3206
22200072,2022-23,2022-10-28,BOS,CLE,0,0.67403
22200073,2022-23,2022-10-28,TOR,PHI,0,0.62293
22200074,2022-23,2022-10-28,WAS,IND,0,0.63506
22200075,2022-23,2022-10-28,MIL,NYK,1,0.69379
22200076,2022-23,2022-10-28,MIN,LAL,1,0.66968
22200077,2022-23,2022-10-28,SAS,CHI,1,0.51579
22200078,2022-23,2022-10-28,DEN,UTA,1,0.4473
22200079,2022-23,2022-10-28,PHX,NOP,1,0.70119
22200080,2022-23,2022-10-28,POR,HOU,1,0.69614
22200081,2022-23,2022-10-29,SAC,MIA,1,0.34075
22200082,2022-23,2022-10-29,CHA,GSW,1,0.31696
22200083,2022-23,2022-10-29,BKN,IND,0,0.68845
22200084,2022-23,2022-10-29,CHI,PHI,0,0.47911
22200085,2022-23,2022-10-29,MIL,ATL,1,0.68917
22200086,2022-23,2022-10-29,DAL,OKC,0,0.75074
22200087,2022-23,2022-10-29,UTA,MEM,1,0.46049
22200088,2022-23,2022-10-30,LAC,NOP,0,0.5067
22200089,2022-23,2022-10-30,BOS,WAS,1,0.7342
22200090,2022-23,2022-10-30,CLE,NYK,1,0.6111
22200091,2022-23,2022-10-30,DET,GSW,1,0.32387
22200092,2022-23,2022-10-30,SAS,MIN,1,0.45013
22200093,2022-23,2022-10-30,DAL,ORL,1,0.7203
22200094,2022-23,2022-10-30,PHX,HOU,1,0.85844
22200095,2022-23,2022-10-30,LAL,DEN,1,0.40997
22200096,2022-23,2022-10-31,CHA,SAC,0,0.63962
22200097,2022-23,2022-10-31,WAS,PHI,0,0.33234
22200098,2022-23,2022-10-31,BKN,IND,1,0.62073
22200099,2022-23,2022-10-31,TOR,ATL,1,0.59304
22200100,2022-23,2022-10-31,MIL,DET,1,0.89799
22200101,2022-23,2022-10-31,UTA,MEM,1,0.55303
22200102,2022-23,2022-10-31,LAC,HOU,1,0.66453
22200103,2022-23,2022-11-01,BKN,CHI,0,0.46454
22200104,2022-23,2022-11-01,MIA,GSW,1,0.58172
22200105,2022-23,2022-11-01,OKC,ORL,1,0.63449
22200106,2022-23,2022-11-01,PHX,MIN,1,0.68667
22200108,2022-23,2022-11-02,PHI,WAS,0,0.64678
22200109,2022-23,2022-11-02,MIA,SAC,1,0.63726
22200110,2022-23,2022-11-02,NYK,ATL,0,0.5624
22200111,2022-23,2022-11-02,CHI,CHA,1,0.50362
22200112,2022-23,2022-11-02,HOU,LAC,0,0.46345
22200113,2022-23,2022-11-02,MIL,DET,1,0.84965
22200114,2022-23,2022-11-02,SAS,TOR,0,0.45484
22200115,2022-23,2022-11-02,DAL,UTA,1,0.61104
22200116,2022-23,2022-11-02,POR,MEM,0,0.48578
22200117,2022-23,2022-11-02,LAL,NOP,1,0.45305
22200118,2022-23,2022-11-03,ORL,GSW,1,0.32748
22200119,2022-23,2022-11-03,OKC,DEN,0,0.4397
22200120,2022-23,2022-11-04,DET,CLE,0,0.23609
22200121,2022-23,2022-11-04,IND,MIA,1,0.47908
22200122,2022-23,2022-11-04,PHI,NYK,0,0.55936
22200123,2022-23,2022-11-04,WAS,BKN,0,0.57745
22200124,2022-23,2022-11-04,BOS,CHI,1,0.7078
22200125,2022-23,2022-11-04,MEM,CHA,1,0.70355
22200126,2022-23,2022-11-04,SAS,LAC,0,0.50795
22200127,2022-23,2022-11-04,DAL,TOR,1,0.58879
22200128,2022-23,2022-11-04,NOP,GSW,1,0.61155
22200129,2022-23,2022-11-04,MIN,MIL,0,0.40475
22200130,2022-23,2022-11-04,PHX,POR,0,0.78253
22200131,2022-23,2022-11-04,LAL,UTA,0,0.44979
22200132,2022-23,2022-11-05,ORL,SAC,0,0.47115
22200133,2022-23,2022-11-05,CHA,BKN,0,0.48438
22200134,2022-23,2022-11-05,ATL,NOP,1,0.58629
22200135,2022-23,2022-11-05,NYK,BOS,0,0.40255
22200136,2022-23,2022-11-05,MIL,OKC,1,0.71995
22200137,2022-23,2022-11-05,MIN,HOU,1,0.68147
22200138,2022-23,2022-11-05,DEN,SAS,1,0.77257
22200139,2022-23,2022-11-05,PHX,POR,1,0.77485
22200140,2022-23,2022-11-06,LAL,CLE,0,0.43992
22200141,2022-23,2022-11-06,TOR,CHI,1,0.66033
22200142,2022-23,2022-11-06,MEM,WAS,1,0.72625
22200143,2022-23,2022-11-06,LAC,UTA,0,0.35905
22200145,2022-23,2022-11-07,ORL,HOU,0,0.62613
22200147,2022-23,2022-11-07,IND,NOP,1,0.43925
22200149,2022-23,2022-11-07,ATL,MIL,1,0.44975
22200150,2022-23,2022-11-07,MIA,POR,0,0.72113
22200151,2022-23,2022-11-07,CHI,TOR,1,0.36432
22200152,2022-23,2022-11-07,MEM,BOS,0,0.45157
22200153,2022-23,2022-11-07,MIN,NYK,0,0.5728
22200154,2022-23,2022-11-07,SAS,DEN,0,0.38021
22200155,2022-23,2022-11-07,DAL,BKN,1,0.7411
22200156,2022-23,2022-11-07,GSW,SAC,1,0.56049
22200157,2022-23,2022-11-07,UTA,LAL,1,0.737
22200158,2022-23,2022-11-07,LAC,CLE,1,0.30073
22200159,2022-23,2022-11-09,CHA,POR,0,0.45364
22200160,2022-23,2022-11-09,IND,DEN,0,0.47345
22200161,2022-23,2022-11-09,ORL,DAL,1,0.30559
22200162,2022-23,2022-11-09,ATL,UTA,0,0.47291
22200163,2022-23,2022-11-09,BOS,DET,1,0.84027
22200164,2022-23,2022-11-09,BKN,NYK,1,0.52501
22200165,2022-23,2022-11-09,TOR,HOU,1,0.81337
22200166,2022-23,2022-11-09,CHI,NOP,0,0.45734
22200167,2022-23,2022-11-09,MIN,PHX,0,0.37532
22200168,2022-23,2022-11-09,OKC,MIL,0,0.30566
22200169,2022-23,2022-11-09,SAS,MEM,0,0.35276
22200170,2022-23,2022-11-09,LAC,LAL,1,0.63171
22200171,2022-23,2022-11-09,SAC,CLE,1,0.3156
22200172,2022-23,2022-11-10,WAS,DAL,1,0.4694
22200173,2022-23,2022-11-10,ATL,PHI,1,0.49894
22200174,2022-23,2022-11-10,MIA,CHA,1,0.80178
22200175,2022-23,2022-11-10,NOP,POR,0,0.67446
22200176,2022-23,2022-11-11,BOS,DEN,1,0.64187
22200177,2022-23,2022-11-11,ORL,PHX,1,0.28529
22200178,2022-23,2022-11-11,NYK,DET,1,0.71596
22200179,2022-23,2022-11-11,OKC,TOR,1,0.38414
22200180,2022-23,2022-11-11,SAS,MIL,1,0.38732
22200181,2022-23,2022-11-11,MEM,MIN,1,0.66886
22200182,2022-23,2022-11-11,GSW,CLE,1,0.45851
22200183,2022-23,2022-11-11,LAL,SAC,0,0.53194
22200185,2022-23,2022-11-12,WAS,UTA,1,0.31881
22200186,2022-23,2022-11-12,DET,BOS,0,0.22247
22200187,2022-23,2022-11-12,IND,TOR,1,0.56436
22200188,2022-23,2022-11-12,PHI,ATL,1,0.49821
22200189,2022-23,2022-11-12,MIA,CHA,1,0.72603
22200190,2022-23,2022-11-12,DAL,POR,1,0.68511
22200191,2022-23,2022-11-12,NOP,HOU,1,0.786
22200192,2022-23,2022-11-13,NYK,OKC,0,0.60481
22200193,2022-23,2022-11-13,CLE,MIN,0,0.7177
22200194,2022-23,2022-11-13,WAS,MEM,1,0.29856
22200195,2022-23,2022-11-13,PHI,UTA,1,0.46009
22200196,2022-23,2022-11-13,CHI,DEN,0,0.50705
22200197,2022-23,2022-11-13,SAC,GSW,1,0.45432
22200198,2022-23,2022-11-13,LAL,BKN,1,0.48246
22200199,2022-23,2022-11-14,DET,TOR,0,0.31934
22200200,2022-23,2022-11-14,ORL,CHA,0,0.54236
22200201,2022-23,2022-11-14,BOS,OKC,1,0.78642
22200202,2022-23,2022-11-14,MIA,PHX,1,0.53937
22200203,2022-23,2022-11-14,HOU,LAC,0,0.42328
22200204,2022-23,2022-11-14,MIL,ATL,0,0.49996
22200205,2022-23,2022-11-14,GSW,SAS,1,0.64056
22200207,2022-23,2022-11-15,DAL,LAC,1,0.78431
22200208,2022-23,2022-11-15,UTA,NYK,0,0.72659
22200209,2022-23,2022-11-15,POR,SAS,1,0.74958
22200211,2022-23,2022-11-16,CHA,IND,0,0.47931
22200212,2022-23,2022-11-16,ORL,MIN,0,0.41193
22200213,2022-23,2022-11-16,WAS,OKC,0,0.56252
22200214,2022-23,2022-11-16,ATL,BOS,0,0.46697
22200215,2022-23,2022-11-16,TOR,MIA,1,0.47481
22200216,2022-23,2022-11-16,MIL,CLE,1,0.51058
22200218,2022-23,2022-11-16,DAL,HOU,0,0.77156
22200219,2022-23,2022-11-16,DEN,NYK,0,0.75462
22200220,2022-23,2022-11-16,PHX,GSW,1,0.57876
22200221,2022-23,2022-11-17,POR,BKN,0,0.60069
22200222,2022-23,2022-11-17,SAC,SAS,1,0.6734
22200223,2022-23,2022-11-17,LAC,DET,1,0.71229
22200224,2022-23,2022-11-18,WAS,MIA,1,0.47816
22200225,2022-23,2022-11-18,CLE,CHA,1,0.7181
22200226,2022-23,2022-11-18,PHI,MIL,1,0.56689
22200227,2022-23,2022-11-18,CHI,ORL,0,0.67642
22200228,2022-23,2022-11-18,HOU,IND,0,0.35855
22200229,2022-23,2022-11-18,MEM,OKC,1,0.67795
22200230,2022-23,2022-11-18,DAL,DEN,1,0.61539
22200231,2022-23,2022-11-18,NOP,BOS,0,0.43718
22200232,2022-23,2022-11-18,UTA,PHX,1,0.59325
22200233,2022-23,2022-11-18,GSW,NYK,1,0.63213
22200234,2022-23,2022-11-18,LAL,DET,1,0.7342
22200235,2022-23,2022-11-19,ATL,TOR,1,0.56716
22200236,2022-23,2022-11-19,IND,ORL,1,0.68824
22200237,2022-23,2022-11-19,PHI,MIN,0,0.48437
22200238,2022-23,2022-11-19,POR,UTA,0,0.58204
22200239,2022-23,2022-11-19,LAC,SAS,1,0.69112
22200240,2022-23,2022-11-20,PHX,NYK,1,0.65823
22200241,2022-23,2022-11-20,WAS,CHA,1,0.61926
22200242,2022-23,2022-11-20,SAC,DET,1,0.78129
22200243,2022-23,2022-11-20,BKN,MEM,1,0.46365
22200244,2022-23,2022-11-20,CLE,MIA,1,0.70246
22200245,2022-23,2022-11-20,HOU,GSW,0,0.27697
22200246,2022-23,2022-11-20,DAL,DEN,0,0.75608
22200247,2022-23,2022-11-20,LAL,SAS,1,0.65494
22200248,2022-23,2022-11-21,CLE,ATL,1,0.52561
22200249,2022-23,2022-11-21,IND,ORL,1,0.72358
22200250,2022-23,2022-11-21,CHI,BOS,1,0.31235
22200251,2022-23,2022-11-21,MIL,POR,1,0.68308
22200252,2022-23,2022-11-21,MIN,MIA,1,0.68717
22200253,2022-23,2022-11-21,NOP,GSW,1,0.6117
22200254,2022-23,2022-11-21,OKC,NYK,0,0.62161
22200255,2022-23,2022-11-21,LAC,UTA,1,0.4664
22200256,2022-23,2022-11-22,PHI,BKN,1,0.51044
22200257,2022-23,2022-11-22,MEM,SAC,0,0.54733
22200258,2022-23,2022-11-22,DEN,DET,0,0.68577
22200259,2022-23,2022-11-22,PHX,LAL,1,0.75135
22200260,2022-23,2022-11-23,CHA,PHI,1,0.59885
22200261,2022-23,2022-11-23,CLE,POR,1,0.70601
22200262,2022-23,2022-11-23,IND,MIN,0,0.5708
22200263,2022-23,2022-11-23,ATL,SAC,1,0.66014
22200264,2022-23,2022-11-23,BOS,DAL,1,0.64788
22200265,2022-23,2022-11-23,MIA,WAS,1,0.55965
22200266,2022-23,2022-11-23,TOR,BKN,0,0.62176
22200267,2022-23,2022-11-23,MIL,CHI,0,0.71049
22200268,2022-23,2022-11-23,OKC,DEN,0,0.51838
22200269,2022-23,2022-11-23,SAS,NOP,0,0.29031
22200270,2022-23,2022-11-23,UTA,DET,0,0.86739
22200271,2022-23,2022-11-23,GSW,LAC,1,0.51727
22200272,2022-23,2022-11-25,CHA,MIN,1,0.42967
22200274,2022-23,2022-11-25,NYK,POR,0,0.61256
22200275,2022-23,2022-11-25,BOS,SAC,1,0.71546
22200276,2022-23,2022-11-25,IND,BKN,1,0.48757
22200277,2022-23,2022-11-25,MIA,WAS,1,0.60747
22200278,2022-23,2022-11-25,HOU,ATL,1,0.33149
22200279,2022-23,2022-11-25,MEM,NOP,1,0.55722
22200280,2022-23,2022-11-25,MIL,CLE,1,0.58433
22200281,2022-23,2022-11-25,OKC,CHI,1,0.49262
22200282,2022-23,2022-11-25,SAS,LAL,0,0.45939
22200283,2022-23,2022-11-25,PHX,DET,1,0.81334
22200284,2022-23,2022-11-25,GSW,UTA,1,0.60829
22200285,2022-23,2022-11-25,LAC,DEN,0,0.46732
22200286,2022-23,2022-11-26,TOR,DAL,1,0.45922
22200287,2022-23,2022-11-26,HOU,OKC,1,0.43197
22200289,2022-23,2022-11-26,PHX,UTA,1,0.62352
22200290,2022-23,2022-11-27,BKN,POR,1,0.67063
22200291,2022-23,2022-11-27,MIN,GSW,0,0.50839
22200293,2022-23,2022-11-27,ATL,MIA,0,0.62957
22200294,2022-23,2022-11-27,BOS,WAS,1,0.79315
22200295,2022-23,2022-11-27,DET,CLE,0,0.27852
22200296,2022-23,2022-11-27,NYK,MEM,0,0.4606
22200297,2022-23,2022-11-27,ORL,PHI,0,0.39909
22200298,2022-23,2022-11-27,MIL,DAL,1,0.68889
22200299,2022-23,2022-11-28,PHI,ATL,1,0.53263
22200300,2022-23,2022-11-28,WAS,MIN,1,0.52343
22200301,2022-23,2022-11-28,BOS,CHA,1,0.72758
22200302,2022-23,2022-11-28,BKN,ORL,1,0.82483
22200303,2022-23,2022-11-28,TOR,CLE,1,0.60672
22200304,2022-23,2022-11-28,NOP,OKC,1,0.70742
22200305,2022-23,2022-11-28,DEN,HOU,1,0.77738
22200307,2022-23,2022-11-28,SAC,PHX,0,0.48422
22200308,2022-23,2022-11-28,LAL,IND,0,0.5472
22200309,2022-23,2022-11-29,DET,NYK,0,0.40194
22200310,2022-23,2022-11-29,DAL,GSW,1,0.52564
22200311,2022-23,2022-11-29,POR,LAC,0,0.61357
22200312,2022-23,2022-11-30,CLE,PHI,1,0.5856
22200313,2022-23,2022-11-30,ORL,ATL,0,0.29211
22200314,2022-23,2022-11-30,BOS,MIA,1,0.7432
22200315,2022-23,2022-11-30,BKN,WAS,1,0.65265
22200316,2022-23,2022-11-30,NYK,MIL,0,0.31346
22200317,2022-23,2022-11-30,MIN,MEM,1,0.44592
22200318,2022-23,2022-11-30,NOP,TOR,1,0.47914
22200319,2022-23,2022-11-30,OKC,SAS,1,0.64167
22200320,2022-23,2022-11-30,DEN,HOU,1,0.75842
22200321,2022-23,2022-11-30,PHX,CHI,1,0.67705
22200322,2022-23,2022-11-30,UTA,LAC,1,0.78183
22200323,2022-23,2022-11-30,SAC,IND,1,0.55893
22200324,2022-23,2022-11-30,LAL,POR,1,0.66727
22200325,2022-23,2022-12-01,DET,DAL,1,0.29702
22200326,2022-23,2022-12-02,CHA,WAS,1,0.37764
22200327,2022-23,2022-12-02,ATL,DEN,1,0.58577
22200328,2022-23,2022-12-02,BOS,MIA,0,0.77264
22200330,2022-23,2022-12-02,CLE,ORL,1,0.83712
22200331,2022-23,2022-12-02,MIL,LAL,0,0.73804
22200332,2022-23,2022-12-02,MEM,PHI,1,0.60759
22200333,2022-23,2022-12-02,SAS,NOP,0,0.31085
22200334,2022-23,2022-12-02,PHX,HOU,0,0.82591
22200335,2022-23,2022-12-02,UTA,IND,1,0.6218
22200336,2022-23,2022-12-02,GSW,CHI,1,0.68421
22200338,2022-23,2022-12-03,LAC,SAC,0,0.39379
22200340,2022-23,2022-12-03,TOR,ORL,1,0.80789
22200341,2022-23,2022-12-03,MIN,OKC,0,0.6665
22200342,2022-23,2022-12-03,GSW,HOU,1,0.82043
22200343,2022-23,2022-12-03,UTA,POR,0,0.63843
22200345,2022-23,2022-12-04,SAS,PHX,0,0.22121
22200347,2022-23,2022-12-04,DET,MEM,0,0.30224
22200348,2022-23,2022-12-04,NYK,CLE,1,0.34559
22200349,2022-23,2022-12-04,WAS,LAL,0,0.55047
22200350,2022-23,2022-12-04,SAC,CHI,1,0.54919
22200351,2022-23,2022-12-04,POR,IND,1,0.39117
22200352,2022-23,2022-12-05,CHA,LAC,0,0.54695
22200353,2022-23,2022-12-05,ORL,MIL,0,0.28591
22200354,2022-23,2022-12-05,ATL,OKC,0,0.66066
22200355,2022-23,2022-12-05,TOR,BOS,0,0.50915
22200356,2022-23,2022-12-05,HOU,PHI,1,0.3284
22200357,2022-23,2022-12-05,MEM,MIA,1,0.48996
22200358,2022-23,2022-12-05,DAL,PHX,1,0.56287
22200359,2022-23,2022-12-05,GSW,IND,0,0.80892
22200360,2022-23,2022-12-06,CLE,LAL,1,0.64709
22200361,2022-23,2022-12-06,MIA,DET,0,0.71956
22200362,2022-23,2022-12-06,DEN,DAL,0,0.59191
22200363,2022-23,2022-12-07,ORL,LAC,1,0.33039
22200364,2022-23,2022-12-07,BKN,CHA,1,0.77225
22200366,2022-23,2022-12-07,TOR,LAL,1,0.71019
22200367,2022-23,2022-12-07,CHI,WAS,1,0.54005
22200368,2022-23,2022-12-07,MEM,OKC,1,0.65899
22200369,2022-23,2022-12-07,MIL,SAC,1,0.64113
22200370,2022-23,2022-12-07,MIN,IND,1,0.65046
22200371,2022-23,2022-12-07,NOP,DET,1,0.84744
22200372,2022-23,2022-12-07,UTA,GSW,1,0.52336
22200373,2022-23,2022-12-07,PHX,BOS,0,0.49777
22200374,2022-23,2022-12-08,MIA,LAC,1,0.65543
22200375,2022-23,2022-12-08,SAS,HOU,1,0.46299
22200377,2022-23,2022-12-09,CHA,NYK,0,0.3967
22200378,2022-23,2022-12-09,IND,WAS,1,0.55036
22200379,2022-23,2022-12-09,ORL,TOR,1,0.27997
22200380,2022-23,2022-12-09,BKN,ATL,1,0.60683
22200381,2022-23,2022-12-09,CLE,SAC,0,0.65582
22200382,2022-23,2022-12-09,PHI,LAL,1,0.71952
22200383,2022-23,2022-12-09,MEM,DET,1,0.80148
22200384,2022-23,2022-12-09,NOP,PHX,1,0.50701
22200385,2022-23,2022-12-09,UTA,MIN,0,0.61209
22200386,2022-23,2022-12-09,DAL,MIL,0,0.48488
22200387,2022-23,2022-12-10,MIA,SAS,0,0.79631
22200388,2022-23,2022-12-10,IND,BKN,0,0.44672
22200389,2022-23,2022-12-10,WAS,LAC,0,0.48075
22200390,2022-23,2022-12-10,CLE,OKC,1,0.64334
22200391,2022-23,2022-12-10,CHI,DAL,1,0.53361
22200392,2022-23,2022-12-10,GSW,BOS,1,0.31938
22200393,2022-23,2022-12-10,DEN,UTA,1,0.65396
22200394,2022-23,2022-12-10,POR,MIN,1,0.65868
22200395,2022-23,2022-12-11,NOP,PHX,1,0.52384
22200396,2022-23,2022-12-11,DET,LAL,0,0.39887
22200397,2022-23,2022-12-11,NYK,SAC,1,0.5379
22200398,2022-23,2022-12-11,ORL,TOR,1,0.28528
22200399,2022-23,2022-12-11,PHI,CHA,1,0.78041
22200400,2022-23,2022-12-11,ATL,CHI,1,0.63211
22200401,2022-23,2022-12-11,HOU,MIL,1,0.2257
22200402,2022-23,2022-12-12,IND,MIA,0,0.49632
22200403,2022-23,2022-12-12,WAS,BKN,0,0.54448
22200404,2022-23,2022-12-12,MEM,ATL,1,0.77875
22200405,2022-23,2022-12-12,DAL,OKC,1,0.66206
22200406,2022-23,2022-12-12,SAS,CLE,1,0.27814
22200407,2022-23,2022-12-12,POR,MIN,1,0.59077
22200408,2022-23,2022-12-12,LAC,BOS,1,0.33216
22200409,2022-23,2022-12-13,PHI,SAC,1,0.61803
22200410,2022-23,2022-12-13,MIL,GSW,1,0.61577
22200411,2022-23,2022-12-13,HOU,PHX,1,0.32
22200412,2022-23,2022-12-13,UTA,NOP,1,0.46714
22200413,2022-23,2022-12-13,LAL,BOS,0,0.43039
22200414,2022-23,2022-12-14,CHA,DET,0,0.56696
22200415,2022-23,2022-12-14,IND,GSW,1,0.52934
22200416,2022-23,2022-12-14,ORL,ATL,1,0.5508
22200417,2022-23,2022-12-14,TOR,SAC,0,0.65842
22200418,2022-23,2022-12-14,CHI,NYK,0,0.51699
22200419,2022-23,2022-12-14,OKC,MIA,0,0.42139
22200420,2022-23,2022-12-14,SAS,POR,0,0.34553
22200421,2022-23,2022-12-14,DAL,CLE,0,0.51781
22200422,2022-23,2022-12-14,DEN,WAS,1,0.74829
22200423,2022-23,2022-12-14,LAC,MIN,1,0.62933
22200424,2022-23,2022-12-15,HOU,MIA,0,0.51807
22200425,2022-23,2022-12-15,MEM,MIL,1,0.49684
22200426,2022-23,2022-12-15,UTA,NOP,1,0.58639
22200427,2022-23,2022-12-15,LAC,PHX,0,0.46884
22200428,2022-23,2022-12-16,CHA,ATL,0,0.50202
22200429,2022-23,2022-12-16,DET,SAC,0,0.34588
22200430,2022-23,2022-12-16,BOS,ORL,0,0.85865
22200431,2022-23,2022-12-16,CLE,IND,1,0.71657
22200432,2022-23,2022-12-16,PHI,GSW,1,0.62176
22200433,2022-23,2022-12-16,TOR,BKN,0,0.51019
22200434,2022-23,2022-12-16,CHI,NYK,0,0.52868
22200435,2022-23,2022-12-16,OKC,MIN,0,0.55662
22200436,2022-23,2022-12-16,DAL,POR,1,0.58881
22200438,2022-23,2022-12-17,LAC,WAS,1,0.59018
22200439,2022-23,2022-12-17,SAS,MIA,0,0.36149
22200440,2022-23,2022-12-17,CLE,DAL,1,0.64159
22200441,2022-23,2022-12-17,HOU,POR,0,0.4914
22200443,2022-23,2022-12-17,OKC,MEM,1,0.27603
22200444,2022-23,2022-12-17,PHX,NOP,1,0.58719
22200445,2022-23,2022-12-18,BOS,ORL,0,0.85793
22200446,2022-23,2022-12-18,IND,NYK,0,0.46452
22200447,2022-23,2022-12-18,DET,BKN,0,0.30829
22200448,2022-23,2022-12-18,TOR,GSW,0,0.64598
22200449,2022-23,2022-12-18,MIN,CHI,1,0.48653
22200450,2022-23,2022-12-18,DEN,CHA,1,0.75888
22200451,2022-23,2022-12-18,LAL,WAS,1,0.72601
22200452,2022-23,2022-12-19,CLE,UTA,1,0.67067
22200453,2022-23,2022-12-19,PHI,TOR,1,0.71754
22200454,2022-23,2022-12-19,ATL,ORL,1,0.72844
22200455,2022-23,2022-12-19,HOU,SAS,0,0.61104
22200456,2022-23,2022-12-19,MIN,DAL,1,0.43244
22200457,2022-23,2022-12-19,NOP,MIL,0,0.55827
22200458,2022-23,2022-12-19,OKC,POR,1,0.46441
22200459,2022-23,2022-12-19,PHX,LAL,1,0.75502
22200460,2022-23,2022-12-19,SAC,CHA,0,0.79947
22200461,2022-23,2022-12-20,DET,UTA,0,0.44599
22200463,2022-23,2022-12-20,NYK,GSW,1,0.62359
22200464,2022-23,2022-12-20,PHX,WAS,0,0.61333
22200465,2022-23,2022-12-20,DEN,MEM,1,0.49744
22200466,2022-23,2022-12-21,CLE,MIL,1,0.57828
22200467,2022-23,2022-12-21,PHI,DET,1,0.85584
22200468,2022-23,2022-12-21,ATL,CHI,0,0.69928
22200469,2022-23,2022-12-21,BOS,IND,0,0.73417
22200470,2022-23,2022-12-21,BKN,GSW,1,0.75178
22200472,2022-23,2022-12-21,HOU,ORL,0,0.53062
22200473,2022-23,2022-12-21,MIN,DAL,0,0.48061
22200474,2022-23,2022-12-21,OKC,POR,1,0.51984
22200475,2022-23,2022-12-21,SAC,LAL,1,0.7433
22200476,2022-23,2022-12-21,LAC,CHA,1,0.68852
22200477,2022-23,2022-12-22,NOP,SAS,1,0.80405
22200478,2022-23,2022-12-22,UTA,WAS,1,0.67465
22200479,2022-23,2022-12-23,ORL,SAS,1,0.70638
22200480,2022-23,2022-12-23,PHI,LAC,1,0.64953
22200481,2022-23,2022-12-23,ATL,DET,1,0.74506
22200482,2022-23,2022-12-23,BOS,MIN,1,0.7632
22200483,2022-23,2022-12-23,BKN,MIL,1,0.4555
22200484,2022-23,2022-12-23,CLE,TOR,0,0.6744
22200485,2022-23,2022-12-23,NYK,CHI,0,0.69175
22200486,2022-23,2022-12-23,MIA,IND,0,0.55779
22200487,2022-23,2022-12-23,HOU,DAL,0,0.33686
22200489,2022-23,2022-12-23,DEN,POR,1,0.63187
22200490,2022-23,2022-12-23,PHX,MEM,0,0.49214
22200491,2022-23,2022-12-23,SAC,WAS,0,0.77585
22200492,2022-23,2022-12-23,LAL,CHA,0,0.60402
22200493,2022-23,2022-12-25,NYK,PHI,0,0.49792
22200494,2022-23,2022-12-25,DAL,LAL,1,0.683
22200495,2022-23,2022-12-25,BOS,MIL,1,0.63218
22200496,2022-23,2022-12-25,GSW,MEM,1,0.29614
22200497,2022-23,2022-12-25,DEN,PHX,1,0.68599
22200499,2022-23,2022-12-26,DET,LAC,0,0.32571
22200500,2022-23,2022-12-26,MIA,MIN,1,0.62666
22200501,2022-23,2022-12-26,CHI,HOU,0,0.68857
22200502,2022-23,2022-12-26,NOP,IND,1,0.5859
22200503,2022-23,2022-12-26,SAS,UTA,1,0.35399
22200504,2022-23,2022-12-26,POR,CHA,1,0.64732
22200505,2022-23,2022-12-27,ORL,LAL,0,0.58649
22200506,2022-23,2022-12-27,WAS,PHI,1,0.41217
22200507,2022-23,2022-12-27,BOS,HOU,1,0.90121
22200509,2022-23,2022-12-27,TOR,LAC,0,0.7229
22200510,2022-23,2022-12-27,MEM,PHX,0,0.65673
22200511,2022-23,2022-12-27,OKC,SAS,1,0.76086
22200512,2022-23,2022-12-27,DAL,NYK,1,0.56674
22200513,2022-23,2022-12-27,GSW,CHA,1,0.68401
22200514,2022-23,2022-12-27,SAC,DEN,0,0.48633
22200515,2022-23,2022-12-28,DET,ORL,1,0.52056
22200516,2022-23,2022-12-28,WAS,PHX,1,0.49817
22200517,2022-23,2022-12-28,ATL,BKN,0,0.38326
22200518,2022-23,2022-12-28,MIA,LAL,1,0.66327
22200519,2022-23,2022-12-28,CHI,MIL,1,0.34891
22200520,2022-23,2022-12-28,NOP,MIN,1,0.6279
22200521,2022-23,2022-12-28,GSW,UTA,1,0.40694
22200522,2022-23,2022-12-28,SAC,DEN,1,0.43053
22200523,2022-23,2022-12-29,CHA,OKC,1,0.49579
22200524,2022-23,2022-12-29,IND,CLE,1,0.41024
22200525,2022-23,2022-12-29,BOS,LAC,1,0.73881
22200526,2022-23,2022-12-29,TOR,MEM,0,0.46777
22200527,2022-23,2022-12-29,SAS,NYK,1,0.34303
22200528,2022-23,2022-12-29,DAL,HOU,1,0.78039
22200529,2022-23,2022-12-30,ORL,WAS,0,0.46913
22200530,2022-23,2022-12-30,ATL,LAL,0,0.60526
22200531,2022-23,2022-12-30,TOR,PHX,1,0.46044
22200532,2022-23,2022-12-30,CHI,DET,1,0.68852
22200533,2022-23,2022-12-30,MIL,MIN,1,0.6776
22200534,2022-23,2022-12-30,NOP,PHI,1,0.51007
22200535,2022-23,2022-12-30,DEN,MIA,1,0.60276
22200536,2022-23,2022-12-30,GSW,POR,1,0.46563
22200537,2022-23,2022-12-30,SAC,UTA,1,0.54333
22200538,2022-23,2022-12-31,IND,LAC,1,0.50671
22200539,2022-23,2022-12-31,CHA,BKN,0,0.35144
22200540,2022-23,2022-12-31,CHI,CLE,0,0.32708
22200541,2022-23,2022-12-31,HOU,NYK,0,0.36426
22200542,2022-23,2022-12-31,SAS,DAL,0,0.32398
22200543,2022-23,2022-12-31,MEM,NOP,1,0.72327
22200544,2022-23,2022-12-31,MIN,DET,0,0.71888
22200545,2022-23,2022-12-31,OKC,PHI,0,0.43606
22200546,2022-23,2022-12-31,UTA,MIA,0,0.58934
22200547,2022-23,2023-01-01,MEM,SAC,1,0.6427
22200548,2022-23,2023-01-01,MIL,WAS,0,0.6375
22200549,2022-23,2023-01-01,DEN,BOS,1,0.50242
22200550,2022-23,2023-01-02,NYK,PHX,1,0.59131
22200551,2022-23,2023-01-02,CHA,LAL,0,0.50049
22200552,2022-23,2023-01-02,CLE,CHI,1,0.66515
22200554,2022-23,2023-01-02,PHI,NOP,1,0.58032
22200555,2022-23,2023-01-02,BKN,SAS,1,0.81826
22200556,2022-23,2023-01-02,HOU,DAL,0,0.33131
22200557,2022-23,2023-01-02,MIN,DEN,1,0.51158
22200558,2022-23,2023-01-02,GSW,ATL,1,0.54988
22200559,2022-23,2023-01-02,POR,DET,1,0.73263
22200560,2022-23,2023-01-02,LAC,MIA,0,0.58822
22200561,2022-23,2023-01-03,MIL,WAS,1,0.51725
22200562,2022-23,2023-01-03,OKC,BOS,1,0.28999
22200563,2022-23,2023-01-03,UTA,SAC,0,0.62259
22200564,2022-23,2023-01-04,CHA,MEM,0,0.30572
22200565,2022-23,2023-01-04,CLE,PHX,1,0.61253
22200566,2022-23,2023-01-04,ORL,OKC,1,0.58756
22200567,2022-23,2023-01-04,PHI,IND,1,0.71086
22200568,2022-23,2023-01-04,NYK,SAS,1,0.7972
22200569,2022-23,2023-01-04,TOR,MIL,0,0.5896
22200570,2022-23,2023-01-04,CHI,BKN,1,0.38231
22200572,2022-23,2023-01-04,NOP,HOU,1,0.77356
22200573,2022-23,2023-01-04,GSW,DET,0,0.72353
22200574,2022-23,2023-01-04,LAL,MIA,1,0.41668
22200576,2022-23,2023-01-05,ORL,MEM,0,0.26263
22200577,2022-23,2023-01-05,DAL,BOS,0,0.46248
22200578,2022-23,2023-01-05,HOU,UTA,0,0.29145
22200579,2022-23,2023-01-05,DEN,LAC,1,0.71608
22200580,2022-23,2023-01-06,IND,POR,1,0.54745
22200581,2022-23,2023-01-06,PHI,CHI,0,0.68991
22200582,2022-23,2023-01-06,TOR,NYK,0,0.51295
22200583,2022-23,2023-01-06,MIL,CHA,0,0.72793
22200584,2022-23,2023-01-06,OKC,WAS,1,0.47522
22200585,2022-23,2023-01-06,SAS,DET,1,0.57528
22200586,2022-23,2023-01-06,NOP,BKN,0,0.44499
22200587,2022-23,2023-01-06,MIN,LAC,1,0.61573
22200588,2022-23,2023-01-06,DEN,CLE,1,0.59929
22200589,2022-23,2023-01-06,PHX,MIA,0,0.47103
22200590,2022-23,2023-01-06,LAL,ATL,1,0.48905
22200591,2022-23,2023-01-07,SAS,BOS,0,0.17283
22200592,2022-23,2023-01-07,CHI,UTA,1,0.41029
22200593,2022-23,2023-01-07,DAL,NOP,1,0.66415
22200594,2022-23,2023-01-07,GSW,ORL,0,0.69479
22200595,2022-23,2023-01-07,SAC,LAL,0,0.70573
22200596,2022-23,2023-01-08,DET,PHI,0,0.31257
22200597,2022-23,2023-01-08,TOR,POR,1,0.59059
22200598,2022-23,2023-01-08,IND,CHA,1,0.66252
22200599,2022-23,2023-01-08,MIA,BKN,0,0.46251
22200600,2022-23,2023-01-08,MEM,UTA,1,0.74683
22200601,2022-23,2023-01-08,HOU,MIN,0,0.41205
22200602,2022-23,2023-01-08,OKC,DAL,1,0.57035
22200603,2022-23,2023-01-08,PHX,CLE,0,0.4637
22200604,2022-23,2023-01-08,LAC,ATL,0,0.47546
22200605,2022-23,2023-01-09,WAS,NOP,0,0.58338
22200606,2022-23,2023-01-09,BOS,CHI,1,0.76215
22200607,2022-23,2023-01-09,NYK,MIL,0,0.58444
22200608,2022-23,2023-01-09,MEM,SAS,1,0.77492
22200609,2022-23,2023-01-09,DEN,LAL,1,0.7468
22200610,2022-23,2023-01-09,SAC,ORL,1,0.66959
22200612,2022-23,2023-01-10,PHI,DET,1,0.79616
22200613,2022-23,2023-01-10,TOR,CHA,1,0.70809
22200614,2022-23,2023-01-10,UTA,CLE,1,0.49141
22200615,2022-23,2023-01-10,GSW,PHX,0,0.63203
22200616,2022-23,2023-01-10,POR,ORL,0,0.7257
22200617,2022-23,2023-01-10,LAC,DAL,1,0.55763
22200618,2022-23,2023-01-11,DET,MIN,1,0.27738
22200619,2022-23,2023-01-11,WAS,CHI,1,0.55632
22200620,2022-23,2023-01-11,ATL,MIL,0,0.48347
22200621,2022-23,2023-01-11,BOS,NOP,1,0.71833
22200622,2022-23,2023-01-11,NYK,IND,1,0.63959
22200623,2022-23,2023-01-11,MEM,SAS,1,0.81843
22200624,2022-23,2023-01-11,DEN,PHX,1,0.84148
22200625,2022-23,2023-01-11,SAC,HOU,1,0.76071
22200626,2022-23,2023-01-12,PHI,OKC,0,0.73321
22200627,2022-23,2023-01-12,BKN,BOS,0,0.62078
22200628,2022-23,2023-01-12,MIA,MIL,1,0.54346
22200629,2022-23,2023-01-12,TOR,CHA,1,0.71265
22200630,2022-23,2023-01-12,LAL,DAL,0,0.45951
22200631,2022-23,2023-01-12,POR,CLE,0,0.46674
22200632,2022-23,2023-01-13,DET,NOP,0,0.33692
22200633,2022-23,2023-01-13,IND,ATL,0,0.60052
22200634,2022-23,2023-01-13,WAS,NYK,0,0.3808
22200635,2022-23,2023-01-13,SAS,GSW,0,0.33397
22200636,2022-23,2023-01-13,CHI,OKC,0,0.59072
22200637,2022-23,2023-01-13,MIN,PHX,1,0.62243
22200638,2022-23,2023-01-13,UTA,ORL,1,0.69998
22200639,2022-23,2023-01-13,LAC,DEN,0,0.3694
22200640,2022-23,2023-01-13,SAC,HOU,1,0.76492
22200641,2022-23,2023-01-14,MIA,MIL,1,0.593
22200642,2022-23,2023-01-14,CHA,BOS,0,0.27428
22200643,2022-23,2023-01-14,IND,MEM,0,0.26168
22200644,2022-23,2023-01-14,TOR,ATL,0,0.69751
22200645,2022-23,2023-01-14,MIN,CLE,1,0.34563
22200646,2022-23,2023-01-14,UTA,PHI,0,0.39446
22200647,2022-23,2023-01-14,POR,DAL,1,0.56826
22200648,2022-23,2023-01-15,DET,NYK,0,0.26324
22200649,2022-23,2023-01-15,LAC,HOU,1,0.7138
22200650,2022-23,2023-01-15,CHI,GSW,1,0.40394
22200651,2022-23,2023-01-15,BKN,OKC,0,0.66678
22200652,2022-23,2023-01-15,SAS,SAC,0,0.36321
22200653,2022-23,2023-01-15,DEN,ORL,1,0.73484
22200654,2022-23,2023-01-15,POR,DAL,1,0.60579
22200655,2022-23,2023-01-15,LAL,PHI,0,0.50487
22200656,2022-23,2023-01-16,CHA,BOS,0,0.24839
22200657,2022-23,2023-01-16,MIL,IND,1,0.61975
22200658,2022-23,2023-01-16,CLE,NOP,1,0.6479
22200660,2022-23,2023-01-16,WAS,GSW,0,0.53105
22200661,2022-23,2023-01-16,ATL,MIA,1,0.51314
22200662,2022-23,2023-01-16,MIN,UTA,0,0.57545
22200663,2022-23,2023-01-16,MEM,PHX,1,0.76308
22200664,2022-23,2023-01-16,LAL,HOU,1,0.74982
22200666,2022-23,2023-01-17,SAS,BKN,1,0.35403
22200667,2022-23,2023-01-17,DEN,POR,1,0.70327
22200669,2022-23,2023-01-18,NYK,WAS,0,0.70349
22200670,2022-23,2023-01-18,DAL,ATL,0,0.43839
22200671,2022-23,2023-01-18,HOU,CHA,0,0.44677
22200672,2022-23,2023-01-18,MEM,CLE,1,0.62033
22200673,2022-23,2023-01-18,NOP,MIA,0,0.50426
22200674,2022-23,2023-01-18,OKC,IND,1,0.61531
22200675,2022-23,2023-01-18,UTA,LAC,1,0.65351
22200676,2022-23,2023-01-18,DEN,MIN,1,0.70056
22200677,2022-23,2023-01-18,LAL,SAC,0,0.46049
22200678,2022-23,2023-01-19,DET,CHI,0,0.37601
22200679,2022-23,2023-01-19,BOS,GSW,1,0.69532
22200680,2022-23,2023-01-19,MIN,TOR,1,0.40597
22200681,2022-23,2023-01-19,PHX,BKN,1,0.49186
22200683,2022-23,2023-01-20,ORL,NOP,1,0.50813
22200684,2022-23,2023-01-20,ATL,NYK,1,0.509
22200685,2022-23,2023-01-20,CLE,GSW,0,0.63831
22200686,2022-23,2023-01-20,DAL,MIA,1,0.46029
22200687,2022-23,2023-01-20,SAS,LAC,0,0.53851
22200688,2022-23,2023-01-20,DEN,IND,1,0.80084
22200689,2022-23,2023-01-20,UTA,BKN,0,0.65463
22200690,2022-23,2023-01-20,LAL,MEM,1,0.34059
22200691,2022-23,2023-01-20,SAC,OKC,1,0.55934
22200692,2022-23,2023-01-21,TOR,BOS,0,0.35096
22200693,2022-23,2023-01-21,WAS,ORL,1,0.7216
22200694,2022-23,2023-01-21,ATL,CHA,0,0.64116
22200695,2022-23,2023-01-21,CLE,MIL,1,0.53315
22200696,2022-23,2023-01-21,MIN,HOU,1,0.74365
22200697,2022-23,2023-01-21,PHX,IND,1,0.64928
22200698,2022-23,2023-01-21,SAC,PHI,0,0.41324
22200699,2022-23,2023-01-22,MIA,NOP,1,0.66328
22200700,2022-23,2023-01-22,TOR,NYK,1,0.44668
22200702,2022-23,2023-01-22,DEN,OKC,0,0.6496
22200703,2022-23,2023-01-22,PHX,MEM,1,0.21613
22200704,2022-23,2023-01-22,GSW,BKN,0,0.46111
22200705,2022-23,2023-01-22,POR,LAL,0,0.62956
22200706,2022-23,2023-01-23,DET,MIL,0,0.32294
22200707,2022-23,2023-01-23,ORL,BOS,1,0.30214
22200708,2022-23,2023-01-23,CHI,ATL,1,0.51204
22200709,2022-23,2023-01-23,HOU,MIN,1,0.36735
22200710,2022-23,2023-01-23,UTA,CHA,1,0.72739
22200711,2022-23,2023-01-23,POR,SAS,1,0.66694
22200712,2022-23,2023-01-23,SAC,MEM,1,0.51239
22200714,2022-23,2023-01-24,MIA,BOS,1,0.5473
22200715,2022-23,2023-01-24,NYK,CLE,1,0.46382
22200716,2022-23,2023-01-24,NOP,DEN,0,0.52055
22200717,2022-23,2023-01-24,DAL,WAS,0,0.5466
22200718,2022-23,2023-01-24,PHX,CHA,1,0.72956
22200719,2022-23,2023-01-24,LAL,LAC,0,0.55105
22200720,2022-23,2023-01-25,ORL,IND,1,0.64548
22200721,2022-23,2023-01-25,PHI,BKN,1,0.54042
22200722,2022-23,2023-01-25,HOU,WAS,0,0.43797
22200723,2022-23,2023-01-25,MIL,DEN,1,0.63469
22200724,2022-23,2023-01-25,NOP,MIN,0,0.51034
22200725,2022-23,2023-01-25,OKC,ATL,0,0.56419
22200726,2022-23,2023-01-25,GSW,MEM,1,0.55965
22200727,2022-23,2023-01-25,POR,UTA,1,0.57399
22200728,2022-23,2023-01-25,SAC,TOR,0,0.6104
22200729,2022-23,2023-01-25,LAL,SAS,1,0.63079
22200730,2022-23,2023-01-26,BOS,NYK,0,0.67434
22200731,2022-23,2023-01-26,BKN,DET,0,0.74617
22200732,2022-23,2023-01-26,CHA,CHI,1,0.39901
22200733,2022-23,2023-01-26,HOU,CLE,0,0.1882
22200735,2022-23,2023-01-26,LAC,SAS,1,0.79084
22200736,2022-23,2023-01-27,IND,MIL,0,0.38027
22200738,2022-23,2023-01-27,MIA,ORL,1,0.67339
22200739,2022-23,2023-01-27,OKC,CLE,1,0.57244
22200740,2022-23,2023-01-27,GSW,TOR,1,0.56194
22200741,2022-23,2023-01-28,PHI,DEN,1,0.73816
22200742,2022-23,2023-01-28,BKN,NYK,1,0.56249
22200743,2022-23,2023-01-28,DET,HOU,0,0.59209
22200744,2022-23,2023-01-28,ORL,CHI,0,0.45183
22200745,2022-23,2023-01-28,ATL,LAC,0,0.58543
22200746,2022-23,2023-01-28,MIN,SAC,1,0.42773
22200747,2022-23,2023-01-28,NOP,WAS,0,0.62973
22200748,2022-23,2023-01-28,SAS,PHX,0,0.36196
22200749,2022-23,2023-01-28,BOS,LAL,1,0.74818
22200750,2022-23,2023-01-28,UTA,DAL,1,0.61689
22200751,2022-23,2023-01-28,POR,TOR,0,0.6348
22200752,2022-23,2023-01-29,CHA,MIA,1,0.39745
22200753,2022-23,2023-01-29,MEM,IND,1,0.72202
22200754,2022-23,2023-01-29,CLE,LAC,1,0.66107
22200755,2022-23,2023-01-29,MIL,NOP,1,0.71106
22200756,2022-23,2023-01-30,PHI,ORL,0,0.77693
22200757,2022-23,2023-01-30,BKN,LAL,1,0.58771
22200758,2022-23,2023-01-30,MIN,SAC,0,0.50701
22200759,2022-23,2023-01-30,OKC,GSW,0,0.52593
22200760,2022-23,2023-01-30,SAS,WAS,0,0.35837
22200761,2022-23,2023-01-30,DAL,DET,1,0.71507
22200762,2022-23,2023-01-30,PHX,TOR,1,0.49951
22200763,2022-23,2023-01-30,POR,ATL,1,0.51033
22200764,2022-23,2023-01-31,CLE,MIA,0,0.59644
22200765,2022-23,2023-01-31,NYK,LAL,0,0.76842
22200766,2022-23,2023-01-31,CHI,LAC,0,0.64773
22200767,2022-23,2023-01-31,MIL,CHA,1,0.7493
22200768,2022-23,2023-01-31,DEN,NOP,1,0.77198
22200770,2022-23,2023-02-01,PHI,ORL,1,0.74265
22200771,2022-23,2023-02-01,MEM,POR,0,0.655
22200772,2022-23,2023-02-01,BOS,BKN,1,0.6958
22200773,2022-23,2023-02-01,HOU,OKC,1,0.2973
22200774,2022-23,2023-02-01,MIN,GSW,1,0.46104
22200775,2022-23,2023-02-01,SAS,SAC,0,0.29445
22200776,2022-23,2023-02-01,UTA,TOR,1,0.57952
22200777,2022-23,2023-02-01,PHX,ATL,0,0.5795
22200778,2022-23,2023-02-02,IND,LAL,0,0.49738
22200779,2022-23,2023-02-02,CLE,MEM,1,0.6401
22200780,2022-23,2023-02-02,NYK,MIA,1,0.47877
22200781,2022-23,2023-02-02,CHI,CHA,1,0.63188
22200782,2022-23,2023-02-02,DAL,NOP,1,0.55844
22200783,2022-23,2023-02-02,DEN,GSW,1,0.71903
22200784,2022-23,2023-02-02,MIL,LAC,1,0.6202
22200785,2022-23,2023-02-03,DET,CHA,1,0.49924
22200786,2022-23,2023-02-03,IND,SAC,1,0.39201
22200787,2022-23,2023-02-03,WAS,POR,0,0.58989
22200788,2022-23,2023-02-03,BOS,PHX,0,0.76797
22200789,2022-23,2023-02-03,HOU,TOR,0,0.29234
22200790,2022-23,2023-02-03,MIN,ORL,0,0.61818
22200791,2022-23,2023-02-03,SAS,PHI,0,0.24927
22200792,2022-23,2023-02-03,UTA,ATL,0,0.56913
22200793,2022-23,2023-02-04,BKN,WAS,1,0.61481
22200794,2022-23,2023-02-04,DET,PHX,0,0.3614
22200795,2022-23,2023-02-04,NYK,LAC,0,0.50928
22200796,2022-23,2023-02-04,CHI,POR,1,0.62683
22200797,2022-23,2023-02-04,MIL,MIA,1,0.60746
22200798,2022-23,2023-02-04,NOP,LAL,1,0.55212
22200799,2022-23,2023-02-04,OKC,HOU,1,0.82859
22200800,2022-23,2023-02-04,GSW,DAL,1,0.59335
22200801,2022-23,2023-02-04,DEN,ATL,1,0.72137
22200802,2022-23,2023-02-05,CHA,ORL,0,0.543
22200803,2022-23,2023-02-05,IND,CLE,0,0.3875
22200804,2022-23,2023-02-05,NYK,PHI,1,0.37317
22200806,2022-23,2023-02-05,MIN,DEN,1,0.44491
22200807,2022-23,2023-02-05,NOP,SAC,1,0.4676
22200808,2022-23,2023-02-06,DET,BOS,0,0.18206
22200809,2022-23,2023-02-06,WAS,CLE,0,0.50351
22200810,2022-23,2023-02-06,BKN,LAC,0,0.46111
22200811,2022-23,2023-02-06,CHI,SAS,1,0.74714
22200812,2022-23,2023-02-06,HOU,SAC,0,0.39627
22200813,2022-23,2023-02-06,UTA,DAL,0,0.68878
22200814,2022-23,2023-02-06,GSW,OKC,1,0.61767
22200815,2022-23,2023-02-06,POR,MIL,0,0.43377
22200816,2022-23,2023-02-07,ORL,NYK,0,0.47424
22200817,2022-23,2023-02-07,BKN,PHX,0,0.37363
22200818,2022-23,2023-02-07,NOP,ATL,1,0.54186
22200819,2022-23,2023-02-07,MEM,CHI,1,0.70184
22200820,2022-23,2023-02-07,DEN,MIN,1,0.52363
22200821,2022-23,2023-02-07,LAL,OKC,0,0.65114
22200822,2022-23,2023-02-08,CLE,DET,1,0.8578
22200823,2022-23,2023-02-08,WAS,CHA,1,0.61087
22200824,2022-23,2023-02-08,BOS,PHI,1,0.58394
22200825,2022-23,2023-02-08,MIA,IND,1,0.66168
22200826,2022-23,2023-02-08,TOR,SAS,1,0.81889
22200827,2022-23,2023-02-08,HOU,SAC,0,0.28745
22200828,2022-23,2023-02-08,UTA,MIN,0,0.69746
22200829,2022-23,2023-02-08,LAC,DAL,0,0.6661
22200830,2022-23,2023-02-08,POR,GSW,1,0.52073
22200831,2022-23,2023-02-09,ORL,DEN,1,0.39559
22200832,2022-23,2023-02-09,ATL,PHX,1,0.56938
22200833,2022-23,2023-02-09,BKN,CHI,1,0.55475
22200834,2022-23,2023-02-09,LAL,MIL,0,0.45035
22200835,2022-23,2023-02-10,DET,SAS,1,0.57736
22200836,2022-23,2023-02-10,IND,PHX,0,0.60551
22200837,2022-23,2023-02-10,PHI,NYK,1,0.6505
22200838,2022-23,2023-02-10,BOS,CHA,1,0.78115
22200839,2022-23,2023-02-10,TOR,UTA,0,0.66898
22200840,2022-23,2023-02-10,MIA,HOU,1,0.81395
22200841,2022-23,2023-02-10,MEM,MIN,1,0.73006
22200842,2022-23,2023-02-10,NOP,CLE,0,0.5245
22200843,2022-23,2023-02-10,POR,OKC,0,0.50314
22200844,2022-23,2023-02-10,SAC,DAL,0,0.58682
22200845,2022-23,2023-02-10,LAC,MIL,0,0.56285
22200847,2022-23,2023-02-11,CHA,DEN,0,0.26484
22200849,2022-23,2023-02-11,WAS,IND,1,0.69038
22200850,2022-23,2023-02-11,ATL,SAS,1,0.87528
22200851,2022-23,2023-02-11,NYK,UTA,1,0.65412
22200852,2022-23,2023-02-11,CLE,CHI,1,0.65409
22200853,2022-23,2023-02-11,GSW,LAL,0,0.65043
22200854,2022-23,2023-02-11,SAC,DAL,1,0.59
22200855,2022-23,2023-02-12,BOS,MEM,1,0.59282
22200856,2022-23,2023-02-12,TOR,DET,1,0.80572
22200857,2022-23,2023-02-13,CHA,ATL,1,0.38243
22200858,2022-23,2023-02-13,CLE,SAS,1,0.89005
22200859,2022-23,2023-02-13,IND,UTA,0,0.519
22200860,2022-23,2023-02-13,PHI,HOU,1,0.85052
22200861,2022-23,2023-02-13,MIA,DEN,0,0.55226
22200862,2022-23,2023-02-13,NYK,BKN,1,0.62165
22200863,2022-23,2023-02-13,CHI,ORL,0,0.60521
22200864,2022-23,2023-02-13,OKC,NOP,0,0.54881
22200865,2022-23,2023-02-13,DAL,MIN,0,0.62691
22200866,2022-23,2023-02-13,GSW,WAS,1,0.56726
22200867,2022-23,2023-02-13,POR,LAL,1,0.56534
22200868,2022-23,2023-02-14,TOR,ORL,1,0.72024
22200869,2022-23,2023-02-14,MIL,BOS,1,0.53796
22200870,2022-23,2023-02-14,PHX,SAC,1,0.54723
22200871,2022-23,2023-02-14,LAC,GSW,1,0.58495
22200873,2022-23,2023-02-15,CHA,SAS,1,0.73058
22200874,2022-23,2023-02-15,IND,CHI,1,0.49045
22200876,2022-23,2023-02-15,ATL,NYK,0,0.56197
22200877,2022-23,2023-02-15,BOS,DET,1,0.76009
22200879,2022-23,2023-02-15,MEM,UTA,1,0.71331
22200880,2022-23,2023-02-15,OKC,HOU,1,0.79178
22200881,2022-23,2023-02-15,DEN,DAL,1,0.58989
22200882,2022-23,2023-02-15,LAL,NOP,1,0.46823
22200883,2022-23,2023-02-16,CHI,MIL,0,0.27413
22200884,2022-23,2023-02-16,MIN,WAS,0,0.54715
22200885,2022-23,2023-02-16,PHX,LAC,0,0.59658
22200886,2022-23,2023-02-23,CLE,DEN,0,0.64946
22200887,2022-23,2023-02-23,IND,BOS,0,0.35917
22200888,2022-23,2023-02-23,ORL,DET,1,0.74021
22200889,2022-23,2023-02-23,PHI,MEM,1,0.56369
22200890,2022-23,2023-02-23,TOR,NOP,1,0.60476
22200891,2022-23,2023-02-23,DAL,SAS,1,0.78343
22200892,2022-23,2023-02-23,UTA,OKC,1,0.47396
22200893,2022-23,2023-02-23,LAL,GSW,1,0.59487
22200894,2022-23,2023-02-23,SAC,POR,1,0.68327
22200895,2022-23,2023-02-24,WAS,NYK,0,0.54205
22200896,2022-23,2023-02-24,ATL,CLE,1,0.54433
22200897,2022-23,2023-02-24,MIL,MIA,1,0.68364
22200898,2022-23,2023-02-24,MIN,CHA,0,0.69527
22200899,2022-23,2023-02-24,PHX,OKC,1,0.68072
22200901,2022-23,2023-02-24,GSW,HOU,1,0.68828
22200902,2022-23,2023-02-24,LAC,SAC,0,0.65281
22200903,2022-23,2023-02-25,DET,TOR,0,0.27112
22200904,2022-23,2023-02-25,CHA,MIA,1,0.4331
22200905,2022-23,2023-02-25,ORL,IND,0,0.59962
22200906,2022-23,2023-02-25,NYK,NOP,1,0.55462
22200907,2022-23,2023-02-25,MEM,DEN,1,0.52761
22200908,2022-23,2023-02-25,PHI,BOS,0,0.51592
22200909,2022-23,2023-02-25,UTA,SAS,1,0.80182
22200910,2022-23,2023-02-26,MIL,PHX,1,0.68247
22200911,2022-23,2023-02-26,ATL,BKN,1,0.66192
22200912,2022-23,2023-02-26,CHI,WAS,1,0.49947
22200913,2022-23,2023-02-26,DAL,LAL,0,0.60981
22200914,2022-23,2023-02-26,CLE,TOR,1,0.7492
22200915,2022-23,2023-02-26,OKC,SAC,0,0.47225
22200916,2022-23,2023-02-26,GSW,MIN,1,0.51405
22200917,2022-23,2023-02-26,POR,HOU,1,0.63256
22200918,2022-23,2023-02-26,DEN,LAC,1,0.60148
22200919,2022-23,2023-02-27,CHA,DET,1,0.63246
22200920,2022-23,2023-02-27,PHI,MIA,0,0.65496
22200922,2022-23,2023-02-27,NOP,ORL,0,0.62072
22200923,2022-23,2023-02-28,ATL,WAS,0,0.63289
22200924,2022-23,2023-02-28,BKN,MIL,0,0.36953
22200925,2022-23,2023-02-28,TOR,CHI,1,0.58862
22200926,2022-23,2023-02-28,HOU,DEN,0,0.16726
22200927,2022-23,2023-02-28,MEM,LAL,1,0.67458
22200928,2022-23,2023-02-28,OKC,SAC,0,0.44672
22200929,2022-23,2023-02-28,DAL,IND,0,0.67281
22200930,2022-23,2023-02-28,UTA,SAS,0,0.80071
22200931,2022-23,2023-02-28,GSW,POR,1,0.61065
22200932,2022-23,2023-02-28,LAC,MIN,0,0.62669
22200933,2022-23,2023-03-01,CHA,PHX,0,0.30403
22200934,2022-23,2023-03-01,DET,CHI,0,0.3109
22200935,2022-23,2023-03-01,BOS,CLE,1,0.55899
22200936,2022-23,2023-03-01,MIA,PHI,0,0.47369
22200937,2022-23,2023-03-01,NYK,BKN,1,0.79436
22200938,2022-23,2023-03-01,HOU,MEM,0,0.17917
22200939,2022-23,2023-03-01,MIL,ORL,1,0.70908
22200940,2022-23,2023-03-01,OKC,LAL,0,0.53512
22200941,2022-23,2023-03-01,POR,NOP,0,0.37651
22200943,2022-23,2023-03-02,DAL,PHI,1,0.6313
22200944,2022-23,2023-03-02,SAS,IND,1,0.26226
22200945,2022-23,2023-03-02,GSW,LAC,1,0.50893
22200946,2022-23,2023-03-03,CHA,ORL,0,0.38847
22200947,2022-23,2023-03-03,ATL,POR,1,0.72124
22200948,2022-23,2023-03-03,BOS,BKN,0,0.79983
22200949,2022-23,2023-03-03,MIA,NYK,0,0.46098
22200950,2022-23,2023-03-03,CHI,PHX,0,0.43911
22200951,2022-23,2023-03-03,OKC,UTA,1,0.54836
22200952,2022-23,2023-03-03,DEN,MEM,1,0.64967
22200953,2022-23,2023-03-03,GSW,NOP,1,0.51455
22200954,2022-23,2023-03-03,SAC,LAC,1,0.63731
22200956,2022-23,2023-03-04,WAS,TOR,0,0.50402
22200957,2022-23,2023-03-04,CLE,DET,1,0.91068
22200958,2022-23,2023-03-04,MIA,ATL,1,0.55538
22200960,2022-23,2023-03-04,MIL,PHI,0,0.60427
22200961,2022-23,2023-03-04,SAC,MIN,0,0.61369
22200963,2022-23,2023-03-05,CHI,IND,0,0.64837
22200964,2022-23,2023-03-05,LAL,GSW,1,0.48309
22200965,2022-23,2023-03-05,BKN,CHA,1,0.73867
22200966,2022-23,2023-03-05,ORL,POR,0,0.64662
22200967,2022-23,2023-03-05,HOU,SAS,1,0.57803
22200968,2022-23,2023-03-05,OKC,UTA,1,0.59668
22200969,2022-23,2023-03-05,BOS,NYK,0,0.62831
22200970,2022-23,2023-03-05,LAC,MEM,1,0.39178
22200973,2022-23,2023-03-05,WAS,MIL,0,0.40661
22200971,2022-23,2023-03-06,CLE,BOS,1,0.69539
22200972,2022-23,2023-03-06,IND,PHI,0,0.30366
22200974,2022-23,2023-03-06,MIA,ATL,1,0.56299
22200975,2022-23,2023-03-06,DEN,TOR,1,0.72854
22200976,2022-23,2023-03-06,SAC,NOP,1,0.63203
22200977,2022-23,2023-03-06,DET,POR,0,0.4073
22200769,2022-23,2023-03-07,DET,WAS,0,0.191
22200978,2022-23,2023-03-07,ORL,MIL,0,0.33857
22200979,2022-23,2023-03-07,NYK,CHA,0,0.83008
22200980,2022-23,2023-03-07,MIN,PHI,0,0.54247
22200981,2022-23,2023-03-07,HOU,BKN,0,0.28359
22200982,2022-23,2023-03-07,OKC,GSW,1,0.47568
22200983,2022-23,2023-03-07,DAL,UTA,1,0.73279
22200985,2022-23,2023-03-08,WAS,ATL,0,0.44559
22200986,2022-23,2023-03-08,BOS,POR,1,0.77285
22200987,2022-23,2023-03-08,MIA,CLE,0,0.40865
22200988,2022-23,2023-03-08,NOP,DAL,1,0.51088
22200989,2022-23,2023-03-08,DEN,CHI,0,0.79435
22200990,2022-23,2023-03-08,PHX,OKC,1,0.7633
22200991,2022-23,2023-03-08,LAC,TOR,1,0.52396
22200992,2022-23,2023-03-09,DET,CHA,0,0.38722
22200993,2022-23,2023-03-09,IND,HOU,1,0.78846
22200994,2022-23,2023-03-09,ORL,UTA,0,0.58699
22200995,2022-23,2023-03-09,MIL,BKN,1,0.69353
22200996,2022-23,2023-03-09,MEM,GSW,1,0.52442
22200997,2022-23,2023-03-09,SAC,NYK,1,0.51576
22200998,2022-23,2023-03-10,PHI,POR,1,0.77608
22200999,2022-23,2023-03-10,WAS,ATL,0,0.53454
22201000,2022-23,2023-03-10,MIA,CLE,1,0.40547
22201001,2022-23,2023-03-10,MIN,BKN,0,0.68994
22201002,2022-23,2023-03-10,SAS,DEN,1,0.1228
22201003,2022-23,2023-03-10,LAL,TOR,1,0.437
22201004,2022-23,2023-03-11,LAC,NYK,1,0.49161
22201005,2022-23,2023-03-11,CHA,UTA,0,0.44121
22201006,2022-23,2023-03-11,DET,IND,0,0.25702
22201007,2022-23,2023-03-11,ORL,MIA,1,0.50293
22201008,2022-23,2023-03-11,ATL,BOS,0,0.3925
22201009,2022-23,2023-03-11,HOU,CHI,0,0.22353
22201010,2022-23,2023-03-11,MEM,DAL,1,0.5695
22201011,2022-23,2023-03-11,NOP,OKC,0,0.61287
22201012,2022-23,2023-03-11,GSW,MIL,1,0.52544
22201013,2022-23,2023-03-11,PHX,SAC,0,0.62458
22201014,2022-23,2023-03-12,DEN,BKN,0,0.78378
22201015,2022-23,2023-03-12,CHA,CLE,0,0.17961
22201016,2022-23,2023-03-12,PHI,WAS,1,0.70012
22201017,2022-23,2023-03-12,NOP,POR,1,0.48468
22201018,2022-23,2023-03-12,SAS,OKC,0,0.30274
22201019,2022-23,2023-03-12,LAL,NYK,0,0.53061
22201020,2022-23,2023-03-13,DET,IND,1,0.32944
22201021,2022-23,2023-03-13,ATL,MIN,0,0.5816
22201022,2022-23,2023-03-13,MIA,UTA,1,0.70878
22201023,2022-23,2023-03-13,DAL,MEM,0,0.4098
22201024,2022-23,2023-03-13,HOU,BOS,1,0.1669
22201025,2022-23,2023-03-13,GSW,PHX,1,0.56974
22201026,2022-23,2023-03-13,SAC,MIL,0,0.49117
22201027,2022-23,2023-03-14,CHA,CLE,0,0.2026
22201028,2022-23,2023-03-14,WAS,DET,1,0.88559
22201032,2022-23,2023-03-14,SAS,ORL,1,0.25346
22201033,2022-23,2023-03-14,PHX,MIL,0,0.45911
22201034,2022-23,2023-03-14,POR,NYK,0,0.30376
22201035,2022-23,2023-03-15,CLE,PHI,0,0.46372
22201036,2022-23,2023-03-15,MIA,MEM,1,0.53997
22201037,2022-23,2023-03-15,CHI,SAC,0,0.54232
22201038,2022-23,2023-03-15,HOU,LAL,1,0.32856
22201039,2022-23,2023-03-15,MIN,BOS,0,0.4662
22201040,2022-23,2023-03-15,SAS,DAL,0,0.27678
22201041,2022-23,2023-03-15,LAC,GSW,1,0.5187
22201042,2022-23,2023-03-16,DET,DEN,0,0.1233
22201043,2022-23,2023-03-16,BKN,SAC,0,0.57471
22201044,2022-23,2023-03-16,TOR,OKC,1,0.63016
22201045,2022-23,2023-03-16,MIL,IND,0,0.86181
22201046,2022-23,2023-03-16,PHX,ORL,1,0.70124
22201047,2022-23,2023-03-17,CHA,PHI,0,0.22385
22201048,2022-23,2023-03-17,ATL,GSW,1,0.53524
22201049,2022-23,2023-03-17,CLE,WAS,1,0.6808
22201050,2022-23,2023-03-17,CHI,MIN,1,0.53663
22201051,2022-23,2023-03-17,HOU,NOP,1,0.28899
22201052,2022-23,2023-03-17,SAS,MEM,0,0.19136
22201053,2022-23,2023-03-17,POR,BOS,0,0.33478
22201054,2022-23,2023-03-17,LAL,DAL,0,0.63047
22201055,2022-23,2023-03-18,NYK,DEN,1,0.48807
22201056,2022-23,2023-03-18,LAC,ORL,0,0.69049
22201057,2022-23,2023-03-18,IND,PHI,0,0.3696
22201058,2022-23,2023-03-18,TOR,MIN,1,0.70871
22201059,2022-23,2023-03-18,WAS,SAC,0,0.43212
22201060,2022-23,2023-03-18,CHI,MIA,1,0.44969
22201061,2022-23,2023-03-18,MEM,GSW,1,0.5867
22201062,2022-23,2023-03-18,UTA,BOS,1,0.47499
22201063,2022-23,2023-03-19,BKN,DEN,0,0.46561
22201064,2022-23,2023-03-19,OKC,PHX,1,0.50477
22201065,2022-23,2023-03-19,SAS,ATL,1,0.22878
22201066,2022-23,2023-03-19,DET,MIA,0,0.22995
22201067,2022-23,2023-03-19,HOU,NOP,0,0.31318
22201068,2022-23,2023-03-19,MIL,TOR,1,0.7264
22201069,2022-23,2023-03-19,POR,LAC,0,0.48394
22201070,2022-23,2023-03-19,LAL,ORL,1,0.69609
22201072,2022-23,2023-03-20,PHI,CHI,0,0.67421
22201073,2022-23,2023-03-20,NYK,MIN,0,0.70902
22201074,2022-23,2023-03-20,HOU,GSW,0,0.1816
22201075,2022-23,2023-03-20,MEM,DAL,1,0.66325
22201076,2022-23,2023-03-20,UTA,SAC,1,0.49277
22201078,2022-23,2023-03-21,ATL,DET,1,0.85975
22201079,2022-23,2023-03-21,BKN,CLE,0,0.36735
22201080,2022-23,2023-03-21,NOP,SAS,1,0.80112
22201081,2022-23,2023-03-21,SAC,BOS,0,0.40305
22201082,2022-23,2023-03-21,LAC,OKC,0,0.61112
22201083,2022-23,2023-03-22,WAS,DEN,0,0.30321
22201084,2022-23,2023-03-22,MIA,NYK,1,0.50777
22201085,2022-23,2023-03-22,TOR,IND,0,0.79492
22201086,2022-23,2023-03-22,DAL,GSW,0,0.46696
22201088,2022-23,2023-03-22,MEM,HOU,1,0.86108
22201089,2022-23,2023-03-22,MIL,SAS,1,0.95837
22201090,2022-23,2023-03-22,MIN,ATL,1,0.64286
22201091,2022-23,2023-03-22,UTA,POR,0,0.62242
22201092,2022-23,2023-03-22,LAL,PHX,1,0.53941
22201093,2022-23,2023-03-23,ORL,NYK,1,0.47169
22201094,2022-23,2023-03-23,BKN,CLE,0,0.35333
22201095,2022-23,2023-03-23,NOP,CHA,1,0.73921
22201096,2022-23,2023-03-23,LAC,OKC,1,0.61447
22201097,2022-23,2023-03-24,BOS,IND,1,0.84895
22201098,2022-23,2023-03-24,WAS,SAS,1,0.80754
22201099,2022-23,2023-03-24,TOR,DET,1,0.89014
22201100,2022-23,2023-03-24,MEM,HOU,1,0.87545
22201101,2022-23,2023-03-24,DAL,CHA,0,0.80565
22201102,2022-23,2023-03-24,UTA,MIL,0,0.33966
22201103,2022-23,2023-03-24,GSW,PHI,1,0.52253
22201104,2022-23,2023-03-24,POR,CHI,0,0.40439
22201105,2022-23,2023-03-24,SAC,PHX,1,0.57466
22201106,2022-23,2023-03-24,LAL,OKC,1,0.64494
22201107,2022-23,2023-03-25,ATL,IND,1,0.70944
22201108,2022-23,2023-03-25,MIA,BKN,0,0.67059
22201109,2022-23,2023-03-25,DEN,MIL,1,0.70719
22201110,2022-23,2023-03-25,PHX,PHI,1,0.47596
22201111,2022-23,2023-03-25,SAC,UTA,1,0.7555
22201112,2022-23,2023-03-25,LAC,NOP,0,0.61148
22201113,2022-23,2023-03-26,CHA,DAL,1,0.28914
22201114,2022-23,2023-03-26,LAL,CHI,0,0.57184
22201115,2022-23,2023-03-26,ATL,MEM,0,0.37813
22201116,2022-23,2023-03-26,BOS,SAS,1,0.92748
22201117,2022-23,2023-03-26,CLE,HOU,1,0.90653
22201118,2022-23,2023-03-26,ORL,BKN,1,0.61144
22201119,2022-23,2023-03-26,TOR,WAS,1,0.70524
22201120,2022-23,2023-03-26,POR,OKC,0,0.29472
22201121,2022-23,2023-03-26,GSW,MIN,0,0.6173
22201122,2022-23,2023-03-27,DET,MIL,0,0.10487
22201123,2022-23,2023-03-27,IND,DAL,0,0.49065
22201124,2022-23,2023-03-27,NYK,HOU,1,0.89927
22201125,2022-23,2023-03-27,UTA,PHX,0,0.39239
22201126,2022-23,2023-03-27,DEN,PHI,1,0.7073
22201127,2022-23,2023-03-27,POR,NOP,0,0.21429
22201128,2022-23,2023-03-27,SAC,MIN,0,0.60023
22201129,2022-23,2023-03-27,LAC,CHI,1,0.62139
22201130,2022-23,2023-03-28,WAS,BOS,1,0.31646
22201131,2022-23,2023-03-28,ATL,CLE,1,0.39789
22201132,2022-23,2023-03-28,TOR,MIA,1,0.58851
22201133,2022-23,2023-03-28,MEM,ORL,1,0.73637
22201134,2022-23,2023-03-28,OKC,CHA,0,0.77291
22201135,2022-23,2023-03-28,GSW,NOP,1,0.69274
22201136,2022-23,2023-03-29,IND,MIL,0,0.29423
22201137,2022-23,2023-03-29,BKN,HOU,1,0.80872
22201138,2022-23,2023-03-29,NYK,MIA,1,0.71142
22201139,2022-23,2023-03-29,PHI,DAL,1,0.56383
22201140,2022-23,2023-03-29,CHI,LAL,0,0.50255
22201141,2022-23,2023-03-29,MEM,LAC,0,0.58018
22201142,2022-23,2023-03-29,OKC,DET,1,0.78506
22201143,2022-23,2023-03-29,SAS,UTA,0,0.31107
22201144,2022-23,2023-03-29,PHX,MIN,1,0.58021
22201145,2022-23,2023-03-29,POR,SAC,0,0.21663
22201146,2022-23,2023-03-30,MIL,BOS,0,0.5132
22201147,2022-23,2023-03-30,DEN,NOP,0,0.76984
22201148,2022-23,2023-03-31,CHA,CHI,0,0.26707
22201149,2022-23,2023-03-31,IND,OKC,1,0.42277
22201150,2022-23,2023-03-31,PHI,TOR,1,0.62085
22201151,2022-23,2023-03-31,WAS,ORL,0,0.52511
22201152,2022-23,2023-03-31,BOS,UTA,1,0.84066
22201153,2022-23,2023-03-31,BKN,ATL,1,0.52206
22201154,2022-23,2023-03-31,CLE,NYK,0,0.63053
22201155,2022-23,2023-03-31,HOU,DET,1,0.61732
22201156,2022-23,2023-03-31,MEM,LAC,1,0.63772
22201157,2022-23,2023-03-31,MIN,LAL,0,0.52111
22201158,2022-23,2023-03-31,GSW,SAS,1,0.90509
22201159,2022-23,2023-03-31,POR,SAC,0,0.20025
22201160,2022-23,2023-03-31,PHX,DEN,1,0.7137
22201161,2022-23,2023-04-01,MIA,DAL,1,0.54868
22201162,2022-23,2023-04-01,NOP,LAC,1,0.66627
22201163,2022-23,2023-04-02,CHA,TOR,0,0.17935
22201164,2022-23,2023-04-02,BKN,UTA,1,0.73559
22201165,2022-23,2023-04-02,CHI,MEM,1,0.43816
22201166,2022-23,2023-04-02,MIN,POR,0,0.87644
22201167,2022-23,2023-04-02,ATL,DAL,1,0.60523
22201168,2022-23,2023-04-02,NYK,WAS,1,0.76705
22201169,2022-23,2023-04-02,ORL,DET,1,0.83331
22201170,2022-23,2023-04-02,SAC,SAS,0,0.88468
22201171,2022-23,2023-04-02,HOU,LAL,0,0.18975
22201172,2022-23,2023-04-02,OKC,PHX,0,0.42726
22201173,2022-23,2023-04-02,CLE,IND,1,0.84779
22201174,2022-23,2023-04-02,MIL,PHI,1,0.6337
22201175,2022-23,2023-04-02,DEN,GSW,1,0.43512
22201176,2022-23,2023-04-04,CHA,TOR,0,0.14967
22201177,2022-23,2023-04-04,DET,MIA,0,0.17063
22201178,2022-23,2023-04-04,ORL,CLE,0,0.33699
22201179,2022-23,2023-04-04,WAS,MIL,0,0.24852
22201180,2022-23,2023-04-04,BKN,MIN,0,0.53606
22201181,2022-23,2023-04-04,PHI,BOS,1,0.5566
22201182,2022-23,2023-04-04,CHI,ATL,0,0.58017
22201183,2022-23,2023-04-04,HOU,DEN,1,0.26041
22201184,2022-23,2023-04-04,MEM,POR,1,0.89477
22201185,2022-23,2023-04-04,NOP,SAC,0,0.57111
22201186,2022-23,2023-04-04,UTA,LAL,0,0.36548
22201187,2022-23,2023-04-04,GSW,OKC,1,0.65149
22201188,2022-23,2023-04-04,PHX,SAS,1,0.9023
22201189,2022-23,2023-04-05,DET,BKN,0,0.17577
22201190,2022-23,2023-04-05,IND,NYK,0,0.25175
22201191,2022-23,2023-04-05,ATL,WAS,1,0.72787
22201193,2022-23,2023-04-05,MIL,CHI,1,0.70933
22201194,2022-23,2023-04-05,NOP,MEM,1,0.45503
22201195,2022-23,2023-04-05,DAL,SAC,1,0.62304
22201196,2022-23,2023-04-05,LAC,LAL,1,0.52731
22201197,2022-23,2023-04-06,ORL,CLE,0,0.33252
22201198,2022-23,2023-04-06,PHI,MIA,0,0.67901
22201199,2022-23,2023-04-06,SAS,POR,1,0.50735
22201200,2022-23,2023-04-06,UTA,OKC,0,0.41174
22201201,2022-23,2023-04-06,PHX,DEN,1,0.60701
22201202,2022-23,2023-04-07,CHA,HOU,0,0.45007
22201203,2022-23,2023-04-07,IND,DET,0,0.72937
22201204,2022-23,2023-04-07,WAS,MIA,1,0.34735
22201205,2022-23,2023-04-07,ATL,PHI,0,0.51192
22201206,2022-23,2023-04-07,BOS,TOR,1,0.60549
22201207,2022-23,2023-04-07,BKN,ORL,1,0.78111
22201208,2022-23,2023-04-07,MIL,MEM,0,0.64065
22201209,2022-23,2023-04-07,NOP,NYK,1,0.48526
22201210,2022-23,2023-04-07,DAL,CHI,0,0.59031
22201211,2022-23,2023-04-07,SAC,GSW,0,0.50176
22201212,2022-23,2023-04-07,LAL,PHX,1,0.59831
22201213,2022-23,2023-04-08,UTA,DEN,1,0.44851
22201214,2022-23,2023-04-08,SAS,MIN,0,0.18589
22201215,2022-23,2023-04-08,LAC,POR,1,0.83449
22201216,2022-23,2023-04-09,BOS,ATL,1,0.71836
22201218,2022-23,2023-04-09,CLE,CHA,0,0.86686
22201219,2022-23,2023-04-09,MIA,ORL,1,0.56687
22201220,2022-23,2023-04-09,NYK,IND,0,0.81324
22201221,2022-23,2023-04-09,TOR,MIL,1,0.70268
22201222,2022-23,2023-04-09,WAS,HOU,0,0.64331
22201223,2022-23,2023-04-09,CHI,DET,1,0.84099
22201224,2022-23,2023-04-09,DAL,SAS,0,0.86459
22201225,2022-23,2023-04-09,MIN,NOP,1,0.48943
22201226,2022-23,2023-04-09,OKC,MEM,1,0.42371
22201227,2022-23,2023-04-09,DEN,SAC,1,0.66933
22201228,2022-23,2023-04-09,LAL,UTA,1,0.88234
22201229,2022-23,2023-04-09,PHX,LAC,0,0.61602
22201230,2022-23,2023-04-09,POR,GSW,0,0.12298
52200101,2022-23,2023-04-11,MIA,ATL,0,0.64613
52200121,2022-23,2023-04-11,LAL,MIN,1,0.66259
52200111,2022-23,2023-04-12,TOR,CHI,0,0.58995
52200131,2022-23,2023-04-12,NOP,OKC,0,0.72407
52200201,2022-23,2023-04-14,MIA,CHI,1,0.61418
52200211,2022-23,2023-04-14,MIN,OKC,1,0.63126
42200111,2022-23,2023-04-15,BOS,ATL,1,0.66669
42200121,2022-23,2023-04-15,PHI,BKN,1,0.61059
42200131,2022-23,2023-04-15,CLE,NYK,0,0.5744
42200161,2022-23,2023-04-15,SAC,GSW,1,0.5269
42200101,2022-23,2023-04-16,MIL,MIA,0,0.52701
42200141,2022-23,2023-04-16,DEN,MIN,1,0.50032
42200151,2022-23,2023-04-16,MEM,LAL,0,0.40311
42200171,2022-23,2023-04-16,PHX,LAC,0,0.52583
42200122,2022-23,2023-04-17,PHI,BKN,1,0.7368
42200162,2022-23,2023-04-17,SAC,GSW,1,0.49523
42200112,2022-23,2023-04-18,BOS,ATL,1,0.74763
42200132,2022-23,2023-04-18,CLE,NYK,1,0.63121
42200172,2022-23,2023-04-18,PHX,LAC,1,0.70007
42200102,2022-23,2023-04-19,MIL,MIA,1,0.69065
42200142,2022-23,2023-04-19,DEN,MIN,1,0.692
42200152,2022-23,2023-04-19,MEM,LAL,1,0.54562
42200123,2022-23,2023-04-20,BKN,PHI,0,0.44129
42200163,2022-23,2023-04-20,GSW,SAC,1,0.6711
42200173,2022-23,2023-04-20,LAC,PHX,0,0.46332
42200113,2022-23,2023-04-21,ATL,BOS,1,0.42468
42200133,2022-23,2023-04-21,NYK,CLE,1,0.54793
42200103,2022-23,2023-04-22,MIA,MIL,1,0.49392
42200124,2022-23,2023-04-22,BKN,PHI,0,0.42836
42200153,2022-23,2023-04-22,LAL,MEM,1,0.66239
42200174,2022-23,2023-04-22,LAC,PHX,0,0.40938
42200114,2022-23,2023-04-23,ATL,BOS,0,0.44032
42200144,2022-23,2023-04-23,MIN,DEN,1,0.48334
42200164,2022-23,2023-04-23,GSW,SAC,1,0.6559
42200104,2022-23,2023-04-24,MIA,MIL,1,0.52684
42200154,2022-23,2023-04-24,LAL,MEM,1,0.62844
42200115,2022-23,2023-04-25,BOS,ATL,0,0.75291
42200145,2022-23,2023-04-25,DEN,MIN,1,0.72799
42200175,2022-23,2023-04-25,PHX,LAC,1,0.78146
42200105,2022-23,2023-04-26,MIL,MIA,0,0.73129
42200135,2022-23,2023-04-26,CLE,NYK,0,0.61698
42200155,2022-23,2023-04-26,MEM,LAL,1,0.55511
42200116,2022-23,2023-04-27,ATL,BOS,0,0.39207
42200156,2022-23,2023-04-28,LAL,MEM,1,0.61734
42200166,2022-23,2023-04-28,GSW,SAC,0,0.69744
42200221,2022-23,2023-04-29,DEN,PHX,1,0.64665
42200167,2022-23,2023-04-30,SAC,GSW,0,0.50924
42200201,2022-23,2023-04-30,NYK,MIA,0,0.70871
42200211,2022-23,2023-05-01,BOS,PHI,0,0.69149
42200222,2022-23,2023-05-01,DEN,PHX,1,0.65108
42200202,2022-23,2023-05-02,NYK,MIA,1,0.66846
42200231,2022-23,2023-05-02,GSW,LAL,0,0.58595
42200212,2022-23,2023-05-03,BOS,PHI,1,0.71903
42200232,2022-23,2023-05-04,GSW,LAL,1,0.58558
42200213,2022-23,2023-05-05,PHI,BOS,0,0.50219
42200223,2022-23,2023-05-05,PHX,DEN,1,0.55319
42200203,2022-23,2023-05-06,MIA,NYK,1,0.44219
42200233,2022-23,2023-05-06,LAL,GSW,1,0.56588
42200214,2022-23,2023-05-07,PHI,BOS,1,0.50043
42200224,2022-23,2023-05-07,PHX,DEN,1,0.52778
42200204,2022-23,2023-05-08,MIA,NYK,1,0.53591
42200234,2022-23,2023-05-08,LAL,GSW,1,0.60891
42200215,2022-23,2023-05-09,BOS,PHI,0,0.68522
42200225,2022-23,2023-05-09,DEN,PHX,1,0.70314
42200205,2022-23,2023-05-10,NYK,MIA,1,0.62485
42200235,2022-23,2023-05-10,GSW,LAL,1,0.58497
42200216,2022-23,2023-05-11,PHI,BOS,0,0.52478
42200226,2022-23,2023-05-11,PHX,DEN,0,0.49464
42200206,2022-23,2023-05-12,MIA,NYK,1,0.57203
42200236,2022-23,2023-05-12,LAL,GSW,1,0.59148
42200217,2022-23,2023-05-14,BOS,PHI,1,0.65281
42200311,2022-23,2023-05-16,DEN,LAL,1,0.69211
42200301,2022-23,2023-05-17,BOS,MIA,0,0.74038
42200312,2022-23,2023-05-18,DEN,LAL,1,0.68448
42200302,2022-23,2023-05-19,BOS,MIA,0,0.72726
42200313,2022-23,2023-05-20,LAL,DEN,0,0.52247
42200303,2022-23,2023-05-21,MIA,BOS,1,0.46723
42200314,2022-23,2023-05-22,LAL,DEN,0,0.49947
42200304,2022-23,2023-05-23,MIA,BOS,0,0.49376
42200305,2022-23,2023-05-25,BOS,MIA,1,0.70411
42200306,2022-23,2023-05-27,MIA,BOS,0,0.45564
42200307,2022-23,2023-05-29,BOS,MIA,0,0.71821
42200401,2022-23,2023-06-01,DEN,MIA,1,0.79659
42200402,2022-23,2023-06-04,DEN,MIA,0,0.78256
42200403,2022-23,2023-06-07,MIA,DEN,0,0.42411
42200404,2022-23,2023-06-09,MIA,DEN,0,0.40545
42200405,2022-23,2023-06-12,DEN,MIA,1,0.77751
22300061,2023-24,2023-10-24,DEN,LAL,1,0.64629
22300062,2023-24,2023-10-24,GSW,PHX,0,0.58237
22300063,2023-24,2023-10-25,CHA,ATL,1,0.38977
22300064,2023-24,2023-10-25,IND,WAS,1,0.56666
22300065,2023-24,2023-10-25,NYK,BOS,0,0.51692
22300066,2023-24,2023-10-25,ORL,HOU,1,0.64883
22300067,2023-24,2023-10-25,BKN,CLE,0,0.50641
22300068,2023-24,2023-10-25,MIA,DET,1,0.81159
22300069,2023-24,2023-10-25,TOR,MIN,1,0.60855
22300070,2023-24,2023-10-25,CHI,OKC,0,0.61984
22300071,2023-24,2023-10-25,MEM,NOP,0,0.60764
22300073,2023-24,2023-10-25,SAS,DAL,0,0.49359
22300074,2023-24,2023-10-25,LAC,POR,1,0.74143
22300075,2023-24,2023-10-26,MIL,PHI,1,0.55256
22300076,2023-24,2023-10-26,LAL,PHX,1,0.57122
22300077,2023-24,2023-10-27,CHA,DET,0,0.64833
22300078,2023-24,2023-10-27,MEM,DEN,0,0.3442
22300079,2023-24,2023-10-27,ATL,NYK,0,0.55312
22300080,2023-24,2023-10-27,BOS,MIA,1,0.74613
22300081,2023-24,2023-10-27,CLE,OKC,0,0.65433
22300082,2023-24,2023-10-27,CHI,TOR,1,0.48154
22300083,2023-24,2023-10-27,SAS,HOU,1,0.5846
22300084,2023-24,2023-10-27,DAL,BKN,1,0.61874
22300085,2023-24,2023-10-27,UTA,LAC,1,0.48325
22300086,2023-24,2023-10-27,POR,ORL,0,0.47553
22300087,2023-24,2023-10-27,SAC,GSW,0,0.46949
22300088,2023-24,2023-10-28,DET,CHI,1,0.50847
22300089,2023-24,2023-10-28,WAS,MEM,1,0.5817
22300090,2023-24,2023-10-28,NOP,NYK,1,0.64706
22300091,2023-24,2023-10-28,CLE,IND,0,0.57628
22300092,2023-24,2023-10-28,TOR,PHI,0,0.48957
22300093,2023-24,2023-10-28,MIN,MIA,1,0.65918
22300094,2023-24,2023-10-28,PHX,UTA,1,0.71997
22300095,2023-24,2023-10-29,OKC,DEN,0,0.35458
22300096,2023-24,2023-10-29,HOU,GSW,0,0.3524
22300097,2023-24,2023-10-29,MIL,ATL,0,0.68896
22300098,2023-24,2023-10-29,PHI,POR,1,0.74065
22300099,2023-24,2023-10-29,LAC,SAS,1,0.73221
22300100,2023-24,2023-10-29,SAC,LAL,1,0.50008
22300101,2023-24,2023-10-30,CHA,BKN,0,0.52358
22300102,2023-24,2023-10-30,IND,CHI,0,0.64958
22300103,2023-24,2023-10-30,WAS,BOS,0,0.30434
22300104,2023-24,2023-10-30,ATL,MIN,1,0.52549
22300105,2023-24,2023-10-30,TOR,POR,0,0.7956
22300107,2023-24,2023-10-30,MIL,MIA,1,0.58855
22300108,2023-24,2023-10-30,NOP,GSW,0,0.55836
22300109,2023-24,2023-10-30,OKC,DET,1,0.57579
22300110,2023-24,2023-10-30,DEN,UTA,1,0.79877
22300111,2023-24,2023-10-30,LAL,ORL,1,0.62755
22300112,2023-24,2023-10-31,CLE,NYK,0,0.48986
22300113,2023-24,2023-10-31,PHX,SAS,0,0.76801
22300114,2023-24,2023-10-31,LAC,ORL,1,0.7244
22300115,2023-24,2023-11-01,DET,POR,0,0.64215
22300116,2023-24,2023-11-01,TOR,MIL,1,0.50948
22300117,2023-24,2023-11-01,ATL,WAS,1,0.74258
22300118,2023-24,2023-11-01,BOS,IND,1,0.78986
22300119,2023-24,2023-11-01,MIA,BKN,0,0.58932
22300120,2023-24,2023-11-01,NYK,CLE,0,0.71509
22300121,2023-24,2023-11-01,OKC,NOP,0,0.57453
22300122,2023-24,2023-11-01,HOU,CHA,1,0.58468
22300123,2023-24,2023-11-01,MIN,DEN,1,0.39519
22300124,2023-24,2023-11-01,DAL,CHI,1,0.66702
22300126,2023-24,2023-11-01,GSW,SAC,1,0.66645
22300127,2023-24,2023-11-01,LAL,LAC,1,0.66922
22300128,2023-24,2023-11-02,PHI,TOR,1,0.7207
22300129,2023-24,2023-11-02,NOP,DET,1,0.71698
22300130,2023-24,2023-11-02,UTA,ORL,0,0.50581
22300001,2023-24,2023-11-03,IND,CLE,1,0.52167
22300002,2023-24,2023-11-03,MIL,NYK,1,0.5508
22300003,2023-24,2023-11-03,MIA,WAS,1,0.67543
22300004,2023-24,2023-11-03,CHI,BKN,0,0.58192
22300005,2023-24,2023-11-03,OKC,GSW,0,0.40698
22300006,2023-24,2023-11-03,DEN,DAL,1,0.73588
22300007,2023-24,2023-11-03,POR,MEM,1,0.51826
22300132,2023-24,2023-11-04,PHI,PHX,1,0.65916
22300133,2023-24,2023-11-04,IND,CHA,0,0.57477
22300134,2023-24,2023-11-04,ORL,LAL,1,0.43337
22300135,2023-24,2023-11-04,NOP,ATL,0,0.42877
22300136,2023-24,2023-11-04,BKN,BOS,0,0.25292
22300137,2023-24,2023-11-04,HOU,SAC,1,0.4772
22300138,2023-24,2023-11-04,MIN,UTA,1,0.71311
22300139,2023-24,2023-11-04,DEN,CHI,1,0.80891
22300140,2023-24,2023-11-05,DET,PHX,0,0.5178
22300141,2023-24,2023-11-05,SAS,TOR,0,0.46414
22300142,2023-24,2023-11-05,CLE,GSW,1,0.49123
22300143,2023-24,2023-11-05,DAL,CHA,1,0.77965
22300144,2023-24,2023-11-05,POR,MEM,0,0.52872
22300145,2023-24,2023-11-06,DET,GSW,0,0.30835
22300146,2023-24,2023-11-06,IND,SAS,1,0.71268
22300147,2023-24,2023-11-06,ORL,DAL,0,0.53317
22300148,2023-24,2023-11-06,PHI,WAS,1,0.75481
22300149,2023-24,2023-11-06,BKN,MIL,0,0.45399
22300150,2023-24,2023-11-06,MIA,LAL,1,0.53601
22300151,2023-24,2023-11-06,NYK,LAC,1,0.57745
22300152,2023-24,2023-11-06,CHI,UTA,1,0.58003
22300153,2023-24,2023-11-06,HOU,SAC,1,0.55713
22300154,2023-24,2023-11-06,MIN,BOS,1,0.44138
22300155,2023-24,2023-11-06,OKC,ATL,1,0.40325
22300156,2023-24,2023-11-06,DEN,NOP,1,0.76947
22300157,2023-24,2023-11-08,CHA,WAS,0,0.60066
22300158,2023-24,2023-11-08,IND,UTA,1,0.6488
22300159,2023-24,2023-11-08,PHI,BOS,1,0.4851
22300160,2023-24,2023-11-08,BKN,LAC,1,0.44361
22300161,2023-24,2023-11-08,NYK,SAS,1,0.79379
22300162,2023-24,2023-11-08,CHI,PHX,0,0.50618
22300163,2023-24,2023-11-08,HOU,LAL,1,0.51214
22300164,2023-24,2023-11-08,MEM,MIA,0,0.53814
22300165,2023-24,2023-11-08,MIL,DET,1,0.80054
22300166,2023-24,2023-11-08,MIN,NOP,1,0.71368
22300167,2023-24,2023-11-08,OKC,CLE,1,0.47615
22300168,2023-24,2023-11-08,DAL,TOR,0,0.61837
22300169,2023-24,2023-11-08,DEN,GSW,1,0.64965
22300170,2023-24,2023-11-08,SAC,POR,1,0.63824
22300171,2023-24,2023-11-09,IND,MIL,1,0.53475
22300172,2023-24,2023-11-09,ORL,ATL,0,0.41421
22300008,2023-24,2023-11-10,DET,PHI,0,0.28991
22300009,2023-24,2023-11-10,WAS,CHA,0,0.63112
22300010,2023-24,2023-11-10,BOS,BKN,1,0.82846
22300011,2023-24,2023-11-10,HOU,NOP,1,0.69245
22300012,2023-24,2023-11-10,MEM,UTA,0,0.61636
22300013,2023-24,2023-11-10,SAS,MIN,0,0.3372
22300014,2023-24,2023-11-10,DAL,LAC,1,0.56305
22300015,2023-24,2023-11-10,PHX,LAL,0,0.65638
22300016,2023-24,2023-11-10,SAC,OKC,1,0.53926
22300173,2023-24,2023-11-11,ORL,MIL,1,0.53064
22300174,2023-24,2023-11-11,BOS,TOR,1,0.68924
22300175,2023-24,2023-11-11,ATL,MIA,0,0.67297
22300176,2023-24,2023-11-11,GSW,CLE,0,0.63091
22300177,2023-24,2023-11-12,NYK,CHA,1,0.78628
22300178,2023-24,2023-11-12,BKN,WAS,1,0.61922
22300179,2023-24,2023-11-12,LAC,MEM,0,0.71402
22300180,2023-24,2023-11-12,PHI,IND,1,0.71389
22300181,2023-24,2023-11-12,CHI,DET,1,0.70539
22300182,2023-24,2023-11-12,HOU,DEN,1,0.37274
22300183,2023-24,2023-11-12,NOP,DAL,0,0.4277
22300184,2023-24,2023-11-12,SAS,MIA,0,0.56175
22300185,2023-24,2023-11-12,PHX,OKC,0,0.62171
22300186,2023-24,2023-11-12,GSW,MIN,0,0.5497
22300187,2023-24,2023-11-12,LAL,POR,1,0.71259
22300188,2023-24,2023-11-13,BOS,NYK,1,0.77301
22300189,2023-24,2023-11-13,TOR,WAS,1,0.77473
22300190,2023-24,2023-11-13,MIL,CHI,1,0.70723
22300191,2023-24,2023-11-13,SAC,CLE,1,0.44983
22300017,2023-24,2023-11-14,CHA,MIA,0,0.48801
22300018,2023-24,2023-11-14,DET,ATL,0,0.33203
22300019,2023-24,2023-11-14,PHI,IND,0,0.71888
22300020,2023-24,2023-11-14,BKN,ORL,1,0.57673
22300021,2023-24,2023-11-14,OKC,SAS,1,0.72601
22300022,2023-24,2023-11-14,NOP,DAL,1,0.39609
22300023,2023-24,2023-11-14,UTA,POR,1,0.69923
22300024,2023-24,2023-11-14,DEN,LAC,1,0.70969
22300025,2023-24,2023-11-14,GSW,MIN,0,0.59824
22300026,2023-24,2023-11-14,LAL,MEM,1,0.59882
22300192,2023-24,2023-11-15,WAS,DAL,0,0.48493
22300193,2023-24,2023-11-15,ATL,NYK,0,0.47118
22300194,2023-24,2023-11-15,PHI,BOS,0,0.37629
22300195,2023-24,2023-11-15,TOR,MIL,0,0.56068
22300196,2023-24,2023-11-15,CHI,ORL,0,0.6344
22300197,2023-24,2023-11-15,PHX,MIN,1,0.54706
22300198,2023-24,2023-11-15,LAL,SAC,0,0.53653
22300199,2023-24,2023-11-15,POR,CLE,0,0.26944
22300200,2023-24,2023-11-16,MIA,BKN,1,0.60045
22300201,2023-24,2023-11-16,GSW,OKC,0,0.64515
22300027,2023-24,2023-11-17,CHA,MIL,0,0.43513
22300028,2023-24,2023-11-17,WAS,NYK,0,0.3525
22300029,2023-24,2023-11-17,ATL,PHI,0,0.54826
22300030,2023-24,2023-11-17,CLE,DET,1,0.76684
22300031,2023-24,2023-11-17,TOR,BOS,0,0.3268
22300032,2023-24,2023-11-17,SAS,SAC,0,0.37914
22300033,2023-24,2023-11-17,CHI,ORL,0,0.55553
22300034,2023-24,2023-11-17,NOP,DEN,1,0.33293
22300035,2023-24,2023-11-17,UTA,PHX,0,0.48854
22300036,2023-24,2023-11-17,POR,LAL,0,0.37971
22300037,2023-24,2023-11-17,LAC,HOU,1,0.64307
22300202,2023-24,2023-11-18,CHA,NYK,0,0.36048
22300203,2023-24,2023-11-18,NOP,MIN,0,0.35772
22300204,2023-24,2023-11-18,CHI,MIA,1,0.44925
22300205,2023-24,2023-11-18,MIL,DAL,1,0.56256
22300206,2023-24,2023-11-18,SAS,MEM,0,0.39425
22300207,2023-24,2023-11-18,GSW,OKC,0,0.57886
22300208,2023-24,2023-11-19,BKN,PHI,0,0.45164
22300209,2023-24,2023-11-19,IND,ORL,0,0.67588
22300210,2023-24,2023-11-19,CLE,DEN,1,0.45099
22300211,2023-24,2023-11-19,TOR,DET,1,0.73019
22300212,2023-24,2023-11-19,DAL,SAC,0,0.56401
22300213,2023-24,2023-11-19,MEM,BOS,0,0.19194
22300214,2023-24,2023-11-19,UTA,PHX,0,0.47124
22300215,2023-24,2023-11-19,POR,OKC,0,0.39293
22300216,2023-24,2023-11-19,LAL,HOU,1,0.59802
22300217,2023-24,2023-11-20,CHA,BOS,1,0.2727
22300218,2023-24,2023-11-20,DET,DEN,0,0.25842
22300219,2023-24,2023-11-20,WAS,MIL,0,0.37756
22300220,2023-24,2023-11-20,CHI,MIA,0,0.526
22300221,2023-24,2023-11-20,MIN,NYK,1,0.56296
22300222,2023-24,2023-11-20,NOP,SAC,1,0.54852
22300223,2023-24,2023-11-20,SAS,LAC,0,0.33235
22300224,2023-24,2023-11-20,GSW,HOU,1,0.71685
22300038,2023-24,2023-11-21,ORL,TOR,1,0.53035
22300039,2023-24,2023-11-21,ATL,IND,0,0.6998
22300040,2023-24,2023-11-21,PHI,CLE,0,0.67302
22300041,2023-24,2023-11-21,PHX,POR,1,0.82267
22300042,2023-24,2023-11-21,LAL,UTA,1,0.68418
22300225,2023-24,2023-11-22,CHA,WAS,1,0.62265
22300226,2023-24,2023-11-22,ORL,DEN,1,0.37218
22300227,2023-24,2023-11-22,ATL,BKN,1,0.63358
22300228,2023-24,2023-11-22,BOS,MIL,1,0.68988
22300229,2023-24,2023-11-22,CLE,MIA,0,0.56395
22300230,2023-24,2023-11-22,IND,TOR,0,0.58951
22300231,2023-24,2023-11-22,HOU,MEM,1,0.67429
22300232,2023-24,2023-11-22,MIN,PHI,1,0.62121
22300233,2023-24,2023-11-22,NOP,SAC,1,0.55488
22300234,2023-24,2023-11-22,OKC,CHI,1,0.70736
22300235,2023-24,2023-11-22,SAS,LAC,0,0.32759
22300236,2023-24,2023-11-22,PHX,GSW,1,0.49826
22300237,2023-24,2023-11-22,POR,UTA,1,0.48295
22300238,2023-24,2023-11-22,LAL,DAL,0,0.48507
22300043,2023-24,2023-11-24,ORL,BOS,1,0.34242
22300044,2023-24,2023-11-24,MEM,PHX,0,0.42145
22300045,2023-24,2023-11-24,NYK,MIA,1,0.69748
22300046,2023-24,2023-11-24,TOR,CHI,1,0.68813
22300047,2023-24,2023-11-24,IND,DET,1,0.74686
22300048,2023-24,2023-11-24,HOU,DEN,1,0.4796
22300049,2023-24,2023-11-24,MIL,WAS,1,0.79924
22300050,2023-24,2023-11-24,MIN,SAC,0,0.68834
22300051,2023-24,2023-11-24,GSW,SAS,1,0.79045
22300052,2023-24,2023-11-24,LAC,NOP,0,0.65342
22300239,2023-24,2023-11-25,OKC,PHI,0,0.56898
22300240,2023-24,2023-11-25,BKN,MIA,1,0.58858
22300241,2023-24,2023-11-25,WAS,ATL,0,0.31171
22300242,2023-24,2023-11-25,CLE,LAL,0,0.55825
22300243,2023-24,2023-11-25,UTA,NOP,1,0.53513
22300244,2023-24,2023-11-25,LAC,DAL,1,0.50244
22300245,2023-24,2023-11-26,MIL,POR,1,0.83052
22300246,2023-24,2023-11-26,BOS,ATL,1,0.74117
22300247,2023-24,2023-11-26,NYK,PHX,0,0.66896
22300248,2023-24,2023-11-26,ORL,CHA,1,0.67972
22300249,2023-24,2023-11-26,MEM,MIN,0,0.3639
22300250,2023-24,2023-11-26,BKN,CHI,1,0.57658
22300251,2023-24,2023-11-26,CLE,TOR,1,0.56083
22300252,2023-24,2023-11-26,DEN,SAS,1,0.82759
22300253,2023-24,2023-11-27,DET,WAS,0,0.56585
22300254,2023-24,2023-11-27,IND,POR,0,0.82644
22300255,2023-24,2023-11-27,PHI,LAL,1,0.67576
22300256,2023-24,2023-11-27,UTA,NOP,1,0.45421
22300257,2023-24,2023-11-27,LAC,DEN,0,0.66244
22300053,2023-24,2023-11-28,BOS,CHI,1,0.79086
22300054,2023-24,2023-11-28,BKN,TOR,1,0.51504
22300055,2023-24,2023-11-28,CLE,ATL,1,0.58598
22300056,2023-24,2023-11-28,MIA,MIL,0,0.45192
22300057,2023-24,2023-11-28,NYK,CHA,1,0.75227
22300058,2023-24,2023-11-28,MIN,OKC,1,0.6177
22300059,2023-24,2023-11-28,DAL,HOU,1,0.5874
22300060,2023-24,2023-11-28,SAC,GSW,1,0.56047
22300258,2023-24,2023-11-29,DET,LAL,0,0.35109
22300259,2023-24,2023-11-29,ORL,WAS,1,0.73851
22300260,2023-24,2023-11-29,TOR,PHX,1,0.53447
22300261,2023-24,2023-11-29,MEM,UTA,1,0.60521
22300262,2023-24,2023-11-29,NOP,PHI,1,0.43526
22300263,2023-24,2023-11-29,DEN,HOU,1,0.58957
22300264,2023-24,2023-11-29,SAC,LAC,0,0.49951
22300265,2023-24,2023-11-30,CLE,POR,0,0.80528
22300266,2023-24,2023-11-30,BKN,CHA,0,0.69389
22300267,2023-24,2023-11-30,MIA,IND,1,0.54919
22300268,2023-24,2023-11-30,NYK,DET,1,0.88334
22300269,2023-24,2023-11-30,CHI,MIL,1,0.36429
22300270,2023-24,2023-11-30,MIN,UTA,1,0.85162
22300271,2023-24,2023-11-30,OKC,LAL,1,0.70425
22300272,2023-24,2023-11-30,SAS,ATL,0,0.39184
22300273,2023-24,2023-11-30,GSW,LAC,1,0.65287
22300274,2023-24,2023-12-01,ORL,WAS,1,0.75257
22300275,2023-24,2023-12-01,BOS,PHI,1,0.6952
22300276,2023-24,2023-12-01,TOR,NYK,0,0.59899
22300277,2023-24,2023-12-01,DAL,MEM,0,0.77374
22300278,2023-24,2023-12-01,NOP,SAS,1,0.82941
22300279,2023-24,2023-12-01,PHX,DEN,0,0.55477
22300280,2023-24,2023-12-02,LAC,GSW,1,0.62926
22300281,2023-24,2023-12-02,CHA,MIN,0,0.37836
22300282,2023-24,2023-12-02,BKN,ORL,1,0.59965
22300283,2023-24,2023-12-02,DET,CLE,0,0.28622
22300284,2023-24,2023-12-02,MIA,IND,0,0.62276
22300285,2023-24,2023-12-02,CHI,NOP,1,0.49617
22300286,2023-24,2023-12-02,MIL,ATL,1,0.66311
22300287,2023-24,2023-12-02,DAL,OKC,0,0.42545
22300288,2023-24,2023-12-02,PHX,MEM,1,0.7174
22300289,2023-24,2023-12-02,UTA,POR,1,0.57395
22300290,2023-24,2023-12-02,SAC,DEN,1,0.61076
22300291,2023-24,2023-12-02,LAL,HOU,1,0.59982
22301202,2023-24,2023-12-04,IND,BOS,1,0.36061
22301204,2023-24,2023-12-04,SAC,NOP,0,0.60637
22301201,2023-24,2023-12-05,MIL,NYK,1,0.59759
22301203,2023-24,2023-12-05,LAL,PHX,1,0.54264
22301205,2023-24,2023-12-06,CLE,ORL,1,0.64103
22301206,2023-24,2023-12-06,DET,MEM,0,0.47762
22301207,2023-24,2023-12-06,TOR,MIA,0,0.62452
22301208,2023-24,2023-12-06,WAS,PHI,0,0.393
22301209,2023-24,2023-12-06,ATL,BKN,0,0.62275
22301210,2023-24,2023-12-06,MIN,SAS,1,0.8079
22301212,2023-24,2023-12-06,HOU,OKC,1,0.52735
22301213,2023-24,2023-12-06,DAL,UTA,1,0.75639
22301214,2023-24,2023-12-06,GSW,POR,1,0.77598
22301215,2023-24,2023-12-06,LAC,DEN,1,0.55337
22301229,2023-24,2023-12-07,MIL,IND,0,0.66805
22301230,2023-24,2023-12-07,LAL,NOP,1,0.54019
22301216,2023-24,2023-12-08,CHA,TOR,1,0.40666
22301217,2023-24,2023-12-08,ORL,DET,1,0.8006
22301218,2023-24,2023-12-08,PHI,ATL,1,0.69526
22301219,2023-24,2023-12-08,BKN,WAS,1,0.73059
22301220,2023-24,2023-12-08,MIA,CLE,0,0.5362
22301221,2023-24,2023-12-08,MEM,MIN,0,0.39563
22301222,2023-24,2023-12-08,OKC,GSW,1,0.59174
22301223,2023-24,2023-12-08,SAS,CHI,0,0.52113
22301224,2023-24,2023-12-08,DEN,HOU,0,0.72774
22301225,2023-24,2023-12-08,UTA,LAC,0,0.26166
22301226,2023-24,2023-12-08,POR,DAL,0,0.37532
22301227,2023-24,2023-12-08,BOS,NYK,1,0.68976
22301228,2023-24,2023-12-08,PHX,SAC,0,0.60585
22300292,2023-24,2023-12-11,CHA,MIA,0,0.43726
22300293,2023-24,2023-12-11,DET,IND,0,0.30806
22300294,2023-24,2023-12-11,ORL,CLE,1,0.54803
22300295,2023-24,2023-12-11,PHI,WAS,1,0.8301
22300296,2023-24,2023-12-11,ATL,DEN,0,0.41618
22300297,2023-24,2023-12-11,NYK,TOR,1,0.6452
22300298,2023-24,2023-12-11,HOU,SAS,1,0.77533
22300299,2023-24,2023-12-11,MEM,DAL,0,0.42856
22300300,2023-24,2023-12-11,MIL,CHI,1,0.79212
22300301,2023-24,2023-12-11,NOP,MIN,1,0.51256
22300302,2023-24,2023-12-11,OKC,UTA,1,0.8311
22300303,2023-24,2023-12-11,SAC,BKN,1,0.60865
22300304,2023-24,2023-12-11,LAC,POR,1,0.83657
22300305,2023-24,2023-12-12,BOS,CLE,1,0.80991
22300306,2023-24,2023-12-12,DAL,LAL,1,0.4661
22300307,2023-24,2023-12-12,CHI,DEN,0,0.30494
22300308,2023-24,2023-12-12,PHX,GSW,1,0.54036
22300309,2023-24,2023-12-12,LAC,SAC,1,0.64909
22300310,2023-24,2023-12-13,DET,PHI,0,0.23144
22300311,2023-24,2023-12-13,WAS,NOP,0,0.36994
22300312,2023-24,2023-12-13,MIA,CHA,1,0.73749
22300313,2023-24,2023-12-13,TOR,ATL,1,0.59069
22300314,2023-24,2023-12-13,HOU,MEM,1,0.72125
22300315,2023-24,2023-12-13,MIL,IND,1,0.66543
22300316,2023-24,2023-12-13,SAS,LAL,0,0.42438
22300317,2023-24,2023-12-13,PHX,BKN,0,0.5446
22300318,2023-24,2023-12-13,UTA,NYK,1,0.31125
22300319,2023-24,2023-12-14,BOS,CLE,1,0.74952
22300320,2023-24,2023-12-14,MIA,CHI,0,0.64448
22300321,2023-24,2023-12-14,DAL,MIN,0,0.50509
22300322,2023-24,2023-12-14,DEN,BKN,1,0.76583
22300323,2023-24,2023-12-14,POR,UTA,0,0.62231
22300324,2023-24,2023-12-14,SAC,OKC,1,0.52965
22300325,2023-24,2023-12-14,LAC,GSW,1,0.62718
22300326,2023-24,2023-12-15,CHA,NOP,0,0.41148
22300327,2023-24,2023-12-15,PHI,DET,1,0.88124
22300328,2023-24,2023-12-15,WAS,IND,1,0.37751
22300329,2023-24,2023-12-15,BOS,ORL,1,0.70086
22300330,2023-24,2023-12-15,TOR,ATL,0,0.59205
22300331,2023-24,2023-12-15,SAS,LAL,1,0.40888
22300332,2023-24,2023-12-15,MEM,HOU,0,0.40097
22300333,2023-24,2023-12-15,PHX,NYK,0,0.5809
22300334,2023-24,2023-12-16,MIL,DET,1,0.91428
22300335,2023-24,2023-12-16,CHA,PHI,0,0.27734
22300336,2023-24,2023-12-16,CLE,ATL,1,0.6616
22300337,2023-24,2023-12-16,MIA,CHI,1,0.67006
22300338,2023-24,2023-12-16,MIN,IND,1,0.73738
22300339,2023-24,2023-12-16,GSW,BKN,1,0.64177
22300340,2023-24,2023-12-16,DEN,OKC,0,0.65656
22300341,2023-24,2023-12-16,POR,DAL,0,0.40315
22300342,2023-24,2023-12-16,SAC,UTA,1,0.77821
22300343,2023-24,2023-12-16,LAC,NYK,1,0.62944
22300344,2023-24,2023-12-17,BOS,ORL,1,0.75398
22300345,2023-24,2023-12-17,SAS,NOP,0,0.35757
22300346,2023-24,2023-12-17,MIL,HOU,1,0.61363
22300347,2023-24,2023-12-17,PHX,WAS,1,0.78596
22300348,2023-24,2023-12-17,POR,GSW,0,0.38895
22300349,2023-24,2023-12-18,CLE,HOU,1,0.65233
22300350,2023-24,2023-12-18,IND,LAC,0,0.44594
22300351,2023-24,2023-12-18,PHI,CHI,0,0.81462
22300352,2023-24,2023-12-18,ATL,DET,1,0.81448
22300353,2023-24,2023-12-18,MIA,MIN,0,0.47938
22300354,2023-24,2023-12-18,TOR,CHA,1,0.8098
22300355,2023-24,2023-12-18,OKC,MEM,1,0.77372
22300356,2023-24,2023-12-18,DEN,DAL,1,0.71463
22300357,2023-24,2023-12-18,UTA,BKN,1,0.44738
22300358,2023-24,2023-12-18,SAC,WAS,1,0.79268
22300359,2023-24,2023-12-18,LAL,NYK,0,0.51777
22300360,2023-24,2023-12-19,NOP,MEM,0,0.83154
22300361,2023-24,2023-12-19,MIL,SAS,1,0.84637
22300362,2023-24,2023-12-19,GSW,BOS,1,0.40085
22300363,2023-24,2023-12-19,POR,PHX,1,0.36021
22300364,2023-24,2023-12-20,CLE,UTA,1,0.72912
22300365,2023-24,2023-12-20,IND,CHA,1,0.7769
22300366,2023-24,2023-12-20,ORL,MIA,0,0.55117
22300367,2023-24,2023-12-20,PHI,MIN,1,0.64443
22300368,2023-24,2023-12-20,BKN,NYK,0,0.49098
22300369,2023-24,2023-12-20,TOR,DEN,0,0.45691
22300370,2023-24,2023-12-20,CHI,LAL,1,0.4732
22300371,2023-24,2023-12-20,HOU,ATL,0,0.61748
22300372,2023-24,2023-12-20,DAL,LAC,0,0.4584
22300373,2023-24,2023-12-20,SAC,BOS,0,0.50062
22300374,2023-24,2023-12-21,DET,UTA,0,0.54925
22300375,2023-24,2023-12-21,CLE,NOP,0,0.41113
22300376,2023-24,2023-12-21,CHI,SAS,1,0.65646
22300377,2023-24,2023-12-21,MEM,IND,1,0.55755
22300378,2023-24,2023-12-21,MIL,ORL,1,0.75632
22300379,2023-24,2023-12-21,OKC,LAC,1,0.67515
22300380,2023-24,2023-12-21,MIN,LAL,1,0.66063
22300381,2023-24,2023-12-21,POR,WAS,0,0.58395
22300382,2023-24,2023-12-22,PHI,TOR,1,0.71952
22300383,2023-24,2023-12-22,BKN,DEN,0,0.38305
22300384,2023-24,2023-12-22,MIA,ATL,1,0.56738
22300385,2023-24,2023-12-22,HOU,DAL,1,0.62229
22300386,2023-24,2023-12-22,GSW,WAS,1,0.82318
22300387,2023-24,2023-12-22,SAC,PHX,1,0.55999
22300388,2023-24,2023-12-23,NYK,MIL,0,0.56463
22300389,2023-24,2023-12-23,LAC,BOS,0,0.42546
22300390,2023-24,2023-12-23,CHA,DEN,0,0.28689
22300391,2023-24,2023-12-23,IND,ORL,0,0.58634
22300392,2023-24,2023-12-23,NOP,HOU,0,0.67825
22300393,2023-24,2023-12-23,ATL,MEM,0,0.6434
22300394,2023-24,2023-12-23,BKN,DET,1,0.76347
22300395,2023-24,2023-12-23,TOR,UTA,0,0.72433
22300396,2023-24,2023-12-23,CHI,CLE,0,0.62857
22300397,2023-24,2023-12-23,OKC,LAL,0,0.68746
22300398,2023-24,2023-12-23,DAL,SAS,1,0.6019
22300399,2023-24,2023-12-23,GSW,POR,1,0.71627
22300400,2023-24,2023-12-23,SAC,MIN,0,0.44293
22300401,2023-24,2023-12-25,NYK,MIL,1,0.52886
22300402,2023-24,2023-12-25,DEN,GSW,1,0.73528
22300403,2023-24,2023-12-25,LAL,BOS,0,0.41455
22300404,2023-24,2023-12-25,MIA,PHI,1,0.45765
22300405,2023-24,2023-12-25,PHX,DAL,0,0.6345
22300406,2023-24,2023-12-26,DET,BKN,0,0.33972
22300407,2023-24,2023-12-26,WAS,ORL,0,0.39946
22300408,2023-24,2023-12-26,CHI,ATL,1,0.49446
22300409,2023-24,2023-12-26,HOU,IND,0,0.62857
22300410,2023-24,2023-12-26,NOP,MEM,0,0.71594
22300411,2023-24,2023-12-26,OKC,MIN,1,0.56831
22300412,2023-24,2023-12-26,SAS,UTA,0,0.50233
22300413,2023-24,2023-12-26,POR,SAC,1,0.40278
22300414,2023-24,2023-12-26,LAC,CHA,1,0.79096
22300415,2023-24,2023-12-27,ORL,PHI,0,0.44316
22300416,2023-24,2023-12-27,WAS,TOR,0,0.34959
22300417,2023-24,2023-12-27,BKN,MIL,0,0.35335
22300418,2023-24,2023-12-27,HOU,PHX,0,0.56269
22300419,2023-24,2023-12-27,OKC,NYK,1,0.54369
22300420,2023-24,2023-12-27,DAL,CLE,0,0.62734
22300421,2023-24,2023-12-28,BOS,DET,1,0.92821
22300422,2023-24,2023-12-28,CHI,IND,0,0.55733
22300423,2023-24,2023-12-28,MIN,DAL,1,0.75626
22300424,2023-24,2023-12-28,NOP,UTA,1,0.75335
22300425,2023-24,2023-12-28,DEN,MEM,1,0.81762
22300426,2023-24,2023-12-28,GSW,MIA,0,0.62496
22300427,2023-24,2023-12-28,POR,SAS,0,0.65356
22300428,2023-24,2023-12-28,LAL,CHA,1,0.80278
22300429,2023-24,2023-12-29,ORL,NYK,1,0.48445
22300430,2023-24,2023-12-29,WAS,BKN,1,0.53332
22300431,2023-24,2023-12-29,ATL,SAC,0,0.60737
22300432,2023-24,2023-12-29,BOS,TOR,1,0.73491
22300433,2023-24,2023-12-29,CLE,MIL,0,0.34933
22300434,2023-24,2023-12-29,HOU,PHI,0,0.49932
22300435,2023-24,2023-12-29,DEN,OKC,0,0.58204
22300436,2023-24,2023-12-29,PHX,CHA,1,0.84462
22300437,2023-24,2023-12-29,POR,SAS,1,0.60091
22300438,2023-24,2023-12-29,LAC,MEM,1,0.76973
22300439,2023-24,2023-12-30,UTA,MIA,1,0.51051
22300440,2023-24,2023-12-30,DET,TOR,1,0.36619
22300441,2023-24,2023-12-30,IND,NYK,1,0.56271
22300442,2023-24,2023-12-30,CHI,PHI,1,0.49629
22300443,2023-24,2023-12-30,MIN,LAL,1,0.66359
22300444,2023-24,2023-12-30,GSW,DAL,0,0.67373
22300445,2023-24,2023-12-31,WAS,ATL,0,0.39584
22300446,2023-24,2023-12-31,NOP,LAL,1,0.69331
22300447,2023-24,2023-12-31,OKC,BKN,1,0.74047
22300448,2023-24,2023-12-31,SAS,BOS,0,0.21355
22300449,2023-24,2023-12-31,MEM,SAC,0,0.48522
22300450,2023-24,2023-12-31,PHX,ORL,1,0.66138
22300451,2023-24,2024-01-01,NYK,MIN,1,0.51408
22300452,2023-24,2024-01-01,TOR,CLE,1,0.59706
22300453,2023-24,2024-01-01,HOU,DET,1,0.81568
22300454,2023-24,2024-01-01,MIL,IND,0,0.74178
22300455,2023-24,2024-01-01,DEN,CHA,1,0.87202
22300456,2023-24,2024-01-01,PHX,POR,1,0.75882
22300457,2023-24,2024-01-01,UTA,DAL,1,0.48531
22300458,2023-24,2024-01-01,LAC,MIA,1,0.59127
22300459,2023-24,2024-01-02,PHI,CHI,1,0.73347
22300460,2023-24,2024-01-02,MEM,SAS,1,0.7595
22300461,2023-24,2024-01-02,NOP,BKN,1,0.69751
22300462,2023-24,2024-01-02,OKC,BOS,1,0.5142
22300463,2023-24,2024-01-02,GSW,ORL,1,0.61593
22300464,2023-24,2024-01-02,SAC,CHA,0,0.86732
22300465,2023-24,2024-01-03,CLE,WAS,1,0.71121
22300466,2023-24,2024-01-03,IND,MIL,1,0.43319
22300467,2023-24,2024-01-03,ATL,OKC,1,0.54991
22300468,2023-24,2024-01-03,NYK,CHI,1,0.78086
22300469,2023-24,2024-01-03,HOU,BKN,1,0.71184
22300470,2023-24,2024-01-03,MEM,TOR,0,0.45408
22300471,2023-24,2024-01-03,MIN,NOP,0,0.69835
22300472,2023-24,2024-01-03,DAL,POR,1,0.79694
22300473,2023-24,2024-01-03,PHX,LAC,0,0.50293
22300474,2023-24,2024-01-03,UTA,DET,1,0.7476
22300475,2023-24,2024-01-03,LAL,MIA,0,0.60689
22300476,2023-24,2024-01-03,SAC,ORL,1,0.61536
22300477,2023-24,2024-01-04,SAS,MIL,0,0.28814
22300478,2023-24,2024-01-04,GSW,DEN,0,0.41296
22300479,2023-24,2024-01-05,BOS,UTA,1,0.86306
22300480,2023-24,2024-01-05,IND,ATL,1,0.58348
22300481,2023-24,2024-01-05,BKN,OKC,1,0.3911
22300482,2023-24,2024-01-05,CLE,WAS,1,0.74414
22300483,2023-24,2024-01-05,PHI,NYK,0,0.66514
22300484,2023-24,2024-01-05,CHI,CHA,1,0.70906
22300485,2023-24,2024-01-05,HOU,MIN,0,0.47786
22300486,2023-24,2024-01-05,NOP,LAC,0,0.55711
22300487,2023-24,2024-01-05,DAL,POR,1,0.7806
22300488,2023-24,2024-01-05,DEN,ORL,0,0.74075
22300489,2023-24,2024-01-05,PHX,MIA,1,0.5762
22300490,2023-24,2024-01-05,GSW,DET,1,0.77399
22300491,2023-24,2024-01-05,LAL,MEM,0,0.62106
22300492,2023-24,2024-01-05,SAC,TOR,1,0.59688
22300493,2023-24,2024-01-06,IND,BOS,0,0.39063
22300494,2023-24,2024-01-06,WAS,NYK,0,0.29714
22300495,2023-24,2024-01-06,PHI,UTA,0,0.78177
22300496,2023-24,2024-01-06,HOU,MIL,1,0.35398
22300497,2023-24,2024-01-07,CLE,SAS,1,0.78105
22300498,2023-24,2024-01-07,BKN,POR,0,0.74678
22300499,2023-24,2024-01-07,ORL,ATL,1,0.51337
22300500,2023-24,2024-01-07,SAC,NOP,0,0.53841
22300501,2023-24,2024-01-07,DAL,MIN,1,0.44617
22300502,2023-24,2024-01-07,DEN,DET,1,0.9057
22300503,2023-24,2024-01-07,PHX,MEM,0,0.62315
22300504,2023-24,2024-01-07,GSW,TOR,0,0.58785
22300505,2023-24,2024-01-07,LAL,LAC,1,0.43864
22300506,2023-24,2024-01-08,CHA,CHI,0,0.41986
22300507,2023-24,2024-01-08,IND,BOS,1,0.36859
22300508,2023-24,2024-01-08,WAS,OKC,0,0.26573
22300509,2023-24,2024-01-08,MIA,HOU,1,0.61637
22300510,2023-24,2024-01-08,MIL,UTA,0,0.78205
22300511,2023-24,2024-01-08,LAC,PHX,1,0.64547
22300512,2023-24,2024-01-09,DET,SAC,0,0.32805
22300513,2023-24,2024-01-09,ORL,MIN,0,0.43035
22300514,2023-24,2024-01-09,NYK,POR,1,0.85905
22300515,2023-24,2024-01-09,DAL,MEM,0,0.68239
22300516,2023-24,2024-01-09,LAL,TOR,1,0.56979
22300517,2023-24,2024-01-10,BOS,MIN,1,0.74166
22300518,2023-24,2024-01-10,CHA,SAC,0,0.38534
22300519,2023-24,2024-01-10,DET,SAS,0,0.43596
22300520,2023-24,2024-01-10,IND,WAS,1,0.78697
22300521,2023-24,2024-01-10,ATL,PHI,1,0.53307
22300522,2023-24,2024-01-10,MIA,OKC,0,0.44635
22300523,2023-24,2024-01-10,CHI,HOU,1,0.5743
22300524,2023-24,2024-01-10,UTA,DEN,1,0.32051
22300525,2023-24,2024-01-10,GSW,NOP,0,0.51263
22300526,2023-24,2024-01-10,LAC,TOR,1,0.76726
22300528,2023-24,2024-01-11,MIL,BOS,1,0.50536
22300529,2023-24,2024-01-11,OKC,POR,1,0.83274
22300530,2023-24,2024-01-11,DAL,NYK,1,0.48236
22300531,2023-24,2024-01-11,LAL,PHX,0,0.51423
22300532,2023-24,2024-01-12,PHI,SAC,1,0.63205
22300533,2023-24,2024-01-12,ATL,IND,0,0.59013
22300534,2023-24,2024-01-12,DET,HOU,0,0.30635
22300535,2023-24,2024-01-12,MIA,ORL,1,0.61646
22300536,2023-24,2024-01-12,CHI,GSW,0,0.60263
22300537,2023-24,2024-01-12,MEM,LAC,0,0.37769
22300538,2023-24,2024-01-12,MIN,POR,1,0.88941
22300539,2023-24,2024-01-12,DEN,NOP,1,0.66743
22300540,2023-24,2024-01-12,UTA,TOR,1,0.56786
22300541,2023-24,2024-01-12,SAS,CHA,1,0.65149
22300542,2023-24,2024-01-13,BOS,HOU,1,0.84069
22300543,2023-24,2024-01-13,ATL,WAS,0,0.69602
22300544,2023-24,2024-01-13,MEM,NYK,0,0.28694
22300545,2023-24,2024-01-13,MIL,GSW,1,0.79676
22300546,2023-24,2024-01-13,OKC,ORL,1,0.79364
22300547,2023-24,2024-01-13,DAL,NOP,0,0.54051
22300548,2023-24,2024-01-13,SAS,CHI,0,0.44554
22300549,2023-24,2024-01-13,UTA,LAL,1,0.50817
22300550,2023-24,2024-01-14,DEN,IND,1,0.75067
22300551,2023-24,2024-01-14,MIA,CHA,1,0.77754
22300552,2023-24,2024-01-14,MIL,SAC,1,0.65593
22300553,2023-24,2024-01-14,MIN,LAC,1,0.57467
22300554,2023-24,2024-01-14,POR,PHX,0,0.25943
22300555,2023-24,2024-01-15,PHI,HOU,1,0.67986
22300556,2023-24,2024-01-15,DAL,NOP,1,0.5134
22300557,2023-24,2024-01-15,NYK,ORL,0,0.74349
22300558,2023-24,2024-01-15,WAS,DET,0,0.68699
22300559,2023-24,2024-01-15,ATL,SAS,1,0.74907
22300560,2023-24,2024-01-15,MEM,GSW,1,0.49877
22300561,2023-24,2024-01-15,CLE,CHI,1,0.63565
22300562,2023-24,2024-01-15,BKN,MIA,0,0.62538
22300563,2023-24,2024-01-15,TOR,BOS,0,0.33497
22300564,2023-24,2024-01-15,UTA,IND,1,0.63152
22300565,2023-24,2024-01-15,LAL,OKC,1,0.40094
22300566,2023-24,2024-01-16,PHI,DEN,1,0.45898
22300567,2023-24,2024-01-16,PHX,SAC,1,0.64179
22300568,2023-24,2024-01-16,LAC,OKC,1,0.6673
22300569,2023-24,2024-01-17,DET,MIN,0,0.19105
22300570,2023-24,2024-01-17,ATL,ORL,1,0.60815
22300571,2023-24,2024-01-17,BOS,SAS,1,0.89386
22300572,2023-24,2024-01-17,CLE,MIL,1,0.46984
22300573,2023-24,2024-01-17,NYK,HOU,1,0.68985
22300574,2023-24,2024-01-17,TOR,MIA,1,0.51518
22300575,2023-24,2024-01-17,NOP,CHA,1,0.84488
22300577,2023-24,2024-01-17,LAL,DAL,1,0.62481
22300578,2023-24,2024-01-17,POR,BKN,1,0.37717
22300579,2023-24,2024-01-18,NYK,WAS,1,0.78752
22300580,2023-24,2024-01-18,TOR,CHI,0,0.52505
22300581,2023-24,2024-01-18,UTA,OKC,0,0.45414
22300582,2023-24,2024-01-18,MIN,MEM,1,0.7847
22300583,2023-24,2024-01-18,SAC,IND,0,0.64224
22300584,2023-24,2024-01-19,CHA,SAS,1,0.54035
22300585,2023-24,2024-01-19,ORL,PHI,0,0.39629
22300586,2023-24,2024-01-19,BOS,DEN,0,0.58256
22300587,2023-24,2024-01-19,MIA,ATL,0,0.63823
22300588,2023-24,2024-01-19,NOP,PHX,0,0.59414
22300590,2023-24,2024-01-19,POR,IND,1,0.45135
22300591,2023-24,2024-01-19,LAL,BKN,0,0.66889
22300592,2023-24,2024-01-20,DET,MIL,0,0.28873
22300593,2023-24,2024-01-20,CHA,PHI,0,0.24914
22300594,2023-24,2024-01-20,WAS,SAS,0,0.675
22300595,2023-24,2024-01-20,ATL,CLE,0,0.42257
22300596,2023-24,2024-01-20,NYK,TOR,1,0.72347
22300597,2023-24,2024-01-20,CHI,MEM,1,0.70825
22300598,2023-24,2024-01-20,HOU,UTA,1,0.59734
22300599,2023-24,2024-01-20,MIN,OKC,0,0.61041
22300600,2023-24,2024-01-21,LAC,BKN,1,0.77384
22300601,2023-24,2024-01-21,ORL,MIA,1,0.49663
22300602,2023-24,2024-01-21,WAS,DEN,0,0.17354
22300603,2023-24,2024-01-21,HOU,BOS,0,0.27685
22300604,2023-24,2024-01-21,PHX,IND,1,0.63583
22300605,2023-24,2024-01-21,LAL,POR,1,0.79087
22300606,2023-24,2024-01-22,DET,MIL,0,0.23094
22300607,2023-24,2024-01-22,ORL,CLE,0,0.46976
22300608,2023-24,2024-01-22,PHI,SAS,1,0.83923
22300609,2023-24,2024-01-22,TOR,MEM,0,0.71543
22300610,2023-24,2024-01-22,MIN,CHA,0,0.87944
22300611,2023-24,2024-01-22,DAL,BOS,0,0.49829
22300612,2023-24,2024-01-22,PHX,CHI,1,0.67959
22300613,2023-24,2024-01-22,SAC,ATL,1,0.66981
22300614,2023-24,2024-01-23,IND,DEN,0,0.3713
22300615,2023-24,2024-01-23,BKN,NYK,0,0.38627
22300616,2023-24,2024-01-23,NOP,UTA,1,0.70769
22300617,2023-24,2024-01-23,OKC,POR,1,0.86675
22300618,2023-24,2024-01-23,LAC,LAL,1,0.71288
22300619,2023-24,2024-01-24,DET,CHA,1,0.55547
22300620,2023-24,2024-01-24,WAS,MIN,0,0.32508
22300621,2023-24,2024-01-24,MIA,MEM,0,0.78169
22300622,2023-24,2024-01-24,SAS,OKC,0,0.34832
22300623,2023-24,2024-01-24,HOU,POR,0,0.78771
22300624,2023-24,2024-01-24,MIL,CLE,1,0.64894
22300625,2023-24,2024-01-24,DAL,PHX,0,0.48514
22300626,2023-24,2024-01-24,GSW,ATL,1,0.66992
22300627,2023-24,2024-01-25,IND,PHI,1,0.4133
22300628,2023-24,2024-01-25,WAS,UTA,0,0.36313
22300629,2023-24,2024-01-25,BKN,MIN,0,0.51843
22300630,2023-24,2024-01-25,MIA,BOS,0,0.3082
22300631,2023-24,2024-01-25,NYK,DEN,1,0.48651
22300632,2023-24,2024-01-25,GSW,SAC,0,0.4601
22300633,2023-24,2024-01-25,LAL,CHI,1,0.58335
22300634,2023-24,2024-01-26,ATL,DAL,0,0.52072
22300635,2023-24,2024-01-26,CHA,HOU,0,0.38703
22300636,2023-24,2024-01-26,IND,PHX,1,0.39773
22300637,2023-24,2024-01-26,TOR,LAC,0,0.38659
22300638,2023-24,2024-01-26,MEM,ORL,1,0.40871
22300639,2023-24,2024-01-26,MIL,CLE,0,0.6604
22300640,2023-24,2024-01-26,NOP,OKC,0,0.56458
22300641,2023-24,2024-01-26,SAS,POR,1,0.57734
22300642,2023-24,2024-01-27,DET,WAS,0,0.53326
22300643,2023-24,2024-01-27,NYK,MIA,1,0.71622
22300644,2023-24,2024-01-27,DEN,PHI,1,0.66405
22300645,2023-24,2024-01-27,BKN,HOU,1,0.62915
22300646,2023-24,2024-01-27,BOS,LAC,0,0.73267
22300647,2023-24,2024-01-27,CHA,UTA,0,0.30247
22300648,2023-24,2024-01-27,MIL,NOP,1,0.66245
22300649,2023-24,2024-01-27,SAS,MIN,1,0.24141
22300650,2023-24,2024-01-27,GSW,LAL,0,0.55752
22300651,2023-24,2024-01-27,DAL,SAC,0,0.45292
22300652,2023-24,2024-01-28,IND,MEM,1,0.73761
22300653,2023-24,2024-01-28,ATL,TOR,1,0.62823
22300654,2023-24,2024-01-28,DET,OKC,1,0.18494
22300655,2023-24,2024-01-28,ORL,PHX,1,0.47107
22300656,2023-24,2024-01-28,POR,CHI,0,0.38806
22300657,2023-24,2024-01-29,CHA,NYK,0,0.20096
22300658,2023-24,2024-01-29,CLE,LAC,1,0.49966
22300659,2023-24,2024-01-29,BOS,NOP,1,0.71028
22300660,2023-24,2024-01-29,BKN,UTA,1,0.55984
22300661,2023-24,2024-01-29,MIA,PHX,0,0.58917
22300662,2023-24,2024-01-29,HOU,LAL,1,0.54223
22300663,2023-24,2024-01-29,MEM,SAC,0,0.31357
22300664,2023-24,2024-01-29,OKC,MIN,0,0.54681
22300665,2023-24,2024-01-29,SAS,WAS,0,0.60332
22300666,2023-24,2024-01-29,DAL,ORL,1,0.605
22300667,2023-24,2024-01-29,DEN,MIL,1,0.67611
22300668,2023-24,2024-01-29,POR,PHI,1,0.32183
22300669,2023-24,2024-01-30,ATL,LAL,1,0.58866
22300670,2023-24,2024-01-30,BOS,IND,1,0.74174
22300671,2023-24,2024-01-30,NYK,UTA,1,0.72144
22300672,2023-24,2024-01-30,CHI,TOR,0,0.66127
22300673,2023-24,2024-01-30,GSW,PHI,1,0.69317
22300674,2023-24,2024-01-31,CHA,CHI,0,0.41829
22300675,2023-24,2024-01-31,CLE,DET,1,0.84432
22300676,2023-24,2024-01-31,WAS,LAC,0,0.26677
22300677,2023-24,2024-01-31,BKN,PHX,0,0.49013
22300678,2023-24,2024-01-31,MIA,SAC,1,0.54562
22300679,2023-24,2024-01-31,HOU,NOP,0,0.49804
22300680,2023-24,2024-01-31,MIN,DAL,1,0.7053
22300681,2023-24,2024-01-31,SAS,ORL,0,0.42389
22300682,2023-24,2024-01-31,OKC,DEN,1,0.52193
22300683,2023-24,2024-01-31,POR,MIL,1,0.27957
22300684,2023-24,2024-02-01,BOS,LAL,0,0.80198
22300685,2023-24,2024-02-01,NYK,IND,1,0.63711
22300686,2023-24,2024-02-01,UTA,PHI,0,0.53142
22300687,2023-24,2024-02-01,MEM,CLE,0,0.30161
22300688,2023-24,2024-02-02,DET,LAC,0,0.27276
22300689,2023-24,2024-02-02,WAS,MIA,0,0.41349
22300690,2023-24,2024-02-02,ATL,PHX,1,0.44244
22300691,2023-24,2024-02-02,IND,SAC,0,0.55047
22300692,2023-24,2024-02-02,HOU,TOR,1,0.65466
22300693,2023-24,2024-02-02,MEM,GSW,0,0.3123
22300694,2023-24,2024-02-02,MIN,ORL,0,0.70539
22300695,2023-24,2024-02-02,OKC,CHA,1,0.87881
22300696,2023-24,2024-02-02,SAS,NOP,0,0.34347
22300697,2023-24,2024-02-02,DEN,POR,1,0.8216
22300698,2023-24,2024-02-03,PHI,BKN,0,0.61483
22300699,2023-24,2024-02-03,ATL,GSW,1,0.5635
22300700,2023-24,2024-02-03,CHI,SAC,0,0.59169
22300701,2023-24,2024-02-03,NYK,LAL,0,0.75684
22300702,2023-24,2024-02-03,DAL,MIL,0,0.32312
22300703,2023-24,2024-02-03,SAS,CLE,0,0.22299
22300704,2023-24,2024-02-04,DET,ORL,0,0.3475
22300705,2023-24,2024-02-04,WAS,PHX,0,0.28654
22300706,2023-24,2024-02-04,BOS,MEM,1,0.88296
22300707,2023-24,2024-02-04,CHA,IND,0,0.28338
22300708,2023-24,2024-02-04,MIA,LAC,0,0.40808
22300709,2023-24,2024-02-04,MIN,HOU,1,0.71723
22300710,2023-24,2024-02-04,OKC,TOR,1,0.7418
22300711,2023-24,2024-02-04,UTA,MIL,1,0.51415
22300712,2023-24,2024-02-04,DEN,POR,1,0.87031
22300713,2023-24,2024-02-05,CHA,LAL,0,0.21677
22300714,2023-24,2024-02-05,CLE,SAC,1,0.69546
22300715,2023-24,2024-02-05,PHI,DAL,0,0.62922
22300716,2023-24,2024-02-05,ATL,LAC,0,0.44833
22300717,2023-24,2024-02-05,BKN,GSW,0,0.59218
22300718,2023-24,2024-02-05,NOP,TOR,1,0.77929
22300719,2023-24,2024-02-06,IND,HOU,1,0.66017
22300720,2023-24,2024-02-06,BKN,DAL,0,0.57861
22300721,2023-24,2024-02-06,MIA,ORL,1,0.53206
22300722,2023-24,2024-02-06,NYK,MEM,1,0.87505
22300723,2023-24,2024-02-06,CHI,MIN,1,0.40576
22300724,2023-24,2024-02-06,UTA,OKC,1,0.45702
22300725,2023-24,2024-02-06,PHX,MIL,1,0.61235
22300726,2023-24,2024-02-07,CHA,TOR,0,0.37473
22300727,2023-24,2024-02-07,PHI,GSW,0,0.55375
22300728,2023-24,2024-02-07,WAS,CLE,0,0.22628
22300729,2023-24,2024-02-07,BOS,ATL,1,0.81311
22300730,2023-24,2024-02-07,MIA,SAS,1,0.69078
22300731,2023-24,2024-02-07,LAC,NOP,0,0.65791
22300732,2023-24,2024-02-07,SAC,DET,0,0.79087
22300733,2023-24,2024-02-08,IND,GSW,0,0.71589
22300734,2023-24,2024-02-08,ORL,SAS,1,0.81819
22300735,2023-24,2024-02-08,BKN,CLE,0,0.43823
22300736,2023-24,2024-02-08,NYK,DAL,0,0.68598
22300737,2023-24,2024-02-08,MEM,CHI,0,0.38245
22300738,2023-24,2024-02-08,MIL,MIN,0,0.50002
22300739,2023-24,2024-02-08,PHX,UTA,1,0.70993
22300740,2023-24,2024-02-08,LAL,DEN,0,0.42439
22300741,2023-24,2024-02-08,POR,DET,0,0.66979
22300742,2023-24,2024-02-09,PHI,ATL,0,0.57672
22300743,2023-24,2024-02-09,BOS,WAS,1,0.89794
22300744,2023-24,2024-02-09,TOR,HOU,1,0.51759
22300745,2023-24,2024-02-09,MIL,CHA,1,0.81164
22300746,2023-24,2024-02-09,SAC,DEN,1,0.51533
22300747,2023-24,2024-02-09,LAL,NOP,1,0.39643
22300748,2023-24,2024-02-10,DAL,OKC,1,0.45918
22300749,2023-24,2024-02-10,LAC,DET,1,0.90162
22300750,2023-24,2024-02-10,BKN,SAS,1,0.65326
22300751,2023-24,2024-02-10,CHA,MEM,1,0.38351
22300752,2023-24,2024-02-10,ORL,CHI,1,0.65715
22300753,2023-24,2024-02-10,WAS,PHI,0,0.40889
22300754,2023-24,2024-02-10,ATL,HOU,1,0.62159
22300755,2023-24,2024-02-10,NYK,IND,0,0.57125
22300756,2023-24,2024-02-10,TOR,CLE,0,0.2363
22300757,2023-24,2024-02-10,GSW,PHX,1,0.52856
22300758,2023-24,2024-02-10,POR,NOP,0,0.32556
22300759,2023-24,2024-02-11,MIA,BOS,0,0.40575
22300760,2023-24,2024-02-11,OKC,SAC,1,0.61873
22300761,2023-24,2024-02-12,CHA,IND,1,0.2257
22300762,2023-24,2024-02-12,CLE,PHI,0,0.79802
22300763,2023-24,2024-02-12,ATL,CHI,0,0.6022
22300764,2023-24,2024-02-12,TOR,SAS,0,0.65529
22300765,2023-24,2024-02-12,HOU,NYK,1,0.42641
22300766,2023-24,2024-02-12,MEM,NOP,0,0.2859
22300767,2023-24,2024-02-12,MIL,DEN,1,0.56802
22300768,2023-24,2024-02-12,DAL,WAS,1,0.82607
22300769,2023-24,2024-02-12,UTA,GSW,0,0.57101
22300770,2023-24,2024-02-12,LAC,MIN,0,0.61645
22300771,2023-24,2024-02-13,BKN,BOS,0,0.32857
22300772,2023-24,2024-02-13,ORL,OKC,0,0.50482
22300773,2023-24,2024-02-13,MIL,MIA,0,0.6087
22300774,2023-24,2024-02-13,PHX,SAC,1,0.69131
22300775,2023-24,2024-02-13,POR,MIN,0,0.27219
22300776,2023-24,2024-02-13,LAL,DET,1,0.81973
22300777,2023-24,2024-02-14,CHA,ATL,1,0.31739
22300778,2023-24,2024-02-14,ORL,NYK,1,0.51199
22300779,2023-24,2024-02-14,PHI,MIA,0,0.62159
22300780,2023-24,2024-02-14,BOS,BKN,1,0.81225
22300781,2023-24,2024-02-14,CLE,CHI,1,0.79662
22300782,2023-24,2024-02-14,TOR,IND,0,0.38548
22300783,2023-24,2024-02-14,MEM,HOU,1,0.44377
22300784,2023-24,2024-02-14,NOP,WAS,1,0.85698
22300785,2023-24,2024-02-14,DAL,SAS,1,0.79352
22300786,2023-24,2024-02-14,DEN,SAC,0,0.75219
22300787,2023-24,2024-02-14,PHX,DET,1,0.87492
22300788,2023-24,2024-02-14,UTA,LAL,0,0.59023
22300789,2023-24,2024-02-14,GSW,LAC,0,0.46275
22300576,2023-24,2024-02-15,UTA,GSW,0,0.52463
22300790,2023-24,2024-02-15,MEM,MIL,1,0.26905
22300791,2023-24,2024-02-15,POR,MIN,0,0.21865
22300792,2023-24,2024-02-22,CLE,ORL,0,0.74453
22300793,2023-24,2024-02-22,IND,DET,1,0.82405
22300794,2023-24,2024-02-22,PHI,NYK,0,0.52239
22300795,2023-24,2024-02-22,TOR,BKN,1,0.54307
22300796,2023-24,2024-02-22,DAL,PHX,1,0.56181
22300797,2023-24,2024-02-22,CHI,BOS,0,0.35339
22300798,2023-24,2024-02-22,NOP,HOU,1,0.77653
22300799,2023-24,2024-02-22,OKC,LAC,1,0.62179
22300800,2023-24,2024-02-22,DEN,WAS,1,0.84032
22300801,2023-24,2024-02-22,UTA,CHA,0,0.79679
22300802,2023-24,2024-02-22,GSW,LAL,1,0.6058
22300803,2023-24,2024-02-22,SAC,SAS,1,0.78421
22300804,2023-24,2024-02-23,ATL,TOR,0,0.71957
22300805,2023-24,2024-02-23,PHI,CLE,1,0.42148
22300806,2023-24,2024-02-23,HOU,PHX,1,0.44832
22300807,2023-24,2024-02-23,MEM,LAC,0,0.3046
22300808,2023-24,2024-02-23,MIN,MIL,0,0.71117
22300809,2023-24,2024-02-23,OKC,WAS,1,0.88321
22300810,2023-24,2024-02-23,NOP,MIA,0,0.61309
22300811,2023-24,2024-02-23,GSW,CHA,1,0.8295
22300812,2023-24,2024-02-23,POR,DEN,0,0.3464
22300813,2023-24,2024-02-23,LAL,SAS,1,0.75317
22300814,2023-24,2024-02-24,DET,ORL,0,0.29513
22300815,2023-24,2024-02-24,MIN,BKN,1,0.76094
22300816,2023-24,2024-02-24,NYK,BOS,0,0.39707
22300817,2023-24,2024-02-25,PHI,MIL,0,0.50244
22300818,2023-24,2024-02-25,PHX,LAL,1,0.61519
22300819,2023-24,2024-02-25,IND,DAL,1,0.548
22300820,2023-24,2024-02-25,WAS,CLE,0,0.22519
22300821,2023-24,2024-02-25,ATL,ORL,1,0.5738
22300822,2023-24,2024-02-25,HOU,OKC,0,0.39889
22300823,2023-24,2024-02-25,NOP,CHI,0,0.69279
22300824,2023-24,2024-02-25,GSW,DEN,0,0.55474
22300825,2023-24,2024-02-25,UTA,SAS,1,0.72553
22300826,2023-24,2024-02-25,POR,CHA,0,0.59656
22300827,2023-24,2024-02-25,LAC,SAC,0,0.69428
22300828,2023-24,2024-02-26,NYK,DET,1,0.83441
22300829,2023-24,2024-02-26,IND,TOR,0,0.66497
22300830,2023-24,2024-02-26,MEM,BKN,0,0.47711
22300831,2023-24,2024-02-26,SAC,MIA,0,0.51786
22300832,2023-24,2024-02-27,CLE,DAL,1,0.70463
22300833,2023-24,2024-02-27,ORL,BKN,1,0.72686
22300834,2023-24,2024-02-27,WAS,GSW,0,0.29674
22300835,2023-24,2024-02-27,ATL,UTA,1,0.57177
22300836,2023-24,2024-02-27,BOS,PHI,1,0.81569
22300837,2023-24,2024-02-27,NYK,NOP,0,0.4757
22300838,2023-24,2024-02-27,MIN,SAS,1,0.87156
22300839,2023-24,2024-02-27,CHI,DET,0,0.83856
22300840,2023-24,2024-02-27,MIL,CHA,1,0.8482
22300841,2023-24,2024-02-27,OKC,HOU,1,0.77315
22300842,2023-24,2024-02-27,POR,MIA,0,0.37281
22300843,2023-24,2024-02-28,IND,NOP,1,0.63012
22300844,2023-24,2024-02-28,TOR,DAL,0,0.48526
22300845,2023-24,2024-02-28,MIN,MEM,1,0.83759
22300846,2023-24,2024-02-28,CHI,CLE,1,0.37667
22300847,2023-24,2024-02-28,DEN,SAC,1,0.70838
22300848,2023-24,2024-02-28,LAC,LAL,0,0.65131
22300849,2023-24,2024-02-29,CHA,MIL,0,0.24914
22300850,2023-24,2024-02-29,ORL,UTA,1,0.66606
22300851,2023-24,2024-02-29,BKN,ATL,1,0.53661
22300852,2023-24,2024-02-29,NYK,GSW,0,0.46204
22300853,2023-24,2024-02-29,SAS,OKC,1,0.2451
22300854,2023-24,2024-02-29,PHX,HOU,1,0.7338
22300855,2023-24,2024-02-29,DEN,MIA,1,0.62752
22300856,2023-24,2024-02-29,LAL,WAS,1,0.77633
22300857,2023-24,2024-03-01,DET,CLE,0,0.20591
22300858,2023-24,2024-03-01,PHI,CHA,1,0.84052
22300859,2023-24,2024-03-01,BOS,DAL,1,0.74517
22300860,2023-24,2024-03-01,TOR,GSW,0,0.47168
22300861,2023-24,2024-03-01,MEM,POR,0,0.57569
22300862,2023-24,2024-03-01,MIN,SAC,0,0.75908
22300863,2023-24,2024-03-01,NOP,IND,1,0.61965
22300864,2023-24,2024-03-01,CHI,MIL,0,0.50436
22300865,2023-24,2024-03-01,LAC,WAS,1,0.86167
22300866,2023-24,2024-03-02,BKN,ATL,1,0.58412
22300867,2023-24,2024-03-02,MIA,UTA,1,0.71167
22300868,2023-24,2024-03-02,MEM,POR,0,0.53247
22300869,2023-24,2024-03-02,LAL,DEN,0,0.4652
22300870,2023-24,2024-03-02,PHX,HOU,0,0.72122
22300871,2023-24,2024-03-03,DAL,PHI,0,0.68093
22300872,2023-24,2024-03-03,BOS,GSW,1,0.75208
22300873,2023-24,2024-03-03,MIN,LAC,0,0.63866
22300874,2023-24,2024-03-03,ORL,DET,1,0.80906
22300875,2023-24,2024-03-03,TOR,CHA,1,0.73283
22300876,2023-24,2024-03-03,CLE,NYK,0,0.70086
22300877,2023-24,2024-03-03,SAS,IND,1,0.38275
22300878,2023-24,2024-03-03,PHX,OKC,0,0.48278
22300879,2023-24,2024-03-04,BKN,MEM,0,0.7764
22300880,2023-24,2024-03-04,MIL,LAC,1,0.66762
22300881,2023-24,2024-03-04,MIN,POR,1,0.85491
22300882,2023-24,2024-03-04,UTA,WAS,1,0.69012
22300883,2023-24,2024-03-04,SAC,CHI,0,0.60623
22300884,2023-24,2024-03-04,LAL,OKC,1,0.54192
22300885,2023-24,2024-03-05,CHA,ORL,0,0.29473
22300886,2023-24,2024-03-05,CLE,BOS,1,0.43598
22300887,2023-24,2024-03-05,BKN,PHI,1,0.46233
22300888,2023-24,2024-03-05,MIA,DET,1,0.81826
22300889,2023-24,2024-03-05,NYK,ATL,0,0.68004
22300890,2023-24,2024-03-05,TOR,NOP,0,0.33137
22300891,2023-24,2024-03-05,HOU,SAS,1,0.70727
22300892,2023-24,2024-03-05,DAL,IND,0,0.64676
22300893,2023-24,2024-03-05,DEN,PHX,0,0.70741
22300894,2023-24,2024-03-06,WAS,ORL,0,0.37583
22300895,2023-24,2024-03-06,ATL,CLE,1,0.40721
22300896,2023-24,2024-03-06,PHI,MEM,0,0.72107
22300897,2023-24,2024-03-06,HOU,LAC,0,0.38812
22300898,2023-24,2024-03-06,UTA,CHI,0,0.50672
22300899,2023-24,2024-03-06,GSW,MIL,1,0.57589
22300900,2023-24,2024-03-06,POR,OKC,0,0.21408
22300901,2023-24,2024-03-06,LAL,SAC,0,0.61268
22300902,2023-24,2024-03-07,DET,BKN,1,0.40914
22300903,2023-24,2024-03-07,IND,MIN,0,0.45713
22300904,2023-24,2024-03-07,DAL,MIA,1,0.63641
22300905,2023-24,2024-03-07,PHX,TOR,1,0.78943
22300906,2023-24,2024-03-07,DEN,BOS,1,0.52099
22300907,2023-24,2024-03-07,GSW,CHI,0,0.68969
22300908,2023-24,2024-03-07,SAC,SAS,1,0.72069
22300909,2023-24,2024-03-08,PHI,NOP,0,0.36918
22300910,2023-24,2024-03-08,WAS,CHA,1,0.58373
22300911,2023-24,2024-03-08,CLE,MIN,1,0.58078
22300912,2023-24,2024-03-08,NYK,ORL,1,0.52532
22300913,2023-24,2024-03-08,MEM,ATL,0,0.43724
22300914,2023-24,2024-03-08,OKC,MIA,1,0.75489
22300915,2023-24,2024-03-08,LAL,MIL,1,0.53744
22300916,2023-24,2024-03-08,POR,HOU,0,0.36778
22300917,2023-24,2024-03-09,LAC,CHI,1,0.76296
22300918,2023-24,2024-03-09,CHA,BKN,1,0.33288
22300919,2023-24,2024-03-09,DET,DAL,0,0.28473
22300920,2023-24,2024-03-09,PHX,BOS,0,0.38545
22300921,2023-24,2024-03-09,GSW,SAS,0,0.8071
22300922,2023-24,2024-03-09,DEN,UTA,1,0.83658
22300923,2023-24,2024-03-09,POR,TOR,1,0.43373
22300924,2023-24,2024-03-10,LAC,MIL,0,0.56032
22300925,2023-24,2024-03-10,ATL,NOP,0,0.36805
22300926,2023-24,2024-03-10,MIA,WAS,0,0.81266
22300927,2023-24,2024-03-10,NYK,PHI,0,0.66342
22300928,2023-24,2024-03-10,ORL,IND,0,0.55589
22300929,2023-24,2024-03-10,SAC,HOU,0,0.64013
22300930,2023-24,2024-03-10,CLE,BKN,0,0.80287
22300931,2023-24,2024-03-10,OKC,MEM,1,0.88193
22300932,2023-24,2024-03-10,LAL,MIN,1,0.47557
22300933,2023-24,2024-03-11,DET,CHA,1,0.62844
22300934,2023-24,2024-03-11,CLE,PHX,0,0.46166
22300935,2023-24,2024-03-11,CHI,DAL,0,0.45323
22300936,2023-24,2024-03-11,SAS,GSW,0,0.35368
22300937,2023-24,2024-03-11,DEN,TOR,1,0.87348
22300938,2023-24,2024-03-11,POR,BOS,0,0.15374
22300939,2023-24,2024-03-12,NYK,PHI,1,0.63491
22300940,2023-24,2024-03-12,MEM,WAS,1,0.5598
22300941,2023-24,2024-03-12,OKC,IND,0,0.67036
22300942,2023-24,2024-03-12,SAS,HOU,0,0.36064
22300943,2023-24,2024-03-12,UTA,BOS,0,0.32506
22300944,2023-24,2024-03-12,LAC,MIN,0,0.55422
22300945,2023-24,2024-03-12,SAC,MIL,1,0.49174
22300946,2023-24,2024-03-13,DET,TOR,1,0.57169
22300947,2023-24,2024-03-13,ORL,BKN,1,0.67282
22300948,2023-24,2024-03-13,IND,CHI,0,0.66427
22300949,2023-24,2024-03-13,MIA,DEN,0,0.42522
22300950,2023-24,2024-03-13,MEM,CHA,0,0.55151
22300951,2023-24,2024-03-13,NOP,CLE,0,0.71541
22300952,2023-24,2024-03-13,DAL,GSW,1,0.65068
22300953,2023-24,2024-03-13,POR,ATL,1,0.42671
22300954,2023-24,2024-03-13,SAC,LAL,1,0.48497
22300955,2023-24,2024-03-14,BOS,PHX,1,0.67884
22300956,2023-24,2024-03-14,CHI,LAC,0,0.36302
22300957,2023-24,2024-03-14,HOU,WAS,1,0.78267
22300958,2023-24,2024-03-14,MIL,PHI,1,0.70172
22300959,2023-24,2024-03-14,OKC,DAL,1,0.67954
22300960,2023-24,2024-03-14,POR,NYK,0,0.23722
22300961,2023-24,2024-03-15,CHA,PHX,0,0.25377
22300962,2023-24,2024-03-15,DET,MIA,0,0.35594
22300963,2023-24,2024-03-15,TOR,ORL,0,0.35713
22300964,2023-24,2024-03-15,NOP,LAC,1,0.68039
22300965,2023-24,2024-03-15,SAS,DEN,0,0.25077
22300966,2023-24,2024-03-15,UTA,ATL,1,0.5807
22300967,2023-24,2024-03-16,HOU,CLE,1,0.4435
22300968,2023-24,2024-03-16,IND,BKN,1,0.7337
22300969,2023-24,2024-03-16,PHI,CHA,1,0.83398
22300970,2023-24,2024-03-16,NOP,POR,1,0.83373
22300971,2023-24,2024-03-16,CHI,WAS,1,0.74755
22300972,2023-24,2024-03-16,MEM,OKC,0,0.20726
22300973,2023-24,2024-03-16,LAL,GSW,0,0.64221
22300974,2023-24,2024-03-16,UTA,MIN,0,0.24456
22300975,2023-24,2024-03-16,SAC,NYK,0,0.53277
22300976,2023-24,2024-03-17,MIL,PHX,1,0.55489
22300977,2023-24,2024-03-17,DET,MIA,0,0.33279
22300978,2023-24,2024-03-17,DAL,DEN,1,0.45396
22300979,2023-24,2024-03-17,ORL,TOR,1,0.78114
22300980,2023-24,2024-03-17,WAS,BOS,0,0.08625
22300981,2023-24,2024-03-17,SAS,BKN,1,0.57793
22300982,2023-24,2024-03-17,LAC,ATL,0,0.76381
22300983,2023-24,2024-03-18,IND,CLE,0,0.596
22300984,2023-24,2024-03-18,BOS,DET,1,0.9061
22300985,2023-24,2024-03-18,PHI,MIA,1,0.59742
22300986,2023-24,2024-03-18,CHI,POR,1,0.73798
22300987,2023-24,2024-03-18,UTA,MIN,0,0.30275
22300988,2023-24,2024-03-18,GSW,NYK,0,0.56487
22300989,2023-24,2024-03-18,SAC,MEM,1,0.78382
22300990,2023-24,2024-03-18,LAL,ATL,1,0.75983
22300991,2023-24,2024-03-19,ORL,CHA,1,0.83266
22300992,2023-24,2024-03-19,WAS,HOU,0,0.26894
22300993,2023-24,2024-03-19,BKN,NOP,0,0.36582
22300994,2023-24,2024-03-19,SAS,DAL,0,0.32983
22300995,2023-24,2024-03-19,MIN,DEN,0,0.44691
22300996,2023-24,2024-03-20,CLE,MIA,0,0.64147
22300997,2023-24,2024-03-20,DET,IND,0,0.23757
22300998,2023-24,2024-03-20,BOS,MIL,1,0.71564
22300999,2023-24,2024-03-20,TOR,SAC,0,0.35075
22301000,2023-24,2024-03-20,OKC,UTA,1,0.8246
22301001,2023-24,2024-03-20,GSW,MEM,1,0.82193
22301002,2023-24,2024-03-20,PHX,PHI,1,0.75672
22301003,2023-24,2024-03-20,POR,LAC,0,0.2583
22301004,2023-24,2024-03-21,ORL,NOP,1,0.49185
22301005,2023-24,2024-03-21,WAS,SAC,1,0.27677
22301006,2023-24,2024-03-21,HOU,CHI,1,0.64149
22301007,2023-24,2024-03-21,MIL,BKN,1,0.68442
22301008,2023-24,2024-03-21,DAL,UTA,1,0.84676
22301009,2023-24,2024-03-21,DEN,NYK,1,0.72306
22301010,2023-24,2024-03-21,PHX,ATL,1,0.72151
22301011,2023-24,2024-03-22,DET,BOS,0,0.14528
22301012,2023-24,2024-03-22,TOR,OKC,0,0.20623
22301013,2023-24,2024-03-22,MIA,NOP,0,0.52108
22301014,2023-24,2024-03-22,MIN,CLE,1,0.67443
22301015,2023-24,2024-03-22,SAS,MEM,0,0.6776
22301016,2023-24,2024-03-22,GSW,IND,0,0.59461
22301017,2023-24,2024-03-22,POR,LAC,0,0.24946
22301018,2023-24,2024-03-22,LAL,PHI,1,0.71908
22301019,2023-24,2024-03-23,NYK,BKN,1,0.72574
22301020,2023-24,2024-03-23,ORL,SAC,0,0.6227
22301021,2023-24,2024-03-23,ATL,CHA,1,0.74813
22301022,2023-24,2024-03-23,WAS,TOR,1,0.63199
22301023,2023-24,2024-03-23,CHI,BOS,0,0.39166
22301024,2023-24,2024-03-23,HOU,UTA,1,0.69878
22301025,2023-24,2024-03-23,SAS,PHX,0,0.25562
22301026,2023-24,2024-03-23,POR,DEN,0,0.12642
22301027,2023-24,2024-03-24,DET,NOP,0,0.20871
22301028,2023-24,2024-03-24,LAC,PHI,0,0.71241
22301029,2023-24,2024-03-24,MIA,CLE,1,0.56354
22301030,2023-24,2024-03-24,MIL,OKC,1,0.55187
22301031,2023-24,2024-03-24,MIN,GSW,1,0.64382
22301032,2023-24,2024-03-24,LAL,IND,1,0.53938
22301033,2023-24,2024-03-25,CLE,CHA,1,0.794
22301034,2023-24,2024-03-25,ATL,BOS,1,0.29558
22301035,2023-24,2024-03-25,NYK,DET,1,0.89929
22301036,2023-24,2024-03-25,TOR,BKN,0,0.39748
22301037,2023-24,2024-03-25,CHI,WAS,0,0.77419
22301038,2023-24,2024-03-25,HOU,POR,1,0.81716
22301039,2023-24,2024-03-25,SAS,PHX,1,0.30596
22301040,2023-24,2024-03-25,DEN,MEM,1,0.84292
22301041,2023-24,2024-03-25,UTA,DAL,0,0.28874
22301042,2023-24,2024-03-25,SAC,PHI,1,0.70913
22301043,2023-24,2024-03-25,LAC,IND,0,0.58698
22301044,2023-24,2024-03-26,MIA,GSW,0,0.51568
22301045,2023-24,2024-03-26,MIL,LAL,0,0.70135
22301046,2023-24,2024-03-26,NOP,OKC,0,0.56049
22301047,2023-24,2024-03-26,SAC,DAL,0,0.50023
22301048,2023-24,2024-03-27,CHA,CLE,1,0.26404
22301049,2023-24,2024-03-27,ORL,GSW,0,0.62557
22301050,2023-24,2024-03-27,WAS,BKN,0,0.41356
22301051,2023-24,2024-03-27,ATL,POR,1,0.76992
22301052,2023-24,2024-03-27,PHI,LAC,0,0.47169
22301053,2023-24,2024-03-27,TOR,NYK,0,0.24029
22301054,2023-24,2024-03-27,CHI,IND,1,0.43087
22301055,2023-24,2024-03-27,MEM,LAL,0,0.39425
22301056,2023-24,2024-03-27,MIN,DET,1,0.91564
22301057,2023-24,2024-03-27,OKC,HOU,0,0.68146
22301058,2023-24,2024-03-27,UTA,SAS,0,0.63253
22301059,2023-24,2024-03-27,DEN,PHX,0,0.58666
22301060,2023-24,2024-03-28,ATL,BOS,1,0.23999
22301061,2023-24,2024-03-28,NOP,MIL,1,0.55466
22301062,2023-24,2024-03-29,CHA,GSW,0,0.21601
22301063,2023-24,2024-03-29,IND,LAL,1,0.63924
22301064,2023-24,2024-03-29,ORL,LAC,0,0.55285
22301065,2023-24,2024-03-29,WAS,DET,0,0.62512
22301066,2023-24,2024-03-29,BKN,CHI,1,0.47715
22301067,2023-24,2024-03-29,CLE,PHI,1,0.63476
22301068,2023-24,2024-03-29,MIA,POR,1,0.8129
22301069,2023-24,2024-03-29,OKC,PHX,1,0.57965
22301070,2023-24,2024-03-29,SAS,NYK,1,0.3565
22301071,2023-24,2024-03-29,DEN,MIN,0,0.61443
22301072,2023-24,2024-03-29,UTA,HOU,0,0.43064
22301073,2023-24,2024-03-29,SAC,DAL,0,0.45653
22301074,2023-24,2024-03-30,NOP,BOS,0,0.42709
22301075,2023-24,2024-03-30,ORL,MEM,1,0.75631
22301076,2023-24,2024-03-30,ATL,MIL,0,0.36183
22301077,2023-24,2024-03-31,DEN,CLE,1,0.64293
22301078,2023-24,2024-03-31,BKN,LAL,0,0.39621
22301079,2023-24,2024-03-31,CHA,LAC,0,0.20493
22301080,2023-24,2024-03-31,TOR,PHI,0,0.31377
22301081,2023-24,2024-03-31,WAS,MIA,0,0.29912
22301082,2023-24,2024-03-31,NYK,OKC,0,0.59201
22301083,2023-24,2024-03-31,HOU,DAL,0,0.44815
22301084,2023-24,2024-03-31,MIN,CHI,0,0.75601
22301085,2023-24,2024-03-31,SAS,GSW,0,0.35635
22301086,2023-24,2024-03-31,SAC,UTA,1,0.76055
22301087,2023-24,2024-04-01,CHA,BOS,0,0.08119
22301088,2023-24,2024-04-01,DET,MEM,0,0.55383
22301089,2023-24,2024-04-01,IND,BKN,1,0.82577
22301090,2023-24,2024-04-01,ORL,POR,1,0.84318
22301091,2023-24,2024-04-01,CHI,ATL,0,0.57081
22301092,2023-24,2024-04-01,NOP,PHX,0,0.57766
22300589,2023-24,2024-04-02,GSW,DAL,1,0.52367
22301093,2023-24,2024-04-02,PHI,OKC,1,0.36635
22301094,2023-24,2024-04-02,TOR,LAL,0,0.20429
22301095,2023-24,2024-04-02,WAS,MIL,1,0.20823
22301096,2023-24,2024-04-02,MIA,NYK,1,0.52812
22301098,2023-24,2024-04-02,MIN,HOU,1,0.72054
22301099,2023-24,2024-04-02,DEN,SAS,1,0.83248
22301100,2023-24,2024-04-02,UTA,CLE,0,0.29021
22301101,2023-24,2024-04-02,SAC,LAC,1,0.48601
22301102,2023-24,2024-04-03,CHA,POR,0,0.57386
22301103,2023-24,2024-04-03,WAS,LAL,0,0.25067
22301104,2023-24,2024-04-03,ATL,DET,1,0.78684
22301105,2023-24,2024-04-03,BOS,OKC,1,0.81511
22301106,2023-24,2024-04-03,BKN,IND,1,0.33216
22301107,2023-24,2024-04-03,MIL,MEM,0,0.82062
22301108,2023-24,2024-04-03,MIN,TOR,1,0.88738
22301109,2023-24,2024-04-03,NOP,ORL,0,0.63935
22301110,2023-24,2024-04-03,PHX,CLE,1,0.7155
22301111,2023-24,2024-04-04,MIA,PHI,0,0.60906
22301112,2023-24,2024-04-04,NYK,SAC,1,0.65649
22301113,2023-24,2024-04-04,HOU,GSW,0,0.49796
22301114,2023-24,2024-04-04,LAC,DEN,1,0.49392
22301124,2023-24,2024-04-04,DAL,ATL,1,0.81344
22301097,2023-24,2024-04-05,DAL,GSW,1,0.64681
22301115,2023-24,2024-04-05,CHA,ORL,1,0.22562
22301116,2023-24,2024-04-05,IND,OKC,1,0.6273
22301117,2023-24,2024-04-05,WAS,POR,0,0.60689
22301118,2023-24,2024-04-05,BOS,SAC,1,0.86322
22301119,2023-24,2024-04-05,CHI,NYK,1,0.54252
22301120,2023-24,2024-04-05,HOU,MIA,0,0.54417
22301121,2023-24,2024-04-05,MEM,DET,1,0.62921
22301122,2023-24,2024-04-05,MIL,TOR,0,0.87039
22301123,2023-24,2024-04-05,NOP,SAS,0,0.79153
22301125,2023-24,2024-04-05,PHX,MIN,1,0.60851
22301126,2023-24,2024-04-05,LAC,UTA,1,0.73918
22301127,2023-24,2024-04-06,LAL,CLE,1,0.57067
22301128,2023-24,2024-04-06,BKN,DET,1,0.80937
22301129,2023-24,2024-04-06,MEM,PHI,0,0.20914
22301130,2023-24,2024-04-06,DEN,ATL,1,0.77669
22301131,2023-24,2024-04-07,DAL,HOU,1,0.70895
22301132,2023-24,2024-04-07,LAC,CLE,1,0.56732
22301133,2023-24,2024-04-07,IND,MIA,1,0.63601
22301134,2023-24,2024-04-07,BOS,POR,1,0.94106
22301135,2023-24,2024-04-07,CHA,OKC,0,0.27535
22301136,2023-24,2024-04-07,ORL,CHI,1,0.64443
22301137,2023-24,2024-04-07,TOR,WAS,1,0.56985
22301138,2023-24,2024-04-07,PHX,NOP,0,0.66657
22301139,2023-24,2024-04-07,MIL,NYK,0,0.51468
22301140,2023-24,2024-04-07,SAS,PHI,0,0.44481
22301141,2023-24,2024-04-07,BKN,SAC,0,0.36666
22301142,2023-24,2024-04-07,GSW,UTA,1,0.86377
22301143,2023-24,2024-04-07,LAL,MIN,0,0.50313
22301144,2023-24,2024-04-09,CHA,DAL,0,0.1851
22301145,2023-24,2024-04-09,PHI,DET,1,0.83281
22301146,2023-24,2024-04-09,TOR,IND,0,0.22609
22301147,2023-24,2024-04-09,ATL,MIA,0,0.45333
22301148,2023-24,2024-04-09,MIL,BOS,1,0.43817
22301149,2023-24,2024-04-09,CHI,NYK,0,0.39264
22301150,2023-24,2024-04-09,HOU,ORL,1,0.50659
22301151,2023-24,2024-04-09,MEM,SAS,0,0.43634
22301152,2023-24,2024-04-09,MIN,WAS,1,0.8896
22301153,2023-24,2024-04-09,OKC,SAC,1,0.60139
22301154,2023-24,2024-04-09,UTA,DEN,0,0.16585
22301155,2023-24,2024-04-09,LAL,GSW,0,0.56385
22301156,2023-24,2024-04-09,PHX,LAC,0,0.70452
22301157,2023-24,2024-04-09,POR,NOP,0,0.2077
22301158,2023-24,2024-04-10,CLE,MEM,1,0.89849
22301159,2023-24,2024-04-10,ATL,CHA,0,0.78367
22301160,2023-24,2024-04-10,BKN,TOR,1,0.74886
22301161,2023-24,2024-04-10,MIA,DAL,0,0.50739
22301162,2023-24,2024-04-10,MIL,ORL,1,0.68243
22301163,2023-24,2024-04-10,OKC,SAS,1,0.8373
22301164,2023-24,2024-04-10,DEN,MIN,1,0.63521
22301165,2023-24,2024-04-10,LAC,PHX,0,0.4695
22301166,2023-24,2024-04-11,DET,CHI,0,0.28029
22301167,2023-24,2024-04-11,BOS,NYK,0,0.67657
22301168,2023-24,2024-04-11,UTA,HOU,1,0.28889
22301169,2023-24,2024-04-11,POR,GSW,0,0.1894
22301170,2023-24,2024-04-11,SAC,NOP,0,0.5256
22301171,2023-24,2024-04-12,PHI,ORL,1,0.64002
22301172,2023-24,2024-04-12,WAS,CHI,0,0.3936
22301173,2023-24,2024-04-12,BOS,CHA,1,0.92078
22301174,2023-24,2024-04-12,CLE,IND,1,0.56174
22301175,2023-24,2024-04-12,NYK,BKN,1,0.79678
22301176,2023-24,2024-04-12,MIA,TOR,1,0.8645
22301177,2023-24,2024-04-12,MEM,LAL,0,0.21658
22301178,2023-24,2024-04-12,MIN,ATL,1,0.77214
22301179,2023-24,2024-04-12,OKC,MIL,1,0.67384
22301180,2023-24,2024-04-12,SAS,DEN,1,0.20944
22301181,2023-24,2024-04-12,DAL,DET,0,0.9373
22301182,2023-24,2024-04-12,GSW,NOP,0,0.57779
22301183,2023-24,2024-04-12,POR,HOU,0,0.30048
22301184,2023-24,2024-04-12,LAC,UTA,0,0.81753
22301185,2023-24,2024-04-12,SAC,PHX,0,0.3969
22301186,2023-24,2024-04-14,BOS,WAS,1,0.8885
22301187,2023-24,2024-04-14,CLE,CHA,0,0.88654
22301188,2023-24,2024-04-14,IND,ATL,1,0.74959
22301189,2023-24,2024-04-14,MIA,TOR,1,0.84805
22301190,2023-24,2024-04-14,NYK,CHI,1,0.78827
22301191,2023-24,2024-04-14,ORL,MIL,1,0.62927
22301192,2023-24,2024-04-14,PHI,BKN,1,0.81826
22301193,2023-24,2024-04-14,MEM,DEN,0,0.13764
22301194,2023-24,2024-04-14,MIN,PHX,0,0.60582
22301195,2023-24,2024-04-14,NOP,LAL,0,0.59221
22301196,2023-24,2024-04-14,OKC,DAL,1,0.69511
22301197,2023-24,2024-04-14,SAS,DET,1,0.74005
22301198,2023-24,2024-04-14,GSW,UTA,1,0.88204
22301199,2023-24,2024-04-14,LAC,HOU,0,0.62597
22301200,2023-24,2024-04-14,SAC,POR,1,0.85346
52300121,2023-24,2024-04-16,NOP,LAL,0,0.62348
52300131,2023-24,2024-04-16,SAC,GSW,1,0.60138
52300101,2023-24,2024-04-17,PHI,MIA,1,0.59551
52300111,2023-24,2024-04-17,CHI,ATL,1,0.6813
52300201,2023-24,2024-04-19,MIA,CHI,1,0.67452
52300211,2023-24,2024-04-19,NOP,SAC,1,0.67795
42300111,2023-24,2024-04-20,NYK,PHI,1,0.6955
42300131,2023-24,2024-04-20,CLE,ORL,1,0.55874
42300151,2023-24,2024-04-20,DEN,LAL,1,0.70066
42300161,2023-24,2024-04-20,MIN,PHX,1,0.59303
42300101,2023-24,2024-04-21,BOS,MIA,1,0.67727
42300121,2023-24,2024-04-21,MIL,IND,1,0.52143
42300141,2023-24,2024-04-21,OKC,NOP,1,0.67003
42300171,2023-24,2024-04-21,LAC,DAL,1,0.5808
42300112,2023-24,2024-04-22,NYK,PHI,1,0.67416
42300132,2023-24,2024-04-22,CLE,ORL,1,0.6589
42300152,2023-24,2024-04-22,DEN,LAL,1,0.7002
42300122,2023-24,2024-04-23,MIL,IND,0,0.53335
42300162,2023-24,2024-04-23,MIN,PHX,1,0.6065
42300172,2023-24,2024-04-23,LAC,DAL,0,0.50338
42300102,2023-24,2024-04-24,BOS,MIA,0,0.78806
42300142,2023-24,2024-04-24,OKC,NOP,1,0.64903
42300113,2023-24,2024-04-25,PHI,NYK,1,0.54435
42300133,2023-24,2024-04-25,ORL,CLE,1,0.54998
42300153,2023-24,2024-04-25,LAL,DEN,0,0.50735
42300123,2023-24,2024-04-26,IND,MIL,1,0.7075
42300163,2023-24,2024-04-26,PHX,MIN,0,0.60735
42300173,2023-24,2024-04-26,DAL,LAC,1,0.6425
42300103,2023-24,2024-04-27,MIA,BOS,0,0.40687
42300134,2023-24,2024-04-27,ORL,CLE,1,0.57697
42300143,2023-24,2024-04-27,NOP,OKC,0,0.53608
42300154,2023-24,2024-04-27,LAL,DEN,1,0.48944
42300114,2023-24,2024-04-28,PHI,NYK,0,0.55151
42300124,2023-24,2024-04-28,IND,MIL,1,0.71085
42300164,2023-24,2024-04-28,PHX,MIN,0,0.57818
42300174,2023-24,2024-04-28,DAL,LAC,0,0.6772
42300104,2023-24,2024-04-29,MIA,BOS,0,0.3648
42300144,2023-24,2024-04-29,NOP,OKC,0,0.50928
42300155,2023-24,2024-04-29,DEN,LAL,1,0.72844
42300115,2023-24,2024-04-30,NYK,PHI,0,0.65813
42300125,2023-24,2024-04-30,MIL,IND,1,0.43861
42300135,2023-24,2024-04-30,CLE,ORL,1,0.62137
42300105,2023-24,2024-05-01,BOS,MIA,1,0.80753
42300175,2023-24,2024-05-01,LAC,DAL,0,0.51601
42300116,2023-24,2024-05-02,PHI,NYK,0,0.55656
42300126,2023-24,2024-05-02,IND,MIL,1,0.73689
42300136,2023-24,2024-05-03,ORL,CLE,1,0.63002
42300176,2023-24,2024-05-03,DAL,LAC,1,0.743
42300231,2023-24,2024-05-04,DEN,MIN,0,0.69705
42300137,2023-24,2024-05-05,CLE,ORL,1,0.57609
42300211,2023-24,2024-05-06,NYK,IND,1,0.66903
42300232,2023-24,2024-05-06,DEN,MIN,0,0.69955
42300201,2023-24,2024-05-07,BOS,CLE,1,0.80846
42300221,2023-24,2024-05-07,OKC,DAL,1,0.65774
42300212,2023-24,2024-05-08,NYK,IND,1,0.6656
42300202,2023-24,2024-05-09,BOS,CLE,0,0.79248
42300222,2023-24,2024-05-09,OKC,DAL,0,0.65917
42300213,2023-24,2024-05-10,IND,NYK,1,0.54291
42300233,2023-24,2024-05-10,MIN,DEN,0,0.54552
42300203,2023-24,2024-05-11,CLE,BOS,0,0.44264
42300223,2023-24,2024-05-11,DAL,OKC,1,0.56258
42300214,2023-24,2024-05-12,IND,NYK,1,0.57718
42300234,2023-24,2024-05-12,MIN,DEN,0,0.53915
42300204,2023-24,2024-05-13,CLE,BOS,0,0.44169
42300224,2023-24,2024-05-13,DAL,OKC,0,0.55683
42300215,2023-24,2024-05-14,NYK,IND,1,0.56592
42300235,2023-24,2024-05-14,DEN,MIN,1,0.68714
42300205,2023-24,2024-05-15,BOS,CLE,1,0.79285
42300225,2023-24,2024-05-15,OKC,DAL,0,0.64691
42300236,2023-24,2024-05-16,MIN,DEN,1,0.50655
42300216,2023-24,2024-05-17,IND,NYK,1,0.61874
42300226,2023-24,2024-05-18,DAL,OKC,1,0.58219
42300217,2023-24,2024-05-19,NYK,IND,0,0.58451
42300237,2023-24,2024-05-19,DEN,MIN,0,0.66165
42300301,2023-24,2024-05-21,BOS,IND,1,0.74523
42300311,2023-24,2024-05-22,MIN,DAL,0,0.62629
42300302,2023-24,2024-05-23,BOS,IND,1,0.71555
42300312,2023-24,2024-05-24,MIN,DAL,0,0.6199
42300303,2023-24,2024-05-25,IND,BOS,0,0.48272
42300313,2023-24,2024-05-26,DAL,MIN,1,0.60169
42300304,2023-24,2024-05-27,IND,BOS,0,0.44037
42300314,2023-24,2024-05-28,DAL,MIN,0,0.60825
42300315,2023-24,2024-05-30,MIN,DAL,0,0.6268
42300401,2023-24,2024-06-06,BOS,DAL,1,0.69385
42300402,2023-24,2024-06-09,BOS,DAL,1,0.72056
42300403,2023-24,2024-06-12,DAL,BOS,0,0.48785
42300404,2023-24,2024-06-14,DAL,BOS,1,0.49793
42300405,2023-24,2024-06-17,BOS,DAL,1,0.69025
22400061,2024-25,2024-10-22,BOS,NYK,1,0.67564
22400062,2024-25,2024-10-22,LAL,MIN,1,0.55108
22400063,2024-25,2024-10-23,DET,IND,0,0.28291
22400064,2024-25,2024-10-23,ATL,BKN,1,0.71761
22400065,2024-25,2024-10-23,MIA,ORL,0,0.53725
22400066,2024-25,2024-10-23,PHI,MIL,0,0.62422
22400067,2024-25,2024-10-23,TOR,CLE,0,0.3565
22400068,2024-25,2024-10-23,HOU,CHA,0,0.70201
22400069,2024-25,2024-10-23,NOP,CHI,1,0.61493
22400070,2024-25,2024-10-23,UTA,MEM,0,0.5736
22400071,2024-25,2024-10-23,LAC,PHX,0,0.45616
22400072,2024-25,2024-10-23,POR,GSW,0,0.27207
22400073,2024-25,2024-10-24,WAS,BOS,0,0.21215
22400074,2024-25,2024-10-24,DAL,SAS,1,0.77402
22400075,2024-25,2024-10-24,DEN,OKC,0,0.57617
22400076,2024-25,2024-10-24,SAC,MIN,0,0.61031
22400077,2024-25,2024-10-25,ORL,BKN,1,0.75305
22400078,2024-25,2024-10-25,TOR,PHI,1,0.38315
22400079,2024-25,2024-10-25,ATL,CHA,1,0.66585
22400080,2024-25,2024-10-25,CLE,DET,1,0.76979
22400081,2024-25,2024-10-25,NYK,IND,1,0.54503
22400082,2024-25,2024-10-25,HOU,MEM,1,0.62011
22400083,2024-25,2024-10-25,MIL,CHI,0,0.74127
22400084,2024-25,2024-10-25,UTA,GSW,0,0.31322
22400085,2024-25,2024-10-25,LAL,PHX,1,0.60654
22400086,2024-25,2024-10-25,POR,NOP,0,0.27703
22400087,2024-25,2024-10-26,DEN,LAC,0,0.73865
22400088,2024-25,2024-10-26,CHA,MIA,0,0.34149
22400089,2024-25,2024-10-26,DET,BOS,0,0.16592
22400090,2024-25,2024-10-26,WAS,CLE,0,0.28956
22400091,2024-25,2024-10-26,CHI,OKC,0,0.25642
22400092,2024-25,2024-10-26,MEM,ORL,1,0.36735
22400093,2024-25,2024-10-26,MIN,TOR,1,0.85978
22400094,2024-25,2024-10-26,SAS,HOU,1,0.53711
22400095,2024-25,2024-10-26,PHX,DAL,1,0.4566
22400096,2024-25,2024-10-26,LAL,SAC,1,0.52969
22400097,2024-25,2024-10-27,IND,PHI,0,0.69813
22400098,2024-25,2024-10-27,BKN,MIL,1,0.33121
22400099,2024-25,2024-10-27,POR,NOP,1,0.28699
22400100,2024-25,2024-10-27,OKC,ATL,1,0.72811
22400101,2024-25,2024-10-27,GSW,LAC,0,0.80619
22400102,2024-25,2024-10-28,ORL,IND,1,0.65752
22400103,2024-25,2024-10-28,ATL,WAS,0,0.63742
22400104,2024-25,2024-10-28,BOS,MIL,1,0.78569
22400105,2024-25,2024-10-28,MIA,DET,1,0.69879
22400106,2024-25,2024-10-28,NYK,CLE,0,0.58255
22400107,2024-25,2024-10-28,TOR,DEN,0,0.23474
22400108,2024-25,2024-10-28,MEM,CHI,0,0.58631
22400109,2024-25,2024-10-28,SAS,HOU,0,0.43985
22400110,2024-25,2024-10-28,DAL,UTA,1,0.82078
22400111,2024-25,2024-10-28,PHX,LAL,1,0.51961
22400112,2024-25,2024-10-28,SAC,POR,1,0.87244
22400113,2024-25,2024-10-29,BKN,DEN,0,0.41017
22400114,2024-25,2024-10-29,MIN,DAL,0,0.63739
22400115,2024-25,2024-10-29,UTA,SAC,0,0.27658
22400116,2024-25,2024-10-29,GSW,NOP,1,0.71383
22400117,2024-25,2024-10-30,CHA,TOR,1,0.63115
22400118,2024-25,2024-10-30,CLE,LAL,1,0.5828
22400119,2024-25,2024-10-30,IND,BOS,1,0.38362
22400120,2024-25,2024-10-30,PHI,DET,0,0.6615
22400121,2024-25,2024-10-30,WAS,ATL,1,0.42681
22400122,2024-25,2024-10-30,MIA,NYK,0,0.45189
22400123,2024-25,2024-10-30,CHI,ORL,1,0.41754
22400124,2024-25,2024-10-30,MEM,BKN,0,0.67652
22400125,2024-25,2024-10-30,OKC,SAS,1,0.84188
22400126,2024-25,2024-10-30,GSW,NOP,1,0.71874
22400127,2024-25,2024-10-30,LAC,POR,0,0.76501
22400128,2024-25,2024-10-31,MEM,MIL,1,0.34394
22400129,2024-25,2024-10-31,DAL,HOU,0,0.6634
22400130,2024-25,2024-10-31,UTA,SAS,0,0.58032
22400131,2024-25,2024-10-31,LAC,PHX,0,0.34418
22400132,2024-25,2024-11-01,CHA,BOS,0,0.21915
22400133,2024-25,2024-11-01,CLE,ORL,1,0.68811
22400134,2024-25,2024-11-01,DET,NYK,0,0.31052
22400135,2024-25,2024-11-01,ATL,SAC,0,0.27189
22400136,2024-25,2024-11-01,BKN,CHI,1,0.59847
22400137,2024-25,2024-11-01,TOR,LAL,0,0.27491
22400138,2024-25,2024-11-01,NOP,IND,1,0.43702
22400139,2024-25,2024-11-01,MIN,DEN,1,0.51431
22400140,2024-25,2024-11-01,POR,OKC,0,0.22232
22400141,2024-25,2024-11-02,CHA,BOS,0,0.20841
22400142,2024-25,2024-11-02,PHI,MEM,0,0.55972
22400143,2024-25,2024-11-02,TOR,SAC,1,0.21997
22400144,2024-25,2024-11-02,HOU,GSW,0,0.49463
22400145,2024-25,2024-11-02,MIL,CLE,0,0.47043
22400146,2024-25,2024-11-02,SAS,MIN,1,0.48104
22400148,2024-25,2024-11-02,DEN,UTA,1,0.82559
22400149,2024-25,2024-11-02,PHX,POR,1,0.87172
22400150,2024-25,2024-11-02,LAC,OKC,0,0.4477
22400151,2024-25,2024-11-03,BKN,DET,0,0.65081
22400152,2024-25,2024-11-03,NOP,ATL,0,0.63418
22400153,2024-25,2024-11-03,DAL,ORL,1,0.69834
22400154,2024-25,2024-11-04,CLE,MIL,1,0.70997
22400155,2024-25,2024-11-04,WAS,GSW,0,0.26229
22400156,2024-25,2024-11-04,DET,LAL,1,0.27233
22400157,2024-25,2024-11-04,ATL,BOS,0,0.16722
22400158,2024-25,2024-11-04,BKN,MEM,1,0.44897
22400159,2024-25,2024-11-04,MIA,SAC,0,0.43705
22400160,2024-25,2024-11-04,CHI,UTA,0,0.75599
22400161,2024-25,2024-11-04,HOU,NYK,1,0.41252
22400162,2024-25,2024-11-04,MIN,CHA,1,0.77356
22400163,2024-25,2024-11-04,OKC,ORL,1,0.82332
22400164,2024-25,2024-11-04,NOP,POR,0,0.49566
22400165,2024-25,2024-11-04,DAL,IND,0,0.58794
22400166,2024-25,2024-11-04,DEN,TOR,1,0.82573
22400167,2024-25,2024-11-04,PHX,PHI,1,0.79611
22400168,2024-25,2024-11-04,LAC,SAS,1,0.6173
22400169,2024-25,2024-11-06,CHA,DET,1,0.43491
22400170,2024-25,2024-11-06,IND,ORL,1,0.65793
22400171,2024-25,2024-11-06,ATL,NYK,1,0.25424
22400172,2024-25,2024-11-06,BOS,GSW,0,0.63947
22400173,2024-25,2024-11-06,HOU,SAS,1,0.701
22400174,2024-25,2024-11-06,MEM,LAL,1,0.43523
22400175,2024-25,2024-11-06,NOP,CLE,0,0.22982
22400176,2024-25,2024-11-06,DAL,CHI,1,0.80109
22400177,2024-25,2024-11-06,DEN,OKC,1,0.41573
22400178,2024-25,2024-11-06,PHX,MIA,1,0.70123
22400179,2024-25,2024-11-06,LAC,PHI,1,0.58901
22400180,2024-25,2024-11-06,SAC,TOR,1,0.8427
22400181,2024-25,2024-11-07,CHI,MIN,0,0.26814
22400182,2024-25,2024-11-07,MIL,UTA,1,0.77787
22400183,2024-25,2024-11-07,SAS,POR,1,0.52478
22400184,2024-25,2024-11-08,CHA,IND,1,0.32664
22400185,2024-25,2024-11-08,DET,ATL,1,0.61652
22400186,2024-25,2024-11-08,ORL,NOP,1,0.6996
22400187,2024-25,2024-11-08,BOS,BKN,1,0.82535
22400188,2024-25,2024-11-08,CLE,GSW,1,0.55562
22400189,2024-25,2024-11-08,NYK,MIL,1,0.75043
22400190,2024-25,2024-11-08,DAL,PHX,0,0.56146
22400191,2024-25,2024-11-08,MEM,WAS,1,0.72892
22400192,2024-25,2024-11-08,OKC,HOU,1,0.6878
22400193,2024-25,2024-11-08,MIN,POR,1,0.79739
22400194,2024-25,2024-11-08,DEN,MIA,1,0.63207
22400195,2024-25,2024-11-08,LAL,PHI,1,0.5949
22400196,2024-25,2024-11-08,SAC,LAC,0,0.72184
22400197,2024-25,2024-11-09,SAS,UTA,0,0.72694
22400198,2024-25,2024-11-09,ATL,CHI,0,0.53201
22400199,2024-25,2024-11-09,CLE,BKN,1,0.79753
22400200,2024-25,2024-11-09,LAC,TOR,1,0.69072
22400201,2024-25,2024-11-10,DET,HOU,0,0.39971
22400202,2024-25,2024-11-10,MIL,BOS,0,0.32628
22400203,2024-25,2024-11-10,IND,NYK,1,0.40735
22400204,2024-25,2024-11-10,ORL,WAS,1,0.78105
22400205,2024-25,2024-11-10,PHI,CHA,1,0.62096
22400206,2024-25,2024-11-10,MIN,MIA,0,0.6867
22400207,2024-25,2024-11-10,OKC,GSW,0,0.64741
22400208,2024-25,2024-11-10,DEN,DAL,1,0.543
22400209,2024-25,2024-11-10,PHX,SAC,0,0.56408
22400210,2024-25,2024-11-10,POR,MEM,0,0.43202
22400211,2024-25,2024-11-10,LAL,TOR,1,0.81751
22400212,2024-25,2024-11-11,CHI,CLE,0,0.25739
22400213,2024-25,2024-11-11,HOU,WAS,1,0.84924
22400214,2024-25,2024-11-11,NOP,BKN,0,0.41797
22400215,2024-25,2024-11-11,OKC,LAC,1,0.71941
22400216,2024-25,2024-11-11,SAS,SAC,1,0.40991
22400001,2024-25,2024-11-12,BOS,ATL,0,0.85906
22400002,2024-25,2024-11-12,DET,MIA,1,0.51928
22400003,2024-25,2024-11-12,ORL,CHA,1,0.72302
22400004,2024-25,2024-11-12,PHI,NYK,0,0.3378
22400005,2024-25,2024-11-12,MIL,TOR,1,0.72299
22400006,2024-25,2024-11-12,UTA,PHX,0,0.28205
22400007,2024-25,2024-11-12,GSW,DAL,1,0.60971
22400008,2024-25,2024-11-12,POR,MIN,1,0.2816
22400217,2024-25,2024-11-13,ORL,IND,1,0.49749
22400218,2024-25,2024-11-13,BKN,BOS,0,0.33752
22400219,2024-25,2024-11-13,NYK,CHI,0,0.75266
22400220,2024-25,2024-11-13,PHI,CLE,0,0.25146
22400221,2024-25,2024-11-13,OKC,NOP,1,0.89932
22400222,2024-25,2024-11-13,HOU,LAC,1,0.63294
22400223,2024-25,2024-11-13,MIL,DET,1,0.60208
22400224,2024-25,2024-11-13,SAS,WAS,1,0.77576
22400225,2024-25,2024-11-13,LAL,MEM,1,0.63792
22400226,2024-25,2024-11-13,POR,MIN,1,0.30986
22400227,2024-25,2024-11-13,SAC,PHX,1,0.699
22400228,2024-25,2024-11-14,UTA,DAL,1,0.21806
22400009,2024-25,2024-11-15,IND,MIA,0,0.6363
22400010,2024-25,2024-11-15,ORL,PHI,1,0.76979
22400011,2024-25,2024-11-15,TOR,DET,0,0.46424
22400012,2024-25,2024-11-15,ATL,WAS,1,0.72114
22400013,2024-25,2024-11-15,CLE,CHI,1,0.82288
22400014,2024-25,2024-11-15,NYK,BKN,1,0.80919
22400015,2024-25,2024-11-15,SAS,LAL,0,0.45405
22400016,2024-25,2024-11-15,HOU,LAC,1,0.66879
22400017,2024-25,2024-11-15,NOP,DEN,1,0.20991
22400018,2024-25,2024-11-15,OKC,PHX,1,0.74975
22400019,2024-25,2024-11-15,GSW,MEM,1,0.75889
22400020,2024-25,2024-11-15,SAC,MIN,0,0.65703
22400229,2024-25,2024-11-16,CHA,MIL,1,0.46166
22400230,2024-25,2024-11-16,BOS,TOR,1,0.93613
22400231,2024-25,2024-11-16,NOP,LAL,0,0.29158
22400232,2024-25,2024-11-16,DAL,SAS,1,0.7666
22400233,2024-25,2024-11-16,SAC,UTA,1,0.78984
22400234,2024-25,2024-11-17,MIN,PHX,1,0.62382
22400235,2024-25,2024-11-17,IND,MIA,1,0.59708
22400236,2024-25,2024-11-17,CLE,CHA,1,0.89443
22400237,2024-25,2024-11-17,WAS,DET,0,0.38389
22400238,2024-25,2024-11-17,MEM,DEN,1,0.63223
22400239,2024-25,2024-11-17,POR,ATL,1,0.44794
22400240,2024-25,2024-11-17,NYK,BKN,1,0.74659
22400241,2024-25,2024-11-17,CHI,HOU,0,0.34117
22400242,2024-25,2024-11-17,OKC,DAL,0,0.722
22400243,2024-25,2024-11-17,LAC,UTA,1,0.79778
22400244,2024-25,2024-11-18,DET,CHI,0,0.63717
22400245,2024-25,2024-11-18,MIA,PHI,1,0.4933
22400246,2024-25,2024-11-18,NYK,WAS,1,0.88975
22400247,2024-25,2024-11-18,TOR,IND,1,0.42259
22400248,2024-25,2024-11-18,MIL,HOU,1,0.45372
22400249,2024-25,2024-11-18,PHX,ORL,0,0.42418
22400250,2024-25,2024-11-18,SAC,ATL,0,0.75295
22400251,2024-25,2024-11-18,LAC,GSW,1,0.27008
22400021,2024-25,2024-11-19,BOS,CLE,1,0.65857
22400022,2024-25,2024-11-19,BKN,CHA,1,0.64301
22400023,2024-25,2024-11-19,MEM,DEN,0,0.68578
22400024,2024-25,2024-11-19,DAL,NOP,1,0.83888
22400025,2024-25,2024-11-19,SAS,OKC,1,0.29818
22400026,2024-25,2024-11-19,LAL,UTA,1,0.8076
22400252,2024-25,2024-11-20,CLE,NOP,1,0.90213
22400253,2024-25,2024-11-20,MIL,CHI,1,0.70684
22400254,2024-25,2024-11-20,HOU,IND,1,0.7221
22400255,2024-25,2024-11-20,MEM,PHI,1,0.59617
22400256,2024-25,2024-11-20,OKC,POR,1,0.83529
22400257,2024-25,2024-11-20,PHX,NYK,0,0.38395
22400258,2024-25,2024-11-20,GSW,ATL,1,0.77858
22400259,2024-25,2024-11-20,LAC,ORL,1,0.47136
22400260,2024-25,2024-11-21,CHA,DET,1,0.4626
22400261,2024-25,2024-11-21,TOR,MIN,1,0.28888
22400262,2024-25,2024-11-21,SAS,UTA,1,0.70905
22400263,2024-25,2024-11-21,LAL,ORL,0,0.61455
22400027,2024-25,2024-11-22,PHI,BKN,1,0.62865
22400028,2024-25,2024-11-22,WAS,BOS,0,0.13734
22400029,2024-25,2024-11-22,MIL,IND,1,0.62133
22400030,2024-25,2024-11-22,CHI,ATL,1,0.50505
22400031,2024-25,2024-11-22,HOU,POR,1,0.84805
22400032,2024-25,2024-11-22,NOP,GSW,0,0.12368
22400033,2024-25,2024-11-22,DEN,DAL,0,0.36644
22400034,2024-25,2024-11-22,LAC,SAC,1,0.52687
22400264,2024-25,2024-11-23,UTA,NYK,1,0.19426
22400265,2024-25,2024-11-23,ORL,DET,1,0.69506
22400266,2024-25,2024-11-23,CHI,MEM,0,0.34468
22400267,2024-25,2024-11-23,HOU,POR,0,0.8564
22400268,2024-25,2024-11-23,MIL,CHA,1,0.6924
22400269,2024-25,2024-11-23,SAS,GSW,1,0.40349
22400270,2024-25,2024-11-23,LAL,DEN,0,0.58674
22400271,2024-25,2024-11-24,BOS,MIN,1,0.73374
22400272,2024-25,2024-11-24,IND,WAS,1,0.79995
22400273,2024-25,2024-11-24,MIA,DAL,1,0.5283
22400274,2024-25,2024-11-24,PHI,LAC,0,0.45829
22400275,2024-25,2024-11-24,CLE,TOR,1,0.83344
22400276,2024-25,2024-11-24,SAC,BKN,0,0.74331
22400277,2024-25,2024-11-25,CHA,ORL,0,0.33402
22400278,2024-25,2024-11-25,DET,TOR,1,0.68837
22400279,2024-25,2024-11-25,IND,NOP,1,0.73241
22400280,2024-25,2024-11-25,ATL,DAL,0,0.50641
22400281,2024-25,2024-11-25,BOS,LAC,1,0.77308
22400282,2024-25,2024-11-25,MEM,POR,1,0.77252
22400283,2024-25,2024-11-25,DEN,NYK,0,0.53798
22400284,2024-25,2024-11-25,GSW,BKN,0,0.85709
22400285,2024-25,2024-11-25,SAC,OKC,0,0.3119
22400035,2024-25,2024-11-26,WAS,CHI,0,0.37985
22400036,2024-25,2024-11-26,MIA,MIL,0,0.54329
22400037,2024-25,2024-11-26,MIN,HOU,0,0.45328
22400038,2024-25,2024-11-26,UTA,SAS,0,0.40161
22400039,2024-25,2024-11-26,PHX,LAL,1,0.58681
22400286,2024-25,2024-11-27,CHA,MIA,0,0.44418
22400287,2024-25,2024-11-27,CLE,ATL,0,0.77974
22400288,2024-25,2024-11-27,IND,POR,1,0.72458
22400289,2024-25,2024-11-27,ORL,CHI,1,0.80988
22400290,2024-25,2024-11-27,PHI,HOU,0,0.34326
22400291,2024-25,2024-11-27,WAS,LAC,0,0.20135
22400292,2024-25,2024-11-27,DAL,NYK,1,0.48328
22400293,2024-25,2024-11-27,MEM,DET,1,0.77265
22400294,2024-25,2024-11-27,MIN,SAC,0,0.44151
22400295,2024-25,2024-11-27,NOP,TOR,0,0.44488
22400296,2024-25,2024-11-27,SAS,LAL,0,0.59997
22400297,2024-25,2024-11-27,PHX,BKN,0,0.70734
22400298,2024-25,2024-11-27,UTA,DEN,0,0.22476
22400299,2024-25,2024-11-27,GSW,OKC,0,0.44668
22400040,2024-25,2024-11-29,CHA,NYK,0,0.23929
22400041,2024-25,2024-11-29,ATL,CLE,1,0.3745
22400042,2024-25,2024-11-29,MEM,NOP,1,0.85579
22400043,2024-25,2024-11-29,BKN,ORL,0,0.37419
22400044,2024-25,2024-11-29,MIN,LAC,1,0.60498
22400045,2024-25,2024-11-29,IND,DET,0,0.69808
22400046,2024-25,2024-11-29,MIA,TOR,1,0.70991
22400047,2024-25,2024-11-29,CHI,BOS,0,0.20683
22400048,2024-25,2024-11-29,LAL,OKC,0,0.32328
22400049,2024-25,2024-11-29,POR,SAC,1,0.30834
22400300,2024-25,2024-11-30,CHA,ATL,0,0.37483
22400301,2024-25,2024-11-30,DET,PHI,0,0.57283
22400302,2024-25,2024-11-30,MIL,WAS,1,0.81868
22400303,2024-25,2024-11-30,PHX,GSW,1,0.56599
22400304,2024-25,2024-11-30,UTA,DAL,0,0.20964
22400305,2024-25,2024-12-01,BKN,ORL,0,0.30152
22400306,2024-25,2024-12-01,MEM,IND,1,0.72682
22400307,2024-25,2024-12-01,CLE,BOS,1,0.43512
22400308,2024-25,2024-12-01,NYK,NOP,1,0.88743
22400309,2024-25,2024-12-01,TOR,MIA,1,0.40032
22400310,2024-25,2024-12-01,HOU,OKC,1,0.49143
22400311,2024-25,2024-12-01,UTA,LAL,0,0.28328
22400312,2024-25,2024-12-01,POR,DAL,0,0.35032
22400313,2024-25,2024-12-01,SAC,SAS,0,0.58577
22400314,2024-25,2024-12-01,LAC,DEN,1,0.46145
22400315,2024-25,2024-12-02,ATL,NOP,1,0.83397
22400316,2024-25,2024-12-02,BOS,MIA,1,0.75654
22400317,2024-25,2024-12-02,CHI,BKN,1,0.68137
22400318,2024-25,2024-12-02,MIN,LAL,1,0.74044
22400050,2024-25,2024-12-03,CHA,PHI,0,0.44053
22400051,2024-25,2024-12-03,CLE,WAS,1,0.89615
22400052,2024-25,2024-12-03,DET,MIL,0,0.39202
22400053,2024-25,2024-12-03,NYK,ORL,1,0.58351
22400054,2024-25,2024-12-03,TOR,IND,1,0.49432
22400055,2024-25,2024-12-03,OKC,UTA,1,0.90973
22400056,2024-25,2024-12-03,DAL,MEM,1,0.57031
22400057,2024-25,2024-12-03,PHX,SAS,1,0.62451
22400058,2024-25,2024-12-03,DEN,GSW,1,0.57311
22400059,2024-25,2024-12-03,SAC,HOU,1,0.46232
22400060,2024-25,2024-12-03,LAC,POR,1,0.75694
22400319,2024-25,2024-12-04,BOS,DET,1,0.87725
22400320,2024-25,2024-12-04,BKN,IND,1,0.48456
22400321,2024-25,2024-12-04,MIA,LAL,1,0.55556
22400322,2024-25,2024-12-04,PHI,ORL,0,0.33615
22400323,2024-25,2024-12-04,MIL,ATL,0,0.55259
22400324,2024-25,2024-12-04,LAC,MIN,0,0.46431
22400325,2024-25,2024-12-05,CLE,DEN,1,0.62234
22400326,2024-25,2024-12-05,WAS,DAL,0,0.15179
22400327,2024-25,2024-12-05,NYK,CHA,1,0.8816
22400328,2024-25,2024-12-05,TOR,OKC,0,0.23534
22400329,2024-25,2024-12-05,MEM,SAC,1,0.629
22400330,2024-25,2024-12-05,NOP,PHX,1,0.27024
22400331,2024-25,2024-12-05,SAS,CHI,0,0.64442
22400332,2024-25,2024-12-05,GSW,HOU,1,0.52437
22400333,2024-25,2024-12-06,PHI,ORL,1,0.27301
22400334,2024-25,2024-12-06,ATL,LAL,1,0.64038
22400335,2024-25,2024-12-06,BOS,MIL,1,0.73617
22400336,2024-25,2024-12-06,CHI,IND,0,0.44351
22400337,2024-25,2024-12-06,SAS,SAC,0,0.4253
22400338,2024-25,2024-12-06,GSW,MIN,0,0.46897
22400339,2024-25,2024-12-06,POR,UTA,0,0.61158
22400340,2024-25,2024-12-07,CHA,CLE,0,0.15959
22400341,2024-25,2024-12-07,WAS,DEN,1,0.15187
22400342,2024-25,2024-12-07,NOP,OKC,0,0.14977
22400343,2024-25,2024-12-07,NYK,DET,0,0.80161
22400344,2024-25,2024-12-07,TOR,DAL,0,0.23031
22400345,2024-25,2024-12-07,BOS,MEM,0,0.6099
22400346,2024-25,2024-12-07,MIA,PHX,1,0.60624
22400347,2024-25,2024-12-08,CHI,PHI,0,0.59437
22400348,2024-25,2024-12-08,BKN,MIL,0,0.38838
22400349,2024-25,2024-12-08,IND,CHA,0,0.82917
22400350,2024-25,2024-12-08,ATL,DEN,0,0.60375
22400351,2024-25,2024-12-08,MIA,CLE,1,0.4064
22400352,2024-25,2024-12-08,ORL,PHX,1,0.75445
22400353,2024-25,2024-12-08,WAS,MEM,0,0.16461
22400354,2024-25,2024-12-08,SAS,NOP,1,0.73588
22400355,2024-25,2024-12-08,GSW,MIN,1,0.59423
22400356,2024-25,2024-12-08,LAC,HOU,0,0.41709
22400357,2024-25,2024-12-08,SAC,UTA,1,0.8281
22400358,2024-25,2024-12-08,LAL,POR,1,0.72647
22400359,2024-25,2024-12-09,TOR,NYK,0,0.29685
22401201,2024-25,2024-12-10,MIL,ORL,1,0.55174
22401203,2024-25,2024-12-10,OKC,DAL,1,0.65273
22401202,2024-25,2024-12-11,NYK,ATL,0,0.74612
22401204,2024-25,2024-12-11,HOU,GSW,1,0.53417
22401205,2024-25,2024-12-12,BOS,DET,1,0.85871
22401206,2024-25,2024-12-12,MIA,TOR,1,0.7527
22401207,2024-25,2024-12-12,NOP,SAC,0,0.24812
22401208,2024-25,2024-12-13,CLE,WAS,1,0.92343
22401209,2024-25,2024-12-13,PHI,IND,0,0.62093
22401210,2024-25,2024-12-13,MIN,LAL,1,0.73375
22401211,2024-25,2024-12-13,MEM,BKN,1,0.75417
22401212,2024-25,2024-12-13,CHI,CHA,1,0.73887
22401213,2024-25,2024-12-13,DEN,LAC,1,0.69418
22401214,2024-25,2024-12-13,UTA,PHX,0,0.37697
22401215,2024-25,2024-12-13,POR,SAS,0,0.36461
22401216,2024-25,2024-12-15,IND,NOP,1,0.72307
22401217,2024-25,2024-12-15,WAS,BOS,0,0.10244
22401218,2024-25,2024-12-15,SAS,MIN,0,0.42451
22401219,2024-25,2024-12-15,PHX,POR,1,0.83631
22401220,2024-25,2024-12-15,LAL,MEM,1,0.32774
22401227,2024-25,2024-12-15,ORL,NYK,0,0.47019
22401228,2024-25,2024-12-15,GSW,DAL,0,0.48411
22401221,2024-25,2024-12-16,DET,MIA,1,0.39568
22401222,2024-25,2024-12-16,CHA,PHI,0,0.32883
22401223,2024-25,2024-12-16,TOR,CHI,0,0.49023
22401224,2024-25,2024-12-16,BKN,CLE,0,0.27115
22401225,2024-25,2024-12-16,SAC,DEN,0,0.52293
22401226,2024-25,2024-12-16,LAC,UTA,1,0.72564
22400360,2024-25,2024-12-19,DET,UTA,0,0.66679
22400361,2024-25,2024-12-19,ORL,OKC,0,0.30944
22400362,2024-25,2024-12-19,WAS,CHA,1,0.44147
22400363,2024-25,2024-12-19,BOS,CHI,0,0.85265
22400364,2024-25,2024-12-19,TOR,BKN,0,0.57846
22400365,2024-25,2024-12-19,HOU,NOP,1,0.87318
22400366,2024-25,2024-12-19,MEM,GSW,1,0.58492
22400367,2024-25,2024-12-19,MIN,NYK,0,0.48003
22400368,2024-25,2024-12-19,DAL,LAC,0,0.76805
22400369,2024-25,2024-12-19,PHX,IND,0,0.67525
22400370,2024-25,2024-12-19,SAS,ATL,1,0.45911
22400371,2024-25,2024-12-19,POR,DEN,1,0.22476
22400372,2024-25,2024-12-19,SAC,LAL,0,0.68728
22400373,2024-25,2024-12-20,PHI,CHA,1,0.78704
22400374,2024-25,2024-12-20,CLE,MIL,1,0.67965
22400375,2024-25,2024-12-20,MIA,OKC,0,0.42021
22400376,2024-25,2024-12-21,SAC,LAL,0,0.66071
22400377,2024-25,2024-12-21,ORL,MIA,1,0.65903
22400378,2024-25,2024-12-21,ATL,MEM,0,0.41595
22400379,2024-25,2024-12-21,BKN,UTA,0,0.63028
22400380,2024-25,2024-12-21,CLE,PHI,1,0.75112
22400381,2024-25,2024-12-21,CHI,BOS,0,0.24691
22400382,2024-25,2024-12-21,MIL,WAS,1,0.76011
22400383,2024-25,2024-12-21,MIN,GSW,0,0.53875
22400384,2024-25,2024-12-21,NOP,NYK,0,0.18605
22400385,2024-25,2024-12-21,DAL,LAC,1,0.63295
22400386,2024-25,2024-12-21,SAS,POR,1,0.73176
22400387,2024-25,2024-12-21,PHX,DET,0,0.74719
22400388,2024-25,2024-12-22,TOR,HOU,0,0.24705
22400389,2024-25,2024-12-22,SAC,IND,0,0.57468
22400390,2024-25,2024-12-22,NOP,DEN,0,0.14679
22400391,2024-25,2024-12-23,CHA,HOU,0,0.27041
22400392,2024-25,2024-12-23,CLE,UTA,1,0.8796
22400393,2024-25,2024-12-23,ORL,BOS,1,0.32792
22400394,2024-25,2024-12-23,PHI,SAS,1,0.50531
22400395,2024-25,2024-12-23,ATL,MIN,1,0.43327
22400396,2024-25,2024-12-23,MIA,BKN,1,0.72021
22400397,2024-25,2024-12-23,NYK,TOR,1,0.90097
22400398,2024-25,2024-12-23,CHI,MIL,0,0.56691
22400399,2024-25,2024-12-23,MEM,LAC,0,0.66976
22400400,2024-25,2024-12-23,OKC,WAS,1,0.94574
22400401,2024-25,2024-12-23,DAL,POR,1,0.84071
22400402,2024-25,2024-12-23,DEN,PHX,1,0.61723
22400403,2024-25,2024-12-23,GSW,IND,0,0.71835
22400404,2024-25,2024-12-23,LAL,DET,0,0.64636
22400405,2024-25,2024-12-25,NYK,SAS,1,0.74083
22400406,2024-25,2024-12-25,DAL,MIN,0,0.71201
22400407,2024-25,2024-12-25,BOS,PHI,0,0.79424
22400408,2024-25,2024-12-25,GSW,LAL,0,0.67568
22400409,2024-25,2024-12-25,PHX,DEN,1,0.43429
22400410,2024-25,2024-12-26,IND,OKC,0,0.29585
22400411,2024-25,2024-12-26,ORL,MIA,0,0.61932
22400412,2024-25,2024-12-26,WAS,CHA,1,0.50532
22400413,2024-25,2024-12-26,ATL,CHI,1,0.63073
22400414,2024-25,2024-12-26,MEM,TOR,1,0.83181
22400415,2024-25,2024-12-26,MIL,BKN,0,0.68462
22400416,2024-25,2024-12-26,NOP,HOU,0,0.23433
22400417,2024-25,2024-12-26,POR,UTA,1,0.53099
22400418,2024-25,2024-12-26,SAC,DET,0,0.71259
22400419,2024-25,2024-12-27,ORL,NYK,0,0.33862
22400420,2024-25,2024-12-27,BOS,IND,1,0.83379
22400421,2024-25,2024-12-27,BKN,SAS,0,0.29396
22400422,2024-25,2024-12-27,HOU,MIN,0,0.54424
22400423,2024-25,2024-12-27,NOP,MEM,0,0.19744
22400424,2024-25,2024-12-27,DEN,CLE,0,0.50217
22400425,2024-25,2024-12-27,PHX,DAL,0,0.36932
22400426,2024-25,2024-12-27,LAC,GSW,1,0.51621
22400427,2024-25,2024-12-28,ATL,MIA,1,0.54904
22400428,2024-25,2024-12-28,CHA,OKC,0,0.13876
22400429,2024-25,2024-12-28,WAS,NYK,0,0.19784
22400430,2024-25,2024-12-28,CHI,MIL,1,0.52075
22400431,2024-25,2024-12-28,GSW,PHX,1,0.5893
22400432,2024-25,2024-12-28,DEN,DET,1,0.70085
22400433,2024-25,2024-12-28,UTA,PHI,0,0.32811
22400434,2024-25,2024-12-28,POR,DAL,1,0.29353
22400435,2024-25,2024-12-28,LAL,SAC,1,0.51805
22400436,2024-25,2024-12-29,ORL,BKN,1,0.76691
22400437,2024-25,2024-12-29,BOS,IND,0,0.79743
22400438,2024-25,2024-12-29,TOR,ATL,0,0.52748
22400439,2024-25,2024-12-29,HOU,MIA,0,0.76637
22400440,2024-25,2024-12-29,OKC,MEM,1,0.60152
22400441,2024-25,2024-12-29,MIN,SAS,1,0.60614
22400442,2024-25,2024-12-30,CHA,CHI,0,0.38745
22400443,2024-25,2024-12-30,WAS,NYK,0,0.13707
22400444,2024-25,2024-12-30,NOP,LAC,0,0.29721
22400445,2024-25,2024-12-30,UTA,DEN,0,0.23788
22400446,2024-25,2024-12-30,GSW,CLE,0,0.38581
22400447,2024-25,2024-12-30,POR,PHI,0,0.33748
22400448,2024-25,2024-12-30,SAC,DAL,1,0.54398
22400449,2024-25,2024-12-31,BOS,TOR,1,0.86793
22400450,2024-25,2024-12-31,IND,MIL,0,0.56933
22400451,2024-25,2024-12-31,SAS,LAC,1,0.62085
22400452,2024-25,2024-12-31,OKC,MIN,1,0.75812
22400453,2024-25,2024-12-31,PHX,MEM,0,0.44309
22400454,2024-25,2024-12-31,LAL,CLE,0,0.37817
22400455,2024-25,2025-01-01,DET,ORL,1,0.46086
22400456,2024-25,2025-01-01,WAS,CHI,1,0.33627
22400457,2024-25,2025-01-01,MIA,NOP,1,0.7551
22400458,2024-25,2025-01-01,NYK,UTA,1,0.89091
22400459,2024-25,2025-01-01,TOR,BKN,1,0.46009
22400460,2024-25,2025-01-01,HOU,DAL,1,0.71606
22400461,2024-25,2025-01-01,DEN,ATL,1,0.7075
22400462,2024-25,2025-01-01,SAC,PHI,1,0.60876
22400463,2024-25,2025-01-02,MIA,IND,0,0.52526
22400464,2024-25,2025-01-02,MIN,BOS,0,0.37123
22400465,2024-25,2025-01-02,MIL,BKN,0,0.8251
22400466,2024-25,2025-01-02,OKC,LAC,1,0.80227
22400467,2024-25,2025-01-02,GSW,PHI,1,0.73164
22400468,2024-25,2025-01-02,LAL,POR,1,0.74243
22400469,2024-25,2025-01-03,DET,CHA,1,0.72116
22400470,2024-25,2025-01-03,TOR,ORL,0,0.39069
22400471,2024-25,2025-01-03,HOU,BOS,0,0.53351
22400472,2024-25,2025-01-03,NOP,WAS,1,0.61577
22400473,2024-25,2025-01-03,OKC,NYK,1,0.60055
22400474,2024-25,2025-01-03,DAL,CLE,0,0.35388
22400475,2024-25,2025-01-03,DEN,SAS,0,0.66933
22400476,2024-25,2025-01-03,SAC,MEM,1,0.53516
22400477,2024-25,2025-01-03,LAL,ATL,1,0.47145
22400478,2024-25,2025-01-04,BKN,PHI,0,0.41278
22400479,2024-25,2025-01-04,DET,MIN,1,0.33879
22400480,2024-25,2025-01-04,IND,PHX,1,0.57807
22400481,2024-25,2025-01-04,MIA,UTA,0,0.78543
22400482,2024-25,2025-01-04,CHI,NYK,1,0.36343
22400483,2024-25,2025-01-04,MIL,POR,0,0.81508
22400484,2024-25,2025-01-04,SAS,DEN,0,0.47267
22400485,2024-25,2025-01-04,GSW,MEM,1,0.6273
22400486,2024-25,2025-01-04,LAC,ATL,1,0.60276
22400487,2024-25,2025-01-05,OKC,BOS,1,0.57085
22400488,2024-25,2025-01-05,CLE,CHA,1,0.91463
22400489,2024-25,2025-01-05,WAS,NOP,0,0.49914
22400490,2024-25,2025-01-05,ORL,UTA,0,0.79975
22400491,2024-25,2025-01-05,HOU,LAL,1,0.68308
22400492,2024-25,2025-01-05,GSW,SAC,0,0.45556
22400493,2024-25,2025-01-06,DET,POR,1,0.70358
22400494,2024-25,2025-01-06,PHI,PHX,0,0.60452
22400495,2024-25,2025-01-06,BKN,IND,0,0.28006
22400496,2024-25,2025-01-06,NYK,ORL,0,0.82221
22400497,2024-25,2025-01-06,TOR,MIL,0,0.36508
22400498,2024-25,2025-01-06,CHI,SAS,1,0.45537
22400499,2024-25,2025-01-06,MEM,DAL,1,0.64268
22400500,2024-25,2025-01-06,MIN,LAC,1,0.56153
22400501,2024-25,2025-01-06,SAC,MIA,1,0.57047
22400502,2024-25,2025-01-07,CHA,PHX,1,0.42205
22400503,2024-25,2025-01-07,WAS,HOU,0,0.18648
22400504,2024-25,2025-01-07,DAL,LAL,1,0.45993
22400505,2024-25,2025-01-07,NOP,MIN,0,0.40882
22400506,2024-25,2025-01-07,UTA,ATL,0,0.4042
22400507,2024-25,2025-01-07,DEN,BOS,0,0.43798
22400508,2024-25,2025-01-07,GSW,MIA,0,0.72892
22400509,2024-25,2025-01-08,CLE,OKC,1,0.50566
22400510,2024-25,2025-01-08,IND,CHI,1,0.66646
22400511,2024-25,2025-01-08,NYK,TOR,1,0.82179
22400512,2024-25,2025-01-08,PHI,WAS,1,0.85612
22400513,2024-25,2025-01-08,BKN,DET,0,0.34689
22400514,2024-25,2025-01-08,NOP,POR,0,0.54505
22400515,2024-25,2025-01-08,DEN,LAC,1,0.46122
22400516,2024-25,2025-01-08,MIL,SAS,1,0.57883
22400517,2024-25,2025-01-09,CLE,TOR,1,0.87741
22400518,2024-25,2025-01-09,DET,GSW,0,0.38263
22400519,2024-25,2025-01-09,ORL,MIN,0,0.51618
22400520,2024-25,2025-01-09,MEM,HOU,0,0.51498
22400521,2024-25,2025-01-09,DAL,POR,1,0.79164
22400522,2024-25,2025-01-09,PHX,ATL,1,0.60688
22400523,2024-25,2025-01-09,UTA,MIA,0,0.40567
22400525,2024-25,2025-01-10,IND,GSW,1,0.64088
22400526,2024-25,2025-01-10,ORL,MIL,0,0.37405
22400527,2024-25,2025-01-10,PHI,NOP,0,0.6779
22400528,2024-25,2025-01-10,BOS,SAC,0,0.76583
22400529,2024-25,2025-01-10,NYK,OKC,0,0.43972
22400530,2024-25,2025-01-10,CHI,WAS,1,0.80528
22400531,2024-25,2025-01-10,DEN,BKN,1,0.8427
22400533,2024-25,2025-01-11,PHX,UTA,1,0.74127
22400534,2024-25,2025-01-11,DET,TOR,1,0.63665
22400535,2024-25,2025-01-11,MIN,MEM,0,0.46255
22400536,2024-25,2025-01-11,POR,MIA,0,0.38182
22400539,2024-25,2025-01-12,NYK,MIL,1,0.64509
22400540,2024-25,2025-01-12,DAL,DEN,0,0.43724
22400541,2024-25,2025-01-12,CHI,SAC,0,0.42734
22400542,2024-25,2025-01-12,BOS,NOP,1,0.92059
22400543,2024-25,2025-01-12,CLE,IND,0,0.71924
22400544,2024-25,2025-01-12,ORL,PHI,1,0.61854
22400545,2024-25,2025-01-12,WAS,OKC,0,0.07819
22400546,2024-25,2025-01-12,UTA,BKN,1,0.58808
22400547,2024-25,2025-01-12,PHX,CHA,1,0.63675
22400548,2024-25,2025-01-13,WAS,MIN,0,0.15728
22400549,2024-25,2025-01-13,NYK,DET,0,0.72176
22400550,2024-25,2025-01-13,TOR,GSW,1,0.45813
22400551,2024-25,2025-01-13,HOU,MEM,1,0.58606
22400552,2024-25,2025-01-13,LAL,SAS,0,0.55754
22400553,2024-25,2025-01-13,LAC,MIA,1,0.61767
22400554,2024-25,2025-01-14,IND,CLE,0,0.38501
22400555,2024-25,2025-01-14,PHI,OKC,0,0.19947
22400556,2024-25,2025-01-14,ATL,PHX,1,0.54888
22400557,2024-25,2025-01-14,CHI,NOP,0,0.65283
22400558,2024-25,2025-01-14,MIL,SAC,1,0.50237
22400559,2024-25,2025-01-14,DAL,DEN,0,0.38005
22400560,2024-25,2025-01-14,POR,BKN,0,0.62932
22400561,2024-25,2025-01-15,PHI,NYK,0,0.16365
22400562,2024-25,2025-01-15,TOR,BOS,1,0.16123
22400563,2024-25,2025-01-15,CHI,ATL,0,0.5708
22400564,2024-25,2025-01-15,MIL,ORL,1,0.54078
22400565,2024-25,2025-01-15,MIN,GSW,0,0.63473
22400566,2024-25,2025-01-15,NOP,DAL,1,0.35236
22400567,2024-25,2025-01-15,SAS,MEM,0,0.44817
22400568,2024-25,2025-01-15,DEN,HOU,0,0.5208
22400569,2024-25,2025-01-15,UTA,CHA,0,0.50918
22400570,2024-25,2025-01-15,LAL,MIA,1,0.57708
22400571,2024-25,2025-01-15,LAC,BKN,1,0.83629
22400572,2024-25,2025-01-16,DET,IND,0,0.48431
22400573,2024-25,2025-01-16,WAS,PHX,0,0.2552
22400574,2024-25,2025-01-16,OKC,CLE,1,0.6273
22400575,2024-25,2025-01-16,POR,LAC,0,0.3438
22400576,2024-25,2025-01-16,SAC,HOU,1,0.56694
22400577,2024-25,2025-01-17,BOS,ORL,1,0.82321
22400578,2024-25,2025-01-17,NYK,MIN,0,0.65727
22400579,2024-25,2025-01-17,MIA,DEN,0,0.48459
22400580,2024-25,2025-01-17,MIL,TOR,1,0.75721
22400581,2024-25,2025-01-17,NOP,UTA,1,0.67887
22400582,2024-25,2025-01-17,SAS,MEM,0,0.44141
22400583,2024-25,2025-01-17,DAL,OKC,1,0.33293
22400584,2024-25,2025-01-17,CHI,CHA,0,0.63652
22400585,2024-25,2025-01-17,LAL,BKN,1,0.80831
22400586,2024-25,2025-01-18,DET,PHX,0,0.50627
22400587,2024-25,2025-01-18,BOS,ATL,0,0.81234
22400588,2024-25,2025-01-18,IND,PHI,1,0.72858
22400589,2024-25,2025-01-18,GSW,WAS,1,0.85235
22400590,2024-25,2025-01-18,MIN,CLE,0,0.30169
22400591,2024-25,2025-01-18,POR,HOU,0,0.21359
22400592,2024-25,2025-01-19,MIA,SAS,1,0.57332
22400593,2024-25,2025-01-19,ORL,DEN,0,0.32503
22400594,2024-25,2025-01-19,MIL,PHI,1,0.83366
22400595,2024-25,2025-01-19,OKC,BKN,1,0.89913
22400596,2024-25,2025-01-19,LAC,LAL,1,0.67868
22400597,2024-25,2025-01-19,POR,CHI,1,0.30671
22400598,2024-25,2025-01-19,SAC,WAS,1,0.9319
22400599,2024-25,2025-01-20,CHA,DAL,1,0.34874
22400600,2024-25,2025-01-20,HOU,DET,0,0.7646
22400601,2024-25,2025-01-20,MEM,MIN,1,0.66495
22400602,2024-25,2025-01-20,NYK,ATL,1,0.69147
22400603,2024-25,2025-01-20,CLE,PHX,1,0.795
22400604,2024-25,2025-01-20,GSW,BOS,0,0.34763
22400605,2024-25,2025-01-20,NOP,UTA,1,0.70265
22400611,2024-25,2025-01-20,LAC,CHI,0,0.7504
22400606,2024-25,2025-01-21,BKN,NYK,0,0.24934
22400607,2024-25,2025-01-21,MIA,POR,0,0.79808
22400608,2024-25,2025-01-21,TOR,ORL,1,0.51077
22400609,2024-25,2025-01-21,DEN,PHI,1,0.86228
22400610,2024-25,2025-01-21,LAL,WAS,1,0.83759
22400612,2024-25,2025-01-22,ATL,DET,0,0.60564
22400613,2024-25,2025-01-22,BKN,PHX,0,0.29716
22400614,2024-25,2025-01-22,DAL,MIN,0,0.5734
22400615,2024-25,2025-01-22,HOU,CLE,1,0.52354
22400616,2024-25,2025-01-22,MEM,CHA,1,0.82594
22400618,2024-25,2025-01-22,OKC,UTA,1,0.93225
22400619,2024-25,2025-01-22,SAC,GSW,1,0.72172
22400620,2024-25,2025-01-22,LAC,BOS,0,0.30988
22400622,2024-25,2025-01-23,ORL,POR,0,0.65042
22400623,2024-25,2025-01-23,ATL,TOR,0,0.61516
22400624,2024-25,2025-01-23,MIL,MIA,1,0.66995
22400625,2024-25,2025-01-23,OKC,DAL,0,0.78525
22400626,2024-25,2025-01-23,DEN,SAC,1,0.70663
22400628,2024-25,2025-01-23,GSW,CHI,1,0.50444
22400629,2024-25,2025-01-23,LAL,BOS,1,0.39804
22400983,2024-25,2025-01-23,LAC,WAS,1,0.76758
22400630,2024-25,2025-01-24,CHA,POR,0,0.66801
22400631,2024-25,2025-01-24,PHI,CLE,1,0.24079
22400632,2024-25,2025-01-24,MEM,NOP,1,0.82236
22400634,2024-25,2025-01-25,MIN,DEN,1,0.43227
22400635,2024-25,2025-01-25,DAL,BOS,0,0.34455
22400636,2024-25,2025-01-25,BKN,MIA,0,0.29493
22400637,2024-25,2025-01-25,CHA,NOP,1,0.52104
22400638,2024-25,2025-01-25,ORL,DET,1,0.52412
22400639,2024-25,2025-01-25,ATL,TOR,0,0.6576
22400640,2024-25,2025-01-25,CLE,HOU,0,0.48426
22400641,2024-25,2025-01-25,NYK,SAC,1,0.62391
22400642,2024-25,2025-01-25,CHI,PHI,0,0.65966
22400643,2024-25,2025-01-25,MEM,UTA,1,0.76145
22400644,2024-25,2025-01-25,GSW,LAL,0,0.53833
22400645,2024-25,2025-01-25,PHX,WAS,1,0.83056
22400646,2024-25,2025-01-25,LAC,MIL,1,0.546
22400647,2024-25,2025-01-26,POR,OKC,0,0.15498
22400648,2024-25,2025-01-27,CHA,LAL,0,0.37522
22400649,2024-25,2025-01-27,CLE,DET,1,0.77784
22400650,2024-25,2025-01-27,BOS,HOU,0,0.63782
22400651,2024-25,2025-01-27,BKN,SAC,0,0.1991
22400652,2024-25,2025-01-27,MIA,ORL,1,0.5378
22400653,2024-25,2025-01-27,NYK,MEM,1,0.54279
22400654,2024-25,2025-01-27,TOR,NOP,1,0.61559
22400655,2024-25,2025-01-27,CHI,DEN,1,0.28392
22400656,2024-25,2025-01-27,MIN,ATL,1,0.6901
22400657,2024-25,2025-01-27,DAL,WAS,1,0.85858
22400658,2024-25,2025-01-27,UTA,MIL,0,0.29654
22400659,2024-25,2025-01-27,PHX,LAC,1,0.45164
22400532,2024-25,2025-01-28,ATL,HOU,0,0.24992
22400660,2024-25,2025-01-28,PHI,LAL,1,0.53558
22400661,2024-25,2025-01-28,GSW,UTA,1,0.81763
22400662,2024-25,2025-01-28,POR,MIL,1,0.3793
22400663,2024-25,2025-01-29,CHA,BKN,0,0.68717
22400664,2024-25,2025-01-29,IND,DET,1,0.746
22400665,2024-25,2025-01-29,WAS,TOR,0,0.31664
22400666,2024-25,2025-01-29,BOS,CHI,1,0.84284
22400667,2024-25,2025-01-29,MIA,CLE,0,0.3381
22400668,2024-25,2025-01-29,NYK,DEN,1,0.55487
22400669,2024-25,2025-01-29,PHI,SAC,1,0.23936
22400670,2024-25,2025-01-29,NOP,DAL,0,0.3937
22400671,2024-25,2025-01-29,SAS,LAC,0,0.54218
22400672,2024-25,2025-01-29,PHX,MIN,0,0.4557
22400673,2024-25,2025-01-29,GSW,OKC,1,0.16454
22400674,2024-25,2025-01-30,WAS,LAL,0,0.16336
22400675,2024-25,2025-01-30,CLE,ATL,1,0.75359
22400676,2024-25,2025-01-30,MEM,HOU,1,0.57459
22400677,2024-25,2025-01-30,UTA,MIN,0,0.32909
22400678,2024-25,2025-01-30,POR,ORL,1,0.38543
22400679,2024-25,2025-01-31,CHA,LAC,0,0.25667
22400680,2024-25,2025-01-31,DET,DAL,1,0.47026
22400681,2024-25,2025-01-31,PHI,DEN,0,0.26901
22400682,2024-25,2025-01-31,TOR,CHI,0,0.57975
22400683,2024-25,2025-01-31,NOP,BOS,0,0.19626
22400684,2024-25,2025-01-31,SAS,MIL,1,0.47313
22400685,2024-25,2025-01-31,GSW,PHX,0,0.61493
22400686,2024-25,2025-02-01,IND,ATL,1,0.77137
22400687,2024-25,2025-02-01,UTA,ORL,1,0.41859
22400688,2024-25,2025-02-01,CHA,DEN,0,0.17705
22400689,2024-25,2025-02-01,HOU,BKN,0,0.84743
22400690,2024-25,2025-02-01,MIN,WAS,0,0.89581
22400691,2024-25,2025-02-01,OKC,SAC,1,0.74691
22400692,2024-25,2025-02-01,NYK,LAL,0,0.78194
22400693,2024-25,2025-02-01,SAS,MIA,0,0.54679
22400694,2024-25,2025-02-01,POR,PHX,1,0.51268
22400695,2024-25,2025-02-02,DET,CHI,1,0.6231
22400696,2024-25,2025-02-02,CLE,DAL,1,0.73155
22400697,2024-25,2025-02-02,TOR,LAC,1,0.35721
22400698,2024-25,2025-02-02,PHI,BOS,0,0.20851
22400699,2024-25,2025-02-02,MIL,MEM,0,0.46628
22400700,2024-25,2025-02-03,CHA,WAS,0,0.67213
22400701,2024-25,2025-02-03,DET,ATL,0,0.55177
22400702,2024-25,2025-02-03,NYK,HOU,1,0.61749
22400703,2024-25,2025-02-03,MEM,SAS,1,0.67202
22400704,2024-25,2025-02-03,MIN,SAC,0,0.51237
22400705,2024-25,2025-02-03,OKC,MIL,1,0.84199
22400706,2024-25,2025-02-03,DEN,NOP,1,0.85987
22400707,2024-25,2025-02-03,UTA,IND,0,0.30249
22400708,2024-25,2025-02-03,GSW,ORL,1,0.61559
22400709,2024-25,2025-02-03,POR,PHX,1,0.45815
22400710,2024-25,2025-02-04,CLE,BOS,0,0.53907
22400711,2024-25,2025-02-04,BKN,HOU,1,0.37834
22400712,2024-25,2025-02-04,PHI,DAL,1,0.51808
22400713,2024-25,2025-02-04,TOR,NYK,0,0.42142
22400714,2024-25,2025-02-04,CHI,MIA,1,0.47796
22400715,2024-25,2025-02-04,LAC,LAL,0,0.66449
22400716,2024-25,2025-02-04,POR,IND,1,0.35641
22400717,2024-25,2025-02-05,CHA,MIL,0,0.43658
22400718,2024-25,2025-02-05,DET,CLE,0,0.37295
22400719,2024-25,2025-02-05,ATL,SAS,0,0.48989
22400720,2024-25,2025-02-05,BKN,WAS,0,0.55213
22400721,2024-25,2025-02-05,PHI,MIA,0,0.57555
22400722,2024-25,2025-02-05,TOR,MEM,0,0.21283
22400723,2024-25,2025-02-05,MIN,CHI,1,0.7904
22400724,2024-25,2025-02-05,OKC,PHX,1,0.82875
22400725,2024-25,2025-02-05,UTA,GSW,1,0.37664
22400726,2024-25,2025-02-05,DEN,NOP,1,0.87621
22400727,2024-25,2025-02-05,SAC,ORL,0,0.65136
22400728,2024-25,2025-02-06,BOS,DAL,0,0.83121
22400729,2024-25,2025-02-06,MIN,HOU,1,0.45289
22400730,2024-25,2025-02-06,DEN,ORL,1,0.76959
22400731,2024-25,2025-02-06,LAL,GSW,1,0.66956
22400732,2024-25,2025-02-06,POR,SAC,1,0.52295
22400733,2024-25,2025-02-06,LAC,IND,0,0.58082
22400734,2024-25,2025-02-07,CHA,SAS,1,0.29159
22400735,2024-25,2025-02-07,WAS,CLE,0,0.13538
22400736,2024-25,2025-02-07,ATL,MIL,1,0.51162
22400737,2024-25,2025-02-07,BKN,MIA,1,0.38642
22400738,2024-25,2025-02-07,DET,PHI,1,0.57601
22400739,2024-25,2025-02-07,OKC,TOR,1,0.93138
22400740,2024-25,2025-02-07,PHX,UTA,1,0.68617
22400741,2024-25,2025-02-08,DAL,HOU,1,0.4738
22400742,2024-25,2025-02-08,LAL,IND,1,0.52176
22400743,2024-25,2025-02-08,ORL,SAS,1,0.61346
22400744,2024-25,2025-02-08,WAS,ATL,0,0.29861
22400745,2024-25,2025-02-08,CHI,GSW,0,0.42585
22400746,2024-25,2025-02-08,MEM,OKC,0,0.52181
22400747,2024-25,2025-02-08,MIN,POR,1,0.72451
22400748,2024-25,2025-02-08,NYK,BOS,0,0.50715
22400749,2024-25,2025-02-08,PHX,DEN,0,0.26573
22400750,2024-25,2025-02-08,SAC,NOP,1,0.80464
22400751,2024-25,2025-02-08,LAC,UTA,1,0.86825
22400752,2024-25,2025-02-09,DET,CHA,1,0.70945
22400753,2024-25,2025-02-09,HOU,TOR,1,0.7646
22400754,2024-25,2025-02-09,MIL,PHI,1,0.52576
22400755,2024-25,2025-02-10,CLE,MIN,1,0.75378
22400756,2024-25,2025-02-10,ORL,ATL,0,0.64735
22400757,2024-25,2025-02-10,WAS,SAS,0,0.21138
22400758,2024-25,2025-02-10,BKN,CHA,1,0.7085
22400759,2024-25,2025-02-10,MIA,BOS,0,0.29423
22400760,2024-25,2025-02-10,MIL,GSW,0,0.31101
22400761,2024-25,2025-02-10,OKC,NOP,1,0.93814
22400762,2024-25,2025-02-10,DAL,SAC,0,0.59624
22400763,2024-25,2025-02-10,DEN,POR,1,0.78716
22400768,2024-25,2025-02-10,LAL,UTA,1,0.82371
22400764,2024-25,2025-02-11,PHI,TOR,0,0.72059
22400765,2024-25,2025-02-11,IND,NYK,0,0.5154
22400766,2024-25,2025-02-11,CHI,DET,0,0.49661
22400767,2024-25,2025-02-11,PHX,MEM,0,0.27381
22400769,2024-25,2025-02-12,BOS,SAS,1,0.78272
22400770,2024-25,2025-02-12,ORL,CHA,1,0.80708
22400771,2024-25,2025-02-12,WAS,IND,0,0.24052
22400772,2024-25,2025-02-12,BKN,PHI,1,0.44749
22400773,2024-25,2025-02-12,NYK,ATL,1,0.69218
22400774,2024-25,2025-02-12,TOR,CLE,0,0.13227
22400775,2024-25,2025-02-12,CHI,DET,0,0.45079
22400776,2024-25,2025-02-12,MIN,MIL,0,0.6917
22400777,2024-25,2025-02-12,NOP,SAC,0,0.24464
22400778,2024-25,2025-02-12,OKC,MIA,1,0.89347
22400779,2024-25,2025-02-12,HOU,PHX,1,0.7352
22400780,2024-25,2025-02-12,DEN,POR,1,0.81576
22400781,2024-25,2025-02-12,UTA,LAL,1,0.24813
22400782,2024-25,2025-02-12,DAL,GSW,1,0.43466
22400783,2024-25,2025-02-12,LAC,MEM,1,0.58956
22400784,2024-25,2025-02-13,HOU,GSW,0,0.50209
22400785,2024-25,2025-02-13,NOP,SAC,1,0.27279
22400786,2024-25,2025-02-13,DAL,MIA,1,0.60853
22400787,2024-25,2025-02-13,MIN,OKC,1,0.25438
22401004,2024-25,2025-02-13,UTA,LAC,0,0.24198
22400524,2024-25,2025-02-19,LAL,CHA,0,0.8747
22400788,2024-25,2025-02-20,IND,MEM,1,0.48815
22400789,2024-25,2025-02-20,PHI,BOS,0,0.2106
22400790,2024-25,2025-02-20,ATL,ORL,0,0.53323
22400791,2024-25,2025-02-20,BKN,CLE,0,0.16959
22400792,2024-25,2025-02-20,NYK,CHI,1,0.79559
22400793,2024-25,2025-02-20,MIL,LAC,1,0.29934
22400794,2024-25,2025-02-20,DEN,CHA,1,0.92767
22400795,2024-25,2025-02-20,SAS,PHX,1,0.67523
22400796,2024-25,2025-02-20,POR,LAL,0,0.43384
22400797,2024-25,2025-02-21,CLE,NYK,1,0.71454
22400798,2024-25,2025-02-21,ORL,MEM,0,0.40131
22400799,2024-25,2025-02-21,WAS,MIL,0,0.34643
22400800,2024-25,2025-02-21,TOR,MIA,0,0.43869
22400801,2024-25,2025-02-21,HOU,MIN,1,0.57617
22400802,2024-25,2025-02-21,SAS,DET,0,0.42718
22400803,2024-25,2025-02-21,DAL,NOP,1,0.72524
22400804,2024-25,2025-02-21,UTA,OKC,0,0.10516
22400805,2024-25,2025-02-21,SAC,GSW,0,0.47974
22400806,2024-25,2025-02-22,CHI,PHX,0,0.45169
22400807,2024-25,2025-02-22,PHI,BKN,0,0.72638
22400808,2024-25,2025-02-22,DEN,LAL,0,0.73713
22400809,2024-25,2025-02-22,UTA,HOU,1,0.32195
22400810,2024-25,2025-02-22,POR,CHA,1,0.71306
22400811,2024-25,2025-02-23,BOS,NYK,1,0.73959
22400812,2024-25,2025-02-23,GSW,DAL,1,0.72124
22400813,2024-25,2025-02-23,IND,LAC,1,0.52338
22400814,2024-25,2025-02-23,ATL,DET,0,0.52865
22400815,2024-25,2025-02-23,ORL,WAS,1,0.83093
22400816,2024-25,2025-02-23,TOR,PHX,1,0.49249
22400817,2024-25,2025-02-23,MIL,MIA,1,0.53857
22400818,2024-25,2025-02-23,NOP,SAS,1,0.40016
22400819,2024-25,2025-02-23,CLE,MEM,1,0.66737
22400820,2024-25,2025-02-23,MIN,OKC,0,0.27649
22400821,2024-25,2025-02-24,DET,LAC,1,0.51513
22400822,2024-25,2025-02-24,IND,DEN,0,0.42529
22400823,2024-25,2025-02-24,PHI,CHI,0,0.66357
22400824,2024-25,2025-02-24,WAS,BKN,1,0.3508
22400825,2024-25,2025-02-24,ATL,MIA,1,0.59377
22400826,2024-25,2025-02-24,OKC,MIN,0,0.83224
22400827,2024-25,2025-02-24,UTA,POR,0,0.44966
22400828,2024-25,2025-02-24,SAC,CHA,1,0.83357
22400829,2024-25,2025-02-25,TOR,BOS,0,0.17308
22400830,2024-25,2025-02-25,ORL,CLE,0,0.31412
22400831,2024-25,2025-02-25,HOU,MIL,1,0.60441
22400832,2024-25,2025-02-25,MEM,PHX,1,0.75933
22400833,2024-25,2025-02-25,NOP,SAS,1,0.43947
22400834,2024-25,2025-02-25,GSW,CHA,1,0.92964
22400835,2024-25,2025-02-25,LAL,DAL,1,0.73005
22400836,2024-25,2025-02-26,DET,BOS,1,0.44794
22400837,2024-25,2025-02-26,IND,TOR,1,0.85125
22400838,2024-25,2025-02-26,NYK,PHI,1,0.80121
22400839,2024-25,2025-02-26,WAS,POR,0,0.36709
22400840,2024-25,2025-02-26,BKN,OKC,0,0.09851
22400841,2024-25,2025-02-26,MIA,ATL,1,0.52406
22400842,2024-25,2025-02-26,CHI,LAC,0,0.37667
22400843,2024-25,2025-02-26,UTA,SAC,0,0.22061
22400844,2024-25,2025-02-26,HOU,SAS,1,0.66908
22400845,2024-25,2025-02-27,ORL,GSW,0,0.38764
22400846,2024-25,2025-02-27,MIL,DEN,1,0.33173
22400847,2024-25,2025-02-27,DAL,CHA,1,0.83194
22400848,2024-25,2025-02-27,PHX,NOP,0,0.69747
22400849,2024-25,2025-02-27,LAL,MIN,1,0.6316
22400850,2024-25,2025-02-28,DET,DEN,0,0.46066
22400851,2024-25,2025-02-28,ATL,OKC,0,0.20899
22400852,2024-25,2025-02-28,BOS,CLE,0,0.5337
22400853,2024-25,2025-02-28,BKN,POR,0,0.45216
22400854,2024-25,2025-02-28,MIA,IND,1,0.41325
22400855,2024-25,2025-02-28,CHI,TOR,1,0.5929
22400856,2024-25,2025-02-28,MEM,NYK,0,0.67205
22400857,2024-25,2025-02-28,PHX,NOP,1,0.7056
22400858,2024-25,2025-02-28,UTA,MIN,1,0.30404
22400859,2024-25,2025-02-28,LAL,LAC,1,0.54039
22400860,2024-25,2025-03-01,CHA,WAS,0,0.5254
22400861,2024-25,2025-03-01,DET,BKN,1,0.81495
22400862,2024-25,2025-03-01,HOU,SAC,0,0.52657
22400863,2024-25,2025-03-01,MEM,SAS,0,0.73458
22400864,2024-25,2025-03-01,PHI,GSW,1,0.26031
22400865,2024-25,2025-03-01,DAL,MIL,0,0.54694
22400866,2024-25,2025-03-02,BOS,DEN,1,0.59319
22400867,2024-25,2025-03-02,CLE,POR,1,0.90152
22400868,2024-25,2025-03-02,IND,CHI,1,0.76929
22400869,2024-25,2025-03-02,MIA,NYK,0,0.38406
22400870,2024-25,2025-03-02,ORL,TOR,0,0.70855
22400871,2024-25,2025-03-02,SAS,OKC,0,0.13205
22400872,2024-25,2025-03-02,UTA,NOP,0,0.5809
22400873,2024-25,2025-03-02,PHX,MIN,0,0.47212
22400874,2024-25,2025-03-02,LAL,LAC,1,0.58935
22400875,2024-25,2025-03-03,CHA,GSW,0,0.16787
22400876,2024-25,2025-03-03,PHI,POR,0,0.63329
22400877,2024-25,2025-03-03,MIA,WAS,1,0.75485
22400878,2024-25,2025-03-03,MEM,ATL,0,0.68787
22400879,2024-25,2025-03-03,OKC,HOU,1,0.73059
22400880,2024-25,2025-03-03,DAL,SAC,0,0.47361
22400881,2024-25,2025-03-03,UTA,DET,0,0.17465
22400882,2024-25,2025-03-04,IND,HOU,1,0.79376
22400883,2024-25,2025-03-04,ORL,TOR,0,0.68792
22400884,2024-25,2025-03-04,ATL,MIL,0,0.41874
22400885,2024-25,2025-03-04,NYK,GSW,0,0.65415
22400886,2024-25,2025-03-04,CHI,CLE,0,0.1864
22400887,2024-25,2025-03-04,MIN,PHI,1,0.85725
22400888,2024-25,2025-03-04,SAS,BKN,1,0.71884
22400889,2024-25,2025-03-04,PHX,LAC,1,0.38304
22400890,2024-25,2025-03-04,LAL,NOP,1,0.82611
22400891,2024-25,2025-03-05,BOS,POR,1,0.85712
22400892,2024-25,2025-03-05,CHA,MIN,0,0.28597
22400893,2024-25,2025-03-05,CLE,MIA,1,0.78871
22400894,2024-25,2025-03-05,WAS,UTA,1,0.50618
22400895,2024-25,2025-03-05,MEM,OKC,0,0.33487
22400896,2024-25,2025-03-05,DEN,SAC,1,0.73348
22400897,2024-25,2025-03-05,MIL,DAL,1,0.60628
22400898,2024-25,2025-03-05,LAC,DET,1,0.55072
22400899,2024-25,2025-03-06,ATL,IND,1,0.36628
22400900,2024-25,2025-03-06,BOS,PHI,1,0.83707
22400901,2024-25,2025-03-06,BKN,GSW,0,0.19717
22400902,2024-25,2025-03-06,NOP,HOU,0,0.34758
22400903,2024-25,2025-03-06,LAL,NYK,1,0.605
22400944,2024-25,2025-03-06,ORL,CHI,0,0.70681
22400904,2024-25,2025-03-07,CHA,CLE,0,0.10886
22400905,2024-25,2025-03-07,TOR,UTA,1,0.74534
22400906,2024-25,2025-03-07,DAL,MEM,0,0.2749
22400907,2024-25,2025-03-07,MIA,MIN,0,0.41502
22400908,2024-25,2025-03-07,OKC,POR,1,0.90406
22400909,2024-25,2025-03-07,DEN,PHX,1,0.79654
22400910,2024-25,2025-03-07,SAC,SAS,1,0.66264
22400911,2024-25,2025-03-07,LAC,NYK,1,0.55599
22400912,2024-25,2025-03-08,CHA,BKN,1,0.40603
22400913,2024-25,2025-03-08,HOU,NOP,1,0.74504
22400914,2024-25,2025-03-08,ATL,IND,1,0.41642
22400915,2024-25,2025-03-08,TOR,WAS,0,0.61683
22400916,2024-25,2025-03-08,MIA,CHI,0,0.59111
22400917,2024-25,2025-03-08,MIL,ORL,0,0.63261
22400918,2024-25,2025-03-08,BOS,LAL,1,0.6306
22400919,2024-25,2025-03-08,GSW,DET,1,0.68401
22400920,2024-25,2025-03-09,OKC,DEN,1,0.58835
22400921,2024-25,2025-03-09,DAL,PHX,0,0.43891
22400922,2024-25,2025-03-09,MIL,CLE,0,0.23182
22400923,2024-25,2025-03-09,NOP,MEM,0,0.18162
22400924,2024-25,2025-03-09,PHI,UTA,1,0.62706
22400925,2024-25,2025-03-09,MIN,SAS,1,0.76132
22400926,2024-25,2025-03-09,POR,DET,0,0.44297
22400927,2024-25,2025-03-09,LAC,SAC,1,0.65532
22400928,2024-25,2025-03-10,ATL,PHI,1,0.83494
22400929,2024-25,2025-03-10,BOS,UTA,1,0.96141
22400930,2024-25,2025-03-10,BKN,LAL,1,0.20226
22400931,2024-25,2025-03-10,MIA,CHA,0,0.82515
22400932,2024-25,2025-03-10,TOR,WAS,1,0.66731
22400933,2024-25,2025-03-10,CHI,IND,1,0.39627
22400934,2024-25,2025-03-10,HOU,ORL,1,0.63807
22400935,2024-25,2025-03-10,MEM,PHX,1,0.699
22400936,2024-25,2025-03-10,OKC,DEN,0,0.71098
22400937,2024-25,2025-03-10,SAS,DAL,0,0.65619
22400938,2024-25,2025-03-10,GSW,POR,1,0.87608
22400939,2024-25,2025-03-10,SAC,NYK,0,0.40181
22400940,2024-25,2025-03-11,CLE,BKN,1,0.95022
22400941,2024-25,2025-03-11,DET,WAS,1,0.91488
22400942,2024-25,2025-03-11,IND,MIL,1,0.49254
22400943,2024-25,2025-03-11,NOP,LAC,1,0.20011
22400945,2024-25,2025-03-12,ATL,CHA,1,0.71665
22400946,2024-25,2025-03-12,BOS,OKC,0,0.43418
22400947,2024-25,2025-03-12,TOR,PHI,1,0.65104
22400948,2024-25,2025-03-12,MIA,LAC,0,0.47134
22400949,2024-25,2025-03-12,HOU,PHX,1,0.64688
22400950,2024-25,2025-03-12,MEM,UTA,1,0.835
22400951,2024-25,2025-03-12,SAS,DAL,1,0.62265
22400952,2024-25,2025-03-12,DEN,MIN,0,0.63263
22400953,2024-25,2025-03-12,POR,NYK,0,0.34776
22400954,2024-25,2025-03-13,DET,WAS,0,0.85618
22400955,2024-25,2025-03-13,MIL,LAL,1,0.48964
22400956,2024-25,2025-03-13,CHI,BKN,1,0.72484
22400957,2024-25,2025-03-13,GSW,SAC,1,0.71317
22401141,2024-25,2025-03-13,NOP,ORL,0,0.36798
22400958,2024-25,2025-03-14,MIA,BOS,0,0.27899
22400959,2024-25,2025-03-14,PHI,IND,0,0.17923
22400960,2024-25,2025-03-14,ATL,LAC,0,0.44399
22400961,2024-25,2025-03-14,HOU,DAL,1,0.81265
22400962,2024-25,2025-03-14,MEM,CLE,0,0.41164
22400963,2024-25,2025-03-14,MIN,ORL,1,0.80047
22400964,2024-25,2025-03-14,SAS,CHA,0,0.70633
22400965,2024-25,2025-03-14,DEN,LAL,1,0.77491
22400966,2024-25,2025-03-14,UTA,TOR,0,0.61966
22400967,2024-25,2025-03-14,PHX,SAC,1,0.5933
22400968,2024-25,2025-03-15,BKN,BOS,0,0.24156
22400969,2024-25,2025-03-15,DET,OKC,0,0.28234
22400970,2024-25,2025-03-15,HOU,CHI,1,0.6676
22400971,2024-25,2025-03-15,MEM,MIA,1,0.75157
22400972,2024-25,2025-03-15,MIL,IND,1,0.584
22400973,2024-25,2025-03-15,SAS,NOP,1,0.56256
22400974,2024-25,2025-03-15,GSW,NYK,1,0.63515
22400975,2024-25,2025-03-15,DEN,WAS,0,0.88823
22400538,2024-25,2025-03-16,LAC,CHA,1,0.85918
22400976,2024-25,2025-03-16,DAL,PHI,0,0.66295
22400977,2024-25,2025-03-16,LAL,PHX,1,0.56188
22400978,2024-25,2025-03-16,BKN,ATL,1,0.33887
22400979,2024-25,2025-03-16,CLE,ORL,0,0.82696
22400980,2024-25,2025-03-16,POR,TOR,1,0.6696
22400981,2024-25,2025-03-16,MIN,UTA,1,0.87637
22400982,2024-25,2025-03-16,MIL,OKC,0,0.28662
22400537,2024-25,2025-03-17,LAL,SAS,1,0.69398
22400984,2024-25,2025-03-17,NYK,MIA,1,0.73961
22400985,2024-25,2025-03-17,HOU,PHI,1,0.90906
22400986,2024-25,2025-03-17,MIN,IND,0,0.50243
22400987,2024-25,2025-03-17,NOP,DET,0,0.26716
22400989,2024-25,2025-03-17,UTA,CHI,0,0.32162
22400990,2024-25,2025-03-17,GSW,DEN,0,0.56712
22400991,2024-25,2025-03-17,PHX,TOR,1,0.70746
22400992,2024-25,2025-03-17,SAC,MEM,1,0.52996
22400995,2024-25,2025-03-17,POR,WAS,1,0.66267
22400993,2024-25,2025-03-18,CHA,ATL,0,0.3882
22400994,2024-25,2025-03-18,BOS,BKN,1,0.91171
22400997,2024-25,2025-03-18,LAC,CLE,1,0.46694
22401012,2024-25,2025-03-18,GSW,MIL,1,0.63026
22400627,2024-25,2025-03-19,UTA,WAS,1,0.59833
22400998,2024-25,2025-03-19,IND,DAL,1,0.74065
22400999,2024-25,2025-03-19,ORL,HOU,0,0.46134
22401000,2024-25,2025-03-19,MIA,DET,0,0.38971
22401001,2024-25,2025-03-19,MIN,NOP,0,0.86413
22401002,2024-25,2025-03-19,OKC,PHI,1,0.96264
22401003,2024-25,2025-03-19,SAS,NYK,1,0.29238
22401006,2024-25,2025-03-19,LAL,DEN,1,0.55415
22401007,2024-25,2025-03-19,PHX,CHI,1,0.58137
22401008,2024-25,2025-03-19,POR,MEM,1,0.38173
22401009,2024-25,2025-03-19,SAC,CLE,1,0.40958
22400996,2024-25,2025-03-20,LAL,MIL,0,0.5198
22401005,2024-25,2025-03-20,GSW,TOR,1,0.86796
22401010,2024-25,2025-03-20,CHA,NYK,1,0.23416
22401011,2024-25,2025-03-20,IND,BKN,1,0.72724
22401013,2024-25,2025-03-20,SAC,CHI,0,0.6371
22401014,2024-25,2025-03-21,WAS,ORL,0,0.24806
22401015,2024-25,2025-03-21,MIA,HOU,0,0.37357
22401016,2024-25,2025-03-21,MIN,NOP,1,0.85609
22401017,2024-25,2025-03-21,OKC,CHA,1,0.94141
22401018,2024-25,2025-03-21,SAS,PHI,1,0.74236
22401019,2024-25,2025-03-21,DAL,DET,1,0.28489
22401020,2024-25,2025-03-21,UTA,BOS,0,0.14196
22401021,2024-25,2025-03-21,PHX,CLE,1,0.25122
22401022,2024-25,2025-03-21,POR,DEN,1,0.44856
22401023,2024-25,2025-03-21,LAC,MEM,1,0.67656
22401024,2024-25,2025-03-22,IND,BKN,1,0.78988
22401025,2024-25,2025-03-22,ATL,GSW,1,0.34207
22401026,2024-25,2025-03-22,NYK,WAS,1,0.90754
22401027,2024-25,2025-03-22,SAC,MIL,0,0.54779
22401028,2024-25,2025-03-22,LAL,CHI,0,0.5494
22401029,2024-25,2025-03-23,DET,NOP,1,0.86259
22401030,2024-25,2025-03-23,UTA,CLE,0,0.11013
22401031,2024-25,2025-03-23,ATL,PHI,1,0.74112
22401032,2024-25,2025-03-23,MIA,CHA,1,0.78089
22401033,2024-25,2025-03-23,TOR,SAS,0,0.50604
22401034,2024-25,2025-03-23,POR,BOS,0,0.25451
22401035,2024-25,2025-03-23,HOU,DEN,0,0.67724
22401036,2024-25,2025-03-23,LAC,OKC,0,0.41992
22401037,2024-25,2025-03-24,IND,MIN,1,0.49456
22401038,2024-25,2025-03-24,ORL,LAL,1,0.46939
22401039,2024-25,2025-03-24,WAS,TOR,0,0.55242
22401040,2024-25,2025-03-24,BKN,DAL,0,0.49608
22401041,2024-25,2025-03-24,NOP,PHI,1,0.57961
22401042,2024-25,2025-03-24,DEN,CHI,0,0.5871
22401043,2024-25,2025-03-24,PHX,MIL,1,0.5255
22401044,2024-25,2025-03-24,SAC,BOS,0,0.39799
22401045,2024-25,2025-03-25,CHA,ORL,0,0.38907
22401046,2024-25,2025-03-25,DET,SAS,1,0.70128
22401047,2024-25,2025-03-25,MIA,GSW,1,0.34217
22401048,2024-25,2025-03-25,NYK,DAL,1,0.80333
22401049,2024-25,2025-03-25,HOU,ATL,1,0.73484
22401050,2024-25,2025-03-25,UTA,MEM,0,0.2011
22401051,2024-25,2025-03-25,POR,CLE,0,0.24004
22401052,2024-25,2025-03-25,SAC,OKC,0,0.17893
22401053,2024-25,2025-03-26,PHI,WAS,0,0.51714
22401054,2024-25,2025-03-26,BKN,TOR,0,0.49901
22401055,2024-25,2025-03-26,IND,LAL,0,0.5819
22401056,2024-25,2025-03-26,NYK,LAC,0,0.35599
22401057,2024-25,2025-03-26,DEN,MIL,1,0.5516
22401058,2024-25,2025-03-26,PHX,BOS,0,0.30112
22401059,2024-25,2025-03-27,CLE,SAS,1,0.86397
22401060,2024-25,2025-03-27,ORL,DAL,0,0.73018
22401061,2024-25,2025-03-27,WAS,IND,0,0.15081
22401062,2024-25,2025-03-27,MIA,ATL,1,0.57243
22401063,2024-25,2025-03-27,CHI,LAL,1,0.52156
22401064,2024-25,2025-03-27,OKC,MEM,1,0.81063
22401065,2024-25,2025-03-27,UTA,HOU,0,0.17711
22401066,2024-25,2025-03-27,SAC,POR,1,0.60214
22401067,2024-25,2025-03-28,DET,CLE,1,0.43478
22401068,2024-25,2025-03-28,BKN,LAC,0,0.13519
22401069,2024-25,2025-03-28,TOR,CHA,1,0.56492
22401070,2024-25,2025-03-28,MIL,NYK,0,0.41992
22401071,2024-25,2025-03-28,MIN,PHX,1,0.74979
22401072,2024-25,2025-03-28,NOP,GSW,0,0.16482
22401073,2024-25,2025-03-28,DEN,UTA,1,0.94227
22401074,2024-25,2025-03-29,ORL,SAC,1,0.52987
22401075,2024-25,2025-03-29,WAS,BKN,0,0.54841
22401076,2024-25,2025-03-29,PHI,MIA,0,0.2658
22401077,2024-25,2025-03-29,CHI,DAL,0,0.64987
22401078,2024-25,2025-03-29,MEM,LAL,0,0.5347
22401079,2024-25,2025-03-29,OKC,IND,1,0.79256
22401080,2024-25,2025-03-29,SAS,BOS,0,0.21874
22401081,2024-25,2025-03-30,CLE,LAC,1,0.61382
22401082,2024-25,2025-03-30,NYK,POR,1,0.70371
22401083,2024-25,2025-03-30,MIL,ATL,0,0.59621
22401084,2024-25,2025-03-30,MIN,DET,1,0.70437
22401085,2024-25,2025-03-30,NOP,CHA,1,0.50615
22401086,2024-25,2025-03-30,SAS,GSW,0,0.2253
22401087,2024-25,2025-03-30,PHI,TOR,0,0.30031
22401088,2024-25,2025-03-30,PHX,HOU,0,0.37665
22401089,2024-25,2025-03-31,CHA,UTA,1,0.49173
22401090,2024-25,2025-03-31,IND,SAC,1,0.66559
22401091,2024-25,2025-03-31,ORL,LAC,0,0.46744
22401092,2024-25,2025-03-31,WAS,MIA,0,0.22789
22401093,2024-25,2025-03-31,MEM,BOS,0,0.43862
22401094,2024-25,2025-03-31,OKC,CHI,1,0.87889
22401095,2024-25,2025-03-31,DAL,BKN,0,0.78515
22401096,2024-25,2025-03-31,LAL,HOU,1,0.63707
22400988,2024-25,2025-04-01,SAS,ORL,0,0.49761
22401097,2024-25,2025-04-01,ATL,POR,0,0.61313
22401098,2024-25,2025-04-01,NYK,PHI,1,0.90174
22401099,2024-25,2025-04-01,CHI,TOR,1,0.59355
22401100,2024-25,2025-04-01,MEM,GSW,0,0.44567
22401101,2024-25,2025-04-01,MIL,PHX,1,0.60258
22401102,2024-25,2025-04-01,DEN,MIN,0,0.58895
22401103,2024-25,2025-04-02,CLE,NYK,1,0.82732
22401104,2024-25,2025-04-02,IND,CHA,1,0.87459
22401105,2024-25,2025-04-02,WAS,SAC,1,0.20346
22401106,2024-25,2025-04-02,BOS,MIA,0,0.82499
22401107,2024-25,2025-04-02,HOU,UTA,1,0.92568
22401108,2024-25,2025-04-02,OKC,DET,1,0.86674
22401109,2024-25,2025-04-02,DAL,ATL,1,0.61339
22401110,2024-25,2025-04-02,DEN,SAS,0,0.82653
22401111,2024-25,2025-04-02,LAC,NOP,1,0.92908
22401112,2024-25,2025-04-03,WAS,ORL,0,0.14238
22401113,2024-25,2025-04-03,BKN,MIN,0,0.17497
22401114,2024-25,2025-04-03,MIA,MEM,0,0.36908
22401115,2024-25,2025-04-03,PHI,MIL,0,0.24206
22401116,2024-25,2025-04-03,TOR,POR,0,0.45617
22401117,2024-25,2025-04-03,LAL,GSW,0,0.56526
22401118,2024-25,2025-04-04,CHA,SAC,0,0.27148
22401119,2024-25,2025-04-04,IND,UTA,1,0.90126
22401120,2024-25,2025-04-04,BOS,PHX,1,0.84272
22401121,2024-25,2025-04-04,TOR,DET,0,0.26999
22401122,2024-25,2025-04-04,CHI,POR,1,0.67674
22401123,2024-25,2025-04-04,HOU,OKC,1,0.31305
22401124,2024-25,2025-04-04,SAS,CLE,0,0.19616
22401125,2024-25,2025-04-04,GSW,DEN,1,0.67284
22401126,2024-25,2025-04-04,LAL,NOP,1,0.86895
22401127,2024-25,2025-04-04,LAC,DAL,1,0.80446
22401128,2024-25,2025-04-05,ATL,NYK,0,0.46107
22401129,2024-25,2025-04-05,DET,MEM,0,0.3708
22401130,2024-25,2025-04-05,PHI,MIN,0,0.12648
22401131,2024-25,2025-04-05,MIA,MIL,0,0.59102
22401132,2024-25,2025-04-05,LAC,DAL,1,0.83011
22400617,2024-25,2025-04-06,NOP,MIL,0,0.32581
22401133,2024-25,2025-04-06,CHA,CHI,0,0.29451
22401134,2024-25,2025-04-06,BKN,TOR,0,0.46247
22401135,2024-25,2025-04-06,OKC,LAL,0,0.79528
22401136,2024-25,2025-04-06,ATL,UTA,1,0.78345
22401137,2024-25,2025-04-06,BOS,WAS,1,0.96118
22401138,2024-25,2025-04-06,CLE,SAC,0,0.78531
22401139,2024-25,2025-04-06,POR,SAS,1,0.62009
22401140,2024-25,2025-04-06,NYK,PHX,1,0.68882
22401142,2024-25,2025-04-06,DEN,IND,0,0.58165
22401143,2024-25,2025-04-06,GSW,HOU,0,0.58259
22401144,2024-25,2025-04-07,DET,SAC,0,0.65304
22401145,2024-25,2025-04-07,MIA,PHI,1,0.81833
22401146,2024-25,2025-04-08,CHA,MEM,0,0.19516
22401147,2024-25,2025-04-08,CLE,CHI,1,0.83464
22401148,2024-25,2025-04-08,IND,WAS,1,0.91807
22401149,2024-25,2025-04-08,ORL,ATL,1,0.64495
22401150,2024-25,2025-04-08,BKN,NOP,1,0.584
22401151,2024-25,2025-04-08,NYK,BOS,0,0.47004
22401152,2024-25,2025-04-08,MIL,MIN,1,0.30034
22401153,2024-25,2025-04-08,OKC,LAL,1,0.77228
22401154,2024-25,2025-04-08,PHX,GSW,0,0.26958
22401155,2024-25,2025-04-08,LAC,SAS,1,0.87372
22401156,2024-25,2025-04-09,ORL,BOS,1,0.32166
22401157,2024-25,2025-04-09,WAS,PHI,0,0.39204
22401158,2024-25,2025-04-09,TOR,CHA,1,0.75118
22401159,2024-25,2025-04-09,DAL,LAL,0,0.4559
22401160,2024-25,2025-04-09,CHI,MIA,1,0.37597
22401162,2024-25,2025-04-09,UTA,POR,1,0.31381
22401163,2024-25,2025-04-09,GSW,SAS,0,0.84357
22401164,2024-25,2025-04-09,PHX,OKC,0,0.14792
22401165,2024-25,2025-04-09,SAC,DEN,0,0.45117
22401166,2024-25,2025-04-09,LAC,HOU,1,0.48786
22401161,2024-25,2025-04-10,MIL,NOP,1,0.84916
22401167,2024-25,2025-04-10,DET,NYK,1,0.46227
22401168,2024-25,2025-04-10,IND,CLE,1,0.46703
22401169,2024-25,2025-04-10,BKN,ATL,0,0.25212
22401170,2024-25,2025-04-10,MEM,MIN,0,0.51261
22401171,2024-25,2025-04-11,DET,MIL,0,0.61833
22401172,2024-25,2025-04-11,IND,ORL,0,0.58728
22401173,2024-25,2025-04-11,PHI,ATL,0,0.33883
22401174,2024-25,2025-04-11,BOS,CHA,1,0.92901
22401175,2024-25,2025-04-11,NYK,CLE,0,0.50735
22401176,2024-25,2025-04-11,CHI,WAS,1,0.86571
22401177,2024-25,2025-04-11,NOP,MIA,0,0.14873
22401178,2024-25,2025-04-11,DAL,TOR,1,0.6782
22401179,2024-25,2025-04-11,MIN,BKN,1,0.93026
22401180,2024-25,2025-04-11,DEN,MEM,1,0.66518
22401181,2024-25,2025-04-11,UTA,OKC,0,0.08682
22401182,2024-25,2025-04-11,PHX,SAS,1,0.56054
22401183,2024-25,2025-04-11,POR,GSW,0,0.24481
22401184,2024-25,2025-04-11,SAC,LAC,0,0.31826
22401185,2024-25,2025-04-11,LAL,HOU,1,0.68153
22401186,2024-25,2025-04-13,ATL,ORL,1,0.61189
22401187,2024-25,2025-04-13,BOS,CHA,1,0.95204
22401188,2024-25,2025-04-13,BKN,NYK,0,0.14583
22401189,2024-25,2025-04-13,CLE,IND,0,0.74987
22401190,2024-25,2025-04-13,MIA,WAS,0,0.90064
22401191,2024-25,2025-04-13,PHI,CHI,0,0.27144
22401192,2024-25,2025-04-13,MIL,DET,1,0.53359
22401193,2024-25,2025-04-13,HOU,DEN,0,0.32629
22401194,2024-25,2025-04-13,MEM,DAL,1,0.72511
22401195,2024-25,2025-04-13,MIN,UTA,1,0.93145
22401196,2024-25,2025-04-13,NOP,OKC,0,0.08804
22401197,2024-25,2025-04-13,SAS,TOR,1,0.63102
22401198,2024-25,2025-04-13,GSW,LAC,0,0.49912
22401199,2024-25,2025-04-13,POR,LAL,1,0.23946
22401200,2024-25,2025-04-13,SAC,PHX,1,0.67034
52400101,2024-25,2025-04-15,ORL,ATL,1,0.65303
52400121,2024-25,2025-04-15,GSW,MEM,1,0.78945
52400111,2024-25,2025-04-16,CHI,MIA,0,0.60498
52400131,2024-25,2025-04-16,SAC,DAL,0,0.7362
52400201,2024-25,2025-04-18,ATL,MIA,0,0.56049
52400211,2024-25,2025-04-18,MEM,DAL,1,0.76198
42400121,2024-25,2025-04-19,NYK,DET,1,0.64285
42400131,2024-25,2025-04-19,IND,MIL,1,0.6839
42400161,2024-25,2025-04-19,LAL,MIN,0,0.36061
42400171,2024-25,2025-04-19,DEN,LAC,1,0.53845
42400101,2024-25,2025-04-20,CLE,MIA,1,0.64121
42400111,2024-25,2025-04-20,BOS,ORL,1,0.71857
42400141,2024-25,2025-04-20,OKC,MEM,1,0.68827
42400151,2024-25,2025-04-20,HOU,GSW,0,0.5243
42400122,2024-25,2025-04-21,NYK,DET,0,0.70467
42400172,2024-25,2025-04-21,DEN,LAC,0,0.54534
42400132,2024-25,2025-04-22,IND,MIL,1,0.66315
42400142,2024-25,2025-04-22,OKC,MEM,1,0.8104
42400162,2024-25,2025-04-22,LAL,MIN,1,0.51202
42400102,2024-25,2025-04-23,CLE,MIA,1,0.76797
42400112,2024-25,2025-04-23,BOS,ORL,1,0.80104
42400152,2024-25,2025-04-23,HOU,GSW,1,0.49271
42400123,2024-25,2025-04-24,DET,NYK,0,0.49248
42400143,2024-25,2025-04-24,MEM,OKC,0,0.32239
42400173,2024-25,2025-04-24,LAC,DEN,1,0.65121
42400113,2024-25,2025-04-25,ORL,BOS,1,0.36966
42400133,2024-25,2025-04-25,MIL,IND,1,0.55202
42400163,2024-25,2025-04-25,MIN,LAL,1,0.64402
42400103,2024-25,2025-04-26,MIA,CLE,0,0.37309
42400144,2024-25,2025-04-26,MEM,OKC,0,0.32551
42400153,2024-25,2025-04-26,GSW,HOU,1,0.66667
42400174,2024-25,2025-04-26,LAC,DEN,0,0.66637
42400114,2024-25,2025-04-27,ORL,BOS,0,0.36005
42400124,2024-25,2025-04-27,DET,NYK,0,0.48717
42400134,2024-25,2025-04-27,MIL,IND,0,0.58408
42400164,2024-25,2025-04-27,MIN,LAL,1,0.6568
42400104,2024-25,2025-04-28,MIA,CLE,0,0.37114
42400154,2024-25,2025-04-28,GSW,HOU,1,0.64289
42400115,2024-25,2025-04-29,BOS,ORL,1,0.78619
42400125,2024-25,2025-04-29,NYK,DET,0,0.69681
42400135,2024-25,2025-04-29,IND,MIL,1,0.65778
42400175,2024-25,2025-04-29,DEN,LAC,1,0.54191
42400155,2024-25,2025-04-30,HOU,GSW,1,0.51563
42400165,2024-25,2025-04-30,LAL,MIN,0,0.54275
42400126,2024-25,2025-05-01,DET,NYK,0,0.50271
42400176,2024-25,2025-05-01,LAC,DEN,1,0.63044
42400156,2024-25,2025-05-02,GSW,HOU,0,0.64497
42400177,2024-25,2025-05-03,DEN,LAC,1,0.5623
42400157,2024-25,2025-05-04,HOU,GSW,0,0.56298
42400201,2024-25,2025-05-04,CLE,IND,0,0.69423
42400211,2024-25,2025-05-05,BOS,NYK,0,0.70944
42400221,2024-25,2025-05-05,OKC,DEN,0,0.78104
42400202,2024-25,2025-05-06,CLE,IND,0,0.68524
42400231,2024-25,2025-05-06,MIN,GSW,0,0.65022
42400212,2024-25,2025-05-07,BOS,NYK,0,0.74197
42400222,2024-25,2025-05-07,OKC,DEN,1,0.72388
42400232,2024-25,2025-05-08,MIN,GSW,1,0.58762
42400203,2024-25,2025-05-09,IND,CLE,0,0.53982
42400223,2024-25,2025-05-09,DEN,OKC,1,0.44412
42400213,2024-25,2025-05-10,NYK,BOS,0,0.44128
42400233,2024-25,2025-05-10,GSW,MIN,0,0.54489
42400204,2024-25,2025-05-11,IND,CLE,1,0.46015
42400224,2024-25,2025-05-11,DEN,OKC,0,0.45546
42400214,2024-25,2025-05-12,NYK,BOS,1,0.42851
42400234,2024-25,2025-05-12,GSW,MIN,0,0.53421
42400205,2024-25,2025-05-13,CLE,IND,0,0.66524
42400225,2024-25,2025-05-13,OKC,DEN,1,0.73088
42400215,2024-25,2025-05-14,BOS,NYK,1,0.72839
42400235,2024-25,2025-05-14,MIN,GSW,1,0.66823
42400226,2024-25,2025-05-15,DEN,OKC,1,0.45959
42400216,2024-25,2025-05-16,NYK,BOS,1,0.43143
42400227,2024-25,2025-05-18,OKC,DEN,1,0.71962
42400311,2024-25,2025-05-20,OKC,MIN,1,0.72526
42400301,2024-25,2025-05-21,NYK,IND,0,0.54178
42400312,2024-25,2025-05-22,OKC,MIN,1,0.77624
42400302,2024-25,2025-05-23,NYK,IND,0,0.56445
42400313,2024-25,2025-05-24,MIN,OKC,1,0.36734
42400303,2024-25,2025-05-25,IND,NYK,0,0.64131
42400314,2024-25,2025-05-26,MIN,OKC,0,0.41552
42400304,2024-25,2025-05-27,IND,NYK,1,0.64743
42400315,2024-25,2025-05-28,OKC,MIN,1,0.7586
42400305,2024-25,2025-05-29,NYK,IND,1,0.53244
42400306,2024-25,2025-05-31,IND,NYK,1,0.6253
42400401,2024-25,2025-06-05,OKC,IND,0,0.80315
42400402,2024-25,2025-06-08,OKC,IND,1,0.77727
42400403,2024-25,2025-06-11,IND,OKC,1,0.37627
42400404,2024-25,2025-06-13,IND,OKC,0,0.39608
42400405,2024-25,2025-06-16,OKC,IND,1,0.77321
42400406,2024-25,2025-06-19,IND,OKC,1,0.38257
42400407,2024-25,2025-06-22,OKC,IND,1,0.76153
22500001,2025-26,2025-10-21,OKC,HOU,1,0.71425
22500002,2025-26,2025-10-21,LAL,GSW,0,0.54988
22500003,2025-26,2025-10-22,NYK,CLE,1,0.52936
22500004,2025-26,2025-10-22,DAL,SAS,0,0.62214
22500080,2025-26,2025-10-22,CHA,BKN,1,0.55898
22500081,2025-26,2025-10-22,ORL,MIA,1,0.608
22500082,2025-26,2025-10-22,ATL,TOR,0,0.67499
22500083,2025-26,2025-10-22,BOS,PHI,0,0.84979
22500084,2025-26,2025-10-22,CHI,DET,1,0.49064
22500085,2025-26,2025-10-22,MEM,NOP,1,0.80956
22500087,2025-26,2025-10-22,UTA,LAC,1,0.22605
22500088,2025-26,2025-10-22,PHX,SAC,1,0.47252
22500089,2025-26,2025-10-22,POR,MIN,0,0.34063
22500005,2025-26,2025-10-23,IND,OKC,0,0.44742
22500006,2025-26,2025-10-23,GSW,DEN,1,0.51276
22500018,2025-26,2025-10-24,NYK,BOS,1,0.543
22500019,2025-26,2025-10-24,LAL,MIN,1,0.5528
22500090,2025-26,2025-10-24,ORL,ATL,0,0.60552
22500091,2025-26,2025-10-24,BKN,CLE,0,0.19838
22500092,2025-26,2025-10-24,TOR,MIL,0,0.49644
22500093,2025-26,2025-10-24,HOU,DET,0,0.68289
22500094,2025-26,2025-10-24,MEM,MIA,0,0.61686
22500095,2025-26,2025-10-24,NOP,SAS,0,0.41235
22500096,2025-26,2025-10-24,DAL,WAS,0,0.6748
22500097,2025-26,2025-10-24,POR,GSW,1,0.45654
22500098,2025-26,2025-10-24,SAC,UTA,1,0.60027
22500099,2025-26,2025-10-24,LAC,PHX,1,0.75578
22500100,2025-26,2025-10-25,ORL,CHI,0,0.46745
22500101,2025-26,2025-10-25,ATL,OKC,0,0.20182
22500102,2025-26,2025-10-25,PHI,CHA,1,0.61713
22500103,2025-26,2025-10-25,MEM,IND,1,0.37878
22500104,2025-26,2025-10-25,DEN,PHX,1,0.87885
22500105,2025-26,2025-10-26,SAS,BKN,1,0.78239
22500106,2025-26,2025-10-26,DET,BOS,1,0.51762
22500107,2025-26,2025-10-26,CLE,MIL,1,0.66039
22500108,2025-26,2025-10-26,MIA,NYK,1,0.44176
22500109,2025-26,2025-10-26,WAS,CHA,0,0.58001
22500110,2025-26,2025-10-26,MIN,IND,1,0.79581
22500111,2025-26,2025-10-26,DAL,TOR,1,0.46384
22500112,2025-26,2025-10-26,LAC,POR,1,0.71874
22500113,2025-26,2025-10-26,SAC,LAL,0,0.39649
22500007,2025-26,2025-10-27,DET,CLE,0,0.45116
22500008,2025-26,2025-10-27,MIN,DEN,0,0.34766
22500114,2025-26,2025-10-27,PHI,ORL,1,0.52402
22500115,2025-26,2025-10-27,CHI,ATL,1,0.66636
22500116,2025-26,2025-10-27,HOU,BKN,1,0.89955
22500117,2025-26,2025-10-27,NOP,BOS,0,0.4981
22500118,2025-26,2025-10-27,SAS,TOR,1,0.62883
22500119,2025-26,2025-10-27,DAL,OKC,0,0.17339
22500120,2025-26,2025-10-27,UTA,PHX,1,0.68635
22500121,2025-26,2025-10-27,GSW,MEM,1,0.70238
22500122,2025-26,2025-10-27,LAL,POR,0,0.62989
22500123,2025-26,2025-10-28,WAS,PHI,0,0.49001
22500124,2025-26,2025-10-28,MIA,CHA,1,0.63547
22500125,2025-26,2025-10-28,MIL,NYK,1,0.49924
22500126,2025-26,2025-10-28,OKC,SAC,1,0.77833
22500127,2025-26,2025-10-28,GSW,LAC,1,0.40711
22500128,2025-26,2025-10-29,BOS,CLE,1,0.47573
22500129,2025-26,2025-10-29,DET,ORL,1,0.60217
22500130,2025-26,2025-10-29,BKN,ATL,0,0.34529
22500131,2025-26,2025-10-29,TOR,HOU,0,0.34088
22500132,2025-26,2025-10-29,CHI,SAC,1,0.72034
22500133,2025-26,2025-10-29,DAL,IND,1,0.57228
22500134,2025-26,2025-10-29,DEN,NOP,1,0.88499
22500135,2025-26,2025-10-29,UTA,POR,0,0.49856
22500136,2025-26,2025-10-29,MIN,LAL,0,0.61825
22500137,2025-26,2025-10-29,PHX,MEM,0,0.41176
22500138,2025-26,2025-10-30,CHA,ORL,0,0.60518
22500139,2025-26,2025-10-30,MIL,GSW,1,0.45961
22500140,2025-26,2025-10-30,OKC,WAS,1,0.90461
22500141,2025-26,2025-10-30,SAS,MIA,1,0.57501
22500020,2025-26,2025-10-31,IND,ATL,0,0.48209
22500021,2025-26,2025-10-31,PHI,BOS,0,0.41219
22500022,2025-26,2025-10-31,CLE,TOR,0,0.79
22500023,2025-26,2025-10-31,CHI,NYK,1,0.49169
22500024,2025-26,2025-10-31,MEM,LAL,0,0.56458
22500025,2025-26,2025-10-31,PHX,UTA,1,0.48356
22500026,2025-26,2025-10-31,POR,DEN,1,0.37733
22500027,2025-26,2025-10-31,LAC,NOP,1,0.84241
22500142,2025-26,2025-11-01,MIL,SAC,0,0.63179
22500143,2025-26,2025-11-01,CHA,MIN,0,0.40973
22500144,2025-26,2025-11-01,IND,GSW,1,0.19984
22500145,2025-26,2025-11-01,WAS,ORL,0,0.35188
22500146,2025-26,2025-11-01,BOS,HOU,0,0.4274
22500148,2025-26,2025-11-02,OKC,NOP,1,0.88828
22500149,2025-26,2025-11-02,BKN,PHI,0,0.35311
22500150,2025-26,2025-11-02,CHA,UTA,1,0.40193
22500151,2025-26,2025-11-02,CLE,ATL,1,0.61331
22500152,2025-26,2025-11-02,TOR,MEM,1,0.48375
22500153,2025-26,2025-11-02,NYK,CHI,1,0.57724
22500154,2025-26,2025-11-02,PHX,SAS,1,0.40157
22500155,2025-26,2025-11-02,LAL,MIA,1,0.64747
22500156,2025-26,2025-11-03,BKN,MIN,0,0.21017
22500157,2025-26,2025-11-03,IND,MIL,0,0.33895
22500158,2025-26,2025-11-03,BOS,UTA,0,0.83052
22500159,2025-26,2025-11-03,NYK,WAS,1,0.80503
22500160,2025-26,2025-11-03,HOU,DAL,1,0.81773
22500161,2025-26,2025-11-03,MEM,DET,0,0.30882
22500162,2025-26,2025-11-03,DEN,SAC,1,0.81895
22500163,2025-26,2025-11-03,POR,LAL,0,0.61645
22500164,2025-26,2025-11-03,LAC,MIA,0,0.76705
22500165,2025-26,2025-11-04,TOR,MIL,1,0.54706
22500166,2025-26,2025-11-04,ATL,ORL,1,0.50234
22500167,2025-26,2025-11-04,CHI,PHI,1,0.63645
22500168,2025-26,2025-11-04,NOP,CHA,1,0.55569
22500169,2025-26,2025-11-04,GSW,PHX,1,0.76619
22500170,2025-26,2025-11-04,LAC,OKC,0,0.32158
22500171,2025-26,2025-11-05,CLE,PHI,1,0.73563
22500172,2025-26,2025-11-05,DET,UTA,1,0.73624
22500173,2025-26,2025-11-05,IND,BKN,0,0.70835
22500174,2025-26,2025-11-05,BOS,WAS,1,0.86641
22500175,2025-26,2025-11-05,NYK,MIN,1,0.59662
22500176,2025-26,2025-11-05,MEM,HOU,0,0.30579
22500177,2025-26,2025-11-05,DAL,NOP,0,0.73997
22500178,2025-26,2025-11-05,DEN,MIA,1,0.75028
22500179,2025-26,2025-11-05,LAL,SAS,1,0.5453
22500180,2025-26,2025-11-05,POR,OKC,1,0.38439
22500181,2025-26,2025-11-05,SAC,GSW,1,0.47307
22500182,2025-26,2025-11-06,PHX,LAC,1,0.41512
22500028,2025-26,2025-11-07,ORL,BOS,1,0.47793
22500029,2025-26,2025-11-07,WAS,CLE,0,0.17037
22500030,2025-26,2025-11-07,ATL,TOR,0,0.5624
22500031,2025-26,2025-11-07,BKN,DET,0,0.25695
22500032,2025-26,2025-11-07,SAS,HOU,1,0.36799
22500033,2025-26,2025-11-07,MIA,CHA,1,0.72172
22500034,2025-26,2025-11-07,MEM,DAL,1,0.62496
22500035,2025-26,2025-11-07,MIL,CHI,1,0.53306
22500036,2025-26,2025-11-07,MIN,UTA,1,0.72674
22500037,2025-26,2025-11-07,DEN,GSW,1,0.78329
22500038,2025-26,2025-11-07,SAC,OKC,0,0.22467
22500183,2025-26,2025-11-08,WAS,DAL,0,0.42965
22500184,2025-26,2025-11-08,PHI,TOR,1,0.58431
22500185,2025-26,2025-11-08,ATL,LAL,1,0.36009
22500186,2025-26,2025-11-08,CLE,CHI,1,0.69118
22500187,2025-26,2025-11-08,MIA,POR,1,0.44902
22500188,2025-26,2025-11-08,SAS,NOP,1,0.73074
22500189,2025-26,2025-11-08,DEN,IND,1,0.84211
22500190,2025-26,2025-11-08,LAC,PHX,0,0.61512
22500191,2025-26,2025-11-09,MIL,HOU,0,0.42485
22500192,2025-26,2025-11-09,NYK,BKN,1,0.8893
22500193,2025-26,2025-11-09,ORL,BOS,0,0.51006
22500194,2025-26,2025-11-09,MEM,OKC,0,0.231
22500195,2025-26,2025-11-09,PHI,DET,0,0.41097
22500196,2025-26,2025-11-09,GSW,IND,1,0.80082
22500197,2025-26,2025-11-09,SAC,MIN,0,0.36968
22500198,2025-26,2025-11-10,CHA,LAL,0,0.34294
22500199,2025-26,2025-11-10,DET,WAS,1,0.84591
22500200,2025-26,2025-11-10,ORL,POR,1,0.46608
22500201,2025-26,2025-11-10,MIA,CLE,1,0.43926
22500202,2025-26,2025-11-10,CHI,SAS,0,0.54567
22500203,2025-26,2025-11-10,DAL,MIL,0,0.45016
22500204,2025-26,2025-11-10,PHX,NOP,1,0.73148
22500205,2025-26,2025-11-10,UTA,MIN,0,0.42382
22500206,2025-26,2025-11-10,LAC,ATL,0,0.6041
22500207,2025-26,2025-11-11,BKN,TOR,0,0.25962
22500208,2025-26,2025-11-11,NYK,MEM,1,0.77043
22500209,2025-26,2025-11-11,PHI,BOS,1,0.48064
22500210,2025-26,2025-11-11,OKC,GSW,1,0.81652
22500211,2025-26,2025-11-11,UTA,IND,1,0.58227
22500212,2025-26,2025-11-11,SAC,DEN,0,0.26509
22500213,2025-26,2025-11-12,CHA,MIL,1,0.36093
22500214,2025-26,2025-11-12,DET,CHI,1,0.62371
22500215,2025-26,2025-11-12,NYK,ORL,0,0.62538
22500216,2025-26,2025-11-12,BOS,MEM,1,0.71134
22500217,2025-26,2025-11-12,MIA,CLE,0,0.42013
22500218,2025-26,2025-11-12,HOU,WAS,1,0.91946
22500219,2025-26,2025-11-12,NOP,POR,0,0.28863
22500220,2025-26,2025-11-12,SAS,GSW,0,0.69287
22500221,2025-26,2025-11-12,DAL,PHX,0,0.43436
22500222,2025-26,2025-11-12,OKC,LAL,1,0.71256
22500223,2025-26,2025-11-12,SAC,ATL,0,0.37392
22500224,2025-26,2025-11-12,LAC,DEN,0,0.38082
22500225,2025-26,2025-11-13,CLE,TOR,0,0.5334
22500226,2025-26,2025-11-13,PHX,IND,1,0.65322
22500227,2025-26,2025-11-13,UTA,ATL,0,0.50571
22500039,2025-26,2025-11-14,NYK,MIA,1,0.68938
22500040,2025-26,2025-11-14,ORL,BKN,1,0.85694
22500041,2025-26,2025-11-14,DET,PHI,1,0.55483
22500042,2025-26,2025-11-14,HOU,POR,1,0.70473
22500043,2025-26,2025-11-14,MIL,CHA,1,0.65285
22500044,2025-26,2025-11-14,MIN,SAC,1,0.8342
22500045,2025-26,2025-11-14,NOP,LAL,0,0.26671
22500046,2025-26,2025-11-14,DAL,LAC,0,0.44347
22500047,2025-26,2025-11-14,SAS,GSW,0,0.57566
22500228,2025-26,2025-11-15,CLE,MEM,1,0.79847
22500229,2025-26,2025-11-15,CHA,OKC,0,0.1116
22500230,2025-26,2025-11-15,IND,TOR,0,0.27183
22500231,2025-26,2025-11-15,MIL,LAL,0,0.50204
22500232,2025-26,2025-11-15,MIN,DEN,0,0.35562
22500233,2025-26,2025-11-16,BOS,LAC,1,0.72277
22500234,2025-26,2025-11-16,SAS,SAC,1,0.79303
22500235,2025-26,2025-11-16,WAS,BKN,0,0.57579
22500236,2025-26,2025-11-16,HOU,ORL,1,0.72856
22500237,2025-26,2025-11-16,NOP,GSW,0,0.22308
22500238,2025-26,2025-11-16,DAL,POR,1,0.35727
22500239,2025-26,2025-11-16,PHX,ATL,0,0.50638
22500240,2025-26,2025-11-16,UTA,CHI,1,0.45411
22500241,2025-26,2025-11-17,CLE,MIL,1,0.71611
22500242,2025-26,2025-11-17,DET,IND,1,0.77521
22500243,2025-26,2025-11-17,PHI,LAC,1,0.67017
22500244,2025-26,2025-11-17,MIA,NYK,1,0.44564
22500245,2025-26,2025-11-17,TOR,CHA,1,0.77064
22500246,2025-26,2025-11-17,MIN,DAL,1,0.87377
22500247,2025-26,2025-11-17,NOP,OKC,0,0.06127
22500248,2025-26,2025-11-17,DEN,CHI,0,0.85965
22500249,2025-26,2025-11-18,ORL,GSW,1,0.48169
22500250,2025-26,2025-11-18,BKN,BOS,0,0.22009
22500251,2025-26,2025-11-18,ATL,DET,0,0.67868
22500252,2025-26,2025-11-18,SAS,MEM,1,0.69319
22500253,2025-26,2025-11-18,LAL,UTA,1,0.7632
22500254,2025-26,2025-11-18,POR,PHX,0,0.57958
22500255,2025-26,2025-11-19,CLE,HOU,0,0.51218
22500256,2025-26,2025-11-19,IND,CHA,1,0.36509
22500257,2025-26,2025-11-19,MIA,GSW,1,0.51848
22500258,2025-26,2025-11-19,PHI,TOR,0,0.48092
22500259,2025-26,2025-11-19,MIN,WAS,1,0.89563
22500260,2025-26,2025-11-19,NOP,DEN,0,0.12839
22500261,2025-26,2025-11-19,OKC,SAC,1,0.90669
22500262,2025-26,2025-11-19,DAL,NYK,0,0.28932
22500263,2025-26,2025-11-19,POR,CHI,0,0.45672
22500264,2025-26,2025-11-20,ORL,LAC,1,0.65118
22500265,2025-26,2025-11-20,MEM,SAC,1,0.70208
22500266,2025-26,2025-11-20,MIL,PHI,0,0.69096
22500267,2025-26,2025-11-20,SAS,ATL,1,0.56003
22500048,2025-26,2025-11-21,CLE,IND,1,0.8774
22500049,2025-26,2025-11-21,BOS,BKN,0,0.86124
22500050,2025-26,2025-11-21,TOR,WAS,1,0.87689
22500051,2025-26,2025-11-21,CHI,MIA,0,0.50615
22500052,2025-26,2025-11-21,DAL,NOP,1,0.61152
22500053,2025-26,2025-11-21,PHX,MIN,1,0.43655
22500054,2025-26,2025-11-21,HOU,DEN,0,0.57681
22500055,2025-26,2025-11-21,UTA,OKC,0,0.15905
22500056,2025-26,2025-11-21,GSW,POR,0,0.58658
22500268,2025-26,2025-11-22,CHA,LAC,0,0.51469
22500269,2025-26,2025-11-22,ORL,NYK,1,0.53113
22500270,2025-26,2025-11-22,NOP,ATL,0,0.24174
22500271,2025-26,2025-11-22,CHI,WAS,1,0.827
22500272,2025-26,2025-11-22,MIL,DET,0,0.34516
22500273,2025-26,2025-11-22,DAL,MEM,0,0.4294
22500274,2025-26,2025-11-22,DEN,SAC,0,0.86503
22500275,2025-26,2025-11-23,PHI,MIA,0,0.50599
22500276,2025-26,2025-11-23,ATL,CHA,1,0.72555
22500277,2025-26,2025-11-23,BOS,ORL,1,0.66206
22500278,2025-26,2025-11-23,CLE,LAC,1,0.79103
22500279,2025-26,2025-11-23,TOR,BKN,1,0.81934
22500280,2025-26,2025-11-23,OKC,POR,1,0.87841
22500281,2025-26,2025-11-23,PHX,SAS,1,0.50901
22500282,2025-26,2025-11-23,UTA,LAL,0,0.2722
22500283,2025-26,2025-11-24,IND,DET,0,0.20366
22500284,2025-26,2025-11-24,TOR,CLE,1,0.49893
22500285,2025-26,2025-11-24,BKN,NYK,0,0.20269
22500286,2025-26,2025-11-24,MIA,DAL,1,0.71689
22500287,2025-26,2025-11-24,MEM,DEN,0,0.27473
22500288,2025-26,2025-11-24,MIL,POR,0,0.59886
22500289,2025-26,2025-11-24,NOP,CHI,1,0.32829
22500290,2025-26,2025-11-24,PHX,HOU,0,0.28573
22500291,2025-26,2025-11-24,GSW,UTA,1,0.84569
22500292,2025-26,2025-11-24,SAC,MIN,1,0.20622
22500057,2025-26,2025-11-25,WAS,ATL,1,0.20979
22500058,2025-26,2025-11-25,PHI,ORL,0,0.4977
22500059,2025-26,2025-11-25,LAL,LAC,1,0.70986
22500060,2025-26,2025-11-26,BOS,DET,1,0.54657
22500061,2025-26,2025-11-26,CHA,NYK,0,0.30909
22500062,2025-26,2025-11-26,MIA,MIL,1,0.7364
22500063,2025-26,2025-11-26,TOR,IND,1,0.82326
22500064,2025-26,2025-11-26,OKC,MIN,1,0.78997
22500065,2025-26,2025-11-26,NOP,MEM,0,0.44922
22500066,2025-26,2025-11-26,GSW,HOU,0,0.43895
22500067,2025-26,2025-11-26,POR,SAS,0,0.45368
22500068,2025-26,2025-11-26,SAC,PHX,0,0.40639
22500069,2025-26,2025-11-28,ATL,CLE,1,0.5247
22500070,2025-26,2025-11-28,BKN,PHI,0,0.4289
22500071,2025-26,2025-11-28,CHA,CHI,1,0.47979
22500072,2025-26,2025-11-28,DET,ORL,0,0.57272
22500073,2025-26,2025-11-28,IND,WAS,1,0.61593
22500074,2025-26,2025-11-28,NYK,MIL,1,0.80658
22500075,2025-26,2025-11-28,OKC,PHX,1,0.87437
22500076,2025-26,2025-11-28,DEN,SAS,0,0.71795
22500077,2025-26,2025-11-28,UTA,SAC,1,0.66346
22500078,2025-26,2025-11-28,LAL,DAL,1,0.80971
22500079,2025-26,2025-11-28,LAC,MEM,0,0.6418
22500293,2025-26,2025-11-29,MIN,BOS,1,0.5952
22500294,2025-26,2025-11-29,CHA,TOR,1,0.28335
22500295,2025-26,2025-11-29,IND,CHI,1,0.38936
22500296,2025-26,2025-11-29,MIA,DET,0,0.6062
22500297,2025-26,2025-11-29,MIL,BKN,1,0.7332
22500298,2025-26,2025-11-29,GSW,NOP,1,0.82727
22500299,2025-26,2025-11-29,PHX,DEN,0,0.42935
22500300,2025-26,2025-11-29,LAC,DAL,0,0.68465
22500301,2025-26,2025-11-30,UTA,HOU,0,0.26356
22500302,2025-26,2025-11-30,CLE,BOS,0,0.68551
22500303,2025-26,2025-11-30,NYK,TOR,1,0.7243
22500304,2025-26,2025-11-30,PHI,ATL,0,0.45577
22500305,2025-26,2025-11-30,POR,OKC,0,0.20741
22500306,2025-26,2025-11-30,MIN,SAS,1,0.55422
22500307,2025-26,2025-11-30,SAC,MEM,0,0.40282
22500308,2025-26,2025-11-30,LAL,NOP,1,0.89341
22500309,2025-26,2025-12-01,DET,ATL,1,0.70631
22500310,2025-26,2025-12-01,IND,CLE,0,0.36688
22500311,2025-26,2025-12-01,WAS,MIL,1,0.29287
22500312,2025-26,2025-12-01,BKN,CHA,1,0.39472
22500313,2025-26,2025-12-01,MIA,LAC,1,0.65504
22500314,2025-26,2025-12-01,ORL,CHI,1,0.77128
22500315,2025-26,2025-12-01,DEN,DAL,0,0.86461
22500316,2025-26,2025-12-01,UTA,HOU,1,0.20872
22500317,2025-26,2025-12-01,LAL,PHX,0,0.59864
22500318,2025-26,2025-12-02,PHI,WAS,1,0.86899
22500319,2025-26,2025-12-02,TOR,POR,1,0.61596
22500320,2025-26,2025-12-02,BOS,NYK,1,0.47784
22500321,2025-26,2025-12-02,NOP,MIN,0,0.18053
22500322,2025-26,2025-12-02,SAS,MEM,1,0.67176
22500323,2025-26,2025-12-02,GSW,OKC,0,0.27786
22500324,2025-26,2025-12-03,CLE,POR,0,0.7338
22500325,2025-26,2025-12-03,IND,DEN,0,0.23684
22500326,2025-26,2025-12-03,ORL,SAS,0,0.7266
22500327,2025-26,2025-12-03,ATL,LAC,0,0.64025
22500328,2025-26,2025-12-03,NYK,CHA,1,0.76287
22500329,2025-26,2025-12-03,CHI,BKN,0,0.68244
22500330,2025-26,2025-12-03,HOU,SAC,1,0.88453
22500331,2025-26,2025-12-03,MIL,DET,1,0.35571
22500332,2025-26,2025-12-03,DAL,MIA,1,0.34661
22500333,2025-26,2025-12-04,PHI,GSW,1,0.46917
22500334,2025-26,2025-12-04,WAS,BOS,0,0.15829
22500335,2025-26,2025-12-04,BKN,UTA,0,0.38406
22500336,2025-26,2025-12-04,TOR,LAL,0,0.47654
22500337,2025-26,2025-12-04,NOP,MIN,0,0.18069
22500338,2025-26,2025-12-05,BOS,LAL,1,0.63039
22500339,2025-26,2025-12-05,ORL,MIA,1,0.64327
22500340,2025-26,2025-12-05,ATL,DEN,0,0.38207
22500341,2025-26,2025-12-05,CLE,SAS,1,0.59055
22500342,2025-26,2025-12-05,DET,POR,1,0.7097
22500343,2025-26,2025-12-05,NYK,UTA,1,0.86934
22500344,2025-26,2025-12-05,TOR,CHA,0,0.64879
22500345,2025-26,2025-12-05,CHI,IND,0,0.6213
22500346,2025-26,2025-12-05,HOU,PHX,1,0.72959
22500347,2025-26,2025-12-05,MEM,LAC,1,0.49717
22500348,2025-26,2025-12-05,MIL,PHI,0,0.60815
22500349,2025-26,2025-12-05,OKC,DAL,1,0.89368
22500350,2025-26,2025-12-06,BKN,NOP,1,0.57401
22500351,2025-26,2025-12-06,WAS,ATL,0,0.27812
22500352,2025-26,2025-12-06,CLE,GSW,0,0.53393
22500353,2025-26,2025-12-06,DET,MIL,1,0.80228
22500354,2025-26,2025-12-06,MIA,SAC,0,0.73928
22500355,2025-26,2025-12-06,MIN,LAC,1,0.7851
22500356,2025-26,2025-12-06,DAL,HOU,1,0.24414
22500357,2025-26,2025-12-07,NYK,ORL,1,0.61558
22500358,2025-26,2025-12-07,TOR,BOS,0,0.3997
22500359,2025-26,2025-12-07,CHA,DEN,0,0.26103
22500360,2025-26,2025-12-07,MEM,POR,1,0.53638
22500361,2025-26,2025-12-07,CHI,GSW,0,0.55125
22500362,2025-26,2025-12-07,PHI,LAL,0,0.54833
22500363,2025-26,2025-12-07,UTA,OKC,0,0.14072
22500364,2025-26,2025-12-08,IND,SAC,1,0.59331
22500365,2025-26,2025-12-08,MIN,PHX,0,0.70037
22500366,2025-26,2025-12-08,NOP,SAS,0,0.24581
22501201,2025-26,2025-12-09,ORL,MIA,1,0.63817
22501202,2025-26,2025-12-09,TOR,NYK,0,0.36058
22501203,2025-26,2025-12-10,OKC,PHX,1,0.81516
22501204,2025-26,2025-12-10,LAL,SAS,0,0.60207
22501205,2025-26,2025-12-11,HOU,LAC,1,0.70125
22501206,2025-26,2025-12-11,MIL,BOS,1,0.25625
22501207,2025-26,2025-12-11,NOP,POR,1,0.35959
22501208,2025-26,2025-12-11,SAC,DEN,0,0.22373
22501209,2025-26,2025-12-12,CHA,CHI,0,0.54543
22501210,2025-26,2025-12-12,DET,ATL,1,0.65515
22501211,2025-26,2025-12-12,PHI,IND,1,0.74458
22501212,2025-26,2025-12-12,WAS,CLE,0,0.16407
22501213,2025-26,2025-12-12,MEM,UTA,0,0.73277
22501214,2025-26,2025-12-12,DAL,BKN,1,0.68121
22501215,2025-26,2025-12-12,GSW,MIN,0,0.44621
22501216,2025-26,2025-12-14,IND,WAS,0,0.75294
22501217,2025-26,2025-12-14,ATL,PHI,1,0.5648
22501218,2025-26,2025-12-14,CLE,CHA,0,0.80214
22501219,2025-26,2025-12-14,BKN,MIL,1,0.46944
22501220,2025-26,2025-12-14,MIN,SAC,1,0.83424
22501221,2025-26,2025-12-14,POR,GSW,1,0.36973
22501223,2025-26,2025-12-14,CHI,NOP,0,0.64541
22501228,2025-26,2025-12-14,PHX,LAL,0,0.39386
22501222,2025-26,2025-12-15,BOS,DET,0,0.54866
22501224,2025-26,2025-12-15,UTA,DAL,1,0.49964
22501225,2025-26,2025-12-15,DEN,HOU,1,0.50242
22501226,2025-26,2025-12-15,LAC,MEM,0,0.63254
22501227,2025-26,2025-12-15,MIA,TOR,0,0.66072
22500367,2025-26,2025-12-17,CHI,CLE,1,0.37393
22500368,2025-26,2025-12-17,MIN,MEM,0,0.68527
22500369,2025-26,2025-12-18,OKC,LAC,1,0.88841
22500370,2025-26,2025-12-18,SAS,WAS,1,0.9049
22500371,2025-26,2025-12-18,CHA,ATL,1,0.36813
22500372,2025-26,2025-12-18,IND,NYK,0,0.17721
22500373,2025-26,2025-12-18,BKN,MIA,0,0.36852
22500374,2025-26,2025-12-18,MIL,TOR,0,0.37778
22500375,2025-26,2025-12-18,NOP,HOU,1,0.2254
22500376,2025-26,2025-12-18,DAL,DET,1,0.28575
22500377,2025-26,2025-12-18,DEN,ORL,1,0.65546
22500378,2025-26,2025-12-18,PHX,GSW,1,0.45694
22500379,2025-26,2025-12-18,UTA,LAL,0,0.29575
22500380,2025-26,2025-12-18,POR,SAC,1,0.72026
22500381,2025-26,2025-12-19,BOS,MIA,1,0.74848
22500382,2025-26,2025-12-19,NYK,PHI,0,0.60663
22500383,2025-26,2025-12-19,ATL,SAS,0,0.4491
22500384,2025-26,2025-12-19,CLE,CHI,0,0.68915
22500385,2025-26,2025-12-19,MIN,OKC,1,0.33948
22500386,2025-26,2025-12-20,DEN,HOU,0,0.54096
22500387,2025-26,2025-12-20,PHI,DAL,1,0.53948
22500388,2025-26,2025-12-20,TOR,BOS,0,0.48673
22500389,2025-26,2025-12-20,NOP,IND,1,0.62927
22500390,2025-26,2025-12-20,DET,CHA,1,0.7994
22500391,2025-26,2025-12-20,MEM,WAS,0,0.83558
22500392,2025-26,2025-12-20,GSW,PHX,1,0.64873
22500393,2025-26,2025-12-20,UTA,ORL,0,0.32028
22500394,2025-26,2025-12-20,SAC,POR,0,0.37139
22500395,2025-26,2025-12-20,LAC,LAL,1,0.42475
22500396,2025-26,2025-12-21,ATL,CHI,0,0.60064
22500397,2025-26,2025-12-21,BKN,TOR,1,0.52625
22500398,2025-26,2025-12-21,NYK,MIA,1,0.73345
22500399,2025-26,2025-12-21,WAS,SAS,0,0.12108
22500400,2025-26,2025-12-21,MIN,MIL,1,0.81311
22500401,2025-26,2025-12-21,SAC,HOU,1,0.15847
22500402,2025-26,2025-12-22,CLE,CHA,1,0.69849
22500403,2025-26,2025-12-22,BOS,IND,1,0.84544
22500404,2025-26,2025-12-22,NOP,DAL,1,0.52355
22500405,2025-26,2025-12-22,DEN,UTA,1,0.85752
22500406,2025-26,2025-12-22,OKC,MEM,1,0.89729
22500407,2025-26,2025-12-22,GSW,ORL,1,0.61959
22500408,2025-26,2025-12-22,POR,DET,0,0.33824
22500409,2025-26,2025-12-23,CHA,WAS,1,0.66455
22500410,2025-26,2025-12-23,PHI,BKN,0,0.69992
22500411,2025-26,2025-12-23,ATL,CHI,0,0.60587
22500412,2025-26,2025-12-23,CLE,NOP,1,0.72001
22500413,2025-26,2025-12-23,IND,MIL,0,0.41881
22500414,2025-26,2025-12-23,MIA,TOR,0,0.59317
22500415,2025-26,2025-12-23,DAL,DEN,1,0.33808
22500416,2025-26,2025-12-23,MIN,NYK,1,0.525
22500417,2025-26,2025-12-23,SAS,OKC,1,0.43755
22500418,2025-26,2025-12-23,PHX,LAL,1,0.50646
22500419,2025-26,2025-12-23,UTA,MEM,0,0.471
22500420,2025-26,2025-12-23,POR,ORL,0,0.51069
22500421,2025-26,2025-12-23,SAC,DET,0,0.27289
22500422,2025-26,2025-12-23,LAC,HOU,1,0.38243
22500009,2025-26,2025-12-25,NYK,CLE,1,0.57624
22500010,2025-26,2025-12-25,OKC,SAS,0,0.76134
22500011,2025-26,2025-12-25,GSW,DAL,1,0.74488
22500012,2025-26,2025-12-25,LAL,HOU,0,0.37494
22500013,2025-26,2025-12-25,DEN,MIN,1,0.58255
22500423,2025-26,2025-12-26,ATL,MIA,0,0.54251
22500424,2025-26,2025-12-26,ORL,CHA,0,0.65457
22500425,2025-26,2025-12-26,WAS,TOR,1,0.28782
22500426,2025-26,2025-12-26,IND,BOS,0,0.2067
22500427,2025-26,2025-12-26,CHI,PHI,1,0.47374
22500428,2025-26,2025-12-26,MEM,MIL,1,0.60976
22500429,2025-26,2025-12-26,NOP,PHX,0,0.39203
22500430,2025-26,2025-12-26,UTA,DET,1,0.19664
22500431,2025-26,2025-12-26,POR,LAC,0,0.45119
22500432,2025-26,2025-12-27,SAC,DAL,1,0.45812
22500433,2025-26,2025-12-27,ORL,DEN,1,0.29794
22500434,2025-26,2025-12-27,NOP,PHX,0,0.39366
22500435,2025-26,2025-12-27,ATL,NYK,0,0.3034
22500436,2025-26,2025-12-27,MIA,IND,1,0.74212
22500437,2025-26,2025-12-27,CHI,MIL,0,0.69499
22500438,2025-26,2025-12-27,HOU,CLE,1,0.66376
22500439,2025-26,2025-12-27,MIN,BKN,0,0.80203
22500440,2025-26,2025-12-27,SAS,UTA,0,0.88943
22500441,2025-26,2025-12-28,TOR,GSW,1,0.36266
22500442,2025-26,2025-12-28,OKC,PHI,1,0.8393
22500443,2025-26,2025-12-28,WAS,MEM,1,0.31314
22500444,2025-26,2025-12-28,POR,BOS,1,0.34265
22500445,2025-26,2025-12-28,LAC,DET,1,0.42898
22500446,2025-26,2025-12-28,LAL,SAC,1,0.85283
22500447,2025-26,2025-12-29,CHA,MIL,0,0.54743
22500448,2025-26,2025-12-29,WAS,PHX,0,0.20166
22500449,2025-26,2025-12-29,BKN,GSW,0,0.42385
22500450,2025-26,2025-12-29,MIA,DEN,1,0.41203
22500451,2025-26,2025-12-29,TOR,ORL,1,0.5176
22500452,2025-26,2025-12-29,CHI,MIN,0,0.38244
22500453,2025-26,2025-12-29,HOU,IND,1,0.8921
22500454,2025-26,2025-12-29,NOP,NYK,0,0.2955
22500455,2025-26,2025-12-29,OKC,ATL,1,0.83407
22500456,2025-26,2025-12-29,SAS,CLE,0,0.59957
22500457,2025-26,2025-12-29,POR,DAL,1,0.51521
22500458,2025-26,2025-12-30,MEM,PHI,0,0.52323
22500459,2025-26,2025-12-30,UTA,BOS,0,0.28467
22500460,2025-26,2025-12-30,LAL,DET,0,0.43174
22500461,2025-26,2025-12-30,LAC,SAC,1,0.8039
22500462,2025-26,2025-12-31,CHA,GSW,0,0.29481
22500463,2025-26,2025-12-31,ATL,MIN,1,0.32439
22500464,2025-26,2025-12-31,IND,ORL,0,0.3696
22500465,2025-26,2025-12-31,CLE,PHX,1,0.65591
22500466,2025-26,2025-12-31,CHI,NOP,1,0.5846
22500467,2025-26,2025-12-31,SAS,NYK,1,0.57812
22500468,2025-26,2025-12-31,TOR,DEN,0,0.44842
22500469,2025-26,2025-12-31,MIL,WAS,0,0.77553
22500470,2025-26,2025-12-31,OKC,POR,1,0.89277
22500471,2025-26,2026-01-01,BKN,HOU,0,0.26693
22500472,2025-26,2026-01-01,DET,MIA,0,0.68227
22500473,2025-26,2026-01-01,DAL,PHI,0,0.39463
22500474,2025-26,2026-01-01,SAC,BOS,0,0.18647
22500475,2025-26,2026-01-01,LAC,UTA,1,0.79223
22500476,2025-26,2026-01-02,IND,SAS,0,0.22925
22500477,2025-26,2026-01-02,WAS,BKN,1,0.54656
22500478,2025-26,2026-01-02,CLE,DEN,1,0.69051
22500479,2025-26,2026-01-02,NYK,ATL,0,0.6873
22500480,2025-26,2026-01-02,CHI,ORL,1,0.4448
22500481,2025-26,2026-01-02,MIL,CHA,1,0.64506
22500482,2025-26,2026-01-02,NOP,POR,0,0.52331
22500483,2025-26,2026-01-02,PHX,SAC,1,0.85466
22500484,2025-26,2026-01-02,GSW,OKC,0,0.32558
22500485,2025-26,2026-01-02,LAL,MEM,1,0.60982
22500486,2025-26,2026-01-03,MIA,MIN,0,0.45327
22500487,2025-26,2026-01-03,NYK,PHI,0,0.4916
22500488,2025-26,2026-01-03,TOR,ATL,1,0.65298
22500489,2025-26,2026-01-03,CHI,CHA,0,0.60433
22500490,2025-26,2026-01-03,SAS,POR,0,0.73684
22500491,2025-26,2026-01-03,DAL,HOU,1,0.25271
22500492,2025-26,2026-01-03,GSW,UTA,1,0.70343
22500493,2025-26,2026-01-03,LAC,BOS,0,0.50606
22500494,2025-26,2026-01-04,CLE,DET,0,0.52234
22500495,2025-26,2026-01-04,ORL,IND,1,0.75717
22500496,2025-26,2026-01-04,BKN,DEN,1,0.40175
22500497,2025-26,2026-01-04,MIA,NOP,1,0.6832
22500498,2025-26,2026-01-04,WAS,MIN,0,0.27325
22500499,2025-26,2026-01-04,PHX,OKC,1,0.24361
22500500,2025-26,2026-01-04,SAC,MIL,0,0.33858
22500501,2025-26,2026-01-04,LAL,MEM,1,0.59793
22500502,2025-26,2026-01-05,DET,NYK,1,0.491
22500503,2025-26,2026-01-05,BOS,CHI,1,0.81614
22500504,2025-26,2026-01-05,TOR,ATL,1,0.61656
22500505,2025-26,2026-01-05,HOU,PHX,1,0.78659
22500506,2025-26,2026-01-05,OKC,CHA,0,0.86645
22500507,2025-26,2026-01-05,PHI,DEN,0,0.74793
22500508,2025-26,2026-01-05,LAC,GSW,1,0.54148
22500509,2025-26,2026-01-05,POR,UTA,1,0.6375
22500510,2025-26,2026-01-06,IND,CLE,0,0.27427
22500511,2025-26,2026-01-06,WAS,ORL,1,0.30509
22500512,2025-26,2026-01-06,MEM,SAS,1,0.38542
22500513,2025-26,2026-01-06,MIN,MIA,1,0.66954
22500514,2025-26,2026-01-06,NOP,LAL,0,0.37284
22500515,2025-26,2026-01-06,SAC,DAL,0,0.36987
22500516,2025-26,2026-01-07,CHA,TOR,0,0.44728
22500517,2025-26,2026-01-07,DET,CHI,1,0.79239
22500518,2025-26,2026-01-07,PHI,WAS,1,0.88116
22500519,2025-26,2026-01-07,ATL,NOP,1,0.74939
22500520,2025-26,2026-01-07,BOS,DEN,0,0.82954
22500521,2025-26,2026-01-07,BKN,ORL,0,0.55966
22500522,2025-26,2026-01-07,NYK,LAC,1,0.59726
22500523,2025-26,2026-01-07,SAS,LAL,1,0.68122
22500524,2025-26,2026-01-07,MEM,PHX,0,0.35399
22500525,2025-26,2026-01-07,OKC,UTA,1,0.91706
22500526,2025-26,2026-01-07,GSW,MIL,1,0.69282
22500527,2025-26,2026-01-07,POR,HOU,1,0.3085
22500528,2025-26,2026-01-08,CHA,IND,0,0.57588
22500530,2025-26,2026-01-08,MIN,CLE,1,0.63091
22500531,2025-26,2026-01-08,UTA,DAL,1,0.40142
22500532,2025-26,2026-01-09,BOS,TOR,1,0.71196
22500533,2025-26,2026-01-09,ORL,PHI,0,0.43311
22500534,2025-26,2026-01-09,WAS,NOP,0,0.43121
22500535,2025-26,2026-01-09,BKN,LAC,0,0.37077
22500536,2025-26,2026-01-09,MEM,OKC,0,0.17482
22500537,2025-26,2026-01-09,DEN,ATL,0,0.57329
22500538,2025-26,2026-01-09,PHX,NYK,1,0.50755
22500539,2025-26,2026-01-09,GSW,SAC,1,0.86647
22500540,2025-26,2026-01-09,POR,HOU,1,0.33218
22500541,2025-26,2026-01-09,LAL,MIL,0,0.56301
22500542,2025-26,2026-01-10,CLE,MIN,1,0.51551
22500543,2025-26,2026-01-10,IND,MIA,1,0.3201
22500544,2025-26,2026-01-10,DET,LAC,0,0.69769
22500545,2025-26,2026-01-10,BOS,SAS,0,0.49943
22500546,2025-26,2026-01-10,CHI,DAL,1,0.53569
22500547,2025-26,2026-01-10,UTA,CHA,0,0.48651
22500548,2025-26,2026-01-11,ORL,NOP,1,0.70279
22500549,2025-26,2026-01-11,MEM,BKN,1,0.60222
22500550,2025-26,2026-01-11,TOR,PHI,1,0.42527
22500551,2025-26,2026-01-11,POR,NYK,0,0.42226
22500552,2025-26,2026-01-11,MIN,SAS,1,0.54738
22500553,2025-26,2026-01-11,OKC,MIA,1,0.82196
22500554,2025-26,2026-01-11,DEN,MIL,1,0.49596
22500555,2025-26,2026-01-11,PHX,WAS,1,0.88323
22500556,2025-26,2026-01-11,GSW,ATL,0,0.71622
22500557,2025-26,2026-01-11,SAC,HOU,1,0.17374
22500558,2025-26,2026-01-12,CLE,UTA,0,0.87157
22500559,2025-26,2026-01-12,IND,BOS,1,0.25285
22500560,2025-26,2026-01-12,TOR,PHI,0,0.52296
22500561,2025-26,2026-01-12,DAL,BKN,1,0.65984
22500562,2025-26,2026-01-12,SAC,LAL,1,0.23386
22500563,2025-26,2026-01-12,LAC,CHA,1,0.65952
22500564,2025-26,2026-01-13,MIA,PHX,1,0.47069
22500565,2025-26,2026-01-13,HOU,CHI,1,0.79354
22500566,2025-26,2026-01-13,MIL,MIN,0,0.40142
22500567,2025-26,2026-01-13,NOP,DEN,0,0.48045
22500568,2025-26,2026-01-13,OKC,SAS,1,0.7443
22500569,2025-26,2026-01-13,LAL,ATL,1,0.46843
22500570,2025-26,2026-01-13,GSW,POR,1,0.71305
22500571,2025-26,2026-01-14,IND,TOR,0,0.42418
22500572,2025-26,2026-01-14,PHI,CLE,0,0.54132
22500573,2025-26,2026-01-14,CHI,UTA,1,0.52731
22500574,2025-26,2026-01-14,NOP,BKN,1,0.46775
22500575,2025-26,2026-01-14,DAL,DEN,0,0.51023
22500576,2025-26,2026-01-14,SAC,NYK,1,0.20967
22500577,2025-26,2026-01-14,LAC,WAS,1,0.85055
22500579,2025-26,2026-01-15,DET,PHX,1,0.59101
22500580,2025-26,2026-01-15,MIA,BOS,0,0.41845
22500581,2025-26,2026-01-15,HOU,OKC,0,0.37872
22500582,2025-26,2026-01-15,SAS,MIL,1,0.74742
22500583,2025-26,2026-01-15,DAL,UTA,1,0.66148
22500584,2025-26,2026-01-15,GSW,NYK,1,0.68836
22500585,2025-26,2026-01-15,POR,ATL,1,0.49879
22500586,2025-26,2026-01-15,LAL,CHA,0,0.63021
22500587,2025-26,2026-01-16,BKN,CHI,1,0.50584
22500588,2025-26,2026-01-16,IND,NOP,1,0.591
22500589,2025-26,2026-01-16,PHI,CLE,0,0.49703
22500590,2025-26,2026-01-16,TOR,LAC,0,0.47568
22500591,2025-26,2026-01-16,HOU,MIN,1,0.51993
22500592,2025-26,2026-01-16,SAC,WAS,1,0.65125
22500593,2025-26,2026-01-17,DAL,UTA,1,0.62906
22500594,2025-26,2026-01-17,ATL,BOS,0,0.37633
22500595,2025-26,2026-01-17,DET,IND,1,0.885
22500596,2025-26,2026-01-17,NYK,PHX,0,0.58435
22500597,2025-26,2026-01-17,MIA,OKC,1,0.20642
22500598,2025-26,2026-01-17,SAS,MIN,1,0.65979
22500599,2025-26,2026-01-17,GSW,CHA,1,0.7487
22500600,2025-26,2026-01-17,DEN,WAS,1,0.86148
22500601,2025-26,2026-01-17,POR,LAL,1,0.47204
22500603,2025-26,2026-01-18,CHI,BKN,1,0.59765
22500604,2025-26,2026-01-18,HOU,NOP,1,0.84594
22500605,2025-26,2026-01-18,DEN,CHA,0,0.60682
22500606,2025-26,2026-01-18,SAC,POR,0,0.55256
22500607,2025-26,2026-01-18,LAL,TOR,1,0.45536
22500014,2025-26,2026-01-19,ATL,MIL,0,0.53544
22500015,2025-26,2026-01-19,CLE,OKC,0,0.30385
22500016,2025-26,2026-01-19,NYK,DAL,0,0.82312
22500017,2025-26,2026-01-19,DET,BOS,1,0.61126
22500608,2025-26,2026-01-19,WAS,LAC,0,0.27465
22500609,2025-26,2026-01-19,PHI,IND,1,0.85158
22500610,2025-26,2026-01-19,BKN,PHX,0,0.20321
22500611,2025-26,2026-01-19,SAS,UTA,1,0.90735
22500612,2025-26,2026-01-19,GSW,MIA,1,0.72409
22500613,2025-26,2026-01-20,PHI,PHX,0,0.5417
22500614,2025-26,2026-01-20,CHI,LAC,1,0.60904
22500615,2025-26,2026-01-20,HOU,SAS,1,0.67979
22500616,2025-26,2026-01-20,UTA,MIN,1,0.15501
22500617,2025-26,2026-01-20,DEN,LAL,0,0.45443
22500618,2025-26,2026-01-20,GSW,TOR,0,0.65001
22500619,2025-26,2026-01-20,SAC,MIA,0,0.48508
22500620,2025-26,2026-01-21,CHA,CLE,0,0.43403
22500621,2025-26,2026-01-21,BOS,IND,1,0.84491
22500622,2025-26,2026-01-21,NYK,BKN,1,0.80343
22500623,2025-26,2026-01-21,MEM,ATL,0,0.62363
22500624,2025-26,2026-01-21,NOP,DET,0,0.22894
22500625,2025-26,2026-01-21,MIL,OKC,0,0.17197
22500626,2025-26,2026-01-21,SAC,TOR,0,0.40075
22500627,2025-26,2026-01-22,ORL,CHA,0,0.73525
22500628,2025-26,2026-01-22,PHI,HOU,1,0.38311
22500629,2025-26,2026-01-22,WAS,DEN,0,0.36169
22500630,2025-26,2026-01-22,DAL,GSW,1,0.28417
22500631,2025-26,2026-01-22,MIN,CHI,0,0.73114
22500632,2025-26,2026-01-22,UTA,SAS,0,0.20532
22500633,2025-26,2026-01-22,LAC,LAL,1,0.47297
22500634,2025-26,2026-01-22,POR,MIA,1,0.5595
22500635,2025-26,2026-01-23,DET,HOU,0,0.62157
22500636,2025-26,2026-01-23,ATL,PHX,1,0.41954
22500637,2025-26,2026-01-23,BKN,BOS,0,0.22529
22500638,2025-26,2026-01-23,CLE,SAC,1,0.83089
22500639,2025-26,2026-01-23,MEM,NOP,0,0.70239
22500640,2025-26,2026-01-23,MIL,DEN,0,0.57312
22500641,2025-26,2026-01-23,OKC,IND,0,0.92189
22500642,2025-26,2026-01-23,POR,TOR,0,0.50402
22500643,2025-26,2026-01-24,PHI,NYK,0,0.53003
22500645,2025-26,2026-01-24,CHA,WAS,1,0.8037
22500646,2025-26,2026-01-24,ORL,CLE,0,0.53735
22500647,2025-26,2026-01-24,CHI,BOS,1,0.5005
22500648,2025-26,2026-01-24,DAL,LAL,0,0.36471
22500649,2025-26,2026-01-24,UTA,MIA,0,0.35516
22500644,2025-26,2026-01-25,MIN,GSW,0,0.60304
22500650,2025-26,2026-01-25,DET,SAC,1,0.84243
22500653,2025-26,2026-01-25,OKC,TOR,0,0.82903
22500654,2025-26,2026-01-25,SAS,NOP,0,0.80081
22500655,2025-26,2026-01-25,PHX,MIA,0,0.73887
22500656,2025-26,2026-01-25,LAC,BKN,1,0.76158
22500657,2025-26,2026-01-26,CHA,PHI,1,0.43753
22500658,2025-26,2026-01-26,CLE,ORL,1,0.66579
22500659,2025-26,2026-01-26,ATL,IND,1,0.67963
22500660,2025-26,2026-01-26,BOS,POR,1,0.73644
22500661,2025-26,2026-01-26,CHI,LAL,0,0.46524
22500662,2025-26,2026-01-26,HOU,MEM,1,0.76443
22500663,2025-26,2026-01-26,MIN,GSW,1,0.57705
22500664,2025-26,2026-01-27,WAS,POR,1,0.38302
22500665,2025-26,2026-01-27,NYK,SAC,1,0.82552
22500666,2025-26,2026-01-27,PHI,MIL,1,0.5289
22500667,2025-26,2026-01-27,OKC,NOP,1,0.90156
22500668,2025-26,2026-01-27,DEN,DET,0,0.30616
22500669,2025-26,2026-01-27,PHX,BKN,1,0.75992
22500670,2025-26,2026-01-27,UTA,LAC,0,0.2828
22500671,2025-26,2026-01-28,CLE,LAL,1,0.59949
22500672,2025-26,2026-01-28,IND,CHI,1,0.42834
22500673,2025-26,2026-01-28,BOS,ATL,0,0.72227
22500674,2025-26,2026-01-28,MIA,ORL,0,0.59442
22500675,2025-26,2026-01-28,TOR,NYK,0,0.57254
22500676,2025-26,2026-01-28,MEM,CHA,0,0.46636
22500677,2025-26,2026-01-28,DAL,MIN,0,0.3421
22500678,2025-26,2026-01-28,UTA,GSW,0,0.26067
22500679,2025-26,2026-01-28,HOU,SAS,0,0.57085
22500529,2025-26,2026-01-29,CHI,MIA,0,0.51243
22500680,2025-26,2026-01-29,PHI,SAC,1,0.78811
22500681,2025-26,2026-01-29,WAS,MIL,1,0.42966
22500682,2025-26,2026-01-29,ATL,HOU,0,0.4096
22500683,2025-26,2026-01-29,DAL,CHA,0,0.40518
22500684,2025-26,2026-01-29,DEN,BKN,1,0.68005
22500685,2025-26,2026-01-29,PHX,DET,1,0.38451
22500686,2025-26,2026-01-29,MIN,OKC,1,0.27277
22500687,2025-26,2026-01-30,ORL,TOR,1,0.51017
22500688,2025-26,2026-01-30,WAS,LAL,0,0.1975
22500689,2025-26,2026-01-30,BOS,SAC,1,0.89242
22500690,2025-26,2026-01-30,NYK,POR,1,0.66456
22500691,2025-26,2026-01-30,NOP,MEM,1,0.55241
22500693,2025-26,2026-01-30,PHX,CLE,1,0.38123
22500694,2025-26,2026-01-30,UTA,BKN,0,0.67151
22500695,2025-26,2026-01-30,DEN,LAC,1,0.3565
22500696,2025-26,2026-01-30,GSW,DET,0,0.58148
22500692,2025-26,2026-01-31,MIA,CHI,0,0.64519
22500697,2025-26,2026-01-31,CHA,SAS,1,0.38702
22500698,2025-26,2026-01-31,IND,ATL,1,0.45361
22500699,2025-26,2026-01-31,PHI,NOP,1,0.81468
22500700,2025-26,2026-01-31,MEM,MIN,0,0.23993
22500701,2025-26,2026-01-31,HOU,DAL,1,0.7955
22500702,2025-26,2026-02-01,BOS,MIL,1,0.8373
22500703,2025-26,2026-02-01,SAS,ORL,1,0.65135
22500704,2025-26,2026-02-01,DET,BKN,1,0.85041
22500705,2025-26,2026-02-01,MIA,CHI,1,0.6768
22500706,2025-26,2026-02-01,TOR,UTA,1,0.82593
22500707,2025-26,2026-02-01,WAS,SAC,1,0.51192
22500708,2025-26,2026-02-01,NYK,LAL,1,0.63818
22500709,2025-26,2026-02-01,PHX,LAC,0,0.55616
22500710,2025-26,2026-02-01,POR,CLE,0,0.43556
22500711,2025-26,2026-02-01,DEN,OKC,0,0.26754
22500712,2025-26,2026-02-02,CHA,NOP,1,0.72939
22500713,2025-26,2026-02-02,IND,HOU,0,0.25401
22500714,2025-26,2026-02-02,MEM,MIN,1,0.27311
22500715,2025-26,2026-02-02,LAC,PHI,0,0.47301
22500716,2025-26,2026-02-03,DET,DEN,1,0.71108
22500717,2025-26,2026-02-03,IND,UTA,0,0.50191
22500718,2025-26,2026-02-03,WAS,NYK,0,0.15669
22500719,2025-26,2026-02-03,BKN,LAL,0,0.27345
22500720,2025-26,2026-02-03,MIA,ATL,0,0.58176
22500721,2025-26,2026-02-03,DAL,BOS,0,0.29499
22500722,2025-26,2026-02-03,MIL,CHI,1,0.51832
22500723,2025-26,2026-02-03,OKC,ORL,1,0.84371
22500724,2025-26,2026-02-03,GSW,PHI,0,0.71575
22500725,2025-26,2026-02-03,POR,PHX,0,0.46294
22500726,2025-26,2026-02-04,NYK,DEN,1,0.63838
22500727,2025-26,2026-02-04,TOR,MIN,0,0.44141
22500728,2025-26,2026-02-04,HOU,BOS,0,0.60251
22500729,2025-26,2026-02-04,MIL,NOP,1,0.39882
22500730,2025-26,2026-02-04,SAS,OKC,1,0.44042
22500731,2025-26,2026-02-04,SAC,MEM,0,0.35407
22500732,2025-26,2026-02-04,LAC,CLE,0,0.45973
22500733,2025-26,2026-02-05,DET,WAS,0,0.90518
22500734,2025-26,2026-02-05,ORL,BKN,1,0.69282
22500735,2025-26,2026-02-05,ATL,UTA,1,0.78653
22500736,2025-26,2026-02-05,TOR,CHI,1,0.70289
22500737,2025-26,2026-02-05,HOU,CHA,0,0.55643
22500738,2025-26,2026-02-05,DAL,SAS,0,0.35266
22500739,2025-26,2026-02-05,PHX,GSW,0,0.53656
22500740,2025-26,2026-02-05,LAL,PHI,1,0.62071
22500741,2025-26,2026-02-06,BOS,MIA,1,0.72929
22500742,2025-26,2026-02-06,DET,NYK,1,0.50481
22500743,2025-26,2026-02-06,MIL,IND,1,0.65312
22500744,2025-26,2026-02-06,MIN,NOP,0,0.8158
22500745,2025-26,2026-02-06,POR,MEM,1,0.63451
22500746,2025-26,2026-02-06,SAC,LAC,0,0.31291
22500747,2025-26,2026-02-07,BKN,WAS,1,0.65287
22500748,2025-26,2026-02-07,OKC,HOU,0,0.70983
22500749,2025-26,2026-02-07,SAS,DAL,1,0.85897
22500750,2025-26,2026-02-07,ORL,UTA,1,0.80251
22500751,2025-26,2026-02-07,ATL,CHA,0,0.46214
22500752,2025-26,2026-02-07,CHI,DEN,0,0.28346
22500753,2025-26,2026-02-07,LAL,GSW,1,0.58906
22500754,2025-26,2026-02-07,PHX,PHI,0,0.52656
22500755,2025-26,2026-02-07,POR,MEM,1,0.70992
22500756,2025-26,2026-02-07,SAC,CLE,0,0.13242
22500757,2025-26,2026-02-08,BOS,NYK,0,0.70943
22500758,2025-26,2026-02-08,WAS,MIA,0,0.11069
22500759,2025-26,2026-02-08,TOR,IND,1,0.78691
22500760,2025-26,2026-02-08,MIN,LAC,0,0.6785
22500761,2025-26,2026-02-09,CHA,DET,0,0.42554
22500762,2025-26,2026-02-09,BKN,CHI,1,0.53102
22500763,2025-26,2026-02-09,MIA,UTA,0,0.7162
22500764,2025-26,2026-02-09,ORL,MIL,1,0.70284
22500765,2025-26,2026-02-09,MIN,ATL,1,0.60276
22500766,2025-26,2026-02-09,NOP,SAC,1,0.68611
22500767,2025-26,2026-02-09,DEN,CLE,0,0.54475
22500768,2025-26,2026-02-09,GSW,MEM,1,0.78543
22500769,2025-26,2026-02-09,LAL,OKC,0,0.3349
22500770,2025-26,2026-02-09,POR,PHI,1,0.3902
22500771,2025-26,2026-02-10,NYK,IND,0,0.83473
22500772,2025-26,2026-02-10,HOU,LAC,1,0.64845
22500773,2025-26,2026-02-10,PHX,DAL,1,0.78308
22500774,2025-26,2026-02-10,LAL,SAS,0,0.32229
22500775,2025-26,2026-02-11,CHA,ATL,1,0.70597
22500776,2025-26,2026-02-11,CLE,WAS,1,0.92005
22500777,2025-26,2026-02-11,ORL,MIL,0,0.76304
22500778,2025-26,2026-02-11,BOS,CHI,1,0.87503
22500779,2025-26,2026-02-11,BKN,IND,0,0.56679
22500780,2025-26,2026-02-11,PHI,NYK,0,0.5117
22500781,2025-26,2026-02-11,TOR,DET,0,0.4002
22500782,2025-26,2026-02-11,HOU,LAC,0,0.69199
22500783,2025-26,2026-02-11,MIN,POR,1,0.66207
22500784,2025-26,2026-02-11,NOP,MIA,0,0.40167
22500785,2025-26,2026-02-11,PHX,OKC,0,0.30149
22500786,2025-26,2026-02-11,UTA,SAC,1,0.6461
22500787,2025-26,2026-02-11,DEN,MEM,1,0.83787
22500788,2025-26,2026-02-11,GSW,SAS,0,0.52382
22500789,2025-26,2026-02-12,OKC,MIL,0,0.90834
22500790,2025-26,2026-02-12,UTA,POR,0,0.36532
22500791,2025-26,2026-02-12,LAL,DAL,1,0.58568
22500792,2025-26,2026-02-19,CHA,HOU,0,0.42996
22500793,2025-26,2026-02-19,CLE,BKN,1,0.88518
22500794,2025-26,2026-02-19,PHI,ATL,0,0.49135
22500795,2025-26,2026-02-19,WAS,IND,1,0.42921
22500796,2025-26,2026-02-19,NYK,DET,0,0.47032
22500797,2025-26,2026-02-19,CHI,TOR,0,0.25618
22500798,2025-26,2026-02-19,SAS,PHX,1,0.74011
22500799,2025-26,2026-02-19,GSW,BOS,0,0.4211
22500800,2025-26,2026-02-19,SAC,ORL,0,0.19322
22500801,2025-26,2026-02-19,LAC,DEN,1,0.44099
22500802,2025-26,2026-02-20,CHA,CLE,0,0.36669
22500803,2025-26,2026-02-20,WAS,IND,1,0.43326
22500804,2025-26,2026-02-20,MEM,UTA,1,0.62303
22500805,2025-26,2026-02-20,ATL,MIA,0,0.42154
22500806,2025-26,2026-02-20,MIN,DAL,1,0.81148
22500807,2025-26,2026-02-20,NOP,MIL,0,0.5764
22500808,2025-26,2026-02-20,OKC,BKN,1,0.94108
22500809,2025-26,2026-02-20,LAL,LAC,1,0.6218
22500810,2025-26,2026-02-20,POR,DEN,0,0.50625
22500811,2025-26,2026-02-21,PHX,ORL,1,0.53909
22500812,2025-26,2026-02-21,NOP,PHI,1,0.34857
22500813,2025-26,2026-02-21,MIA,MEM,1,0.82728
22500814,2025-26,2026-02-21,CHI,DET,0,0.2113
22500815,2025-26,2026-02-21,SAS,SAC,1,0.93887
22500816,2025-26,2026-02-21,NYK,HOU,1,0.56264
22500817,2025-26,2026-02-22,OKC,CLE,1,0.61951
22500818,2025-26,2026-02-22,ATL,BKN,1,0.75405
22500819,2025-26,2026-02-22,MIL,TOR,0,0.33172
22500820,2025-26,2026-02-22,GSW,DEN,1,0.47031
22500821,2025-26,2026-02-22,IND,DAL,0,0.36903
22500822,2025-26,2026-02-22,WAS,CHA,0,0.20448
22500823,2025-26,2026-02-22,LAL,BOS,0,0.41983
22500824,2025-26,2026-02-22,MIN,PHI,0,0.81687
22500825,2025-26,2026-02-22,CHI,NYK,0,0.25328
22500826,2025-26,2026-02-22,PHX,POR,0,0.50107
22500827,2025-26,2026-02-22,LAC,ORL,0,0.67701
22500828,2025-26,2026-02-23,DET,SAS,0,0.62464
22500829,2025-26,2026-02-23,MEM,SAC,0,0.64903
22500830,2025-26,2026-02-23,HOU,UTA,1,0.885
22500831,2025-26,2026-02-24,IND,PHI,0,0.32034
22500832,2025-26,2026-02-24,ATL,WAS,1,0.84897
22500833,2025-26,2026-02-24,BKN,DAL,0,0.46383
22500834,2025-26,2026-02-24,TOR,OKC,0,0.39963
22500835,2025-26,2026-02-24,CLE,NYK,1,0.5949
22500836,2025-26,2026-02-24,CHI,CHA,0,0.37351
22500837,2025-26,2026-02-24,MIL,MIA,1,0.37656
22500838,2025-26,2026-02-24,NOP,GSW,1,0.35222
22500839,2025-26,2026-02-24,PHX,BOS,0,0.29387
22500840,2025-26,2026-02-24,LAL,ORL,0,0.62041
22500841,2025-26,2026-02-24,POR,MIN,0,0.48018
22500842,2025-26,2026-02-25,DET,OKC,1,0.6782
22500843,2025-26,2026-02-25,TOR,SAS,0,0.33538
22500844,2025-26,2026-02-25,MEM,GSW,0,0.30141
22500845,2025-26,2026-02-25,HOU,SAC,1,0.90369
22500846,2025-26,2026-02-25,MIL,CLE,1,0.25578
22500847,2025-26,2026-02-25,DEN,BOS,1,0.59421
22500848,2025-26,2026-02-26,IND,CHA,0,0.19694
22500849,2025-26,2026-02-26,PHI,MIA,1,0.52772
22500850,2025-26,2026-02-26,ATL,WAS,1,0.84358
22500851,2025-26,2026-02-26,BKN,SAS,0,0.21226
22500852,2025-26,2026-02-26,ORL,HOU,0,0.48677
22500853,2025-26,2026-02-26,CHI,POR,0,0.37851
22500854,2025-26,2026-02-26,DAL,SAC,0,0.78654
22500855,2025-26,2026-02-26,PHX,LAL,1,0.43448
22500856,2025-26,2026-02-26,UTA,NOP,0,0.44868
22500857,2025-26,2026-02-26,LAC,MIN,0,0.47653
22500858,2025-26,2026-02-27,DET,CLE,1,0.70312
22500859,2025-26,2026-02-27,BOS,BKN,1,0.92715
22500860,2025-26,2026-02-27,MIL,NYK,0,0.29246
22500861,2025-26,2026-02-27,DAL,MEM,0,0.52348
22500862,2025-26,2026-02-27,OKC,DEN,1,0.56351
22500863,2025-26,2026-02-28,CHA,POR,1,0.65472
22500864,2025-26,2026-02-28,MIA,HOU,1,0.44002
22500865,2025-26,2026-02-28,WAS,TOR,0,0.11006
22500866,2025-26,2026-02-28,GSW,LAL,0,0.51912
22500867,2025-26,2026-02-28,UTA,NOP,0,0.37752
22500868,2025-26,2026-03-01,NYK,SAS,1,0.48842
22500869,2025-26,2026-03-01,BKN,CLE,0,0.2136
22500870,2025-26,2026-03-01,CHI,MIL,1,0.45264
22500871,2025-26,2026-03-01,DEN,MIN,0,0.59674
22500872,2025-26,2026-03-01,IND,MEM,0,0.50124
22500873,2025-26,2026-03-01,ATL,POR,1,0.63027
22500874,2025-26,2026-03-01,BOS,PHI,1,0.70537
22500875,2025-26,2026-03-01,ORL,DET,0,0.32906
22500876,2025-26,2026-03-01,DAL,OKC,0,0.10902
22500877,2025-26,2026-03-01,LAC,NOP,1,0.75953
22500878,2025-26,2026-03-01,LAL,SAC,1,0.82743
22500879,2025-26,2026-03-02,WAS,HOU,0,0.10629
22500880,2025-26,2026-03-02,MIL,BOS,0,0.2198
22500881,2025-26,2026-03-02,UTA,DEN,0,0.18387
22500882,2025-26,2026-03-02,GSW,LAC,0,0.61476
22500883,2025-26,2026-03-03,CHA,DAL,1,0.84108
22500884,2025-26,2026-03-03,CLE,DET,1,0.42546
22500885,2025-26,2026-03-03,ORL,WAS,1,0.90761
22500886,2025-26,2026-03-03,MIA,BKN,1,0.80566
22500887,2025-26,2026-03-03,TOR,NYK,0,0.47548
22500888,2025-26,2026-03-03,PHI,SAS,0,0.34785
22500889,2025-26,2026-03-03,CHI,OKC,0,0.1309
22500890,2025-26,2026-03-03,MIN,MEM,1,0.85988
22500891,2025-26,2026-03-03,LAL,NOP,1,0.77417
22500892,2025-26,2026-03-03,SAC,PHX,0,0.23953
22500893,2025-26,2026-03-04,NYK,OKC,0,0.52275
22500894,2025-26,2026-03-04,BOS,CHA,0,0.76738
22500895,2025-26,2026-03-04,PHI,UTA,1,0.7267
22500896,2025-26,2026-03-04,MEM,POR,0,0.29729
22500897,2025-26,2026-03-04,MIL,ATL,0,0.44752
22500898,2025-26,2026-03-04,LAC,IND,1,0.86166
22500899,2025-26,2026-03-05,ORL,DAL,1,0.77592
22500900,2025-26,2026-03-05,WAS,UTA,0,0.50826
22500901,2025-26,2026-03-05,MIA,BKN,1,0.79324
22500902,2025-26,2026-03-05,HOU,GSW,0,0.68219
22500903,2025-26,2026-03-05,MIN,TOR,1,0.58256
22500904,2025-26,2026-03-05,SAS,DET,1,0.53858
22500905,2025-26,2026-03-05,PHX,CHI,0,0.73296
22500906,2025-26,2026-03-05,DEN,LAL,1,0.63602
22500907,2025-26,2026-03-05,SAC,NOP,0,0.35119
22500908,2025-26,2026-03-06,BOS,DAL,1,0.92247
22500909,2025-26,2026-03-06,CHA,MIA,0,0.68711
22500910,2025-26,2026-03-06,HOU,POR,1,0.65622
22500911,2025-26,2026-03-06,DEN,NYK,0,0.43875
22500912,2025-26,2026-03-06,PHX,NOP,1,0.69782
22500913,2025-26,2026-03-06,SAS,LAC,1,0.66537
22500914,2025-26,2026-03-06,LAL,IND,1,0.7896
22500915,2025-26,2026-03-07,MIN,ORL,0,0.66365
22500916,2025-26,2026-03-07,DET,BKN,0,0.9103
22500917,2025-26,2026-03-07,ATL,PHI,1,0.64181
22500918,2025-26,2026-03-07,MEM,LAC,0,0.34177
22500919,2025-26,2026-03-07,MIL,UTA,1,0.7658
22500920,2025-26,2026-03-07,OKC,GSW,1,0.8372
22500921,2025-26,2026-03-08,CLE,BOS,0,0.45458
22500922,2025-26,2026-03-08,LAL,NYK,1,0.39473
22500923,2025-26,2026-03-08,MIA,DET,1,0.52728
22500924,2025-26,2026-03-08,TOR,DAL,1,0.8249
22500925,2025-26,2026-03-08,NOP,WAS,1,0.78027
22500926,2025-26,2026-03-08,MIL,ORL,0,0.41476
22500927,2025-26,2026-03-08,SAS,HOU,1,0.62801
22500928,2025-26,2026-03-08,PHX,CHA,1,0.41837
22500929,2025-26,2026-03-08,POR,IND,1,0.73748
22500930,2025-26,2026-03-08,SAC,CHI,1,0.40329
22500931,2025-26,2026-03-09,CLE,PHI,1,0.69806
22500932,2025-26,2026-03-09,BKN,MEM,1,0.51504
22500933,2025-26,2026-03-09,OKC,DEN,1,0.70116
22500934,2025-26,2026-03-09,UTA,GSW,1,0.22
22500935,2025-26,2026-03-09,LAC,NYK,1,0.44332
22500936,2025-26,2026-03-10,PHI,MEM,1,0.67741
22500937,2025-26,2026-03-10,BKN,DET,0,0.10708
22500938,2025-26,2026-03-10,MIA,WAS,1,0.90057
22500939,2025-26,2026-03-10,ATL,DAL,1,0.77505
22500940,2025-26,2026-03-10,HOU,TOR,1,0.56932
22500941,2025-26,2026-03-10,MIL,PHX,0,0.36275
22500942,2025-26,2026-03-10,SAS,BOS,1,0.54578
22500943,2025-26,2026-03-10,GSW,CHI,0,0.62828
22500944,2025-26,2026-03-10,POR,CHA,0,0.43452
22500945,2025-26,2026-03-10,SAC,IND,1,0.48959
22500946,2025-26,2026-03-10,LAL,MIN,1,0.51239
22500947,2025-26,2026-03-11,ORL,CLE,1,0.44127
22500948,2025-26,2026-03-11,NOP,TOR,1,0.43059
22500949,2025-26,2026-03-11,UTA,NYK,0,0.1303
22500950,2025-26,2026-03-11,DEN,HOU,1,0.675
22500951,2025-26,2026-03-11,SAC,CHA,0,0.19145
22500952,2025-26,2026-03-11,LAC,MIN,1,0.58019
22500953,2025-26,2026-03-12,DET,PHI,1,0.84683
22500954,2025-26,2026-03-12,IND,PHX,0,0.19216
22500955,2025-26,2026-03-12,ORL,WAS,1,0.86906
22500956,2025-26,2026-03-12,ATL,BKN,1,0.82811
22500957,2025-26,2026-03-12,MIA,MIL,1,0.73458
22500958,2025-26,2026-03-12,SAS,DEN,0,0.71469
22500959,2025-26,2026-03-12,OKC,BOS,1,0.65958
22500960,2025-26,2026-03-12,LAL,CHI,1,0.76886
22501111,2025-26,2026-03-12,MEM,DAL,0,0.49009
22500961,2025-26,2026-03-13,DET,MEM,1,0.9279
22500962,2025-26,2026-03-13,IND,NYK,0,0.07271
22500963,2025-26,2026-03-13,TOR,PHX,1,0.69777
22500964,2025-26,2026-03-13,HOU,NOP,1,0.73541
22500965,2025-26,2026-03-13,DAL,CLE,0,0.15737
22500966,2025-26,2026-03-13,GSW,MIN,0,0.47132
22500967,2025-26,2026-03-13,POR,UTA,1,0.84692
22500968,2025-26,2026-03-13,LAC,CHI,1,0.82481
22500969,2025-26,2026-03-14,PHI,BKN,1,0.67868
22500970,2025-26,2026-03-14,ATL,MIL,1,0.6753
22500971,2025-26,2026-03-14,BOS,WAS,1,0.93472
22500972,2025-26,2026-03-14,MIA,ORL,0,0.54259
22500973,2025-26,2026-03-14,SAS,CHA,1,0.64196
22500974,2025-26,2026-03-14,LAL,DEN,1,0.49841
22500975,2025-26,2026-03-14,LAC,SAC,0,0.81164
22500976,2025-26,2026-03-15,OKC,MIN,1,0.79078
22500977,2025-26,2026-03-15,CLE,DAL,0,0.87156
22500978,2025-26,2026-03-15,TOR,DET,1,0.44285
22500979,2025-26,2026-03-15,MIL,IND,1,0.58487
22500980,2025-26,2026-03-15,PHI,POR,1,0.31317
22500981,2025-26,2026-03-15,NYK,GSW,1,0.69708
22500982,2025-26,2026-03-15,SAC,UTA,1,0.54413
22500983,2025-26,2026-03-16,ATL,ORL,1,0.55341
22500984,2025-26,2026-03-16,WAS,GSW,0,0.28791
22500985,2025-26,2026-03-16,BKN,POR,0,0.27778
22500986,2025-26,2026-03-16,BOS,PHX,1,0.75847
22500987,2025-26,2026-03-16,CHI,MEM,1,0.6223
22500988,2025-26,2026-03-16,NOP,DAL,1,0.75115
22500989,2025-26,2026-03-16,HOU,LAL,0,0.52587
22500990,2025-26,2026-03-16,LAC,SAS,0,0.3832
22500991,2025-26,2026-03-17,CHA,MIA,1,0.58474
22500992,2025-26,2026-03-17,ORL,OKC,0,0.20513
22500993,2025-26,2026-03-17,WAS,DET,0,0.0553
22500994,2025-26,2026-03-17,NYK,IND,1,0.91953
22500995,2025-26,2026-03-17,MIL,CLE,0,0.2648
22500996,2025-26,2026-03-17,MIN,PHX,1,0.68183
22500997,2025-26,2026-03-17,DEN,PHI,1,0.86058
22500998,2025-26,2026-03-17,SAC,SAS,0,0.16905
22500651,2025-26,2026-03-18,MEM,DEN,1,0.17008
22500999,2025-26,2026-03-18,BOS,GSW,1,0.78435
22501000,2025-26,2026-03-18,BKN,OKC,0,0.0876
22501001,2025-26,2026-03-18,IND,POR,0,0.16709
22501002,2025-26,2026-03-18,CHI,TOR,0,0.30469
22501004,2025-26,2026-03-18,MIN,UTA,1,0.84831
22501005,2025-26,2026-03-18,NOP,LAC,1,0.4419
22501006,2025-26,2026-03-18,DAL,ATL,0,0.24272
22501007,2025-26,2026-03-18,HOU,LAL,0,0.49106
22501008,2025-26,2026-03-19,CHA,ORL,1,0.63818
22501009,2025-26,2026-03-19,WAS,DET,0,0.07299
22501010,2025-26,2026-03-19,MIA,LAL,0,0.52964
22501011,2025-26,2026-03-19,CHI,CLE,0,0.20692
22501012,2025-26,2026-03-19,NOP,LAC,1,0.41633
22501013,2025-26,2026-03-19,SAS,PHX,1,0.75215
22501014,2025-26,2026-03-19,UTA,MIL,1,0.31529
22501015,2025-26,2026-03-19,SAC,PHI,0,0.40353
22501016,2025-26,2026-03-20,BKN,NYK,0,0.11355
22501017,2025-26,2026-03-20,DET,GSW,1,0.67056
22501018,2025-26,2026-03-20,HOU,ATL,1,0.58834
22501019,2025-26,2026-03-20,MEM,BOS,0,0.13594
22501020,2025-26,2026-03-20,MIN,POR,0,0.57741
22501021,2025-26,2026-03-20,DEN,TOR,1,0.61805
22501022,2025-26,2026-03-21,WAS,OKC,0,0.04086
22501023,2025-26,2026-03-21,CHA,MEM,1,0.89664
22501024,2025-26,2026-03-21,ORL,LAL,0,0.39814
22501025,2025-26,2026-03-21,NOP,CLE,0,0.3439
22501026,2025-26,2026-03-21,ATL,GSW,1,0.62988
22501027,2025-26,2026-03-21,HOU,MIA,1,0.53495
22501028,2025-26,2026-03-21,SAS,IND,1,0.93654
22501029,2025-26,2026-03-21,DAL,LAC,0,0.3442
22501030,2025-26,2026-03-21,UTA,PHI,0,0.34481
22501031,2025-26,2026-03-21,PHX,MIL,0,0.78297
22501032,2025-26,2026-03-22,DEN,POR,1,0.70382
22501033,2025-26,2026-03-22,SAC,BKN,1,0.60836
22501034,2025-26,2026-03-22,NYK,WAS,1,0.96199
22501035,2025-26,2026-03-22,BOS,MIN,0,0.77022
22501036,2025-26,2026-03-22,PHX,TOR,1,0.37156
22501037,2025-26,2026-03-23,ATL,MEM,1,0.82569
22501038,2025-26,2026-03-23,DET,LAL,1,0.60655
22501039,2025-26,2026-03-23,ORL,IND,0,0.81255
22501040,2025-26,2026-03-23,PHI,OKC,0,0.14137
22501041,2025-26,2026-03-23,MIA,SAS,0,0.38066
22501042,2025-26,2026-03-23,CHI,HOU,1,0.31407
22501043,2025-26,2026-03-23,UTA,TOR,0,0.23255
22501044,2025-26,2026-03-23,DAL,GSW,0,0.38958
22501045,2025-26,2026-03-23,POR,BKN,1,0.86108
22501046,2025-26,2026-03-23,LAC,MIL,1,0.82835
22501047,2025-26,2026-03-24,CHA,SAC,1,0.88989
22501048,2025-26,2026-03-24,NYK,NOP,1,0.78742
22501049,2025-26,2026-03-24,CLE,ORL,1,0.79728
22501050,2025-26,2026-03-24,PHX,DEN,0,0.39322
22501051,2025-26,2026-03-25,DET,ATL,0,0.70899
22501052,2025-26,2026-03-25,IND,LAL,0,0.17945
22501053,2025-26,2026-03-25,PHI,CHI,1,0.51432
22501054,2025-26,2026-03-25,BOS,OKC,1,0.49269
22501055,2025-26,2026-03-25,CLE,MIA,0,0.58326
22501056,2025-26,2026-03-25,MEM,SAS,0,0.10133
22501057,2025-26,2026-03-25,UTA,WAS,0,0.67014
22501058,2025-26,2026-03-25,MIN,HOU,1,0.51866
22501059,2025-26,2026-03-25,DEN,DAL,1,0.83043
22501060,2025-26,2026-03-25,GSW,BKN,1,0.84183
22501061,2025-26,2026-03-25,POR,MIL,1,0.80289
22501062,2025-26,2026-03-25,LAC,TOR,1,0.60821
22501063,2025-26,2026-03-26,CHA,NYK,1,0.48809
22501064,2025-26,2026-03-26,DET,NOP,1,0.73211
22501065,2025-26,2026-03-26,ORL,SAC,1,0.83401
22501066,2025-26,2026-03-27,IND,LAC,0,0.21985
22501067,2025-26,2026-03-27,BOS,ATL,1,0.72883
22501068,2025-26,2026-03-27,CLE,MIA,1,0.62561
22501069,2025-26,2026-03-27,MEM,HOU,0,0.17575
22501070,2025-26,2026-03-27,OKC,CHI,1,0.91117
22501071,2025-26,2026-03-27,TOR,NOP,1,0.73295
22501072,2025-26,2026-03-27,DEN,UTA,1,0.92535
22501073,2025-26,2026-03-27,GSW,WAS,1,0.88166
22501074,2025-26,2026-03-27,POR,DAL,0,0.78368
22501075,2025-26,2026-03-27,LAL,BKN,1,0.90675
22501076,2025-26,2026-03-28,MIL,SAS,0,0.10827
22501077,2025-26,2026-03-28,CHA,PHI,0,0.70291
22501078,2025-26,2026-03-28,ATL,SAC,1,0.82668
22501079,2025-26,2026-03-28,MEM,CHI,1,0.45654
22501080,2025-26,2026-03-28,MIN,DET,0,0.48198
22501081,2025-26,2026-03-28,PHX,UTA,1,0.91848
22501082,2025-26,2026-03-29,MIL,LAC,0,0.0949
22501083,2025-26,2026-03-29,IND,MIA,1,0.23551
22501084,2025-26,2026-03-29,BKN,SAC,1,0.60811
22501085,2025-26,2026-03-29,CHA,BOS,0,0.38861
22501086,2025-26,2026-03-29,TOR,ORL,1,0.56446
22501087,2025-26,2026-03-29,POR,WAS,1,0.88849
22501088,2025-26,2026-03-29,NOP,HOU,0,0.3071
22501089,2025-26,2026-03-29,OKC,NYK,1,0.68791
22501090,2025-26,2026-03-29,DEN,GSW,1,0.76767
22501091,2025-26,2026-03-30,MIA,PHI,1,0.4426
22501092,2025-26,2026-03-30,ATL,BOS,1,0.47863
22501093,2025-26,2026-03-30,MEM,PHX,0,0.18557
22501094,2025-26,2026-03-30,SAS,CHI,1,0.91582
22501095,2025-26,2026-03-30,DAL,MIN,0,0.28204
22501096,2025-26,2026-03-30,UTA,CLE,0,0.11158
22501097,2025-26,2026-03-30,OKC,DET,1,0.66012
22501098,2025-26,2026-03-30,LAL,WAS,1,0.95767
22500652,2025-26,2026-03-31,MIL,DAL,1,0.44407
22501099,2025-26,2026-03-31,ORL,PHX,1,0.57706
22501100,2025-26,2026-03-31,BKN,CHA,0,0.14408
22501101,2025-26,2026-03-31,DET,TOR,1,0.60943
22501102,2025-26,2026-03-31,HOU,NYK,1,0.46677
22501103,2025-26,2026-03-31,LAL,CLE,1,0.49058
22501104,2025-26,2026-03-31,LAC,POR,0,0.59935
22501003,2025-26,2026-04-01,MEM,NYK,0,0.15113
22501105,2025-26,2026-04-01,WAS,PHI,0,0.12829
22501106,2025-26,2026-04-01,MIA,BOS,0,0.41359
22501107,2025-26,2026-04-01,ORL,ATL,0,0.37861
22501108,2025-26,2026-04-01,TOR,SAC,0,0.84454
22501109,2025-26,2026-04-01,CHI,IND,0,0.5514
22501110,2025-26,2026-04-01,HOU,MIL,1,0.90508
22501112,2025-26,2026-04-01,UTA,DEN,0,0.10862
22501113,2025-26,2026-04-01,GSW,SAS,0,0.27164
22501114,2025-26,2026-04-02,CHA,PHX,1,0.62912
22501115,2025-26,2026-04-02,DET,MIN,1,0.67575
22501116,2025-26,2026-04-02,OKC,LAL,1,0.76812
22501117,2025-26,2026-04-02,GSW,CLE,0,0.22804
22501118,2025-26,2026-04-02,POR,NOP,1,0.69836
22501119,2025-26,2026-04-02,LAC,SAS,0,0.46595
22501120,2025-26,2026-04-03,CHA,IND,1,0.8452
22501121,2025-26,2026-04-03,PHI,MIN,1,0.58148
22501122,2025-26,2026-04-03,BKN,ATL,0,0.14181
22501123,2025-26,2026-04-03,NYK,CHI,1,0.87213
22501124,2025-26,2026-04-03,HOU,UTA,1,0.90889
22501125,2025-26,2026-04-03,MEM,TOR,0,0.21936
22501126,2025-26,2026-04-03,MIL,BOS,0,0.06338
22501127,2025-26,2026-04-03,DAL,ORL,0,0.26379
22501128,2025-26,2026-04-03,SAC,NOP,1,0.40024
22501129,2025-26,2026-04-04,MIA,WAS,1,0.9031
22501130,2025-26,2026-04-04,DEN,SAS,1,0.55957
22501131,2025-26,2026-04-04,PHI,DET,0,0.35069
22501132,2025-26,2026-04-05,BOS,TOR,1,0.77494
22501133,2025-26,2026-04-05,BKN,WAS,1,0.70501
22501134,2025-26,2026-04-05,CHI,PHX,0,0.224
22501135,2025-26,2026-04-05,MIL,MEM,1,0.54659
22501136,2025-26,2026-04-05,CLE,IND,1,0.89531
22501137,2025-26,2026-04-05,MIN,CHA,0,0.48941
22501138,2025-26,2026-04-05,NOP,ORL,0,0.36109
22501139,2025-26,2026-04-05,OKC,UTA,1,0.9722
22501140,2025-26,2026-04-05,DAL,LAL,1,0.20302
22501141,2025-26,2026-04-05,SAC,LAC,0,0.17992
22501142,2025-26,2026-04-05,GSW,HOU,0,0.38818
22501143,2025-26,2026-04-06,ATL,NYK,0,0.5004
22501144,2025-26,2026-04-06,ORL,DET,1,0.26825
22501145,2025-26,2026-04-06,MEM,CLE,0,0.11053
22501146,2025-26,2026-04-06,SAS,PHI,1,0.81685
22501147,2025-26,2026-04-06,DEN,POR,1,0.67418
22501148,2025-26,2026-04-07,WAS,CHI,0,0.36977
22501149,2025-26,2026-04-07,BOS,CHA,1,0.68421
22501150,2025-26,2026-04-07,BKN,MIL,1,0.51479
22501151,2025-26,2026-04-07,TOR,MIA,1,0.57331
22501152,2025-26,2026-04-07,IND,MIN,0,0.19996
22501153,2025-26,2026-04-07,NOP,UTA,1,0.69467
22501154,2025-26,2026-04-07,GSW,SAC,1,0.82636
22501155,2025-26,2026-04-07,LAL,OKC,0,0.21817
22501156,2025-26,2026-04-07,LAC,DAL,1,0.80928
22501157,2025-26,2026-04-07,PHX,HOU,0,0.48588
22501158,2025-26,2026-04-08,CLE,ATL,1,0.48851
22501159,2025-26,2026-04-08,ORL,MIN,1,0.61854
22501160,2025-26,2026-04-08,DET,MIL,1,0.96352
22501161,2025-26,2026-04-08,SAS,POR,1,0.76333
22501162,2025-26,2026-04-08,DEN,MEM,1,0.94657
22501163,2025-26,2026-04-08,LAC,OKC,0,0.28784
22501164,2025-26,2026-04-08,PHX,DAL,1,0.83869
22501165,2025-26,2026-04-09,TOR,MIA,1,0.60914
22501166,2025-26,2026-04-09,WAS,CHI,0,0.34161
22501167,2025-26,2026-04-09,BKN,IND,0,0.52705
22501168,2025-26,2026-04-09,NYK,BOS,1,0.49064
22501169,2025-26,2026-04-09,HOU,PHI,1,0.62003
22501170,2025-26,2026-04-09,GSW,LAL,0,0.61459
22501171,2025-26,2026-04-10,CHA,DET,0,0.50361
22501172,2025-26,2026-04-10,WAS,MIA,0,0.13246
22501173,2025-26,2026-04-10,ATL,CLE,1,0.50956
22501174,2025-26,2026-04-10,BOS,NOP,1,0.90063
22501175,2025-26,2026-04-10,IND,PHI,0,0.22774
22501176,2025-26,2026-04-10,NYK,TOR,1,0.67968
22501177,2025-26,2026-04-10,CHI,ORL,0,0.18147
22501178,2025-26,2026-04-10,HOU,MIN,0,0.62025
22501179,2025-26,2026-04-10,MIL,BKN,1,0.67597
22501180,2025-26,2026-04-10,SAS,DAL,1,0.92405
22501181,2025-26,2026-04-10,UTA,MEM,1,0.58812
22501182,2025-26,2026-04-10,DEN,OKC,1,0.40381
22501183,2025-26,2026-04-10,POR,LAC,1,0.57394
22501184,2025-26,2026-04-10,SAC,GSW,1,0.4359
22501185,2025-26,2026-04-10,LAL,PHX,1,0.34816
22501186,2025-26,2026-04-12,BOS,ORL,1,0.74075
22501187,2025-26,2026-04-12,CLE,WAS,1,0.92771
22501188,2025-26,2026-04-12,IND,DET,0,0.08511
22501189,2025-26,2026-04-12,MIA,ATL,1,0.38949
22501190,2025-26,2026-04-12,NYK,CHA,0,0.59512
22501191,2025-26,2026-04-12,PHI,MIL,1,0.8418
22501192,2025-26,2026-04-12,TOR,BKN,1,0.90852
22501193,2025-26,2026-04-12,DAL,CHI,1,0.53458
22501194,2025-26,2026-04-12,HOU,MEM,1,0.95183
22501195,2025-26,2026-04-12,MIN,NOP,1,0.8086
22501196,2025-26,2026-04-12,OKC,PHX,0,0.73912
22501197,2025-26,2026-04-12,SAS,DEN,0,0.80542
22501198,2025-26,2026-04-12,LAL,UTA,1,0.84478
22501199,2025-26,2026-04-12,LAC,GSW,1,0.64727
22501200,2025-26,2026-04-12,POR,SAC,1,0.88166
52500111,2025-26,2026-04-14,CHA,MIA,1,0.73558
52500121,2025-26,2026-04-14,PHX,POR,0,0.43895
52500101,2025-26,2026-04-15,PHI,ORL,1,0.50726
52500131,2025-26,2026-04-15,LAC,GSW,0,0.6425
52500201,2025-26,2026-04-17,ORL,CHA,1,0.49106
52500211,2025-26,2026-04-17,PHX,GSW,1,0.66441
42500121,2025-26,2026-04-18,NYK,ATL,1,0.72393
42500131,2025-26,2026-04-18,CLE,TOR,1,0.46659
42500161,2025-26,2026-04-18,DEN,MIN,1,0.7617
42500171,2025-26,2026-04-18,LAL,HOU,1,0.50771
42500101,2025-26,2026-04-19,DET,ORL,0,0.75205
42500111,2025-26,2026-04-19,BOS,PHI,1,0.70999
42500141,2025-26,2026-04-19,OKC,PHX,1,0.64397
42500151,2025-26,2026-04-19,SAS,POR,1,0.71243
42500122,2025-26,2026-04-20,NYK,ATL,0,0.68321
42500132,2025-26,2026-04-20,CLE,TOR,1,0.67801
42500162,2025-26,2026-04-20,DEN,MIN,0,0.71586
42500112,2025-26,2026-04-21,BOS,PHI,0,0.84029
42500152,2025-26,2026-04-21,SAS,POR,0,0.74871
42500172,2025-26,2026-04-21,LAL,HOU,1,0.47883
42500102,2025-26,2026-04-22,DET,ORL,1,0.70533
42500142,2025-26,2026-04-22,OKC,PHX,1,0.827
42500123,2025-26,2026-04-23,ATL,NYK,1,0.51257
42500133,2025-26,2026-04-23,TOR,CLE,1,0.49187
42500163,2025-26,2026-04-23,MIN,DEN,1,0.48979
42500113,2025-26,2026-04-24,PHI,BOS,0,0.32952
42500153,2025-26,2026-04-24,POR,SAS,0,0.44774
42500173,2025-26,2026-04-24,HOU,LAL,0,0.72511
42500103,2025-26,2026-04-25,ORL,DET,1,0.46724
42500124,2025-26,2026-04-25,ATL,NYK,0,0.51127
42500143,2025-26,2026-04-25,PHX,OKC,0,0.29987
42500164,2025-26,2026-04-25,MIN,DEN,1,0.56218
42500114,2025-26,2026-04-26,PHI,BOS,0,0.32415
42500134,2025-26,2026-04-26,TOR,CLE,1,0.51441
42500154,2025-26,2026-04-26,POR,SAS,0,0.48966
42500174,2025-26,2026-04-26,HOU,LAL,1,0.68849
42500104,2025-26,2026-04-27,ORL,DET,1,0.48098
42500144,2025-26,2026-04-27,PHX,OKC,0,0.33473
42500165,2025-26,2026-04-27,DEN,MIN,1,0.65964
42500115,2025-26,2026-04-28,BOS,PHI,0,0.78619
42500125,2025-26,2026-04-28,NYK,ATL,1,0.69229
42500155,2025-26,2026-04-28,SAS,POR,1,0.76114
42500105,2025-26,2026-04-29,DET,ORL,1,0.69216
42500135,2025-26,2026-04-29,CLE,TOR,1,0.6717
42500175,2025-26,2026-04-29,LAL,HOU,0,0.47839
42500116,2025-26,2026-04-30,PHI,BOS,1,0.42132
42500126,2025-26,2026-04-30,ATL,NYK,0,0.45696
42500166,2025-26,2026-04-30,MIN,DEN,1,0.49265
42500106,2025-26,2026-05-01,ORL,DET,0,0.46411
42500136,2025-26,2026-05-01,TOR,CLE,1,0.50913
42500176,2025-26,2026-05-01,HOU,LAL,0,0.64984
42500117,2025-26,2026-05-02,BOS,PHI,0,0.74037
42500107,2025-26,2026-05-03,DET,ORL,1,0.75153
42500137,2025-26,2026-05-03,CLE,TOR,1,0.69895
42500211,2025-26,2026-05-04,NYK,PHI,1,0.70506
42500231,2025-26,2026-05-04,SAS,MIN,0,0.81763
42500201,2025-26,2026-05-05,DET,CLE,1,0.65593
42500221,2025-26,2026-05-05,OKC,LAL,1,0.81446
42500212,2025-26,2026-05-06,NYK,PHI,1,0.72818
42500232,2025-26,2026-05-06,SAS,MIN,1,0.78067
42500202,2025-26,2026-05-07,DET,CLE,1,0.66652
42500222,2025-26,2026-05-07,OKC,LAL,1,0.81876
42500213,2025-26,2026-05-08,PHI,NYK,0,0.41228
42500233,2025-26,2026-05-08,MIN,SAS,0,0.36972
42500203,2025-26,2026-05-09,CLE,DET,1,0.51333
42500223,2025-26,2026-05-09,LAL,OKC,0,0.3159
42500214,2025-26,2026-05-10,PHI,NYK,0,0.47211
42500234,2025-26,2026-05-10,MIN,SAS,1,0.35583
42500204,2025-26,2026-05-11,CLE,DET,1,0.53756
42500224,2025-26,2026-05-11,LAL,OKC,0,0.28766
42500235,2025-26,2026-05-12,SAS,MIN,1,0.7875
42500205,2025-26,2026-05-13,DET,CLE,0,0.6286
42500206,2025-26,2026-05-15,CLE,DET,0,0.5736
42500236,2025-26,2026-05-15,MIN,SAS,0,0.35308
42500207,2025-26,2026-05-17,DET,CLE,0,0.63304
42500311,2025-26,2026-05-18,OKC,SAS,0,0.67501
42500301,2025-26,2026-05-19,NYK,CLE,1,0.66379
42500312,2025-26,2026-05-20,OKC,SAS,1,0.66763
42500302,2025-26,2026-05-21,NYK,CLE,1,0.65911
42500313,2025-26,2026-05-22,SAS,OKC,0,0.48697
42500303,2025-26,2026-05-23,CLE,NYK,0,0.51604
42500314,2025-26,2026-05-24,SAS,OKC,1,0.51654
42500304,2025-26,2026-05-25,CLE,NYK,0,0.49866
42500315,2025-26,2026-05-26,OKC,SAS,1,0.6227
42500316,2025-26,2026-05-28,SAS,OKC,1,0.5648
42500317,2025-26,2026-05-30,OKC,SAS,0,0.60316
42500401,2025-26,2026-06-03,SAS,NYK,0,0.60939
42500402,2025-26,2026-06-05,SAS,NYK,0,0.60931
42500403,2025-26,2026-06-08,NYK,SAS,0,0.58097
42500404,2025-26,2026-06-10,NYK,SAS,1,0.56741
42500405,2025-26,2026-06-13,SAS,NYK,0,0.63016
