GAME_ID,season,date,home,away,home_win,p
22200001,2022-23,2022-10-18,BOS,PHI,1,0.61333
22200002,2022-23,2022-10-18,GSW,LAL,1,0.70062
22200003,2022-23,2022-10-19,DET,ORL,1,0.5811
22200004,2022-23,2022-10-19,IND,WAS,0,0.52267
22200005,2022-23,2022-10-19,ATL,HOU,1,0.68619
22200006,2022-23,2022-10-19,BKN,NOP,0,0.58596
22200007,2022-23,2022-10-19,MIA,CHI,0,0.66001
22200008,2022-23,2022-10-19,TOR,CLE,1,0.57887
22200009,2022-23,2022-10-19,MEM,NYK,1,0.59965
22200010,2022-23,2022-10-19,MIN,OKC,1,0.61703
22200011,2022-23,2022-10-19,SAS,CHA,0,0.54271
22200012,2022-23,2022-10-19,UTA,DEN,1,0.55327
22200013,2022-23,2022-10-19,PHX,DAL,1,0.54922
22200014,2022-23,2022-10-19,SAC,POR,0,0.5425
22200015,2022-23,2022-10-20,PHI,MIL,0,0.46901
22200016,2022-23,2022-10-20,LAL,LAC,0,0.41348
22200017,2022-23,2022-10-21,CHA,NOP,0,0.47546
22200018,2022-23,2022-10-21,IND,SAS,0,0.53524
22200019,2022-23,2022-10-21,WAS,CHI,1,0.55796
22200020,2022-23,2022-10-21,ATL,ORL,1,0.73158
22200021,2022-23,2022-10-21,BKN,TOR,1,0.54148
22200022,2022-23,2022-10-21,MIA,BOS,0,0.49342
22200023,2022-23,2022-10-21,NYK,DET,1,0.62946
22200024,2022-23,2022-10-21,HOU,MEM,0,0.23759
22200025,2022-23,2022-10-21,MIN,UTA,0,0.56878
22200026,2022-23,2022-10-21,GSW,DEN,0,0.59907
22200027,2022-23,2022-10-21,POR,PHX,1,0.42293
22200028,2022-23,2022-10-22,PHI,SAS,0,0.75737
22200029,2022-23,2022-10-22,IND,DET,1,0.55999
22200030,2022-23,2022-10-22,ORL,BOS,0,0.28993
22200031,2022-23,2022-10-22,MIA,TOR,1,0.61944
22200032,2022-23,2022-10-22,CHI,CLE,0,0.41063
22200033,2022-23,2022-10-22,MIL,HOU,1,0.86235
22200034,2022-23,2022-10-22,DAL,MEM,1,0.57742
22200035,2022-23,2022-10-22,DEN,OKC,1,0.68047
22200036,2022-23,2022-10-22,SAC,LAC,0,0.42658
22200037,2022-23,2022-10-23,LAL,POR,0,0.46496
22200038,2022-23,2022-10-23,ATL,CHA,0,0.65436
22200039,2022-23,2022-10-23,CLE,WAS,1,0.53667
22200040,2022-23,2022-10-23,NOP,UTA,0,0.56734
22200041,2022-23,2022-10-23,OKC,MIN,0,0.29006
22200042,2022-23,2022-10-23,GSW,SAC,1,0.80675
22200043,2022-23,2022-10-23,LAC,PHX,0,0.38697
22200044,2022-23,2022-10-24,PHI,IND,1,0.71641
22200045,2022-23,2022-10-24,MIA,TOR,0,0.62682
22200046,2022-23,2022-10-24,NYK,ORL,1,0.68717
22200047,2022-23,2022-10-24,CHI,BOS,1,0.35504
22200048,2022-23,2022-10-24,HOU,UTA,1,0.29303
22200049,2022-23,2022-10-24,MEM,BKN,1,0.5835
22200050,2022-23,2022-10-24,MIN,SAS,0,0.61362
22200051,2022-23,2022-10-24,POR,DEN,1,0.37478
22200052,2022-23,2022-10-25,WAS,DET,1,0.64026
22200053,2022-23,2022-10-25,NOP,DAL,1,0.48616
22200054,2022-23,2022-10-25,OKC,LAC,1,0.3232
22200055,2022-23,2022-10-25,PHX,GSW,1,0.52619
22200056,2022-23,2022-10-26,CLE,ORL,1,0.71593
22200057,2022-23,2022-10-26,DET,ATL,0,0.26549
22200058,2022-23,2022-10-26,NYK,CHA,1,0.53202
22200059,2022-23,2022-10-26,TOR,PHI,1,0.53708
22200060,2022-23,2022-10-26,MIL,BKN,1,0.6611
22200061,2022-23,2022-10-26,CHI,IND,1,0.64281
22200062,2022-23,2022-10-26,MIN,SAS,1,0.61341
22200063,2022-23,2022-10-26,UTA,HOU,1,0.78921
22200064,2022-23,2022-10-26,DEN,LAL,1,0.69425
22200065,2022-23,2022-10-26,POR,MIA,0,0.54872
22200066,2022-23,2022-10-27,BKN,DAL,0,0.41795
22200067,2022-23,2022-10-27,OKC,LAC,1,0.48935
22200068,2022-23,2022-10-27,GSW,MIA,1,0.6117
22200069,2022-23,2022-10-27,SAC,MEM,0,0.32006
22200070,2022-23,2022-10-28,DET,ATL,0,0.31552
22200071,2022-23,2022-10-28,ORL,CHA,1,0.4258
22200072,2022-23,2022-10-28,BOS,CLE,0,0.66985
22200073,2022-23,2022-10-28,TOR,PHI,0,0.5726
22200074,2022-23,2022-10-28,WAS,IND,0,0.68098
22200075,2022-23,2022-10-28,MIL,NYK,1,0.68908
22200076,2022-23,2022-10-28,MIN,LAL,1,0.69978
22200077,2022-23,2022-10-28,SAS,CHI,1,0.51835
22200078,2022-23,2022-10-28,DEN,UTA,1,0.50007
22200079,2022-23,2022-10-28,PHX,NOP,1,0.68867
22200080,2022-23,2022-10-28,POR,HOU,1,0.75817
22200081,2022-23,2022-10-29,SAC,MIA,1,0.34993
22200082,2022-23,2022-10-29,CHA,GSW,1,0.3035
22200083,2022-23,2022-10-29,BKN,IND,0,0.7079
22200084,2022-23,2022-10-29,CHI,PHI,0,0.46595
22200085,2022-23,2022-10-29,MIL,ATL,1,0.6433
22200086,2022-23,2022-10-29,DAL,OKC,0,0.76191
22200087,2022-23,2022-10-29,UTA,MEM,1,0.39993
22200088,2022-23,2022-10-30,LAC,NOP,0,0.55715
22200089,2022-23,2022-10-30,BOS,WAS,1,0.70208
22200090,2022-23,2022-10-30,CLE,NYK,1,0.59333
22200091,2022-23,2022-10-30,DET,GSW,1,0.32797
22200092,2022-23,2022-10-30,SAS,MIN,1,0.4469
22200093,2022-23,2022-10-30,DAL,ORL,1,0.71995
22200094,2022-23,2022-10-30,PHX,HOU,1,0.8415
22200095,2022-23,2022-10-30,LAL,DEN,1,0.31374
22200096,2022-23,2022-10-31,CHA,SAC,0,0.59086
22200097,2022-23,2022-10-31,WAS,PHI,0,0.31095
22200098,2022-23,2022-10-31,BKN,IND,1,0.63542
22200099,2022-23,2022-10-31,TOR,ATL,1,0.54782
22200100,2022-23,2022-10-31,MIL,DET,1,0.85753
22200101,2022-23,2022-10-31,UTA,MEM,1,0.50564
22200102,2022-23,2022-10-31,LAC,HOU,1,0.67093
22200103,2022-23,2022-11-01,BKN,CHI,0,0.46785
22200104,2022-23,2022-11-01,MIA,GSW,1,0.59069
22200105,2022-23,2022-11-01,OKC,ORL,1,0.64786
22200106,2022-23,2022-11-01,PHX,MIN,1,0.65637
22200107,2022-23,2022-11-02,CLE,BOS,1,0.52734
22200108,2022-23,2022-11-02,PHI,WAS,0,0.66953
22200109,2022-23,2022-11-02,MIA,SAC,1,0.65486
22200110,2022-23,2022-11-02,NYK,ATL,0,0.54574
22200111,2022-23,2022-11-02,CHI,CHA,1,0.50166
22200112,2022-23,2022-11-02,HOU,LAC,0,0.43064
22200113,2022-23,2022-11-02,MIL,DET,1,0.84294
22200114,2022-23,2022-11-02,SAS,TOR,0,0.48137
22200115,2022-23,2022-11-02,DAL,UTA,1,0.61824
22200116,2022-23,2022-11-02,POR,MEM,0,0.52046
22200117,2022-23,2022-11-02,LAL,NOP,1,0.41587
22200118,2022-23,2022-11-03,ORL,GSW,1,0.3342
22200119,2022-23,2022-11-03,OKC,DEN,0,0.34131
22200120,2022-23,2022-11-04,DET,CLE,0,0.22781
22200121,2022-23,2022-11-04,IND,MIA,1,0.42137
22200122,2022-23,2022-11-04,PHI,NYK,0,0.56092
22200123,2022-23,2022-11-04,WAS,BKN,0,0.54631
22200124,2022-23,2022-11-04,BOS,CHI,1,0.67917
22200125,2022-23,2022-11-04,MEM,CHA,1,0.73015
22200126,2022-23,2022-11-04,SAS,LAC,0,0.51672
22200127,2022-23,2022-11-04,DAL,TOR,1,0.61595
22200128,2022-23,2022-11-04,NOP,GSW,1,0.6027
22200129,2022-23,2022-11-04,MIN,MIL,0,0.4105
22200130,2022-23,2022-11-04,PHX,POR,0,0.72759
22200131,2022-23,2022-11-04,LAL,UTA,0,0.38549
22200132,2022-23,2022-11-05,ORL,SAC,0,0.46454
22200133,2022-23,2022-11-05,CHA,BKN,0,0.49209
22200134,2022-23,2022-11-05,ATL,NOP,1,0.56006
22200135,2022-23,2022-11-05,NYK,BOS,0,0.4414
22200136,2022-23,2022-11-05,MIL,OKC,1,0.74931
22200137,2022-23,2022-11-05,MIN,HOU,1,0.69906
22200138,2022-23,2022-11-05,DEN,SAS,1,0.75914
22200139,2022-23,2022-11-05,PHX,POR,1,0.75149
22200140,2022-23,2022-11-06,LAL,CLE,0,0.38907
22200141,2022-23,2022-11-06,TOR,CHI,1,0.64681
22200142,2022-23,2022-11-06,MEM,WAS,1,0.7725
22200143,2022-23,2022-11-06,LAC,UTA,0,0.36967
22200144,2022-23,2022-11-07,CHA,WAS,0,0.65723
22200145,2022-23,2022-11-07,ORL,HOU,0,0.62417
22200146,2022-23,2022-11-07,DET,OKC,1,0.46878
22200147,2022-23,2022-11-07,IND,NOP,1,0.36319
22200148,2022-23,2022-11-07,PHI,PHX,1,0.35659
22200149,2022-23,2022-11-07,ATL,MIL,1,0.46454
22200150,2022-23,2022-11-07,MIA,POR,0,0.683
22200151,2022-23,2022-11-07,CHI,TOR,1,0.38982
22200152,2022-23,2022-11-07,MEM,BOS,0,0.55193
22200153,2022-23,2022-11-07,MIN,NYK,0,0.56043
22200154,2022-23,2022-11-07,SAS,DEN,0,0.35992
22200155,2022-23,2022-11-07,DAL,BKN,1,0.74476
22200156,2022-23,2022-11-07,GSW,SAC,1,0.55975
22200157,2022-23,2022-11-07,UTA,LAL,1,0.72264
22200158,2022-23,2022-11-07,LAC,CLE,1,0.28321
22200159,2022-23,2022-11-09,CHA,POR,0,0.39026
22200160,2022-23,2022-11-09,IND,DEN,0,0.35759
22200161,2022-23,2022-11-09,ORL,DAL,1,0.27199
22200162,2022-23,2022-11-09,ATL,UTA,0,0.48473
22200163,2022-23,2022-11-09,BOS,DET,1,0.7978
22200164,2022-23,2022-11-09,BKN,NYK,1,0.53988
22200165,2022-23,2022-11-09,TOR,HOU,1,0.77934
22200166,2022-23,2022-11-09,CHI,NOP,0,0.41705
22200167,2022-23,2022-11-09,MIN,PHX,0,0.3635
22200168,2022-23,2022-11-09,OKC,MIL,0,0.26093
22200169,2022-23,2022-11-09,SAS,MEM,0,0.3458
22200170,2022-23,2022-11-09,LAC,LAL,1,0.64595
22200171,2022-23,2022-11-09,SAC,CLE,1,0.28839
22200172,2022-23,2022-11-10,WAS,DAL,1,0.39701
22200173,2022-23,2022-11-10,ATL,PHI,1,0.49725
22200174,2022-23,2022-11-10,MIA,CHA,1,0.79902
22200175,2022-23,2022-11-10,NOP,POR,0,0.65832
22200176,2022-23,2022-11-11,BOS,DEN,1,0.5714
22200177,2022-23,2022-11-11,ORL,PHX,1,0.27988
22200178,2022-23,2022-11-11,NYK,DET,1,0.68675
22200179,2022-23,2022-11-11,OKC,TOR,1,0.38747
22200180,2022-23,2022-11-11,SAS,MIL,1,0.3884
22200181,2022-23,2022-11-11,MEM,MIN,1,0.70018
22200182,2022-23,2022-11-11,GSW,CLE,1,0.48093
22200183,2022-23,2022-11-11,LAL,SAC,0,0.51482
22200184,2022-23,2022-11-12,LAC,BKN,0,0.49882
22200185,2022-23,2022-11-12,WAS,UTA,1,0.25545
22200186,2022-23,2022-11-12,DET,BOS,0,0.23085
22200187,2022-23,2022-11-12,IND,TOR,1,0.52671
22200188,2022-23,2022-11-12,PHI,ATL,1,0.49727
22200189,2022-23,2022-11-12,MIA,CHA,1,0.73897
22200190,2022-23,2022-11-12,DAL,POR,1,0.65874
22200191,2022-23,2022-11-12,NOP,HOU,1,0.79142
22200192,2022-23,2022-11-13,NYK,OKC,0,0.62212
22200193,2022-23,2022-11-13,CLE,MIN,0,0.71881
22200194,2022-23,2022-11-13,WAS,MEM,1,0.25327
22200195,2022-23,2022-11-13,PHI,UTA,1,0.48163
22200196,2022-23,2022-11-13,CHI,DEN,0,0.452
22200197,2022-23,2022-11-13,SAC,GSW,1,0.41245
22200198,2022-23,2022-11-13,LAL,BKN,1,0.41912
22200199,2022-23,2022-11-14,DET,TOR,0,0.36626
22200200,2022-23,2022-11-14,ORL,CHA,0,0.54273
22200201,2022-23,2022-11-14,BOS,OKC,1,0.75783
22200202,2022-23,2022-11-14,MIA,PHX,1,0.56857
22200203,2022-23,2022-11-14,HOU,LAC,0,0.37579
22200204,2022-23,2022-11-14,MIL,ATL,0,0.47531
22200205,2022-23,2022-11-14,GSW,SAS,1,0.60812
22200206,2022-23,2022-11-15,NOP,MEM,1,0.62409
22200207,2022-23,2022-11-15,DAL,LAC,1,0.7635
22200208,2022-23,2022-11-15,UTA,NYK,0,0.68928
22200209,2022-23,2022-11-15,POR,SAS,1,0.73321
22200210,2022-23,2022-11-15,SAC,BKN,1,0.55708
22200211,2022-23,2022-11-16,CHA,IND,0,0.48019
22200212,2022-23,2022-11-16,ORL,MIN,0,0.37529
22200213,2022-23,2022-11-16,WAS,OKC,0,0.56521
22200214,2022-23,2022-11-16,ATL,BOS,0,0.50031
22200215,2022-23,2022-11-16,TOR,MIA,1,0.39665
22200216,2022-23,2022-11-16,MIL,CLE,1,0.49212
22200217,2022-23,2022-11-16,NOP,CHI,1,0.56518
22200218,2022-23,2022-11-16,DAL,HOU,0,0.80278
22200219,2022-23,2022-11-16,DEN,NYK,0,0.74424
22200220,2022-23,2022-11-16,PHX,GSW,1,0.52823
22200221,2022-23,2022-11-17,POR,BKN,0,0.64213
22200222,2022-23,2022-11-17,SAC,SAS,1,0.65417
22200223,2022-23,2022-11-17,LAC,DET,1,0.69075
22200224,2022-23,2022-11-18,WAS,MIA,1,0.4671
22200225,2022-23,2022-11-18,CLE,CHA,1,0.74405
22200226,2022-23,2022-11-18,PHI,MIL,1,0.5801
22200227,2022-23,2022-11-18,CHI,ORL,0,0.70387
22200228,2022-23,2022-11-18,HOU,IND,0,0.37438
22200229,2022-23,2022-11-18,MEM,OKC,1,0.70079
22200230,2022-23,2022-11-18,DAL,DEN,1,0.57797
22200231,2022-23,2022-11-18,NOP,BOS,0,0.43457
22200232,2022-23,2022-11-18,UTA,PHX,1,0.59641
22200233,2022-23,2022-11-18,GSW,NYK,1,0.62531
22200234,2022-23,2022-11-18,LAL,DET,1,0.7059
22200235,2022-23,2022-11-19,ATL,TOR,1,0.62509
22200236,2022-23,2022-11-19,IND,ORL,1,0.69399
22200237,2022-23,2022-11-19,PHI,MIN,0,0.52029
22200238,2022-23,2022-11-19,POR,UTA,0,0.61433
22200239,2022-23,2022-11-19,LAC,SAS,1,0.6874
22200240,2022-23,2022-11-20,PHX,NYK,1,0.61483
22200241,2022-23,2022-11-20,WAS,CHA,1,0.60353
22200242,2022-23,2022-11-20,SAC,DET,1,0.78714
22200243,2022-23,2022-11-20,BKN,MEM,1,0.47284
22200244,2022-23,2022-11-20,CLE,MIA,1,0.72812
22200245,2022-23,2022-11-20,HOU,GSW,0,0.2537
22200246,2022-23,2022-11-20,DAL,DEN,0,0.72841
22200247,2022-23,2022-11-20,LAL,SAS,1,0.57568
22200248,2022-23,2022-11-21,CLE,ATL,1,0.52484
22200249,2022-23,2022-11-21,IND,ORL,1,0.73591
22200250,2022-23,2022-11-21,CHI,BOS,1,0.29703
22200251,2022-23,2022-11-21,MIL,POR,1,0.65036
22200252,2022-23,2022-11-21,MIN,MIA,1,0.62785
22200253,2022-23,2022-11-21,NOP,GSW,1,0.59192
22200254,2022-23,2022-11-21,OKC,NYK,0,0.5842
22200255,2022-23,2022-11-21,LAC,UTA,1,0.47562
22200256,2022-23,2022-11-22,PHI,BKN,1,0.51342
22200257,2022-23,2022-11-22,MEM,SAC,0,0.51181
22200258,2022-23,2022-11-22,DEN,DET,0,0.67232
22200259,2022-23,2022-11-22,PHX,LAL,1,0.71947
22200260,2022-23,2022-11-23,CHA,PHI,1,0.52832
22200261,2022-23,2022-11-23,CLE,POR,1,0.65868
22200262,2022-23,2022-11-23,IND,MIN,0,0.51443
22200263,2022-23,2022-11-23,ATL,SAC,1,0.6388
22200264,2022-23,2022-11-23,BOS,DAL,1,0.62737
22200265,2022-23,2022-11-23,MIA,WAS,1,0.57676
22200266,2022-23,2022-11-23,TOR,BKN,0,0.5108
22200267,2022-23,2022-11-23,MIL,CHI,0,0.71244
22200268,2022-23,2022-11-23,OKC,DEN,0,0.39125
22200269,2022-23,2022-11-23,SAS,NOP,0,0.31716
22200270,2022-23,2022-11-23,UTA,DET,0,0.83973
22200271,2022-23,2022-11-23,GSW,LAC,1,0.51653
22200272,2022-23,2022-11-25,CHA,MIN,1,0.39374
22200273,2022-23,2022-11-25,ORL,PHI,0,0.39405
22200274,2022-23,2022-11-25,NYK,POR,0,0.54319
22200275,2022-23,2022-11-25,BOS,SAC,1,0.69191
22200276,2022-23,2022-11-25,IND,BKN,1,0.42211
22200277,2022-23,2022-11-25,MIA,WAS,1,0.62676
22200278,2022-23,2022-11-25,HOU,ATL,1,0.27899
22200279,2022-23,2022-11-25,MEM,NOP,1,0.5437
22200280,2022-23,2022-11-25,MIL,CLE,1,0.57072
22200281,2022-23,2022-11-25,OKC,CHI,1,0.42992
22200282,2022-23,2022-11-25,SAS,LAL,0,0.49644
22200283,2022-23,2022-11-25,PHX,DET,1,0.80089
22200284,2022-23,2022-11-25,GSW,UTA,1,0.61846
22200285,2022-23,2022-11-25,LAC,DEN,0,0.43553
22200286,2022-23,2022-11-26,TOR,DAL,1,0.39165
22200287,2022-23,2022-11-26,HOU,OKC,1,0.45606
22200288,2022-23,2022-11-26,SAS,LAL,0,0.45958
22200289,2022-23,2022-11-26,PHX,UTA,1,0.58239
22200290,2022-23,2022-11-27,BKN,POR,1,0.62036
22200291,2022-23,2022-11-27,MIN,GSW,0,0.46098
22200292,2022-23,2022-11-27,LAC,IND,1,0.447
22200293,2022-23,2022-11-27,ATL,MIA,0,0.62703
22200294,2022-23,2022-11-27,BOS,WAS,1,0.7899
22200295,2022-23,2022-11-27,DET,CLE,0,0.25397
22200296,2022-23,2022-11-27,NYK,MEM,0,0.41941
22200297,2022-23,2022-11-27,ORL,PHI,0,0.39614
22200298,2022-23,2022-11-27,MIL,DAL,1,0.68055
22200299,2022-23,2022-11-28,PHI,ATL,1,0.47882
22200300,2022-23,2022-11-28,WAS,MIN,1,0.50785
22200301,2022-23,2022-11-28,BOS,CHA,1,0.73103
22200302,2022-23,2022-11-28,BKN,ORL,1,0.83071
22200303,2022-23,2022-11-28,TOR,CLE,1,0.50072
22200304,2022-23,2022-11-28,NOP,OKC,1,0.76978
22200305,2022-23,2022-11-28,DEN,HOU,1,0.78307
22200306,2022-23,2022-11-28,UTA,CHI,0,0.55217
22200307,2022-23,2022-11-28,SAC,PHX,0,0.50469
22200308,2022-23,2022-11-28,LAL,IND,0,0.56013
22200309,2022-23,2022-11-29,DET,NYK,0,0.37498
22200310,2022-23,2022-11-29,DAL,GSW,1,0.48771
22200311,2022-23,2022-11-29,POR,LAC,0,0.65397
22200312,2022-23,2022-11-30,CLE,PHI,1,0.57747
22200313,2022-23,2022-11-30,ORL,ATL,0,0.26282
22200314,2022-23,2022-11-30,BOS,MIA,1,0.71378
22200315,2022-23,2022-11-30,BKN,WAS,1,0.66668
22200316,2022-23,2022-11-30,NYK,MIL,0,0.29684
22200317,2022-23,2022-11-30,MIN,MEM,1,0.39655
22200318,2022-23,2022-11-30,NOP,TOR,1,0.49618
22200319,2022-23,2022-11-30,OKC,SAS,1,0.5615
22200320,2022-23,2022-11-30,DEN,HOU,1,0.74569
22200321,2022-23,2022-11-30,PHX,CHI,1,0.63978
22200322,2022-23,2022-11-30,UTA,LAC,1,0.70897
22200323,2022-23,2022-11-30,SAC,IND,1,0.57387
22200324,2022-23,2022-11-30,LAL,POR,1,0.57315
22200325,2022-23,2022-12-01,DET,DAL,1,0.25995
22200326,2022-23,2022-12-02,CHA,WAS,1,0.39541
22200327,2022-23,2022-12-02,ATL,DEN,1,0.56284
22200328,2022-23,2022-12-02,BOS,MIA,0,0.76786
22200329,2022-23,2022-12-02,BKN,TOR,1,0.55962
22200330,2022-23,2022-12-02,CLE,ORL,1,0.82041
22200331,2022-23,2022-12-02,MIL,LAL,0,0.74966
22200332,2022-23,2022-12-02,MEM,PHI,1,0.57245
22200333,2022-23,2022-12-02,SAS,NOP,0,0.26467
22200334,2022-23,2022-12-02,PHX,HOU,0,0.79625
22200335,2022-23,2022-12-02,UTA,IND,1,0.60005
22200336,2022-23,2022-12-02,GSW,CHI,1,0.67447
22200337,2022-23,2022-12-03,NYK,DAL,0,0.47454
22200338,2022-23,2022-12-03,LAC,SAC,0,0.40941
22200339,2022-23,2022-12-03,CHA,MIL,0,0.23163
22200340,2022-23,2022-12-03,TOR,ORL,1,0.79448
22200341,2022-23,2022-12-03,MIN,OKC,0,0.67093
22200342,2022-23,2022-12-03,GSW,HOU,1,0.80036
22200343,2022-23,2022-12-03,UTA,POR,0,0.56636
22200344,2022-23,2022-12-04,NOP,DEN,1,0.61026
22200345,2022-23,2022-12-04,SAS,PHX,0,0.2195
22200346,2022-23,2022-12-04,BKN,BOS,0,0.40281
22200347,2022-23,2022-12-04,DET,MEM,0,0.28489
22200348,2022-23,2022-12-04,NYK,CLE,1,0.32766
22200349,2022-23,2022-12-04,WAS,LAL,0,0.52473
22200350,2022-23,2022-12-04,SAC,CHI,1,0.53814
22200351,2022-23,2022-12-04,POR,IND,1,0.47011
22200352,2022-23,2022-12-05,CHA,LAC,0,0.50333
22200353,2022-23,2022-12-05,ORL,MIL,0,0.29085
22200354,2022-23,2022-12-05,ATL,OKC,0,0.68366
22200355,2022-23,2022-12-05,TOR,BOS,0,0.45158
22200356,2022-23,2022-12-05,HOU,PHI,1,0.28949
22200357,2022-23,2022-12-05,MEM,MIA,1,0.44507
22200358,2022-23,2022-12-05,DAL,PHX,1,0.56834
22200359,2022-23,2022-12-05,GSW,IND,0,0.7821
22200360,2022-23,2022-12-06,CLE,LAL,1,0.667
22200361,2022-23,2022-12-06,MIA,DET,0,0.73659
22200362,2022-23,2022-12-06,DEN,DAL,0,0.51556
22200363,2022-23,2022-12-07,ORL,LAC,1,0.25757
22200364,2022-23,2022-12-07,BKN,CHA,1,0.77635
22200365,2022-23,2022-12-07,NYK,ATL,1,0.52627
22200366,2022-23,2022-12-07,TOR,LAL,1,0.6759
22200367,2022-23,2022-12-07,CHI,WAS,1,0.57832
22200368,2022-23,2022-12-07,MEM,OKC,1,0.63736
22200369,2022-23,2022-12-07,MIL,SAC,1,0.63023
22200370,2022-23,2022-12-07,MIN,IND,1,0.60509
22200371,2022-23,2022-12-07,NOP,DET,1,0.84727
22200372,2022-23,2022-12-07,UTA,GSW,1,0.50278
22200373,2022-23,2022-12-07,PHX,BOS,0,0.46211
22200374,2022-23,2022-12-08,MIA,LAC,1,0.59997
22200375,2022-23,2022-12-08,SAS,HOU,1,0.44352
22200376,2022-23,2022-12-08,POR,DEN,0,0.61306
22200377,2022-23,2022-12-09,CHA,NYK,0,0.36685
22200378,2022-23,2022-12-09,IND,WAS,1,0.5734
22200379,2022-23,2022-12-09,ORL,TOR,1,0.27495
22200380,2022-23,2022-12-09,BKN,ATL,1,0.61909
22200381,2022-23,2022-12-09,CLE,SAC,0,0.67887
22200382,2022-23,2022-12-09,PHI,LAL,1,0.77778
22200383,2022-23,2022-12-09,MEM,DET,1,0.79923
22200384,2022-23,2022-12-09,NOP,PHX,1,0.48523
22200385,2022-23,2022-12-09,UTA,MIN,0,0.59
22200386,2022-23,2022-12-09,DAL,MIL,0,0.49593
22200387,2022-23,2022-12-10,MIA,SAS,0,0.77946
22200388,2022-23,2022-12-10,IND,BKN,0,0.40635
22200389,2022-23,2022-12-10,WAS,LAC,0,0.40427
22200390,2022-23,2022-12-10,CLE,OKC,1,0.65222
22200391,2022-23,2022-12-10,CHI,DAL,1,0.5002
22200392,2022-23,2022-12-10,GSW,BOS,1,0.27674
22200393,2022-23,2022-12-10,DEN,UTA,1,0.63112
22200394,2022-23,2022-12-10,POR,MIN,1,0.71412
22200395,2022-23,2022-12-11,NOP,PHX,1,0.52068
22200396,2022-23,2022-12-11,DET,LAL,0,0.40888
22200397,2022-23,2022-12-11,NYK,SAC,1,0.52074
22200398,2022-23,2022-12-11,ORL,TOR,1,0.29448
22200399,2022-23,2022-12-11,PHI,CHA,1,0.80397
22200400,2022-23,2022-12-11,ATL,CHI,1,0.55881
22200401,2022-23,2022-12-11,HOU,MIL,1,0.21687
22200402,2022-23,2022-12-12,IND,MIA,0,0.47473
22200403,2022-23,2022-12-12,WAS,BKN,0,0.51087
22200404,2022-23,2022-12-12,MEM,ATL,1,0.77478
22200405,2022-23,2022-12-12,DAL,OKC,1,0.66597
22200406,2022-23,2022-12-12,SAS,CLE,1,0.25205
22200407,2022-23,2022-12-12,POR,MIN,1,0.67087
22200408,2022-23,2022-12-12,LAC,BOS,1,0.359
22200409,2022-23,2022-12-13,PHI,SAC,1,0.63685
22200410,2022-23,2022-12-13,MIL,GSW,1,0.59334
22200411,2022-23,2022-12-13,HOU,PHX,1,0.30069
22200412,2022-23,2022-12-13,UTA,NOP,1,0.38065
22200413,2022-23,2022-12-13,LAL,BOS,0,0.36797
22200414,2022-23,2022-12-14,CHA,DET,0,0.55628
22200415,2022-23,2022-12-14,IND,GSW,1,0.47892
22200416,2022-23,2022-12-14,ORL,ATL,1,0.52679
22200417,2022-23,2022-12-14,TOR,SAC,0,0.57855
22200418,2022-23,2022-12-14,CHI,NYK,0,0.53122
22200419,2022-23,2022-12-14,OKC,MIA,0,0.3797
22200420,2022-23,2022-12-14,SAS,POR,0,0.26408
22200421,2022-23,2022-12-14,DAL,CLE,0,0.51544
22200422,2022-23,2022-12-14,DEN,WAS,1,0.73214
22200423,2022-23,2022-12-14,LAC,MIN,1,0.66552
22200424,2022-23,2022-12-15,HOU,MIA,0,0.47915
22200425,2022-23,2022-12-15,MEM,MIL,1,0.4568
22200426,2022-23,2022-12-15,UTA,NOP,1,0.52303
22200427,2022-23,2022-12-15,LAC,PHX,0,0.50654
22200428,2022-23,2022-12-16,CHA,ATL,0,0.49223
22200429,2022-23,2022-12-16,DET,SAC,0,0.31871
22200430,2022-23,2022-12-16,BOS,ORL,0,0.87193
22200431,2022-23,2022-12-16,CLE,IND,1,0.72208
22200432,2022-23,2022-12-16,PHI,GSW,1,0.65756
22200433,2022-23,2022-12-16,TOR,BKN,0,0.39088
22200434,2022-23,2022-12-16,CHI,NYK,0,0.5513
22200435,2022-23,2022-12-16,OKC,MIN,0,0.50191
22200436,2022-23,2022-12-16,DAL,POR,1,0.51067
22200437,2022-23,2022-12-16,LAL,DEN,1,0.48533
22200438,2022-23,2022-12-17,LAC,WAS,1,0.62715
22200439,2022-23,2022-12-17,SAS,MIA,0,0.40636
22200440,2022-23,2022-12-17,CLE,DAL,1,0.62527
22200441,2022-23,2022-12-17,HOU,POR,0,0.38173
22200442,2022-23,2022-12-17,MIL,UTA,1,0.56863
22200443,2022-23,2022-12-17,OKC,MEM,1,0.24194
22200444,2022-23,2022-12-17,PHX,NOP,1,0.54101
22200445,2022-23,2022-12-18,BOS,ORL,0,0.86974
22200446,2022-23,2022-12-18,IND,NYK,0,0.43208
22200447,2022-23,2022-12-18,DET,BKN,0,0.23607
22200448,2022-23,2022-12-18,TOR,GSW,0,0.58376
22200449,2022-23,2022-12-18,MIN,CHI,1,0.43989
22200450,2022-23,2022-12-18,DEN,CHA,1,0.72221
22200451,2022-23,2022-12-18,LAL,WAS,1,0.70197
22200452,2022-23,2022-12-19,CLE,UTA,1,0.63541
22200453,2022-23,2022-12-19,PHI,TOR,1,0.77139
22200454,2022-23,2022-12-19,ATL,ORL,1,0.69049
22200455,2022-23,2022-12-19,HOU,SAS,0,0.55664
22200456,2022-23,2022-12-19,MIN,DAL,1,0.41582
22200457,2022-23,2022-12-19,NOP,MIL,0,0.53868
22200458,2022-23,2022-12-19,OKC,POR,1,0.38176
22200459,2022-23,2022-12-19,PHX,LAL,1,0.72413
22200460,2022-23,2022-12-19,SAC,CHA,0,0.79999
22200461,2022-23,2022-12-20,DET,UTA,0,0.37786
22200462,2022-23,2022-12-20,MIA,CHI,0,0.63799
22200463,2022-23,2022-12-20,NYK,GSW,1,0.62864
22200464,2022-23,2022-12-20,PHX,WAS,0,0.65602
22200465,2022-23,2022-12-20,DEN,MEM,1,0.44728
22200466,2022-23,2022-12-21,CLE,MIL,1,0.56038
22200467,2022-23,2022-12-21,PHI,DET,1,0.86846
22200468,2022-23,2022-12-21,ATL,CHI,0,0.6518
22200469,2022-23,2022-12-21,BOS,IND,0,0.71104
22200470,2022-23,2022-12-21,BKN,GSW,1,0.78092
22200471,2022-23,2022-12-21,NYK,TOR,0,0.5948
22200472,2022-23,2022-12-21,HOU,ORL,0,0.51843
22200473,2022-23,2022-12-21,MIN,DAL,0,0.43861
22200474,2022-23,2022-12-21,OKC,POR,1,0.44836
22200475,2022-23,2022-12-21,SAC,LAL,1,0.72566
22200476,2022-23,2022-12-21,LAC,CHA,1,0.73361
22200477,2022-23,2022-12-22,NOP,SAS,1,0.77413
22200478,2022-23,2022-12-22,UTA,WAS,1,0.68338
22200479,2022-23,2022-12-23,ORL,SAS,1,0.63579
22200480,2022-23,2022-12-23,PHI,LAC,1,0.61163
22200481,2022-23,2022-12-23,ATL,DET,1,0.72581
22200482,2022-23,2022-12-23,BOS,MIN,1,0.77397
22200483,2022-23,2022-12-23,BKN,MIL,1,0.48719
22200484,2022-23,2022-12-23,CLE,TOR,0,0.71896
22200485,2022-23,2022-12-23,NYK,CHI,0,0.67867
22200486,2022-23,2022-12-23,MIA,IND,0,0.56057
22200487,2022-23,2022-12-23,HOU,DAL,0,0.32797
22200488,2022-23,2022-12-23,OKC,NOP,0,0.52806
22200489,2022-23,2022-12-23,DEN,POR,1,0.51581
22200490,2022-23,2022-12-23,PHX,MEM,0,0.47849
22200491,2022-23,2022-12-23,SAC,WAS,0,0.78169
22200492,2022-23,2022-12-23,LAL,CHA,0,0.61443
22200493,2022-23,2022-12-25,NYK,PHI,0,0.43567
22200494,2022-23,2022-12-25,DAL,LAL,1,0.6412
22200495,2022-23,2022-12-25,BOS,MIL,1,0.62511
22200496,2022-23,2022-12-25,GSW,MEM,1,0.28304
22200497,2022-23,2022-12-25,DEN,PHX,1,0.68918
22200498,2022-23,2022-12-26,CLE,BKN,0,0.538
22200499,2022-23,2022-12-26,DET,LAC,0,0.28758
22200500,2022-23,2022-12-26,MIA,MIN,1,0.66499
22200501,2022-23,2022-12-26,CHI,HOU,0,0.67071
22200502,2022-23,2022-12-26,NOP,IND,1,0.57231
22200503,2022-23,2022-12-26,SAS,UTA,1,0.35496
22200504,2022-23,2022-12-26,POR,CHA,1,0.72684
22200505,2022-23,2022-12-27,ORL,LAL,0,0.62411
22200506,2022-23,2022-12-27,WAS,PHI,1,0.33774
22200507,2022-23,2022-12-27,BOS,HOU,1,0.88844
22200508,2022-23,2022-12-27,IND,ATL,1,0.39021
22200509,2022-23,2022-12-27,TOR,LAC,0,0.58349
22200510,2022-23,2022-12-27,MEM,PHX,0,0.65111
22200511,2022-23,2022-12-27,OKC,SAS,1,0.71753
22200512,2022-23,2022-12-27,DAL,NYK,1,0.52119
22200513,2022-23,2022-12-27,GSW,CHA,1,0.68533
22200514,2022-23,2022-12-27,SAC,DEN,0,0.40152
22200515,2022-23,2022-12-28,DET,ORL,1,0.44318
22200516,2022-23,2022-12-28,WAS,PHX,1,0.41962
22200517,2022-23,2022-12-28,ATL,BKN,0,0.34364
22200518,2022-23,2022-12-28,MIA,LAL,1,0.62969
22200519,2022-23,2022-12-28,CHI,MIL,1,0.31875
22200520,2022-23,2022-12-28,NOP,MIN,1,0.62524
22200521,2022-23,2022-12-28,GSW,UTA,1,0.39705
22200522,2022-23,2022-12-28,SAC,DEN,1,0.35069
22200523,2022-23,2022-12-29,CHA,OKC,1,0.45467
22200524,2022-23,2022-12-29,IND,CLE,1,0.3881
22200525,2022-23,2022-12-29,BOS,LAC,1,0.68083
22200526,2022-23,2022-12-29,TOR,MEM,0,0.38575
22200527,2022-23,2022-12-29,SAS,NYK,1,0.34462
22200528,2022-23,2022-12-29,DAL,HOU,1,0.75838
22200529,2022-23,2022-12-30,ORL,WAS,0,0.49781
22200530,2022-23,2022-12-30,ATL,LAL,0,0.57593
22200531,2022-23,2022-12-30,TOR,PHX,1,0.37169
22200532,2022-23,2022-12-30,CHI,DET,1,0.66306
22200533,2022-23,2022-12-30,MIL,MIN,1,0.69941
22200534,2022-23,2022-12-30,NOP,PHI,1,0.46749
22200535,2022-23,2022-12-30,DEN,MIA,1,0.58546
22200536,2022-23,2022-12-30,GSW,POR,1,0.39227
22200537,2022-23,2022-12-30,SAC,UTA,1,0.52826
22200538,2022-23,2022-12-31,IND,LAC,1,0.44333
22200539,2022-23,2022-12-31,CHA,BKN,0,0.24082
22200540,2022-23,2022-12-31,CHI,CLE,0,0.36518
22200541,2022-23,2022-12-31,HOU,NYK,0,0.33791
22200542,2022-23,2022-12-31,SAS,DAL,0,0.35327
22200543,2022-23,2022-12-31,MEM,NOP,1,0.66746
22200544,2022-23,2022-12-31,MIN,DET,0,0.64858
22200545,2022-23,2022-12-31,OKC,PHI,0,0.32035
22200546,2022-23,2022-12-31,UTA,MIA,0,0.54433
22200547,2022-23,2023-01-01,MEM,SAC,1,0.61207
22200548,2022-23,2023-01-01,MIL,WAS,0,0.61538
22200549,2022-23,2023-01-01,DEN,BOS,1,0.53942
22200550,2022-23,2023-01-02,NYK,PHX,1,0.56077
22200551,2022-23,2023-01-02,CHA,LAL,0,0.44863
22200552,2022-23,2023-01-02,CLE,CHI,1,0.609
22200553,2022-23,2023-01-02,IND,TOR,1,0.57512
22200554,2022-23,2023-01-02,PHI,NOP,1,0.57311
22200555,2022-23,2023-01-02,BKN,SAS,1,0.83131
22200556,2022-23,2023-01-02,HOU,DAL,0,0.31369
22200557,2022-23,2023-01-02,MIN,DEN,1,0.34347
22200558,2022-23,2023-01-02,GSW,ATL,1,0.54922
22200559,2022-23,2023-01-02,POR,DET,1,0.74428
22200560,2022-23,2023-01-02,LAC,MIA,0,0.62349
22200561,2022-23,2023-01-03,MIL,WAS,1,0.50146
22200562,2022-23,2023-01-03,OKC,BOS,1,0.28335
22200563,2022-23,2023-01-03,UTA,SAC,0,0.56509
22200564,2022-23,2023-01-04,CHA,MEM,0,0.27652
22200565,2022-23,2023-01-04,CLE,PHX,1,0.54692
22200566,2022-23,2023-01-04,ORL,OKC,1,0.54774
22200567,2022-23,2023-01-04,PHI,IND,1,0.76099
22200568,2022-23,2023-01-04,NYK,SAS,1,0.77808
22200569,2022-23,2023-01-04,TOR,MIL,0,0.5022
22200570,2022-23,2023-01-04,CHI,BKN,1,0.35158
22200571,2022-23,2023-01-04,MIN,POR,1,0.38805
22200572,2022-23,2023-01-04,NOP,HOU,1,0.80134
22200573,2022-23,2023-01-04,GSW,DET,0,0.69375
22200574,2022-23,2023-01-04,LAL,MIA,1,0.39684
22200575,2022-23,2023-01-04,SAC,ATL,0,0.57201
22200576,2022-23,2023-01-05,ORL,MEM,0,0.24724
22200577,2022-23,2023-01-05,DAL,BOS,0,0.48177
22200578,2022-23,2023-01-05,HOU,UTA,0,0.27035
22200579,2022-23,2023-01-05,DEN,LAC,1,0.72586
22200580,2022-23,2023-01-06,IND,POR,1,0.49695
22200581,2022-23,2023-01-06,PHI,CHI,0,0.70581
22200582,2022-23,2023-01-06,TOR,NYK,0,0.42271
22200583,2022-23,2023-01-06,MIL,CHA,0,0.71918
22200584,2022-23,2023-01-06,OKC,WAS,1,0.47318
22200585,2022-23,2023-01-06,SAS,DET,1,0.56437
22200586,2022-23,2023-01-06,NOP,BKN,0,0.41296
22200587,2022-23,2023-01-06,MIN,LAC,1,0.4711
22200588,2022-23,2023-01-06,DEN,CLE,1,0.6899
22200589,2022-23,2023-01-06,PHX,MIA,0,0.46047
22200590,2022-23,2023-01-06,LAL,ATL,1,0.48816
22200591,2022-23,2023-01-07,SAS,BOS,0,0.18443
22200592,2022-23,2023-01-07,CHI,UTA,1,0.42051
22200593,2022-23,2023-01-07,DAL,NOP,1,0.61476
22200594,2022-23,2023-01-07,GSW,ORL,0,0.61028
22200595,2022-23,2023-01-07,SAC,LAL,0,0.73467
22200596,2022-23,2023-01-08,DET,PHI,0,0.26956
22200597,2022-23,2023-01-08,TOR,POR,1,0.48516
22200598,2022-23,2023-01-08,IND,CHA,1,0.66755
22200599,2022-23,2023-01-08,MIA,BKN,0,0.41579
22200600,2022-23,2023-01-08,MEM,UTA,1,0.72828
22200601,2022-23,2023-01-08,HOU,MIN,0,0.41119
22200602,2022-23,2023-01-08,OKC,DAL,1,0.53168
22200603,2022-23,2023-01-08,PHX,CLE,0,0.4311
22200604,2022-23,2023-01-08,LAC,ATL,0,0.54448
22200605,2022-23,2023-01-09,WAS,NOP,0,0.55067
22200606,2022-23,2023-01-09,BOS,CHI,1,0.73361
22200607,2022-23,2023-01-09,NYK,MIL,0,0.56373
22200608,2022-23,2023-01-09,MEM,SAS,1,0.76552
22200609,2022-23,2023-01-09,DEN,LAL,1,0.82488
22200610,2022-23,2023-01-09,SAC,ORL,1,0.63873
22200611,2022-23,2023-01-10,MIA,OKC,1,0.64791
22200612,2022-23,2023-01-10,PHI,DET,1,0.81934
22200613,2022-23,2023-01-10,TOR,CHA,1,0.66178
22200614,2022-23,2023-01-10,UTA,CLE,1,0.4459
22200615,2022-23,2023-01-10,GSW,PHX,0,0.61369
22200616,2022-23,2023-01-10,POR,ORL,0,0.69529
22200617,2022-23,2023-01-10,LAC,DAL,1,0.55905
22200618,2022-23,2023-01-11,DET,MIN,1,0.28532
22200619,2022-23,2023-01-11,WAS,CHI,1,0.50222
22200620,2022-23,2023-01-11,ATL,MIL,0,0.45925
22200621,2022-23,2023-01-11,BOS,NOP,1,0.68667
22200622,2022-23,2023-01-11,NYK,IND,1,0.62945
22200623,2022-23,2023-01-11,MEM,SAS,1,0.80629
22200624,2022-23,2023-01-11,DEN,PHX,1,0.84709
22200625,2022-23,2023-01-11,SAC,HOU,1,0.75517
22200626,2022-23,2023-01-12,PHI,OKC,0,0.79748
22200627,2022-23,2023-01-12,BKN,BOS,0,0.64979
22200628,2022-23,2023-01-12,MIA,MIL,1,0.48705
22200629,2022-23,2023-01-12,TOR,CHA,1,0.67395
22200630,2022-23,2023-01-12,LAL,DAL,0,0.41585
22200631,2022-23,2023-01-12,POR,CLE,0,0.48588
22200632,2022-23,2023-01-13,DET,NOP,0,0.32456
22200633,2022-23,2023-01-13,IND,ATL,0,0.62084
22200634,2022-23,2023-01-13,WAS,NYK,0,0.33671
22200635,2022-23,2023-01-13,SAS,GSW,0,0.26795
22200636,2022-23,2023-01-13,CHI,OKC,0,0.57258
22200637,2022-23,2023-01-13,MIN,PHX,1,0.56106
22200638,2022-23,2023-01-13,UTA,ORL,1,0.61921
22200639,2022-23,2023-01-13,LAC,DEN,0,0.31671
22200640,2022-23,2023-01-13,SAC,HOU,1,0.76918
22200641,2022-23,2023-01-14,MIA,MIL,1,0.61029
22200642,2022-23,2023-01-14,CHA,BOS,0,0.26212
22200643,2022-23,2023-01-14,IND,MEM,0,0.24526
22200644,2022-23,2023-01-14,TOR,ATL,0,0.63513
22200645,2022-23,2023-01-14,MIN,CLE,1,0.32346
22200646,2022-23,2023-01-14,UTA,PHI,0,0.27733
22200647,2022-23,2023-01-14,POR,DAL,1,0.56522
22200648,2022-23,2023-01-15,DET,NYK,0,0.23182
22200649,2022-23,2023-01-15,LAC,HOU,1,0.73028
22200650,2022-23,2023-01-15,CHI,GSW,1,0.37155
22200651,2022-23,2023-01-15,BKN,OKC,0,0.68722
22200652,2022-23,2023-01-15,SAS,SAC,0,0.32897
22200653,2022-23,2023-01-15,DEN,ORL,1,0.74162
22200654,2022-23,2023-01-15,POR,DAL,1,0.60799
22200655,2022-23,2023-01-15,LAL,PHI,0,0.38251
22200656,2022-23,2023-01-16,CHA,BOS,0,0.23505
22200657,2022-23,2023-01-16,MIL,IND,1,0.55581
22200658,2022-23,2023-01-16,CLE,NOP,1,0.63411
22200659,2022-23,2023-01-16,NYK,TOR,0,0.64621
22200660,2022-23,2023-01-16,WAS,GSW,0,0.4822
22200661,2022-23,2023-01-16,ATL,MIA,1,0.479
22200662,2022-23,2023-01-16,MIN,UTA,0,0.56358
22200663,2022-23,2023-01-16,MEM,PHX,1,0.75914
22200664,2022-23,2023-01-16,LAL,HOU,1,0.71145
22200665,2022-23,2023-01-17,MIL,TOR,1,0.53758
22200666,2022-23,2023-01-17,SAS,BKN,1,0.31356
22200667,2022-23,2023-01-17,DEN,POR,1,0.71273
22200668,2022-23,2023-01-17,LAC,PHI,0,0.3143
22200669,2022-23,2023-01-18,NYK,WAS,0,0.72203
22200670,2022-23,2023-01-18,DAL,ATL,0,0.44355
22200671,2022-23,2023-01-18,HOU,CHA,0,0.46666
22200672,2022-23,2023-01-18,MEM,CLE,1,0.64077
22200673,2022-23,2023-01-18,NOP,MIA,0,0.493
22200674,2022-23,2023-01-18,OKC,IND,1,0.59656
22200675,2022-23,2023-01-18,UTA,LAC,1,0.52103
22200676,2022-23,2023-01-18,DEN,MIN,1,0.76326
22200677,2022-23,2023-01-18,LAL,SAC,0,0.38393
22200678,2022-23,2023-01-19,DET,CHI,0,0.39616
22200679,2022-23,2023-01-19,BOS,GSW,1,0.66219
22200680,2022-23,2023-01-19,MIN,TOR,1,0.44612
22200681,2022-23,2023-01-19,PHX,BKN,1,0.50306
22200682,2022-23,2023-01-19,POR,PHI,0,0.39769
22200683,2022-23,2023-01-20,ORL,NOP,1,0.52011
22200684,2022-23,2023-01-20,ATL,NYK,1,0.4696
22200685,2022-23,2023-01-20,CLE,GSW,0,0.62892
22200686,2022-23,2023-01-20,DAL,MIA,1,0.44605
22200687,2022-23,2023-01-20,SAS,LAC,0,0.47244
22200688,2022-23,2023-01-20,DEN,IND,1,0.81064
22200689,2022-23,2023-01-20,UTA,BKN,0,0.57637
22200690,2022-23,2023-01-20,LAL,MEM,1,0.25593
22200691,2022-23,2023-01-20,SAC,OKC,1,0.52214
22200692,2022-23,2023-01-21,TOR,BOS,0,0.26359
22200693,2022-23,2023-01-21,WAS,ORL,1,0.68908
22200694,2022-23,2023-01-21,ATL,CHA,0,0.66464
22200695,2022-23,2023-01-21,CLE,MIL,1,0.56722
22200696,2022-23,2023-01-21,MIN,HOU,1,0.6815
22200697,2022-23,2023-01-21,PHX,IND,1,0.61525
22200698,2022-23,2023-01-21,SAC,PHI,0,0.36436
22200699,2022-23,2023-01-22,MIA,NOP,1,0.64333
22200700,2022-23,2023-01-22,TOR,NYK,1,0.36386
22200701,2022-23,2023-01-22,DAL,LAC,0,0.53106
22200702,2022-23,2023-01-22,DEN,OKC,0,0.6636
22200703,2022-23,2023-01-22,PHX,MEM,1,0.20894
22200704,2022-23,2023-01-22,GSW,BKN,0,0.44798
22200705,2022-23,2023-01-22,POR,LAL,0,0.67587
22200706,2022-23,2023-01-23,DET,MIL,0,0.3962
22200707,2022-23,2023-01-23,ORL,BOS,1,0.33279
22200708,2022-23,2023-01-23,CHI,ATL,1,0.55343
22200709,2022-23,2023-01-23,HOU,MIN,1,0.38233
22200710,2022-23,2023-01-23,UTA,CHA,1,0.70479
22200711,2022-23,2023-01-23,POR,SAS,1,0.67827
22200712,2022-23,2023-01-23,SAC,MEM,1,0.47341
22200713,2022-23,2023-01-24,IND,CHI,1,0.55385
22200714,2022-23,2023-01-24,MIA,BOS,1,0.50455
22200715,2022-23,2023-01-24,NYK,CLE,1,0.42127
22200716,2022-23,2023-01-24,NOP,DEN,0,0.43609
22200717,2022-23,2023-01-24,DAL,WAS,0,0.51054
22200718,2022-23,2023-01-24,PHX,CHA,1,0.74721
22200719,2022-23,2023-01-24,LAL,LAC,0,0.4345
22200720,2022-23,2023-01-25,ORL,IND,1,0.62525
22200721,2022-23,2023-01-25,PHI,BKN,1,0.55424
22200722,2022-23,2023-01-25,HOU,WAS,0,0.40504
22200723,2022-23,2023-01-25,MIL,DEN,1,0.56054
22200724,2022-23,2023-01-25,NOP,MIN,0,0.51083
22200725,2022-23,2023-01-25,OKC,ATL,0,0.60366
22200726,2022-23,2023-01-25,GSW,MEM,1,0.55082
22200727,2022-23,2023-01-25,POR,UTA,1,0.58842
22200728,2022-23,2023-01-25,SAC,TOR,0,0.65746
22200729,2022-23,2023-01-25,LAL,SAS,1,0.58708
22200730,2022-23,2023-01-26,BOS,NYK,0,0.65556
22200731,2022-23,2023-01-26,BKN,DET,0,0.73573
22200732,2022-23,2023-01-26,CHA,CHI,1,0.38467
22200733,2022-23,2023-01-26,HOU,CLE,0,0.18372
22200734,2022-23,2023-01-26,PHX,DAL,0,0.55978
22200735,2022-23,2023-01-26,LAC,SAS,1,0.81453
22200736,2022-23,2023-01-27,IND,MIL,0,0.37636
22200737,2022-23,2023-01-27,MIN,MEM,1,0.37151
22200738,2022-23,2023-01-27,MIA,ORL,1,0.65023
22200739,2022-23,2023-01-27,OKC,CLE,1,0.55828
22200740,2022-23,2023-01-27,GSW,TOR,1,0.62226
22200741,2022-23,2023-01-28,PHI,DEN,1,0.77974
22200742,2022-23,2023-01-28,BKN,NYK,1,0.55692
22200743,2022-23,2023-01-28,DET,HOU,0,0.58448
22200744,2022-23,2023-01-28,ORL,CHI,0,0.45295
22200745,2022-23,2023-01-28,ATL,LAC,0,0.48288
22200746,2022-23,2023-01-28,MIN,SAC,1,0.37332
22200747,2022-23,2023-01-28,NOP,WAS,0,0.60359
22200748,2022-23,2023-01-28,SAS,PHX,0,0.30314
22200749,2022-23,2023-01-28,BOS,LAL,1,0.72423
22200750,2022-23,2023-01-28,UTA,DAL,1,0.56947
22200751,2022-23,2023-01-28,POR,TOR,0,0.6911
22200752,2022-23,2023-01-29,CHA,MIA,1,0.37408
22200753,2022-23,2023-01-29,MEM,IND,1,0.68421
22200754,2022-23,2023-01-29,CLE,LAC,1,0.5781
22200755,2022-23,2023-01-29,MIL,NOP,1,0.69135
22200756,2022-23,2023-01-30,PHI,ORL,0,0.81339
22200757,2022-23,2023-01-30,BKN,LAL,1,0.61741
22200758,2022-23,2023-01-30,MIN,SAC,0,0.47558
22200759,2022-23,2023-01-30,OKC,GSW,0,0.55354
22200760,2022-23,2023-01-30,SAS,WAS,0,0.34032
22200761,2022-23,2023-01-30,DAL,DET,1,0.70396
22200762,2022-23,2023-01-30,PHX,TOR,1,0.56071
22200763,2022-23,2023-01-30,POR,ATL,1,0.4957
22200764,2022-23,2023-01-31,CLE,MIA,0,0.58869
22200765,2022-23,2023-01-31,NYK,LAL,0,0.74599
22200766,2022-23,2023-01-31,CHI,LAC,0,0.59221
22200767,2022-23,2023-01-31,MIL,CHA,1,0.75133
22200768,2022-23,2023-01-31,DEN,NOP,1,0.81593
22200770,2022-23,2023-02-01,PHI,ORL,1,0.77753
22200771,2022-23,2023-02-01,MEM,POR,0,0.5918
22200772,2022-23,2023-02-01,BOS,BKN,1,0.72193
22200773,2022-23,2023-02-01,HOU,OKC,1,0.25097
22200774,2022-23,2023-02-01,MIN,GSW,1,0.42487
22200775,2022-23,2023-02-01,SAS,SAC,0,0.27511
22200776,2022-23,2023-02-01,UTA,TOR,1,0.6046
22200777,2022-23,2023-02-01,PHX,ATL,0,0.62905
22200778,2022-23,2023-02-02,IND,LAL,0,0.48421
22200779,2022-23,2023-02-02,CLE,MEM,1,0.61193
22200780,2022-23,2023-02-02,NYK,MIA,1,0.47838
22200781,2022-23,2023-02-02,CHI,CHA,1,0.65251
22200782,2022-23,2023-02-02,DAL,NOP,1,0.58069
22200783,2022-23,2023-02-02,DEN,GSW,1,0.74178
22200784,2022-23,2023-02-02,MIL,LAC,1,0.55561
22200785,2022-23,2023-02-03,DET,CHA,1,0.51599
22200786,2022-23,2023-02-03,IND,SAC,1,0.37156
22200787,2022-23,2023-02-03,WAS,POR,0,0.57897
22200788,2022-23,2023-02-03,BOS,PHX,0,0.73689
22200789,2022-23,2023-02-03,HOU,TOR,0,0.3075
22200790,2022-23,2023-02-03,MIN,ORL,0,0.57639
22200791,2022-23,2023-02-03,SAS,PHI,0,0.18033
22200792,2022-23,2023-02-03,UTA,ATL,0,0.52386
22200793,2022-23,2023-02-04,BKN,WAS,1,0.58871
22200794,2022-23,2023-02-04,DET,PHX,0,0.33816
22200795,2022-23,2023-02-04,NYK,LAC,0,0.46749
22200796,2022-23,2023-02-04,CHI,POR,1,0.58245
22200797,2022-23,2023-02-04,MIL,MIA,1,0.60431
22200798,2022-23,2023-02-04,NOP,LAL,1,0.53279
22200799,2022-23,2023-02-04,OKC,HOU,1,0.84774
22200800,2022-23,2023-02-04,GSW,DAL,1,0.59555
22200801,2022-23,2023-02-04,DEN,ATL,1,0.74207
22200802,2022-23,2023-02-05,CHA,ORL,0,0.47271
22200803,2022-23,2023-02-05,IND,CLE,0,0.35751
22200804,2022-23,2023-02-05,NYK,PHI,1,0.29521
22200805,2022-23,2023-02-05,MEM,TOR,0,0.64182
22200806,2022-23,2023-02-05,MIN,DEN,1,0.31499
22200807,2022-23,2023-02-05,NOP,SAC,1,0.43871
22200808,2022-23,2023-02-06,DET,BOS,0,0.16588
22200809,2022-23,2023-02-06,WAS,CLE,0,0.49698
22200810,2022-23,2023-02-06,BKN,LAC,0,0.40643
22200811,2022-23,2023-02-06,CHI,SAS,1,0.73198
22200812,2022-23,2023-02-06,HOU,SAC,0,0.36379
22200813,2022-23,2023-02-06,UTA,DAL,0,0.65176
22200814,2022-23,2023-02-06,GSW,OKC,1,0.60052
22200815,2022-23,2023-02-06,POR,MIL,0,0.45716
22200816,2022-23,2023-02-07,ORL,NYK,0,0.46751
22200817,2022-23,2023-02-07,BKN,PHX,0,0.32945
22200818,2022-23,2023-02-07,NOP,ATL,1,0.51399
22200819,2022-23,2023-02-07,MEM,CHI,1,0.66353
22200820,2022-23,2023-02-07,DEN,MIN,1,0.52968
22200821,2022-23,2023-02-07,LAL,OKC,0,0.60555
22200822,2022-23,2023-02-08,CLE,DET,1,0.84757
22200823,2022-23,2023-02-08,WAS,CHA,1,0.64359
22200824,2022-23,2023-02-08,BOS,PHI,1,0.49061
22200825,2022-23,2023-02-08,MIA,IND,1,0.65285
22200826,2022-23,2023-02-08,TOR,SAS,1,0.78468
22200827,2022-23,2023-02-08,HOU,SAC,0,0.27392
22200828,2022-23,2023-02-08,UTA,MIN,0,0.63818
22200829,2022-23,2023-02-08,LAC,DAL,0,0.6825
22200830,2022-23,2023-02-08,POR,GSW,1,0.49587
22200831,2022-23,2023-02-09,ORL,DEN,1,0.3165
22200832,2022-23,2023-02-09,ATL,PHX,1,0.50484
22200833,2022-23,2023-02-09,BKN,CHI,1,0.52664
22200834,2022-23,2023-02-09,LAL,MIL,0,0.43198
22200835,2022-23,2023-02-10,DET,SAS,1,0.58531
22200836,2022-23,2023-02-10,IND,PHX,0,0.5075
22200837,2022-23,2023-02-10,PHI,NYK,1,0.68058
22200838,2022-23,2023-02-10,BOS,CHA,1,0.80938
22200839,2022-23,2023-02-10,TOR,UTA,0,0.59732
22200840,2022-23,2023-02-10,MIA,HOU,1,0.80506
22200841,2022-23,2023-02-10,MEM,MIN,1,0.70538
22200842,2022-23,2023-02-10,NOP,CLE,0,0.54065
22200843,2022-23,2023-02-10,POR,OKC,0,0.45386
22200844,2022-23,2023-02-10,SAC,DAL,0,0.53028
22200845,2022-23,2023-02-10,LAC,MIL,0,0.60844
22200846,2022-23,2023-02-11,BKN,PHI,0,0.33663
22200847,2022-23,2023-02-11,CHA,DEN,0,0.18256
22200848,2022-23,2023-02-11,ORL,MIA,0,0.51866
22200849,2022-23,2023-02-11,WAS,IND,1,0.70199
22200850,2022-23,2023-02-11,ATL,SAS,1,0.87407
22200851,2022-23,2023-02-11,NYK,UTA,1,0.62483
22200852,2022-23,2023-02-11,CLE,CHI,1,0.65048
22200853,2022-23,2023-02-11,GSW,LAL,0,0.63286
22200854,2022-23,2023-02-11,SAC,DAL,1,0.52064
22200855,2022-23,2023-02-12,BOS,MEM,1,0.58861
22200856,2022-23,2023-02-12,TOR,DET,1,0.75298
22200857,2022-23,2023-02-13,CHA,ATL,1,0.3458
22200858,2022-23,2023-02-13,CLE,SAS,1,0.89118
22200859,2022-23,2023-02-13,IND,UTA,0,0.46129
22200860,2022-23,2023-02-13,PHI,HOU,1,0.87667
22200861,2022-23,2023-02-13,MIA,DEN,0,0.4788
22200862,2022-23,2023-02-13,NYK,BKN,1,0.63315
22200863,2022-23,2023-02-13,CHI,ORL,0,0.58112
22200864,2022-23,2023-02-13,OKC,NOP,0,0.5744
22200865,2022-23,2023-02-13,DAL,MIN,0,0.66307
22200866,2022-23,2023-02-13,GSW,WAS,1,0.54457
22200867,2022-23,2023-02-13,POR,LAL,1,0.56745
22200868,2022-23,2023-02-14,TOR,ORL,1,0.63799
22200869,2022-23,2023-02-14,MIL,BOS,1,0.51586
22200870,2022-23,2023-02-14,PHX,SAC,1,0.59901
22200871,2022-23,2023-02-14,LAC,GSW,1,0.62336
22200872,2022-23,2023-02-14,POR,WAS,0,0.46346
22200873,2022-23,2023-02-15,CHA,SAS,1,0.70656
22200874,2022-23,2023-02-15,IND,CHI,1,0.44702
22200875,2022-23,2023-02-15,PHI,CLE,1,0.57278
22200876,2022-23,2023-02-15,ATL,NYK,0,0.5011
22200877,2022-23,2023-02-15,BOS,DET,1,0.7511
22200878,2022-23,2023-02-15,BKN,MIA,1,0.50755
22200879,2022-23,2023-02-15,MEM,UTA,1,0.6822
22200880,2022-23,2023-02-15,OKC,HOU,1,0.80965
22200881,2022-23,2023-02-15,DEN,DAL,1,0.53959
22200882,2022-23,2023-02-15,LAL,NOP,1,0.44597
22200883,2022-23,2023-02-16,CHI,MIL,0,0.28691
22200884,2022-23,2023-02-16,MIN,WAS,0,0.54223
22200885,2022-23,2023-02-16,PHX,LAC,0,0.58383
22200886,2022-23,2023-02-23,CLE,DEN,0,0.6088
22200887,2022-23,2023-02-23,IND,BOS,0,0.31651
22200888,2022-23,2023-02-23,ORL,DET,1,0.74875
22200889,2022-23,2023-02-23,PHI,MEM,1,0.61927
22200890,2022-23,2023-02-23,TOR,NOP,1,0.55786
22200891,2022-23,2023-02-23,DAL,SAS,1,0.80695
22200892,2022-23,2023-02-23,UTA,OKC,1,0.4125
22200893,2022-23,2023-02-23,LAL,GSW,1,0.598
22200894,2022-23,2023-02-23,SAC,POR,1,0.68149
22200895,2022-23,2023-02-24,WAS,NYK,0,0.51254
22200896,2022-23,2023-02-24,ATL,CLE,1,0.49817
22200897,2022-23,2023-02-24,MIL,MIA,1,0.68486
22200898,2022-23,2023-02-24,MIN,CHA,0,0.69725
22200899,2022-23,2023-02-24,PHX,OKC,1,0.6722
22200900,2022-23,2023-02-24,CHI,BKN,1,0.4442
22200901,2022-23,2023-02-24,GSW,HOU,1,0.68253
22200902,2022-23,2023-02-24,LAC,SAC,0,0.68605
22200903,2022-23,2023-02-25,DET,TOR,0,0.29136
22200904,2022-23,2023-02-25,CHA,MIA,1,0.37415
22200905,2022-23,2023-02-25,ORL,IND,0,0.65881
22200906,2022-23,2023-02-25,NYK,NOP,1,0.59939
22200907,2022-23,2023-02-25,MEM,DEN,1,0.43551
22200908,2022-23,2023-02-25,PHI,BOS,0,0.54961
22200909,2022-23,2023-02-25,UTA,SAS,1,0.82351
22200910,2022-23,2023-02-26,MIL,PHX,1,0.65538
22200911,2022-23,2023-02-26,ATL,BKN,1,0.61553
22200912,2022-23,2023-02-26,CHI,WAS,1,0.50614
22200913,2022-23,2023-02-26,DAL,LAL,0,0.60513
22200914,2022-23,2023-02-26,CLE,TOR,1,0.74485
22200915,2022-23,2023-02-26,OKC,SAC,0,0.49117
22200916,2022-23,2023-02-26,GSW,MIN,1,0.51101
22200917,2022-23,2023-02-26,POR,HOU,1,0.6172
22200918,2022-23,2023-02-26,DEN,LAC,1,0.58393
22200919,2022-23,2023-02-27,CHA,DET,1,0.66393
22200920,2022-23,2023-02-27,PHI,MIA,0,0.71306
22200921,2022-23,2023-02-27,NYK,BOS,1,0.50908
22200922,2022-23,2023-02-27,NOP,ORL,0,0.59523
22200923,2022-23,2023-02-28,ATL,WAS,0,0.61898
22200924,2022-23,2023-02-28,BKN,MIL,0,0.33019
22200925,2022-23,2023-02-28,TOR,CHI,1,0.56745
22200926,2022-23,2023-02-28,HOU,DEN,0,0.10174
22200927,2022-23,2023-02-28,MEM,LAL,1,0.64589
22200928,2022-23,2023-02-28,OKC,SAC,0,0.45426
22200929,2022-23,2023-02-28,DAL,IND,0,0.71399
22200930,2022-23,2023-02-28,UTA,SAS,0,0.82155
22200931,2022-23,2023-02-28,GSW,POR,1,0.58644
22200932,2022-23,2023-02-28,LAC,MIN,0,0.66378
22200933,2022-23,2023-03-01,CHA,PHX,0,0.31536
22200934,2022-23,2023-03-01,DET,CHI,0,0.38347
22200935,2022-23,2023-03-01,BOS,CLE,1,0.56552
22200936,2022-23,2023-03-01,MIA,PHI,0,0.37797
22200937,2022-23,2023-03-01,NYK,BKN,1,0.8049
22200938,2022-23,2023-03-01,HOU,MEM,0,0.17372
22200939,2022-23,2023-03-01,MIL,ORL,1,0.7195
22200940,2022-23,2023-03-01,OKC,LAL,0,0.48424
22200941,2022-23,2023-03-01,POR,NOP,0,0.39068
22200942,2022-23,2023-03-02,WAS,TOR,1,0.44025
22200943,2022-23,2023-03-02,DAL,PHI,1,0.60895
22200944,2022-23,2023-03-02,SAS,IND,1,0.32901
22200945,2022-23,2023-03-02,GSW,LAC,1,0.4824
22200946,2022-23,2023-03-03,CHA,ORL,0,0.40881
22200947,2022-23,2023-03-03,ATL,POR,1,0.69181
22200948,2022-23,2023-03-03,BOS,BKN,0,0.76591
22200949,2022-23,2023-03-03,MIA,NYK,0,0.36025
22200950,2022-23,2023-03-03,CHI,PHX,0,0.40323
22200951,2022-23,2023-03-03,OKC,UTA,1,0.47691
22200952,2022-23,2023-03-03,DEN,MEM,1,0.70231
22200953,2022-23,2023-03-03,GSW,NOP,1,0.51322
22200954,2022-23,2023-03-03,SAC,LAC,1,0.60867
22200955,2022-23,2023-03-03,LAL,MIN,0,0.50122
22200956,2022-23,2023-03-04,WAS,TOR,0,0.51696
22200957,2022-23,2023-03-04,CLE,DET,1,0.88493
22200958,2022-23,2023-03-04,MIA,ATL,1,0.50449
22200959,2022-23,2023-03-04,SAS,HOU,0,0.5051
22200960,2022-23,2023-03-04,MIL,PHI,0,0.55755
22200961,2022-23,2023-03-04,SAC,MIN,0,0.62008
22200962,2022-23,2023-03-05,DAL,PHX,0,0.53326
22200963,2022-23,2023-03-05,CHI,IND,0,0.62589
22200964,2022-23,2023-03-05,LAL,GSW,1,0.5128
22200965,2022-23,2023-03-05,BKN,CHA,1,0.72053
22200966,2022-23,2023-03-05,ORL,POR,0,0.65856
22200967,2022-23,2023-03-05,HOU,SAS,1,0.61251
22200968,2022-23,2023-03-05,OKC,UTA,1,0.54681
22200969,2022-23,2023-03-05,BOS,NYK,0,0.56858
22200970,2022-23,2023-03-05,LAC,MEM,1,0.38421
22200973,2022-23,2023-03-05,WAS,MIL,0,0.34224
22200971,2022-23,2023-03-06,CLE,BOS,1,0.62918
22200972,2022-23,2023-03-06,IND,PHI,0,0.21455
22200974,2022-23,2023-03-06,MIA,ATL,1,0.53013
22200975,2022-23,2023-03-06,DEN,TOR,1,0.75943
22200976,2022-23,2023-03-06,SAC,NOP,1,0.63046
22200977,2022-23,2023-03-06,DET,POR,0,0.44419
22200769,2022-23,2023-03-07,DET,WAS,0,0.23824
22200978,2022-23,2023-03-07,ORL,MIL,0,0.27743
22200979,2022-23,2023-03-07,NYK,CHA,0,0.82295
22200980,2022-23,2023-03-07,MIN,PHI,0,0.42508
22200981,2022-23,2023-03-07,HOU,BKN,0,0.30124
22200982,2022-23,2023-03-07,OKC,GSW,1,0.42979
22200983,2022-23,2023-03-07,DAL,UTA,1,0.74465
22200984,2022-23,2023-03-07,LAL,MEM,1,0.46583
22200985,2022-23,2023-03-08,WAS,ATL,0,0.48447
22200986,2022-23,2023-03-08,BOS,POR,1,0.74048
22200987,2022-23,2023-03-08,MIA,CLE,0,0.34784
22200988,2022-23,2023-03-08,NOP,DAL,1,0.41855
22200989,2022-23,2023-03-08,DEN,CHI,0,0.80759
22200990,2022-23,2023-03-08,PHX,OKC,1,0.75652
22200991,2022-23,2023-03-08,LAC,TOR,1,0.55773
22200992,2022-23,2023-03-09,DET,CHA,0,0.38333
22200993,2022-23,2023-03-09,IND,HOU,1,0.72434
22200994,2022-23,2023-03-09,ORL,UTA,0,0.54885
22200995,2022-23,2023-03-09,MIL,BKN,1,0.67295
22200996,2022-23,2023-03-09,MEM,GSW,1,0.47417
22200997,2022-23,2023-03-09,SAC,NYK,1,0.45098
22200998,2022-23,2023-03-10,PHI,POR,1,0.79824
22200999,2022-23,2023-03-10,WAS,ATL,0,0.56406
22201000,2022-23,2023-03-10,MIA,CLE,1,0.35805
22201001,2022-23,2023-03-10,MIN,BKN,0,0.63777
22201002,2022-23,2023-03-10,SAS,DEN,1,0.1
22201003,2022-23,2023-03-10,LAL,TOR,1,0.5036
22201004,2022-23,2023-03-11,LAC,NYK,1,0.46201
22201005,2022-23,2023-03-11,CHA,UTA,0,0.47306
22201006,2022-23,2023-03-11,DET,IND,0,0.3011
22201007,2022-23,2023-03-11,ORL,MIA,1,0.51908
22201008,2022-23,2023-03-11,ATL,BOS,0,0.33015
22201009,2022-23,2023-03-11,HOU,CHI,0,0.26052
22201010,2022-23,2023-03-11,MEM,DAL,1,0.47606
22201011,2022-23,2023-03-11,NOP,OKC,0,0.55413
22201012,2022-23,2023-03-11,GSW,MIL,1,0.47163
22201013,2022-23,2023-03-11,PHX,SAC,0,0.65284
22201014,2022-23,2023-03-12,DEN,BKN,0,0.75419
22201015,2022-23,2023-03-12,CHA,CLE,0,0.23312
22201016,2022-23,2023-03-12,PHI,WAS,1,0.74747
22201017,2022-23,2023-03-12,NOP,POR,1,0.44793
22201018,2022-23,2023-03-12,SAS,OKC,0,0.29343
22201019,2022-23,2023-03-12,LAL,NYK,0,0.50042
22201020,2022-23,2023-03-13,DET,IND,1,0.36514
22201021,2022-23,2023-03-13,ATL,MIN,0,0.54577
22201022,2022-23,2023-03-13,MIA,UTA,1,0.66079
22201023,2022-23,2023-03-13,DAL,MEM,0,0.45066
22201024,2022-23,2023-03-13,HOU,BOS,1,0.18406
22201025,2022-23,2023-03-13,GSW,PHX,1,0.53493
22201026,2022-23,2023-03-13,SAC,MIL,0,0.44226
22201027,2022-23,2023-03-14,CHA,CLE,0,0.23384
22201028,2022-23,2023-03-14,WAS,DET,1,0.85166
22201029,2022-23,2023-03-14,TOR,DEN,1,0.3843
22201030,2022-23,2023-03-14,NOP,LAL,0,0.49276
22201031,2022-23,2023-03-14,OKC,BKN,1,0.51599
22201032,2022-23,2023-03-14,SAS,ORL,1,0.24799
22201033,2022-23,2023-03-14,PHX,MIL,0,0.40286
22201034,2022-23,2023-03-14,POR,NYK,0,0.28734
22201035,2022-23,2023-03-15,CLE,PHI,0,0.36297
22201036,2022-23,2023-03-15,MIA,MEM,1,0.53623
22201037,2022-23,2023-03-15,CHI,SAC,0,0.55461
22201038,2022-23,2023-03-15,HOU,LAL,1,0.31839
22201039,2022-23,2023-03-15,MIN,BOS,0,0.43006
22201040,2022-23,2023-03-15,SAS,DAL,0,0.30987
22201041,2022-23,2023-03-15,LAC,GSW,1,0.52205
22201042,2022-23,2023-03-16,DET,DEN,0,0.10988
22201043,2022-23,2023-03-16,BKN,SAC,0,0.57274
22201044,2022-23,2023-03-16,TOR,OKC,1,0.55507
22201045,2022-23,2023-03-16,MIL,IND,0,0.86152
22201046,2022-23,2023-03-16,PHX,ORL,1,0.67773
22201047,2022-23,2023-03-17,CHA,PHI,0,0.18179
22201048,2022-23,2023-03-17,ATL,GSW,1,0.49137
22201049,2022-23,2023-03-17,CLE,WAS,1,0.66862
22201050,2022-23,2023-03-17,CHI,MIN,1,0.53003
22201051,2022-23,2023-03-17,HOU,NOP,1,0.30237
22201052,2022-23,2023-03-17,SAS,MEM,0,0.2243
22201053,2022-23,2023-03-17,POR,BOS,0,0.31619
22201054,2022-23,2023-03-17,LAL,DAL,0,0.64312
22201055,2022-23,2023-03-18,NYK,DEN,1,0.45425
22201056,2022-23,2023-03-18,LAC,ORL,0,0.68337
22201057,2022-23,2023-03-18,IND,PHI,0,0.25376
22201058,2022-23,2023-03-18,TOR,MIN,1,0.67925
22201059,2022-23,2023-03-18,WAS,SAC,0,0.43363
22201060,2022-23,2023-03-18,CHI,MIA,1,0.45893
22201061,2022-23,2023-03-18,MEM,GSW,1,0.5509
22201062,2022-23,2023-03-18,UTA,BOS,1,0.43641
22201063,2022-23,2023-03-19,BKN,DEN,0,0.40801
22201064,2022-23,2023-03-19,OKC,PHX,1,0.52383
22201065,2022-23,2023-03-19,SAS,ATL,1,0.2773
22201066,2022-23,2023-03-19,DET,MIA,0,0.25953
22201067,2022-23,2023-03-19,HOU,NOP,0,0.33733
22201068,2022-23,2023-03-19,MIL,TOR,1,0.71875
22201069,2022-23,2023-03-19,POR,LAC,0,0.42631
22201070,2022-23,2023-03-19,LAL,ORL,1,0.66203
22201071,2022-23,2023-03-20,CHA,IND,1,0.52622
22201072,2022-23,2023-03-20,PHI,CHI,0,0.68182
22201073,2022-23,2023-03-20,NYK,MIN,0,0.74804
22201074,2022-23,2023-03-20,HOU,GSW,0,0.20354
22201075,2022-23,2023-03-20,MEM,DAL,1,0.56301
22201076,2022-23,2023-03-20,UTA,SAC,1,0.43468
22201077,2022-23,2023-03-21,ORL,WAS,1,0.51575
22201078,2022-23,2023-03-21,ATL,DET,1,0.8384
22201079,2022-23,2023-03-21,BKN,CLE,0,0.37137
22201080,2022-23,2023-03-21,NOP,SAS,1,0.78104
22201081,2022-23,2023-03-21,SAC,BOS,0,0.38899
22201082,2022-23,2023-03-21,LAC,OKC,0,0.56485
22201083,2022-23,2023-03-22,WAS,DEN,0,0.24708
22201084,2022-23,2023-03-22,MIA,NYK,1,0.45389
22201085,2022-23,2023-03-22,TOR,IND,0,0.78094
22201086,2022-23,2023-03-22,DAL,GSW,0,0.4966
22201087,2022-23,2023-03-22,CHI,PHI,0,0.35417
22201088,2022-23,2023-03-22,MEM,HOU,1,0.83245
22201089,2022-23,2023-03-22,MIL,SAS,1,0.94188
22201090,2022-23,2023-03-22,MIN,ATL,1,0.62354
22201091,2022-23,2023-03-22,UTA,POR,0,0.57763
22201092,2022-23,2023-03-22,LAL,PHX,1,0.50193
22201093,2022-23,2023-03-23,ORL,NYK,1,0.42474
22201094,2022-23,2023-03-23,BKN,CLE,0,0.34367
22201095,2022-23,2023-03-23,NOP,CHA,1,0.70477
22201096,2022-23,2023-03-23,LAC,OKC,1,0.5861
22201097,2022-23,2023-03-24,BOS,IND,1,0.85365
22201098,2022-23,2023-03-24,WAS,SAS,1,0.7532
22201099,2022-23,2023-03-24,TOR,DET,1,0.85726
22201100,2022-23,2023-03-24,MEM,HOU,1,0.85597
22201101,2022-23,2023-03-24,DAL,CHA,0,0.78818
22201102,2022-23,2023-03-24,UTA,MIL,0,0.2564
22201103,2022-23,2023-03-24,GSW,PHI,1,0.4154
22201104,2022-23,2023-03-24,POR,CHI,0,0.35601
22201105,2022-23,2023-03-24,SAC,PHX,1,0.56822
22201106,2022-23,2023-03-24,LAL,OKC,1,0.58998
22201107,2022-23,2023-03-25,ATL,IND,1,0.66774
22201108,2022-23,2023-03-25,MIA,BKN,0,0.6258
22201109,2022-23,2023-03-25,DEN,MIL,1,0.6529
22201110,2022-23,2023-03-25,PHX,PHI,1,0.40423
22201111,2022-23,2023-03-25,SAC,UTA,1,0.76032
22201112,2022-23,2023-03-25,LAC,NOP,0,0.60744
22201113,2022-23,2023-03-26,CHA,DAL,1,0.31195
22201114,2022-23,2023-03-26,LAL,CHI,0,0.54606
22201115,2022-23,2023-03-26,ATL,MEM,0,0.31949
22201116,2022-23,2023-03-26,BOS,SAS,1,0.91176
22201117,2022-23,2023-03-26,CLE,HOU,1,0.89888
22201118,2022-23,2023-03-26,ORL,BKN,1,0.57074
22201119,2022-23,2023-03-26,TOR,WAS,1,0.66121
22201120,2022-23,2023-03-26,POR,OKC,0,0.25041
22201121,2022-23,2023-03-26,GSW,MIN,0,0.55758
22201122,2022-23,2023-03-27,DET,MIL,0,0.0823
22201123,2022-23,2023-03-27,IND,DAL,0,0.40963
22201124,2022-23,2023-03-27,NYK,HOU,1,0.8805
22201125,2022-23,2023-03-27,UTA,PHX,0,0.32045
22201126,2022-23,2023-03-27,DEN,PHI,1,0.64806
22201127,2022-23,2023-03-27,POR,NOP,0,0.2078
22201128,2022-23,2023-03-27,SAC,MIN,0,0.53364
22201129,2022-23,2023-03-27,LAC,CHI,1,0.57737
22201130,2022-23,2023-03-28,WAS,BOS,1,0.28068
22201131,2022-23,2023-03-28,ATL,CLE,1,0.32023
22201132,2022-23,2023-03-28,TOR,MIA,1,0.56715
22201133,2022-23,2023-03-28,MEM,ORL,1,0.73397
22201134,2022-23,2023-03-28,OKC,CHA,0,0.73025
22201135,2022-23,2023-03-28,GSW,NOP,1,0.66745
22201136,2022-23,2023-03-29,IND,MIL,0,0.25785
22201137,2022-23,2023-03-29,BKN,HOU,1,0.79772
22201138,2022-23,2023-03-29,NYK,MIA,1,0.71276
22201139,2022-23,2023-03-29,PHI,DAL,1,0.51319
22201140,2022-23,2023-03-29,CHI,LAL,0,0.44828
22201141,2022-23,2023-03-29,MEM,LAC,0,0.58576
22201142,2022-23,2023-03-29,OKC,DET,1,0.8195
22201143,2022-23,2023-03-29,SAS,UTA,0,0.37134
22201144,2022-23,2023-03-29,PHX,MIN,1,0.50512
22201145,2022-23,2023-03-29,POR,SAC,0,0.20022
22201146,2022-23,2023-03-30,MIL,BOS,0,0.50957
22201147,2022-23,2023-03-30,DEN,NOP,0,0.76939
22201148,2022-23,2023-03-31,CHA,CHI,0,0.31465
22201149,2022-23,2023-03-31,IND,OKC,1,0.40533
22201150,2022-23,2023-03-31,PHI,TOR,1,0.67543
22201151,2022-23,2023-03-31,WAS,ORL,0,0.49611
22201152,2022-23,2023-03-31,BOS,UTA,1,0.85185
22201153,2022-23,2023-03-31,BKN,ATL,1,0.58385
22201154,2022-23,2023-03-31,CLE,NYK,0,0.62043
22201155,2022-23,2023-03-31,HOU,DET,1,0.6899
22201156,2022-23,2023-03-31,MEM,LAC,1,0.59485
22201157,2022-23,2023-03-31,MIN,LAL,0,0.53198
22201158,2022-23,2023-03-31,GSW,SAS,1,0.88915
22201159,2022-23,2023-03-31,POR,SAC,0,0.19693
22201160,2022-23,2023-03-31,PHX,DEN,1,0.68262
22201161,2022-23,2023-04-01,MIA,DAL,1,0.48469
22201162,2022-23,2023-04-01,NOP,LAC,1,0.63024
22201163,2022-23,2023-04-02,CHA,TOR,0,0.25155
22201164,2022-23,2023-04-02,BKN,UTA,1,0.7838
22201165,2022-23,2023-04-02,CHI,MEM,1,0.43713
22201166,2022-23,2023-04-02,MIN,POR,0,0.89905
22201167,2022-23,2023-04-02,ATL,DAL,1,0.5162
22201168,2022-23,2023-04-02,NYK,WAS,1,0.7819
22201169,2022-23,2023-04-02,ORL,DET,1,0.85634
22201170,2022-23,2023-04-02,SAC,SAS,0,0.8711
22201171,2022-23,2023-04-02,HOU,LAL,0,0.1753
22201172,2022-23,2023-04-02,OKC,PHX,0,0.43735
22201173,2022-23,2023-04-02,CLE,IND,1,0.82814
22201174,2022-23,2023-04-02,MIL,PHI,1,0.5769
22201175,2022-23,2023-04-02,DEN,GSW,1,0.32055
22201176,2022-23,2023-04-04,CHA,TOR,0,0.21895
22201177,2022-23,2023-04-04,DET,MIA,0,0.16751
22201178,2022-23,2023-04-04,ORL,CLE,0,0.31657
22201179,2022-23,2023-04-04,WAS,MIL,0,0.18045
22201180,2022-23,2023-04-04,BKN,MIN,0,0.51143
22201181,2022-23,2023-04-04,PHI,BOS,1,0.58388
22201182,2022-23,2023-04-04,CHI,ATL,0,0.63965
22201183,2022-23,2023-04-04,HOU,DEN,1,0.26002
22201184,2022-23,2023-04-04,MEM,POR,1,0.91352
22201185,2022-23,2023-04-04,NOP,SAC,0,0.57919
22201186,2022-23,2023-04-04,UTA,LAL,0,0.27497
22201187,2022-23,2023-04-04,GSW,OKC,1,0.6075
22201188,2022-23,2023-04-04,PHX,SAS,1,0.90295
22201189,2022-23,2023-04-05,DET,BKN,0,0.14737
22201190,2022-23,2023-04-05,IND,NYK,0,0.23956
22201191,2022-23,2023-04-05,ATL,WAS,1,0.72717
22201192,2022-23,2023-04-05,BOS,TOR,1,0.62827
22201193,2022-23,2023-04-05,MIL,CHI,1,0.68126
22201194,2022-23,2023-04-05,NOP,MEM,1,0.42527
22201195,2022-23,2023-04-05,DAL,SAC,1,0.63879
22201196,2022-23,2023-04-05,LAC,LAL,1,0.48414
22201197,2022-23,2023-04-06,ORL,CLE,0,0.30139
22201198,2022-23,2023-04-06,PHI,MIA,0,0.72979
22201199,2022-23,2023-04-06,SAS,POR,1,0.59297
22201200,2022-23,2023-04-06,UTA,OKC,0,0.31737
22201201,2022-23,2023-04-06,PHX,DEN,1,0.56678
22201202,2022-23,2023-04-07,CHA,HOU,0,0.50279
22201203,2022-23,2023-04-07,IND,DET,0,0.77012
22201204,2022-23,2023-04-07,WAS,MIA,1,0.31664
22201205,2022-23,2023-04-07,ATL,PHI,0,0.42146
22201206,2022-23,2023-04-07,BOS,TOR,1,0.61627
22201207,2022-23,2023-04-07,BKN,ORL,1,0.76836
22201208,2022-23,2023-04-07,MIL,MEM,0,0.64268
22201209,2022-23,2023-04-07,NOP,NYK,1,0.45094
22201210,2022-23,2023-04-07,DAL,CHI,0,0.61089
22201211,2022-23,2023-04-07,SAC,GSW,0,0.49428
22201212,2022-23,2023-04-07,LAL,PHX,1,0.58674
22201213,2022-23,2023-04-08,UTA,DEN,1,0.49164
22201214,2022-23,2023-04-08,SAS,MIN,0,0.18309
22201215,2022-23,2023-04-08,LAC,POR,1,0.86922
22201216,2022-23,2023-04-09,BOS,ATL,1,0.75068
22201217,2022-23,2023-04-09,BKN,PHI,0,0.63114
22201218,2022-23,2023-04-09,CLE,CHA,0,0.82421
22201219,2022-23,2023-04-09,MIA,ORL,1,0.5636
22201220,2022-23,2023-04-09,NYK,IND,0,0.80757
22201221,2022-23,2023-04-09,TOR,MIL,1,0.64986
22201222,2022-23,2023-04-09,WAS,HOU,0,0.58292
22201223,2022-23,2023-04-09,CHI,DET,1,0.89025
22201224,2022-23,2023-04-09,DAL,SAS,0,0.82429
22201225,2022-23,2023-04-09,MIN,NOP,1,0.53709
22201226,2022-23,2023-04-09,OKC,MEM,1,0.45574
22201227,2022-23,2023-04-09,DEN,SAC,1,0.68375
22201228,2022-23,2023-04-09,LAL,UTA,1,0.91538
22201229,2022-23,2023-04-09,PHX,LAC,0,0.62485
22201230,2022-23,2023-04-09,POR,GSW,0,0.09937
52200101,2022-23,2023-04-11,MIA,ATL,0,0.69782
52200121,2022-23,2023-04-11,LAL,MIN,1,0.66631
52200111,2022-23,2023-04-12,TOR,CHI,0,0.50677
52200131,2022-23,2023-04-12,NOP,OKC,0,0.70805
52200201,2022-23,2023-04-14,MIA,CHI,1,0.61816
52200211,2022-23,2023-04-14,MIN,OKC,1,0.64434
42200111,2022-23,2023-04-15,BOS,ATL,1,0.68379
42200121,2022-23,2023-04-15,PHI,BKN,1,0.61015
42200131,2022-23,2023-04-15,CLE,NYK,0,0.56192
42200161,2022-23,2023-04-15,SAC,GSW,1,0.50036
42200101,2022-23,2023-04-16,MIL,MIA,0,0.46381
42200141,2022-23,2023-04-16,DEN,MIN,1,0.33736
42200151,2022-23,2023-04-16,MEM,LAL,0,0.30425
42200171,2022-23,2023-04-16,PHX,LAC,0,0.54317
42200122,2022-23,2023-04-17,PHI,BKN,1,0.78095
42200162,2022-23,2023-04-17,SAC,GSW,1,0.43961
42200112,2022-23,2023-04-18,BOS,ATL,1,0.79149
42200132,2022-23,2023-04-18,CLE,NYK,1,0.64464
42200172,2022-23,2023-04-18,PHX,LAC,1,0.72769
42200102,2022-23,2023-04-19,MIL,MIA,1,0.69969
42200142,2022-23,2023-04-19,DEN,MIN,1,0.68297
42200152,2022-23,2023-04-19,MEM,LAL,1,0.50377
42200123,2022-23,2023-04-20,BKN,PHI,0,0.367
42200163,2022-23,2023-04-20,GSW,SAC,1,0.71431
42200173,2022-23,2023-04-20,LAC,PHX,0,0.43713
42200113,2022-23,2023-04-21,ATL,BOS,1,0.35781
42200133,2022-23,2023-04-21,NYK,CLE,1,0.53228
42200143,2022-23,2023-04-21,MIN,DEN,0,0.46452
42200103,2022-23,2023-04-22,MIA,MIL,1,0.47791
42200124,2022-23,2023-04-22,BKN,PHI,0,0.36958
42200153,2022-23,2023-04-22,LAL,MEM,1,0.702
42200174,2022-23,2023-04-22,LAC,PHX,0,0.41195
42200114,2022-23,2023-04-23,ATL,BOS,0,0.38832
42200134,2022-23,2023-04-23,NYK,CLE,1,0.55729
42200144,2022-23,2023-04-23,MIN,DEN,1,0.44092
42200164,2022-23,2023-04-23,GSW,SAC,1,0.6931
42200104,2022-23,2023-04-24,MIA,MIL,1,0.5277
42200154,2022-23,2023-04-24,LAL,MEM,1,0.66821
42200115,2022-23,2023-04-25,BOS,ATL,0,0.808
42200145,2022-23,2023-04-25,DEN,MIN,1,0.71239
42200175,2022-23,2023-04-25,PHX,LAC,1,0.77441
42200105,2022-23,2023-04-26,MIL,MIA,0,0.72823
42200135,2022-23,2023-04-26,CLE,NYK,0,0.62648
42200155,2022-23,2023-04-26,MEM,LAL,1,0.49848
42200165,2022-23,2023-04-26,SAC,GSW,0,0.4238
42200116,2022-23,2023-04-27,ATL,BOS,0,0.36435
42200156,2022-23,2023-04-28,LAL,MEM,1,0.6634
42200166,2022-23,2023-04-28,GSW,SAC,0,0.75372
42200221,2022-23,2023-04-29,DEN,PHX,1,0.62425
42200167,2022-23,2023-04-30,SAC,GSW,0,0.46954
42200201,2022-23,2023-04-30,NYK,MIA,0,0.71008
42200211,2022-23,2023-05-01,BOS,PHI,0,0.67905
42200222,2022-23,2023-05-01,DEN,PHX,1,0.62001
42200202,2022-23,2023-05-02,NYK,MIA,1,0.68747
42200231,2022-23,2023-05-02,GSW,LAL,0,0.54055
42200212,2022-23,2023-05-03,BOS,PHI,1,0.69092
42200232,2022-23,2023-05-04,GSW,LAL,1,0.54114
42200213,2022-23,2023-05-05,PHI,BOS,0,0.56459
42200223,2022-23,2023-05-05,PHX,DEN,1,0.55274
42200203,2022-23,2023-05-06,MIA,NYK,1,0.40904
42200233,2022-23,2023-05-06,LAL,GSW,1,0.59292
42200214,2022-23,2023-05-07,PHI,BOS,1,0.55163
42200224,2022-23,2023-05-07,PHX,DEN,1,0.53615
42200204,2022-23,2023-05-08,MIA,NYK,1,0.50183
42200234,2022-23,2023-05-08,LAL,GSW,1,0.6294
42200215,2022-23,2023-05-09,BOS,PHI,0,0.62498
42200225,2022-23,2023-05-09,DEN,PHX,1,0.66364
42200205,2022-23,2023-05-10,NYK,MIA,1,0.64441
42200235,2022-23,2023-05-10,GSW,LAL,1,0.55439
42200216,2022-23,2023-05-11,PHI,BOS,0,0.58675
42200226,2022-23,2023-05-11,PHX,DEN,0,0.49155
42200206,2022-23,2023-05-12,MIA,NYK,1,0.54783
42200236,2022-23,2023-05-12,LAL,GSW,1,0.62041
42200217,2022-23,2023-05-14,BOS,PHI,1,0.59774
42200311,2022-23,2023-05-16,DEN,LAL,1,0.63143
42200301,2022-23,2023-05-17,BOS,MIA,0,0.77128
42200312,2022-23,2023-05-18,DEN,LAL,1,0.64304
42200302,2022-23,2023-05-19,BOS,MIA,0,0.74923
42200313,2022-23,2023-05-20,LAL,DEN,0,0.52107
42200303,2022-23,2023-05-21,MIA,BOS,1,0.44739
42200314,2022-23,2023-05-22,LAL,DEN,0,0.49661
42200304,2022-23,2023-05-23,MIA,BOS,0,0.49259
42200305,2022-23,2023-05-25,BOS,MIA,1,0.714
42200306,2022-23,2023-05-27,MIA,BOS,0,0.43929
42200307,2022-23,2023-05-29,BOS,MIA,0,0.72067
42200401,2022-23,2023-06-01,DEN,MIA,1,0.78128
42200402,2022-23,2023-06-04,DEN,MIA,0,0.79506
42200403,2022-23,2023-06-07,MIA,DEN,0,0.40135
42200404,2022-23,2023-06-09,MIA,DEN,0,0.37903
42200405,2022-23,2023-06-12,DEN,MIA,1,0.78769
22300061,2023-24,2023-10-24,DEN,LAL,1,0.54325
22300062,2023-24,2023-10-24,GSW,PHX,0,0.54592
22300063,2023-24,2023-10-25,CHA,ATL,1,0.53679
22300064,2023-24,2023-10-25,IND,WAS,1,0.54317
22300065,2023-24,2023-10-25,NYK,BOS,0,0.54389
22300066,2023-24,2023-10-25,ORL,HOU,1,0.61431
22300067,2023-24,2023-10-25,BKN,CLE,0,0.53393
22300068,2023-24,2023-10-25,MIA,DET,1,0.68708
22300069,2023-24,2023-10-25,TOR,MIN,1,0.56566
22300070,2023-24,2023-10-25,CHI,OKC,0,0.57302
22300071,2023-24,2023-10-25,MEM,NOP,0,0.5545
22300072,2023-24,2023-10-25,UTA,SAC,0,0.53204
22300073,2023-24,2023-10-25,SAS,DAL,0,0.51451
22300074,2023-24,2023-10-25,LAC,POR,1,0.64567
22300075,2023-24,2023-10-26,MIL,PHI,1,0.53688
22300076,2023-24,2023-10-26,LAL,PHX,1,0.52496
22300077,2023-24,2023-10-27,CHA,DET,0,0.65419
22300078,2023-24,2023-10-27,MEM,DEN,0,0.32922
22300079,2023-24,2023-10-27,ATL,NYK,0,0.50336
22300080,2023-24,2023-10-27,BOS,MIA,1,0.68466
22300081,2023-24,2023-10-27,CLE,OKC,0,0.55152
22300082,2023-24,2023-10-27,CHI,TOR,1,0.45806
22300083,2023-24,2023-10-27,SAS,HOU,1,0.60561
22300084,2023-24,2023-10-27,DAL,BKN,1,0.61147
22300085,2023-24,2023-10-27,UTA,LAC,1,0.44563
22300086,2023-24,2023-10-27,POR,ORL,0,0.47224
22300087,2023-24,2023-10-27,SAC,GSW,0,0.46821
22300088,2023-24,2023-10-28,DET,CHI,1,0.48418
22300089,2023-24,2023-10-28,WAS,MEM,1,0.53634
22300090,2023-24,2023-10-28,NOP,NYK,1,0.65129
22300091,2023-24,2023-10-28,CLE,IND,0,0.52688
22300092,2023-24,2023-10-28,TOR,PHI,0,0.45388
22300093,2023-24,2023-10-28,MIN,MIA,1,0.60138
22300094,2023-24,2023-10-28,PHX,UTA,1,0.70191
22300095,2023-24,2023-10-29,OKC,DEN,0,0.38838
22300096,2023-24,2023-10-29,HOU,GSW,0,0.30243
22300097,2023-24,2023-10-29,MIL,ATL,0,0.72356
22300098,2023-24,2023-10-29,PHI,POR,1,0.71084
22300099,2023-24,2023-10-29,LAC,SAS,1,0.72997
22300100,2023-24,2023-10-29,SAC,LAL,1,0.45296
22300101,2023-24,2023-10-30,CHA,BKN,0,0.54111
22300102,2023-24,2023-10-30,IND,CHI,0,0.59594
22300103,2023-24,2023-10-30,WAS,BOS,0,0.25711
22300104,2023-24,2023-10-30,ATL,MIN,1,0.45365
22300105,2023-24,2023-10-30,TOR,POR,0,0.76093
22300106,2023-24,2023-10-30,MEM,DAL,0,0.45591
22300107,2023-24,2023-10-30,MIL,MIA,1,0.53982
22300108,2023-24,2023-10-30,NOP,GSW,0,0.59121
22300109,2023-24,2023-10-30,OKC,DET,1,0.63124
22300110,2023-24,2023-10-30,DEN,UTA,1,0.75846
22300111,2023-24,2023-10-30,LAL,ORL,1,0.60964
22300112,2023-24,2023-10-31,CLE,NYK,0,0.42732
22300113,2023-24,2023-10-31,PHX,SAS,0,0.74447
22300114,2023-24,2023-10-31,LAC,ORL,1,0.72581
22300115,2023-24,2023-11-01,DET,POR,0,0.6005
22300116,2023-24,2023-11-01,TOR,MIL,1,0.47909
22300117,2023-24,2023-11-01,ATL,WAS,1,0.7004
22300118,2023-24,2023-11-01,BOS,IND,1,0.79644
22300119,2023-24,2023-11-01,MIA,BKN,0,0.62548
22300120,2023-24,2023-11-01,NYK,CLE,0,0.69344
22300121,2023-24,2023-11-01,OKC,NOP,0,0.59301
22300122,2023-24,2023-11-01,HOU,CHA,1,0.5102
22300123,2023-24,2023-11-01,MIN,DEN,1,0.37426
22300124,2023-24,2023-11-01,DAL,CHI,1,0.63445
22300125,2023-24,2023-11-01,UTA,MEM,1,0.5621
22300126,2023-24,2023-11-01,GSW,SAC,1,0.6354
22300127,2023-24,2023-11-01,LAL,LAC,1,0.65139
22300128,2023-24,2023-11-02,PHI,TOR,1,0.69211
22300129,2023-24,2023-11-02,NOP,DET,1,0.73025
22300130,2023-24,2023-11-02,UTA,ORL,0,0.50085
22300131,2023-24,2023-11-02,PHX,SAS,0,0.71739
22300001,2023-24,2023-11-03,IND,CLE,1,0.51553
22300002,2023-24,2023-11-03,MIL,NYK,1,0.54352
22300003,2023-24,2023-11-03,MIA,WAS,1,0.67583
22300004,2023-24,2023-11-03,CHI,BKN,0,0.58996
22300005,2023-24,2023-11-03,OKC,GSW,0,0.45315
22300006,2023-24,2023-11-03,DEN,DAL,1,0.71987
22300007,2023-24,2023-11-03,POR,MEM,1,0.48876
22300132,2023-24,2023-11-04,PHI,PHX,1,0.58433
22300133,2023-24,2023-11-04,IND,CHA,0,0.54228
22300134,2023-24,2023-11-04,ORL,LAL,1,0.38958
22300135,2023-24,2023-11-04,NOP,ATL,0,0.46159
22300136,2023-24,2023-11-04,BKN,BOS,0,0.22136
22300137,2023-24,2023-11-04,HOU,SAC,1,0.42589
22300138,2023-24,2023-11-04,MIN,UTA,1,0.68196
22300139,2023-24,2023-11-04,DEN,CHI,1,0.78985
22300140,2023-24,2023-11-05,DET,PHX,0,0.41515
22300141,2023-24,2023-11-05,SAS,TOR,0,0.45742
22300142,2023-24,2023-11-05,CLE,GSW,1,0.46139
22300143,2023-24,2023-11-05,DAL,CHA,1,0.7864
22300144,2023-24,2023-11-05,POR,MEM,0,0.49606
22300145,2023-24,2023-11-06,DET,GSW,0,0.25427
22300146,2023-24,2023-11-06,IND,SAS,1,0.65649
22300147,2023-24,2023-11-06,ORL,DAL,0,0.48897
22300148,2023-24,2023-11-06,PHI,WAS,1,0.75957
22300149,2023-24,2023-11-06,BKN,MIL,0,0.38614
22300150,2023-24,2023-11-06,MIA,LAL,1,0.50277
22300151,2023-24,2023-11-06,NYK,LAC,1,0.54132
22300152,2023-24,2023-11-06,CHI,UTA,1,0.54763
22300153,2023-24,2023-11-06,HOU,SAC,1,0.49759
22300154,2023-24,2023-11-06,MIN,BOS,1,0.43694
22300155,2023-24,2023-11-06,OKC,ATL,1,0.45919
22300156,2023-24,2023-11-06,DEN,NOP,1,0.71153
22300157,2023-24,2023-11-08,CHA,WAS,0,0.56793
22300158,2023-24,2023-11-08,IND,UTA,1,0.59563
22300159,2023-24,2023-11-08,PHI,BOS,1,0.51671
22300160,2023-24,2023-11-08,BKN,LAC,1,0.35805
22300161,2023-24,2023-11-08,NYK,SAS,1,0.7338
22300162,2023-24,2023-11-08,CHI,PHX,0,0.43273
22300163,2023-24,2023-11-08,HOU,LAL,1,0.4072
22300164,2023-24,2023-11-08,MEM,MIA,0,0.51043
22300165,2023-24,2023-11-08,MIL,DET,1,0.7948
22300166,2023-24,2023-11-08,MIN,NOP,1,0.64672
22300167,2023-24,2023-11-08,OKC,CLE,1,0.52751
22300168,2023-24,2023-11-08,DAL,TOR,0,0.6071
22300169,2023-24,2023-11-08,DEN,GSW,1,0.61046
22300170,2023-24,2023-11-08,SAC,POR,1,0.58976
22300171,2023-24,2023-11-09,IND,MIL,1,0.48151
22300172,2023-24,2023-11-09,ORL,ATL,0,0.42202
22300008,2023-24,2023-11-10,DET,PHI,0,0.22302
22300009,2023-24,2023-11-10,WAS,CHA,0,0.61422
22300010,2023-24,2023-11-10,BOS,BKN,1,0.80989
22300011,2023-24,2023-11-10,HOU,NOP,1,0.56952
22300012,2023-24,2023-11-10,MEM,UTA,0,0.58074
22300013,2023-24,2023-11-10,SAS,MIN,0,0.32399
22300014,2023-24,2023-11-10,DAL,LAC,1,0.54209
22300015,2023-24,2023-11-10,PHX,LAL,0,0.65617
22300016,2023-24,2023-11-10,SAC,OKC,1,0.39444
22300173,2023-24,2023-11-11,ORL,MIL,1,0.50586
22300174,2023-24,2023-11-11,BOS,TOR,1,0.63268
22300175,2023-24,2023-11-11,ATL,MIA,0,0.60149
22300176,2023-24,2023-11-11,GSW,CLE,0,0.60019
22300177,2023-24,2023-11-12,NYK,CHA,1,0.76489
22300178,2023-24,2023-11-12,BKN,WAS,1,0.60177
22300179,2023-24,2023-11-12,LAC,MEM,0,0.69215
22300180,2023-24,2023-11-12,PHI,IND,1,0.72668
22300181,2023-24,2023-11-12,CHI,DET,1,0.70559
22300182,2023-24,2023-11-12,HOU,DEN,1,0.31832
22300183,2023-24,2023-11-12,NOP,DAL,0,0.41755
22300184,2023-24,2023-11-12,SAS,MIA,0,0.51748
22300185,2023-24,2023-11-12,PHX,OKC,0,0.57803
22300186,2023-24,2023-11-12,GSW,MIN,0,0.48609
22300187,2023-24,2023-11-12,LAL,POR,1,0.72499
22300188,2023-24,2023-11-13,BOS,NYK,1,0.74524
22300189,2023-24,2023-11-13,TOR,WAS,1,0.77751
22300190,2023-24,2023-11-13,MIL,CHI,1,0.665
22300191,2023-24,2023-11-13,SAC,CLE,1,0.3934
22300017,2023-24,2023-11-14,CHA,MIA,0,0.4113
22300018,2023-24,2023-11-14,DET,ATL,0,0.30527
22300019,2023-24,2023-11-14,PHI,IND,0,0.73226
22300020,2023-24,2023-11-14,BKN,ORL,1,0.56276
22300021,2023-24,2023-11-14,OKC,SAS,1,0.76136
22300022,2023-24,2023-11-14,NOP,DAL,1,0.38704
22300023,2023-24,2023-11-14,UTA,POR,1,0.67082
22300024,2023-24,2023-11-14,DEN,LAC,1,0.67424
22300025,2023-24,2023-11-14,GSW,MIN,0,0.5274
22300026,2023-24,2023-11-14,LAL,MEM,1,0.59437
22300192,2023-24,2023-11-15,WAS,DAL,0,0.37888
22300193,2023-24,2023-11-15,ATL,NYK,0,0.43111
22300194,2023-24,2023-11-15,PHI,BOS,0,0.39607
22300195,2023-24,2023-11-15,TOR,MIL,0,0.52437
22300196,2023-24,2023-11-15,CHI,ORL,0,0.61116
22300197,2023-24,2023-11-15,PHX,MIN,1,0.53551
22300198,2023-24,2023-11-15,LAL,SAC,0,0.56472
22300199,2023-24,2023-11-15,POR,CLE,0,0.23988
22300200,2023-24,2023-11-16,MIA,BKN,1,0.57927
22300201,2023-24,2023-11-16,GSW,OKC,0,0.50378
22300027,2023-24,2023-11-17,CHA,MIL,0,0.3619
22300028,2023-24,2023-11-17,WAS,NYK,0,0.30113
22300029,2023-24,2023-11-17,ATL,PHI,0,0.47594
22300030,2023-24,2023-11-17,CLE,DET,1,0.751
22300031,2023-24,2023-11-17,TOR,BOS,0,0.33251
22300032,2023-24,2023-11-17,SAS,SAC,0,0.36545
22300033,2023-24,2023-11-17,CHI,ORL,0,0.53379
22300034,2023-24,2023-11-17,NOP,DEN,1,0.35858
22300035,2023-24,2023-11-17,UTA,PHX,0,0.39561
22300036,2023-24,2023-11-17,POR,LAL,0,0.30169
22300037,2023-24,2023-11-17,LAC,HOU,1,0.66405
22300202,2023-24,2023-11-18,CHA,NYK,0,0.34459
22300203,2023-24,2023-11-18,NOP,MIN,0,0.36266
22300204,2023-24,2023-11-18,CHI,MIA,1,0.39909
22300205,2023-24,2023-11-18,MIL,DAL,1,0.51954
22300206,2023-24,2023-11-18,SAS,MEM,0,0.34536
22300207,2023-24,2023-11-18,GSW,OKC,0,0.4496
22300208,2023-24,2023-11-19,BKN,PHI,0,0.41005
22300209,2023-24,2023-11-19,IND,ORL,0,0.64629
22300210,2023-24,2023-11-19,CLE,DEN,1,0.42017
22300211,2023-24,2023-11-19,TOR,DET,1,0.711
22300212,2023-24,2023-11-19,DAL,SAC,0,0.56585
22300213,2023-24,2023-11-19,MEM,BOS,0,0.19642
22300214,2023-24,2023-11-19,UTA,PHX,0,0.38261
22300215,2023-24,2023-11-19,POR,OKC,0,0.28499
22300216,2023-24,2023-11-19,LAL,HOU,1,0.65057
22300217,2023-24,2023-11-20,CHA,BOS,1,0.2306
22300218,2023-24,2023-11-20,DET,DEN,0,0.22354
22300219,2023-24,2023-11-20,WAS,MIL,0,0.32852
22300220,2023-24,2023-11-20,CHI,MIA,0,0.49115
22300221,2023-24,2023-11-20,MIN,NYK,1,0.59491
22300222,2023-24,2023-11-20,NOP,SAC,1,0.53579
22300223,2023-24,2023-11-20,SAS,LAC,0,0.30334
22300224,2023-24,2023-11-20,GSW,HOU,1,0.71039
22300038,2023-24,2023-11-21,ORL,TOR,1,0.52254
22300039,2023-24,2023-11-21,ATL,IND,0,0.636
22300040,2023-24,2023-11-21,PHI,CLE,0,0.71102
22300041,2023-24,2023-11-21,PHX,POR,1,0.83731
22300042,2023-24,2023-11-21,LAL,UTA,1,0.68934
22300225,2023-24,2023-11-22,CHA,WAS,1,0.59382
22300226,2023-24,2023-11-22,ORL,DEN,1,0.35289
22300227,2023-24,2023-11-22,ATL,BKN,1,0.56635
22300228,2023-24,2023-11-22,BOS,MIL,1,0.65898
22300229,2023-24,2023-11-22,CLE,MIA,0,0.49547
22300230,2023-24,2023-11-22,IND,TOR,0,0.56242
22300231,2023-24,2023-11-22,HOU,MEM,1,0.5753
22300232,2023-24,2023-11-22,MIN,PHI,1,0.56766
22300233,2023-24,2023-11-22,NOP,SAC,1,0.5529
22300234,2023-24,2023-11-22,OKC,CHI,1,0.73809
22300235,2023-24,2023-11-22,SAS,LAC,0,0.29628
22300236,2023-24,2023-11-22,PHX,GSW,1,0.53093
22300237,2023-24,2023-11-22,POR,UTA,1,0.44738
22300238,2023-24,2023-11-22,LAL,DAL,0,0.45966
22300043,2023-24,2023-11-24,ORL,BOS,1,0.33203
22300044,2023-24,2023-11-24,MEM,PHX,0,0.36746
22300045,2023-24,2023-11-24,NYK,MIA,1,0.63269
22300046,2023-24,2023-11-24,TOR,CHI,1,0.64867
22300047,2023-24,2023-11-24,IND,DET,1,0.74204
22300048,2023-24,2023-11-24,HOU,DEN,1,0.38033
22300049,2023-24,2023-11-24,MIL,WAS,1,0.81188
22300050,2023-24,2023-11-24,MIN,SAC,0,0.67984
22300051,2023-24,2023-11-24,GSW,SAS,1,0.76134
22300052,2023-24,2023-11-24,LAC,NOP,0,0.59901
22300239,2023-24,2023-11-25,OKC,PHI,0,0.58076
22300240,2023-24,2023-11-25,BKN,MIA,1,0.55228
22300241,2023-24,2023-11-25,WAS,ATL,0,0.25391
22300242,2023-24,2023-11-25,CLE,LAL,0,0.52148
22300243,2023-24,2023-11-25,UTA,NOP,1,0.46383
22300244,2023-24,2023-11-25,LAC,DAL,1,0.44617
22300245,2023-24,2023-11-26,MIL,POR,1,0.81934
22300246,2023-24,2023-11-26,BOS,ATL,1,0.71976
22300247,2023-24,2023-11-26,NYK,PHX,0,0.62954
22300248,2023-24,2023-11-26,ORL,CHA,1,0.71125
22300249,2023-24,2023-11-26,MEM,MIN,0,0.32977
22300250,2023-24,2023-11-26,BKN,CHI,1,0.56115
22300251,2023-24,2023-11-26,CLE,TOR,1,0.57806
22300252,2023-24,2023-11-26,DEN,SAS,1,0.8271
22300253,2023-24,2023-11-27,DET,WAS,0,0.56798
22300254,2023-24,2023-11-27,IND,POR,0,0.8006
22300255,2023-24,2023-11-27,PHI,LAL,1,0.68813
22300256,2023-24,2023-11-27,UTA,NOP,1,0.40155
22300257,2023-24,2023-11-27,LAC,DEN,0,0.64646
22300053,2023-24,2023-11-28,BOS,CHI,1,0.75406
22300054,2023-24,2023-11-28,BKN,TOR,1,0.50741
22300055,2023-24,2023-11-28,CLE,ATL,1,0.61642
22300056,2023-24,2023-11-28,MIA,MIL,0,0.44522
22300057,2023-24,2023-11-28,NYK,CHA,1,0.74136
22300058,2023-24,2023-11-28,MIN,OKC,1,0.54753
22300059,2023-24,2023-11-28,DAL,HOU,1,0.61483
22300060,2023-24,2023-11-28,SAC,GSW,1,0.52919
22300258,2023-24,2023-11-29,DET,LAL,0,0.29967
22300259,2023-24,2023-11-29,ORL,WAS,1,0.75479
22300260,2023-24,2023-11-29,TOR,PHX,1,0.4554
22300261,2023-24,2023-11-29,MEM,UTA,1,0.58658
22300262,2023-24,2023-11-29,NOP,PHI,1,0.38705
22300263,2023-24,2023-11-29,DEN,HOU,1,0.55994
22300264,2023-24,2023-11-29,SAC,LAC,0,0.48521
22300265,2023-24,2023-11-30,CLE,POR,0,0.80448
22300266,2023-24,2023-11-30,BKN,CHA,0,0.69874
22300267,2023-24,2023-11-30,MIA,IND,1,0.51612
22300268,2023-24,2023-11-30,NYK,DET,1,0.85903
22300269,2023-24,2023-11-30,CHI,MIL,1,0.33442
22300270,2023-24,2023-11-30,MIN,UTA,1,0.84935
22300271,2023-24,2023-11-30,OKC,LAL,1,0.70011
22300272,2023-24,2023-11-30,SAS,ATL,0,0.37712
22300273,2023-24,2023-11-30,GSW,LAC,1,0.62595
22300274,2023-24,2023-12-01,ORL,WAS,1,0.74988
22300275,2023-24,2023-12-01,BOS,PHI,1,0.65867
22300276,2023-24,2023-12-01,TOR,NYK,0,0.53598
22300277,2023-24,2023-12-01,DAL,MEM,0,0.77557
22300278,2023-24,2023-12-01,NOP,SAS,1,0.81378
22300279,2023-24,2023-12-01,PHX,DEN,0,0.55022
22300280,2023-24,2023-12-02,LAC,GSW,1,0.59017
22300281,2023-24,2023-12-02,CHA,MIN,0,0.33182
22300282,2023-24,2023-12-02,BKN,ORL,1,0.58282
22300283,2023-24,2023-12-02,DET,CLE,0,0.24976
22300284,2023-24,2023-12-02,MIA,IND,0,0.6169
22300285,2023-24,2023-12-02,CHI,NOP,1,0.46532
22300286,2023-24,2023-12-02,MIL,ATL,1,0.6615
22300287,2023-24,2023-12-02,DAL,OKC,0,0.33849
22300288,2023-24,2023-12-02,PHX,MEM,1,0.72304
22300289,2023-24,2023-12-02,UTA,POR,1,0.51049
22300290,2023-24,2023-12-02,SAC,DEN,1,0.57695
22300291,2023-24,2023-12-02,LAL,HOU,1,0.64383
22301202,2023-24,2023-12-04,IND,BOS,1,0.35228
22301204,2023-24,2023-12-04,SAC,NOP,0,0.57704
22301201,2023-24,2023-12-05,MIL,NYK,1,0.56325
22301203,2023-24,2023-12-05,LAL,PHX,1,0.50312
22301205,2023-24,2023-12-06,CLE,ORL,1,0.62433
22301206,2023-24,2023-12-06,DET,MEM,0,0.43639
22301207,2023-24,2023-12-06,TOR,MIA,0,0.54626
22301208,2023-24,2023-12-06,WAS,PHI,0,0.38487
22301209,2023-24,2023-12-06,ATL,BKN,0,0.51104
22301210,2023-24,2023-12-06,MIN,SAS,1,0.79756
22301211,2023-24,2023-12-06,CHI,CHA,1,0.60209
22301212,2023-24,2023-12-06,HOU,OKC,1,0.40079
22301213,2023-24,2023-12-06,DAL,UTA,1,0.73575
22301214,2023-24,2023-12-06,GSW,POR,1,0.74085
22301215,2023-24,2023-12-06,LAC,DEN,1,0.46377
22301229,2023-24,2023-12-07,MIL,IND,0,0.63921
22301230,2023-24,2023-12-07,LAL,NOP,1,0.53909
22301216,2023-24,2023-12-08,CHA,TOR,1,0.37794
22301217,2023-24,2023-12-08,ORL,DET,1,0.80239
22301218,2023-24,2023-12-08,PHI,ATL,1,0.72316
22301219,2023-24,2023-12-08,BKN,WAS,1,0.77325
22301220,2023-24,2023-12-08,MIA,CLE,0,0.47072
22301221,2023-24,2023-12-08,MEM,MIN,0,0.32923
22301222,2023-24,2023-12-08,OKC,GSW,1,0.59596
22301223,2023-24,2023-12-08,SAS,CHI,0,0.45998
22301224,2023-24,2023-12-08,DEN,HOU,0,0.76112
22301225,2023-24,2023-12-08,UTA,LAC,0,0.22935
22301226,2023-24,2023-12-08,POR,DAL,0,0.3393
22301227,2023-24,2023-12-08,BOS,NYK,1,0.61787
22301228,2023-24,2023-12-08,PHX,SAC,0,0.61103
22300292,2023-24,2023-12-11,CHA,MIA,0,0.41043
22300293,2023-24,2023-12-11,DET,IND,0,0.25167
22300294,2023-24,2023-12-11,ORL,CLE,1,0.50643
22300295,2023-24,2023-12-11,PHI,WAS,1,0.84177
22300296,2023-24,2023-12-11,ATL,DEN,0,0.32329
22300297,2023-24,2023-12-11,NYK,TOR,1,0.65794
22300298,2023-24,2023-12-11,HOU,SAS,1,0.74146
22300299,2023-24,2023-12-11,MEM,DAL,0,0.39946
22300300,2023-24,2023-12-11,MIL,CHI,1,0.75214
22300301,2023-24,2023-12-11,NOP,MIN,1,0.46346
22300302,2023-24,2023-12-11,OKC,UTA,1,0.84057
22300303,2023-24,2023-12-11,SAC,BKN,1,0.53511
22300304,2023-24,2023-12-11,LAC,POR,1,0.81882
22300305,2023-24,2023-12-12,BOS,CLE,1,0.78739
22300306,2023-24,2023-12-12,DAL,LAL,1,0.38054
22300307,2023-24,2023-12-12,CHI,DEN,0,0.27414
22300308,2023-24,2023-12-12,PHX,GSW,1,0.52083
22300309,2023-24,2023-12-12,LAC,SAC,1,0.60352
22300310,2023-24,2023-12-13,DET,PHI,0,0.15606
22300311,2023-24,2023-12-13,WAS,NOP,0,0.3082
22300312,2023-24,2023-12-13,MIA,CHA,1,0.71666
22300313,2023-24,2023-12-13,TOR,ATL,1,0.55953
22300314,2023-24,2023-12-13,HOU,MEM,1,0.68902
22300315,2023-24,2023-12-13,MIL,IND,1,0.62477
22300316,2023-24,2023-12-13,SAS,LAL,0,0.33599
22300317,2023-24,2023-12-13,PHX,BKN,0,0.49693
22300318,2023-24,2023-12-13,UTA,NYK,1,0.26599
22300319,2023-24,2023-12-14,BOS,CLE,1,0.7331
22300320,2023-24,2023-12-14,MIA,CHI,0,0.61369
22300321,2023-24,2023-12-14,DAL,MIN,0,0.41431
22300322,2023-24,2023-12-14,DEN,BKN,1,0.71064
22300323,2023-24,2023-12-14,POR,UTA,0,0.52903
22300324,2023-24,2023-12-14,SAC,OKC,1,0.43884
22300325,2023-24,2023-12-14,LAC,GSW,1,0.60761
22300326,2023-24,2023-12-15,CHA,NOP,0,0.36399
22300327,2023-24,2023-12-15,PHI,DET,1,0.89962
22300328,2023-24,2023-12-15,WAS,IND,1,0.30693
22300329,2023-24,2023-12-15,BOS,ORL,1,0.66418
22300330,2023-24,2023-12-15,TOR,ATL,0,0.57374
22300331,2023-24,2023-12-15,SAS,LAL,1,0.32545
22300332,2023-24,2023-12-15,MEM,HOU,0,0.37909
22300333,2023-24,2023-12-15,PHX,NYK,0,0.59533
22300334,2023-24,2023-12-16,MIL,DET,1,0.91843
22300335,2023-24,2023-12-16,CHA,PHI,0,0.21413
22300336,2023-24,2023-12-16,CLE,ATL,1,0.65226
22300337,2023-24,2023-12-16,MIA,CHI,1,0.62748
22300338,2023-24,2023-12-16,MIN,IND,1,0.72983
22300339,2023-24,2023-12-16,GSW,BKN,1,0.5706
22300340,2023-24,2023-12-16,DEN,OKC,0,0.57689
22300341,2023-24,2023-12-16,POR,DAL,0,0.37792
22300342,2023-24,2023-12-16,SAC,UTA,1,0.75071
22300343,2023-24,2023-12-16,LAC,NYK,1,0.60302
22300344,2023-24,2023-12-17,BOS,ORL,1,0.69928
22300345,2023-24,2023-12-17,SAS,NOP,0,0.28388
22300346,2023-24,2023-12-17,MIL,HOU,1,0.6399
22300347,2023-24,2023-12-17,PHX,WAS,1,0.8034
22300348,2023-24,2023-12-17,POR,GSW,0,0.3366
22300349,2023-24,2023-12-18,CLE,HOU,1,0.61559
22300350,2023-24,2023-12-18,IND,LAC,0,0.39808
22300351,2023-24,2023-12-18,PHI,CHI,0,0.79597
22300352,2023-24,2023-12-18,ATL,DET,1,0.78403
22300353,2023-24,2023-12-18,MIA,MIN,0,0.39853
22300354,2023-24,2023-12-18,TOR,CHA,1,0.76103
22300355,2023-24,2023-12-18,OKC,MEM,1,0.80288
22300356,2023-24,2023-12-18,DEN,DAL,1,0.70275
22300357,2023-24,2023-12-18,UTA,BKN,1,0.39983
22300358,2023-24,2023-12-18,SAC,WAS,1,0.80058
22300359,2023-24,2023-12-18,LAL,NYK,0,0.49112
22300360,2023-24,2023-12-19,NOP,MEM,0,0.82657
22300361,2023-24,2023-12-19,MIL,SAS,1,0.85833
22300362,2023-24,2023-12-19,GSW,BOS,1,0.34819
22300363,2023-24,2023-12-19,POR,PHX,1,0.27534
22300364,2023-24,2023-12-20,CLE,UTA,1,0.64957
22300365,2023-24,2023-12-20,IND,CHA,1,0.78099
22300366,2023-24,2023-12-20,ORL,MIA,0,0.49225
22300367,2023-24,2023-12-20,PHI,MIN,1,0.57067
22300368,2023-24,2023-12-20,BKN,NYK,0,0.48882
22300369,2023-24,2023-12-20,TOR,DEN,0,0.35721
22300370,2023-24,2023-12-20,CHI,LAL,1,0.4319
22300371,2023-24,2023-12-20,HOU,ATL,0,0.59064
22300372,2023-24,2023-12-20,DAL,LAC,0,0.3543
22300373,2023-24,2023-12-20,SAC,BOS,0,0.49899
22300374,2023-24,2023-12-21,DET,UTA,0,0.46195
22300375,2023-24,2023-12-21,CLE,NOP,0,0.33677
22300376,2023-24,2023-12-21,CHI,SAS,1,0.66673
22300377,2023-24,2023-12-21,MEM,IND,1,0.47702
22300378,2023-24,2023-12-21,MIL,ORL,1,0.73241
22300379,2023-24,2023-12-21,OKC,LAC,1,0.67612
22300380,2023-24,2023-12-21,MIN,LAL,1,0.64414
22300381,2023-24,2023-12-21,POR,WAS,0,0.5591
22300382,2023-24,2023-12-22,PHI,TOR,1,0.72821
22300383,2023-24,2023-12-22,BKN,DEN,0,0.37061
22300384,2023-24,2023-12-22,MIA,ATL,1,0.61755
22300385,2023-24,2023-12-22,HOU,DAL,1,0.5941
22300386,2023-24,2023-12-22,GSW,WAS,1,0.82044
22300387,2023-24,2023-12-22,SAC,PHX,1,0.53467
22300388,2023-24,2023-12-23,NYK,MIL,0,0.48719
22300389,2023-24,2023-12-23,LAC,BOS,0,0.43223
22300390,2023-24,2023-12-23,CHA,DEN,0,0.24965
22300391,2023-24,2023-12-23,IND,ORL,0,0.55677
22300392,2023-24,2023-12-23,NOP,HOU,0,0.66953
22300393,2023-24,2023-12-23,ATL,MEM,0,0.61512
22300394,2023-24,2023-12-23,BKN,DET,1,0.78346
22300395,2023-24,2023-12-23,TOR,UTA,0,0.66343
22300396,2023-24,2023-12-23,CHI,CLE,0,0.62626
22300397,2023-24,2023-12-23,OKC,LAL,0,0.71867
22300398,2023-24,2023-12-23,DAL,SAS,1,0.55182
22300399,2023-24,2023-12-23,GSW,POR,1,0.72019
22300400,2023-24,2023-12-23,SAC,MIN,0,0.39604
22300401,2023-24,2023-12-25,NYK,MIL,1,0.45376
22300402,2023-24,2023-12-25,DEN,GSW,1,0.68775
22300403,2023-24,2023-12-25,LAL,BOS,0,0.37556
22300404,2023-24,2023-12-25,MIA,PHI,1,0.4803
22300405,2023-24,2023-12-25,PHX,DAL,0,0.65078
22300406,2023-24,2023-12-26,DET,BKN,0,0.24898
22300407,2023-24,2023-12-26,WAS,ORL,0,0.325
22300408,2023-24,2023-12-26,CHI,ATL,1,0.49448
22300409,2023-24,2023-12-26,HOU,IND,0,0.57488
22300410,2023-24,2023-12-26,NOP,MEM,0,0.72496
22300411,2023-24,2023-12-26,OKC,MIN,1,0.55791
22300412,2023-24,2023-12-26,SAS,UTA,0,0.4005
22300413,2023-24,2023-12-26,POR,SAC,1,0.34329
22300414,2023-24,2023-12-26,LAC,CHA,1,0.8199
22300415,2023-24,2023-12-27,ORL,PHI,0,0.45115
22300416,2023-24,2023-12-27,WAS,TOR,0,0.34864
22300417,2023-24,2023-12-27,BKN,MIL,0,0.33031
22300418,2023-24,2023-12-27,HOU,PHX,0,0.5078
22300419,2023-24,2023-12-27,OKC,NYK,1,0.56121
22300420,2023-24,2023-12-27,DAL,CLE,0,0.63955
22300421,2023-24,2023-12-28,BOS,DET,1,0.9346
22300422,2023-24,2023-12-28,CHI,IND,0,0.503
22300423,2023-24,2023-12-28,MIN,DAL,1,0.77488
22300424,2023-24,2023-12-28,NOP,UTA,1,0.69643
22300425,2023-24,2023-12-28,DEN,MEM,1,0.80439
22300426,2023-24,2023-12-28,GSW,MIA,0,0.53542
22300427,2023-24,2023-12-28,POR,SAS,0,0.63024
22300428,2023-24,2023-12-28,LAL,CHA,1,0.82494
22300429,2023-24,2023-12-29,ORL,NYK,1,0.47592
22300430,2023-24,2023-12-29,WAS,BKN,1,0.44937
22300431,2023-24,2023-12-29,ATL,SAC,0,0.56239
22300432,2023-24,2023-12-29,BOS,TOR,1,0.76879
22300433,2023-24,2023-12-29,CLE,MIL,0,0.27219
22300434,2023-24,2023-12-29,HOU,PHI,0,0.4616
22300435,2023-24,2023-12-29,DEN,OKC,0,0.48293
22300436,2023-24,2023-12-29,PHX,CHA,1,0.85071
22300437,2023-24,2023-12-29,POR,SAS,1,0.55759
22300438,2023-24,2023-12-29,LAC,MEM,1,0.7859
22300439,2023-24,2023-12-30,UTA,MIA,1,0.43975
22300440,2023-24,2023-12-30,DET,TOR,1,0.3475
22300441,2023-24,2023-12-30,IND,NYK,1,0.55269
22300442,2023-24,2023-12-30,CHI,PHI,1,0.45178
22300443,2023-24,2023-12-30,MIN,LAL,1,0.65137
22300444,2023-24,2023-12-30,GSW,DAL,0,0.67914
22300445,2023-24,2023-12-31,WAS,ATL,0,0.36238
22300446,2023-24,2023-12-31,NOP,LAL,1,0.67874
22300447,2023-24,2023-12-31,OKC,BKN,1,0.7315
22300448,2023-24,2023-12-31,SAS,BOS,0,0.16005
22300449,2023-24,2023-12-31,MEM,SAC,0,0.44118
22300450,2023-24,2023-12-31,PHX,ORL,1,0.63419
22300451,2023-24,2024-01-01,NYK,MIN,1,0.44188
22300452,2023-24,2024-01-01,TOR,CLE,1,0.52632
22300453,2023-24,2024-01-01,HOU,DET,1,0.81502
22300454,2023-24,2024-01-01,MIL,IND,0,0.71563
22300455,2023-24,2024-01-01,DEN,CHA,1,0.85706
22300456,2023-24,2024-01-01,PHX,POR,1,0.77662
22300457,2023-24,2024-01-01,UTA,DAL,1,0.50127
22300458,2023-24,2024-01-01,LAC,MIA,1,0.51388
22300459,2023-24,2024-01-02,PHI,CHI,1,0.71781
22300460,2023-24,2024-01-02,MEM,SAS,1,0.76389
22300461,2023-24,2024-01-02,NOP,BKN,1,0.64801
22300462,2023-24,2024-01-02,OKC,BOS,1,0.4948
22300463,2023-24,2024-01-02,GSW,ORL,1,0.57108
22300464,2023-24,2024-01-02,SAC,CHA,0,0.87538
22300465,2023-24,2024-01-03,CLE,WAS,1,0.68277
22300466,2023-24,2024-01-03,IND,MIL,1,0.42543
22300467,2023-24,2024-01-03,ATL,OKC,1,0.43618
22300468,2023-24,2024-01-03,NYK,CHI,1,0.76396
22300469,2023-24,2024-01-03,HOU,BKN,1,0.65139
22300470,2023-24,2024-01-03,MEM,TOR,0,0.4825
22300471,2023-24,2024-01-03,MIN,NOP,0,0.68238
22300472,2023-24,2024-01-03,DAL,POR,1,0.81663
22300473,2023-24,2024-01-03,PHX,LAC,0,0.45304
22300474,2023-24,2024-01-03,UTA,DET,1,0.77365
22300475,2023-24,2024-01-03,LAL,MIA,0,0.50346
22300476,2023-24,2024-01-03,SAC,ORL,1,0.55713
22300477,2023-24,2024-01-04,SAS,MIL,0,0.2264
22300478,2023-24,2024-01-04,GSW,DEN,0,0.37558
22300479,2023-24,2024-01-05,BOS,UTA,1,0.84454
22300480,2023-24,2024-01-05,IND,ATL,1,0.6034
22300481,2023-24,2024-01-05,BKN,OKC,1,0.33496
22300482,2023-24,2024-01-05,CLE,WAS,1,0.72214
22300483,2023-24,2024-01-05,PHI,NYK,0,0.65816
22300484,2023-24,2024-01-05,CHI,CHA,1,0.72548
22300485,2023-24,2024-01-05,HOU,MIN,0,0.40991
22300486,2023-24,2024-01-05,NOP,LAC,0,0.49435
22300487,2023-24,2024-01-05,DAL,POR,1,0.77337
22300488,2023-24,2024-01-05,DEN,ORL,0,0.7027
22300489,2023-24,2024-01-05,PHX,MIA,1,0.47473
22300490,2023-24,2024-01-05,GSW,DET,1,0.77154
22300491,2023-24,2024-01-05,LAL,MEM,0,0.6191
22300492,2023-24,2024-01-05,SAC,TOR,1,0.59725
22300493,2023-24,2024-01-06,IND,BOS,0,0.35286
22300494,2023-24,2024-01-06,WAS,NYK,0,0.23735
22300495,2023-24,2024-01-06,PHI,UTA,0,0.72776
22300496,2023-24,2024-01-06,HOU,MIL,1,0.31711
22300497,2023-24,2024-01-07,CLE,SAS,1,0.77175
22300498,2023-24,2024-01-07,BKN,POR,0,0.73734
22300499,2023-24,2024-01-07,ORL,ATL,1,0.48851
22300500,2023-24,2024-01-07,SAC,NOP,0,0.46712
22300501,2023-24,2024-01-07,DAL,MIN,1,0.37745
22300502,2023-24,2024-01-07,DEN,DET,1,0.90567
22300503,2023-24,2024-01-07,PHX,MEM,0,0.64345
22300504,2023-24,2024-01-07,GSW,TOR,0,0.60311
22300505,2023-24,2024-01-07,LAL,LAC,1,0.33513
22300506,2023-24,2024-01-08,CHA,CHI,0,0.34024
22300507,2023-24,2024-01-08,IND,BOS,1,0.32729
22300508,2023-24,2024-01-08,WAS,OKC,0,0.18051
22300509,2023-24,2024-01-08,MIA,HOU,1,0.64959
22300510,2023-24,2024-01-08,MIL,UTA,0,0.74252
22300511,2023-24,2024-01-08,LAC,PHX,1,0.6112
22300512,2023-24,2024-01-09,DET,SAC,0,0.28278
22300513,2023-24,2024-01-09,ORL,MIN,0,0.3806
22300514,2023-24,2024-01-09,NYK,POR,1,0.85697
22300515,2023-24,2024-01-09,DAL,MEM,0,0.67134
22300516,2023-24,2024-01-09,LAL,TOR,1,0.55922
22300517,2023-24,2024-01-10,BOS,MIN,1,0.68698
22300518,2023-24,2024-01-10,CHA,SAC,0,0.32836
22300519,2023-24,2024-01-10,DET,SAS,0,0.4231
22300520,2023-24,2024-01-10,IND,WAS,1,0.81227
22300521,2023-24,2024-01-10,ATL,PHI,1,0.53088
22300522,2023-24,2024-01-10,MIA,OKC,0,0.4186
22300523,2023-24,2024-01-10,CHI,HOU,1,0.56798
22300524,2023-24,2024-01-10,UTA,DEN,1,0.32077
22300525,2023-24,2024-01-10,GSW,NOP,0,0.45076
22300526,2023-24,2024-01-10,LAC,TOR,1,0.80413
22300527,2023-24,2024-01-11,CLE,BKN,1,0.55967
22300528,2023-24,2024-01-11,MIL,BOS,1,0.45838
22300529,2023-24,2024-01-11,OKC,POR,1,0.84877
22300530,2023-24,2024-01-11,DAL,NYK,1,0.40934
22300531,2023-24,2024-01-11,LAL,PHX,0,0.4325
22300532,2023-24,2024-01-12,PHI,SAC,1,0.6003
22300533,2023-24,2024-01-12,ATL,IND,0,0.52264
22300534,2023-24,2024-01-12,DET,HOU,0,0.26382
22300535,2023-24,2024-01-12,MIA,ORL,1,0.61625
22300536,2023-24,2024-01-12,CHI,GSW,0,0.56878
22300537,2023-24,2024-01-12,MEM,LAC,0,0.28979
22300538,2023-24,2024-01-12,MIN,POR,1,0.86492
22300539,2023-24,2024-01-12,DEN,NOP,1,0.57351
22300540,2023-24,2024-01-12,UTA,TOR,1,0.65522
22300541,2023-24,2024-01-12,SAS,CHA,1,0.60902
22300542,2023-24,2024-01-13,BOS,HOU,1,0.84655
22300543,2023-24,2024-01-13,ATL,WAS,0,0.69652
22300544,2023-24,2024-01-13,MEM,NYK,0,0.24576
22300545,2023-24,2024-01-13,MIL,GSW,1,0.78789
22300546,2023-24,2024-01-13,OKC,ORL,1,0.81184
22300547,2023-24,2024-01-13,DAL,NOP,0,0.4082
22300548,2023-24,2024-01-13,SAS,CHI,0,0.36919
22300549,2023-24,2024-01-13,UTA,LAL,1,0.54962
22300550,2023-24,2024-01-14,DEN,IND,1,0.67999
22300551,2023-24,2024-01-14,MIA,CHA,1,0.79411
22300552,2023-24,2024-01-14,MIL,SAC,1,0.66522
22300553,2023-24,2024-01-14,MIN,LAC,1,0.53468
22300554,2023-24,2024-01-14,POR,PHX,0,0.21497
22300555,2023-24,2024-01-15,PHI,HOU,1,0.65951
22300556,2023-24,2024-01-15,DAL,NOP,1,0.41885
22300557,2023-24,2024-01-15,NYK,ORL,0,0.71396
22300558,2023-24,2024-01-15,WAS,DET,0,0.64968
22300559,2023-24,2024-01-15,ATL,SAS,1,0.76324
22300560,2023-24,2024-01-15,MEM,GSW,1,0.43437
22300561,2023-24,2024-01-15,CLE,CHI,1,0.58741
22300562,2023-24,2024-01-15,BKN,MIA,0,0.52232
22300563,2023-24,2024-01-15,TOR,BOS,0,0.25155
22300564,2023-24,2024-01-15,UTA,IND,1,0.6081
22300565,2023-24,2024-01-15,LAL,OKC,1,0.30208
22300566,2023-24,2024-01-16,PHI,DEN,1,0.46511
22300567,2023-24,2024-01-16,PHX,SAC,1,0.67667
22300568,2023-24,2024-01-16,LAC,OKC,1,0.60813
22300569,2023-24,2024-01-17,DET,MIN,0,0.14099
22300570,2023-24,2024-01-17,ATL,ORL,1,0.5594
22300571,2023-24,2024-01-17,BOS,SAS,1,0.90615
22300572,2023-24,2024-01-17,CLE,MIL,1,0.40024
22300573,2023-24,2024-01-17,NYK,HOU,1,0.67159
22300574,2023-24,2024-01-17,TOR,MIA,1,0.35561
22300575,2023-24,2024-01-17,NOP,CHA,1,0.86756
22300577,2023-24,2024-01-17,LAL,DAL,1,0.6172
22300578,2023-24,2024-01-17,POR,BKN,1,0.35645
22300579,2023-24,2024-01-18,NYK,WAS,1,0.79681
22300580,2023-24,2024-01-18,TOR,CHI,0,0.44549
22300581,2023-24,2024-01-18,UTA,OKC,0,0.41747
22300582,2023-24,2024-01-18,MIN,MEM,1,0.80991
22300583,2023-24,2024-01-18,SAC,IND,0,0.54981
22300584,2023-24,2024-01-19,CHA,SAS,1,0.51581
22300585,2023-24,2024-01-19,ORL,PHI,0,0.33954
22300586,2023-24,2024-01-19,BOS,DEN,0,0.57569
22300587,2023-24,2024-01-19,MIA,ATL,0,0.68477
22300588,2023-24,2024-01-19,NOP,PHX,0,0.56039
22300590,2023-24,2024-01-19,POR,IND,1,0.3887
22300591,2023-24,2024-01-19,LAL,BKN,0,0.6498
22300592,2023-24,2024-01-20,DET,MIL,0,0.21651
22300593,2023-24,2024-01-20,CHA,PHI,0,0.18095
22300594,2023-24,2024-01-20,WAS,SAS,0,0.64753
22300595,2023-24,2024-01-20,ATL,CLE,0,0.37731
22300596,2023-24,2024-01-20,NYK,TOR,1,0.76098
22300597,2023-24,2024-01-20,CHI,MEM,1,0.71789
22300598,2023-24,2024-01-20,HOU,UTA,1,0.50552
22300599,2023-24,2024-01-20,MIN,OKC,0,0.57706
22300600,2023-24,2024-01-21,LAC,BKN,1,0.774
22300601,2023-24,2024-01-21,ORL,MIA,1,0.42238
22300602,2023-24,2024-01-21,WAS,DEN,0,0.1531
22300603,2023-24,2024-01-21,HOU,BOS,0,0.22569
22300604,2023-24,2024-01-21,PHX,IND,1,0.60382
22300605,2023-24,2024-01-21,LAL,POR,1,0.75674
22300606,2023-24,2024-01-22,DET,MIL,0,0.15764
22300607,2023-24,2024-01-22,ORL,CLE,0,0.49348
22300608,2023-24,2024-01-22,PHI,SAS,1,0.85979
22300609,2023-24,2024-01-22,TOR,MEM,0,0.6665
22300610,2023-24,2024-01-22,MIN,CHA,0,0.9019
22300611,2023-24,2024-01-22,DAL,BOS,0,0.43537
22300612,2023-24,2024-01-22,PHX,CHI,1,0.69559
22300613,2023-24,2024-01-22,SAC,ATL,1,0.63509
22300614,2023-24,2024-01-23,IND,DEN,0,0.41072
22300615,2023-24,2024-01-23,BKN,NYK,0,0.32794
22300616,2023-24,2024-01-23,NOP,UTA,1,0.67032
22300617,2023-24,2024-01-23,OKC,POR,1,0.87066
22300618,2023-24,2024-01-23,LAC,LAL,1,0.71391
22300619,2023-24,2024-01-24,DET,CHA,1,0.5428
22300620,2023-24,2024-01-24,WAS,MIN,0,0.25626
22300621,2023-24,2024-01-24,MIA,MEM,0,0.81542
22300622,2023-24,2024-01-24,SAS,OKC,0,0.223
22300623,2023-24,2024-01-24,HOU,POR,0,0.73778
22300624,2023-24,2024-01-24,MIL,CLE,1,0.66633
22300625,2023-24,2024-01-24,DAL,PHX,0,0.41074
22300626,2023-24,2024-01-24,GSW,ATL,1,0.63824
22300627,2023-24,2024-01-25,IND,PHI,1,0.40411
22300628,2023-24,2024-01-25,WAS,UTA,0,0.26112
22300629,2023-24,2024-01-25,BKN,MIN,0,0.44363
22300630,2023-24,2024-01-25,MIA,BOS,0,0.3015
22300631,2023-24,2024-01-25,NYK,DEN,1,0.48342
22300632,2023-24,2024-01-25,GSW,SAC,0,0.4498
22300633,2023-24,2024-01-25,LAL,CHI,1,0.54335
22300634,2023-24,2024-01-26,ATL,DAL,0,0.4635
22300635,2023-24,2024-01-26,CHA,HOU,0,0.35437
22300636,2023-24,2024-01-26,IND,PHX,1,0.37074
22300637,2023-24,2024-01-26,TOR,LAC,0,0.2778
22300638,2023-24,2024-01-26,MEM,ORL,1,0.31869
22300639,2023-24,2024-01-26,MIL,CLE,0,0.68112
22300640,2023-24,2024-01-26,NOP,OKC,0,0.51408
22300641,2023-24,2024-01-26,SAS,POR,1,0.52167
22300642,2023-24,2024-01-27,DET,WAS,0,0.48726
22300643,2023-24,2024-01-27,NYK,MIA,1,0.66994
22300644,2023-24,2024-01-27,DEN,PHI,1,0.6142
22300645,2023-24,2024-01-27,BKN,HOU,1,0.61189
22300646,2023-24,2024-01-27,BOS,LAC,0,0.71786
22300647,2023-24,2024-01-27,CHA,UTA,0,0.21363
22300648,2023-24,2024-01-27,MIL,NOP,1,0.60936
22300649,2023-24,2024-01-27,SAS,MIN,1,0.17514
22300650,2023-24,2024-01-27,GSW,LAL,0,0.50565
22300651,2023-24,2024-01-27,DAL,SAC,0,0.43499
22300652,2023-24,2024-01-28,IND,MEM,1,0.77289
22300653,2023-24,2024-01-28,ATL,TOR,1,0.62637
22300654,2023-24,2024-01-28,DET,OKC,1,0.11755
22300655,2023-24,2024-01-28,ORL,PHX,1,0.3947
22300656,2023-24,2024-01-28,POR,CHI,0,0.37012
22300657,2023-24,2024-01-29,CHA,NYK,0,0.12886
22300658,2023-24,2024-01-29,CLE,LAC,1,0.41688
22300659,2023-24,2024-01-29,BOS,NOP,1,0.68153
22300660,2023-24,2024-01-29,BKN,UTA,1,0.45503
22300661,2023-24,2024-01-29,MIA,PHX,0,0.54716
22300662,2023-24,2024-01-29,HOU,LAL,1,0.47441
22300663,2023-24,2024-01-29,MEM,SAC,0,0.276
22300664,2023-24,2024-01-29,OKC,MIN,0,0.54881
22300665,2023-24,2024-01-29,SAS,WAS,0,0.56909
22300666,2023-24,2024-01-29,DAL,ORL,1,0.49352
22300667,2023-24,2024-01-29,DEN,MIL,1,0.60848
22300668,2023-24,2024-01-29,POR,PHI,1,0.30253
22300669,2023-24,2024-01-30,ATL,LAL,1,0.55006
22300670,2023-24,2024-01-30,BOS,IND,1,0.69884
22300671,2023-24,2024-01-30,NYK,UTA,1,0.66067
22300672,2023-24,2024-01-30,CHI,TOR,0,0.67559
22300673,2023-24,2024-01-30,GSW,PHI,1,0.65826
22300674,2023-24,2024-01-31,CHA,CHI,0,0.36521
22300675,2023-24,2024-01-31,CLE,DET,1,0.86614
22300676,2023-24,2024-01-31,WAS,LAC,0,0.21304
22300677,2023-24,2024-01-31,BKN,PHX,0,0.39738
22300678,2023-24,2024-01-31,MIA,SAC,1,0.57319
22300679,2023-24,2024-01-31,HOU,NOP,0,0.42047
22300680,2023-24,2024-01-31,MIN,DAL,1,0.73189
22300681,2023-24,2024-01-31,SAS,ORL,0,0.33264
22300682,2023-24,2024-01-31,OKC,DEN,1,0.54381
22300683,2023-24,2024-01-31,POR,MIL,1,0.23494
22300684,2023-24,2024-02-01,BOS,LAL,0,0.81096
22300685,2023-24,2024-02-01,NYK,IND,1,0.55946
22300686,2023-24,2024-02-01,UTA,PHI,0,0.54698
22300687,2023-24,2024-02-01,MEM,CLE,0,0.1724
22300688,2023-24,2024-02-02,DET,LAC,0,0.20355
22300689,2023-24,2024-02-02,WAS,MIA,0,0.33383
22300690,2023-24,2024-02-02,ATL,PHX,1,0.36381
22300691,2023-24,2024-02-02,IND,SAC,0,0.5694
22300692,2023-24,2024-02-02,HOU,TOR,1,0.65679
22300693,2023-24,2024-02-02,MEM,GSW,0,0.26047
22300694,2023-24,2024-02-02,MIN,ORL,0,0.70043
22300695,2023-24,2024-02-02,OKC,CHA,1,0.89165
22300696,2023-24,2024-02-02,SAS,NOP,0,0.28042
22300697,2023-24,2024-02-02,DEN,POR,1,0.79791
22300698,2023-24,2024-02-03,PHI,BKN,0,0.59374
22300699,2023-24,2024-02-03,ATL,GSW,1,0.54122
22300700,2023-24,2024-02-03,CHI,SAC,0,0.53909
22300701,2023-24,2024-02-03,NYK,LAL,0,0.74335
22300702,2023-24,2024-02-03,DAL,MIL,0,0.25399
22300703,2023-24,2024-02-03,SAS,CLE,0,0.1448
22300704,2023-24,2024-02-04,DET,ORL,0,0.27271
22300705,2023-24,2024-02-04,WAS,PHX,0,0.20249
22300706,2023-24,2024-02-04,BOS,MEM,1,0.89152
22300707,2023-24,2024-02-04,CHA,IND,0,0.19711
22300708,2023-24,2024-02-04,MIA,LAC,0,0.37653
22300709,2023-24,2024-02-04,MIN,HOU,1,0.73635
22300710,2023-24,2024-02-04,OKC,TOR,1,0.76113
22300711,2023-24,2024-02-04,UTA,MIL,1,0.49589
22300712,2023-24,2024-02-04,DEN,POR,1,0.85598
22300713,2023-24,2024-02-05,CHA,LAL,0,0.18253
22300714,2023-24,2024-02-05,CLE,SAC,1,0.76321
22300715,2023-24,2024-02-05,PHI,DAL,0,0.62064
22300716,2023-24,2024-02-05,ATL,LAC,0,0.32172
22300717,2023-24,2024-02-05,BKN,GSW,0,0.59114
22300718,2023-24,2024-02-05,NOP,TOR,1,0.79739
22300719,2023-24,2024-02-06,IND,HOU,1,0.70064
22300720,2023-24,2024-02-06,BKN,DAL,0,0.52657
22300721,2023-24,2024-02-06,MIA,ORL,1,0.49616
22300722,2023-24,2024-02-06,NYK,MEM,1,0.85796
22300723,2023-24,2024-02-06,CHI,MIN,1,0.32617
22300724,2023-24,2024-02-06,UTA,OKC,1,0.41937
22300725,2023-24,2024-02-06,PHX,MIL,1,0.66097
22300726,2023-24,2024-02-07,CHA,TOR,0,0.32559
22300727,2023-24,2024-02-07,PHI,GSW,0,0.54299
22300728,2023-24,2024-02-07,WAS,CLE,0,0.13896
22300729,2023-24,2024-02-07,BOS,ATL,1,0.81351
22300730,2023-24,2024-02-07,MIA,SAS,1,0.71275
22300731,2023-24,2024-02-07,LAC,NOP,0,0.65393
22300732,2023-24,2024-02-07,SAC,DET,0,0.79748
22300733,2023-24,2024-02-08,IND,GSW,0,0.71378
22300734,2023-24,2024-02-08,ORL,SAS,1,0.82112
22300735,2023-24,2024-02-08,BKN,CLE,0,0.30305
22300736,2023-24,2024-02-08,NYK,DAL,0,0.62054
22300737,2023-24,2024-02-08,MEM,CHI,0,0.35864
22300738,2023-24,2024-02-08,MIL,MIN,0,0.41645
22300739,2023-24,2024-02-08,PHX,UTA,1,0.70409
22300740,2023-24,2024-02-08,LAL,DEN,0,0.4015
22300741,2023-24,2024-02-08,POR,DET,0,0.67883
22300742,2023-24,2024-02-09,PHI,ATL,0,0.54843
22300743,2023-24,2024-02-09,BOS,WAS,1,0.89115
22300744,2023-24,2024-02-09,TOR,HOU,1,0.50819
22300745,2023-24,2024-02-09,MIL,CHA,1,0.799
22300746,2023-24,2024-02-09,SAC,DEN,1,0.46098
22300747,2023-24,2024-02-09,LAL,NOP,1,0.34053
22300748,2023-24,2024-02-10,DAL,OKC,1,0.38744
22300749,2023-24,2024-02-10,LAC,DET,1,0.91112
22300750,2023-24,2024-02-10,BKN,SAS,1,0.67084
22300751,2023-24,2024-02-10,CHA,MEM,1,0.38637
22300752,2023-24,2024-02-10,ORL,CHI,1,0.66618
22300753,2023-24,2024-02-10,WAS,PHI,0,0.41865
22300754,2023-24,2024-02-10,ATL,HOU,1,0.61819
22300755,2023-24,2024-02-10,NYK,IND,0,0.48063
22300756,2023-24,2024-02-10,TOR,CLE,0,0.15495
22300757,2023-24,2024-02-10,GSW,PHX,1,0.47002
22300758,2023-24,2024-02-10,POR,NOP,0,0.27967
22300759,2023-24,2024-02-11,MIA,BOS,0,0.38959
22300760,2023-24,2024-02-11,OKC,SAC,1,0.6377
22300761,2023-24,2024-02-12,CHA,IND,1,0.16078
22300762,2023-24,2024-02-12,CLE,PHI,0,0.84484
22300763,2023-24,2024-02-12,ATL,CHI,0,0.59438
22300764,2023-24,2024-02-12,TOR,SAS,0,0.64648
22300765,2023-24,2024-02-12,HOU,NYK,1,0.35483
22300766,2023-24,2024-02-12,MEM,NOP,0,0.22155
22300767,2023-24,2024-02-12,MIL,DEN,1,0.56035
22300768,2023-24,2024-02-12,DAL,WAS,1,0.8246
22300769,2023-24,2024-02-12,UTA,GSW,0,0.56362
22300770,2023-24,2024-02-12,LAC,MIN,0,0.60623
22300771,2023-24,2024-02-13,BKN,BOS,0,0.2873
22300772,2023-24,2024-02-13,ORL,OKC,0,0.44955
22300773,2023-24,2024-02-13,MIL,MIA,0,0.57005
22300774,2023-24,2024-02-13,PHX,SAC,1,0.7239
22300775,2023-24,2024-02-13,POR,MIN,0,0.21792
22300776,2023-24,2024-02-13,LAL,DET,1,0.80532
22300777,2023-24,2024-02-14,CHA,ATL,1,0.25332
22300778,2023-24,2024-02-14,ORL,NYK,1,0.51869
22300779,2023-24,2024-02-14,PHI,MIA,0,0.48945
22300780,2023-24,2024-02-14,BOS,BKN,1,0.75749
22300781,2023-24,2024-02-14,CLE,CHI,1,0.83654
22300782,2023-24,2024-02-14,TOR,IND,0,0.34048
22300783,2023-24,2024-02-14,MEM,HOU,1,0.39992
22300784,2023-24,2024-02-14,NOP,WAS,1,0.86256
22300785,2023-24,2024-02-14,DAL,SAS,1,0.79386
22300786,2023-24,2024-02-14,DEN,SAC,0,0.74789
22300787,2023-24,2024-02-14,PHX,DET,1,0.89244
22300788,2023-24,2024-02-14,UTA,LAL,0,0.59439
22300789,2023-24,2024-02-14,GSW,LAC,0,0.41233
22300576,2023-24,2024-02-15,UTA,GSW,0,0.49468
22300790,2023-24,2024-02-15,MEM,MIL,1,0.19653
22300791,2023-24,2024-02-15,POR,MIN,0,0.18429
22300792,2023-24,2024-02-22,CLE,ORL,0,0.75993
22300793,2023-24,2024-02-22,IND,DET,1,0.84226
22300794,2023-24,2024-02-22,PHI,NYK,0,0.47122
22300795,2023-24,2024-02-22,TOR,BKN,1,0.43442
22300796,2023-24,2024-02-22,DAL,PHX,1,0.52853
22300797,2023-24,2024-02-22,CHI,BOS,0,0.27622
22300798,2023-24,2024-02-22,NOP,HOU,1,0.81616
22300799,2023-24,2024-02-22,OKC,LAC,1,0.5684
22300800,2023-24,2024-02-22,DEN,WAS,1,0.81136
22300801,2023-24,2024-02-22,UTA,CHA,0,0.82664
22300802,2023-24,2024-02-22,GSW,LAL,1,0.60378
22300803,2023-24,2024-02-22,SAC,SAS,1,0.75907
22300804,2023-24,2024-02-23,ATL,TOR,0,0.63847
22300805,2023-24,2024-02-23,PHI,CLE,1,0.31823
22300806,2023-24,2024-02-23,HOU,PHX,1,0.36167
22300807,2023-24,2024-02-23,MEM,LAC,0,0.1743
22300808,2023-24,2024-02-23,MIN,MIL,0,0.71062
22300809,2023-24,2024-02-23,OKC,WAS,1,0.88589
22300810,2023-24,2024-02-23,NOP,MIA,0,0.59684
22300811,2023-24,2024-02-23,GSW,CHA,1,0.84154
22300812,2023-24,2024-02-23,POR,DEN,0,0.29234
22300813,2023-24,2024-02-23,LAL,SAS,1,0.7265
22300814,2023-24,2024-02-24,DET,ORL,0,0.2398
22300815,2023-24,2024-02-24,MIN,BKN,1,0.699
22300816,2023-24,2024-02-24,NYK,BOS,0,0.31952
22300817,2023-24,2024-02-25,PHI,MIL,0,0.47155
22300818,2023-24,2024-02-25,PHX,LAL,1,0.60237
22300819,2023-24,2024-02-25,IND,DAL,1,0.5098
22300820,2023-24,2024-02-25,WAS,CLE,0,0.17304
22300821,2023-24,2024-02-25,ATL,ORL,1,0.46407
22300822,2023-24,2024-02-25,HOU,OKC,0,0.30417
22300823,2023-24,2024-02-25,NOP,CHI,0,0.72241
22300824,2023-24,2024-02-25,GSW,DEN,0,0.52984
22300825,2023-24,2024-02-25,UTA,SAS,1,0.72613
22300826,2023-24,2024-02-25,POR,CHA,0,0.61818
22300827,2023-24,2024-02-25,LAC,SAC,0,0.71787
22300828,2023-24,2024-02-26,NYK,DET,1,0.84328
22300829,2023-24,2024-02-26,IND,TOR,0,0.66151
22300830,2023-24,2024-02-26,MEM,BKN,0,0.35146
22300831,2023-24,2024-02-26,SAC,MIA,0,0.40722
22300832,2023-24,2024-02-27,CLE,DAL,1,0.71452
22300833,2023-24,2024-02-27,ORL,BKN,1,0.68799
22300834,2023-24,2024-02-27,WAS,GSW,0,0.25665
22300835,2023-24,2024-02-27,ATL,UTA,1,0.48786
22300836,2023-24,2024-02-27,BOS,PHI,1,0.8346
22300837,2023-24,2024-02-27,NYK,NOP,0,0.4124
22300838,2023-24,2024-02-27,MIN,SAS,1,0.86523
22300839,2023-24,2024-02-27,CHI,DET,0,0.83523
22300840,2023-24,2024-02-27,MIL,CHA,1,0.85513
22300841,2023-24,2024-02-27,OKC,HOU,1,0.79546
22300842,2023-24,2024-02-27,POR,MIA,0,0.30892
22300843,2023-24,2024-02-28,IND,NOP,1,0.57513
22300844,2023-24,2024-02-28,TOR,DAL,0,0.43321
22300845,2023-24,2024-02-28,MIN,MEM,1,0.85026
22300846,2023-24,2024-02-28,CHI,CLE,1,0.24019
22300847,2023-24,2024-02-28,DEN,SAC,1,0.68431
22300848,2023-24,2024-02-28,LAC,LAL,0,0.66079
22300849,2023-24,2024-02-29,CHA,MIL,0,0.21381
22300850,2023-24,2024-02-29,ORL,UTA,1,0.63993
22300851,2023-24,2024-02-29,BKN,ATL,1,0.58114
22300852,2023-24,2024-02-29,NYK,GSW,0,0.40044
22300853,2023-24,2024-02-29,SAS,OKC,1,0.18804
22300854,2023-24,2024-02-29,PHX,HOU,1,0.75005
22300855,2023-24,2024-02-29,DEN,MIA,1,0.52818
22300856,2023-24,2024-02-29,LAL,WAS,1,0.77828
22300857,2023-24,2024-03-01,DET,CLE,0,0.13822
22300858,2023-24,2024-03-01,PHI,CHA,1,0.83935
22300859,2023-24,2024-03-01,BOS,DAL,1,0.7143
22300860,2023-24,2024-03-01,TOR,GSW,0,0.43339
22300861,2023-24,2024-03-01,MEM,POR,0,0.50169
22300862,2023-24,2024-03-01,MIN,SAC,0,0.76408
22300863,2023-24,2024-03-01,NOP,IND,1,0.61114
22300864,2023-24,2024-03-01,CHI,MIL,0,0.47355
22300865,2023-24,2024-03-01,LAC,WAS,1,0.87411
22300866,2023-24,2024-03-02,BKN,ATL,1,0.62451
22300867,2023-24,2024-03-02,MIA,UTA,1,0.71195
22300868,2023-24,2024-03-02,MEM,POR,0,0.45813
22300869,2023-24,2024-03-02,LAL,DEN,0,0.44814
22300870,2023-24,2024-03-02,PHX,HOU,0,0.73799
22300871,2023-24,2024-03-03,DAL,PHI,0,0.73353
22300872,2023-24,2024-03-03,BOS,GSW,1,0.76033
22300873,2023-24,2024-03-03,MIN,LAC,0,0.57825
22300874,2023-24,2024-03-03,ORL,DET,1,0.81824
22300875,2023-24,2024-03-03,TOR,CHA,1,0.77979
22300876,2023-24,2024-03-03,CLE,NYK,0,0.71277
22300877,2023-24,2024-03-03,SAS,IND,1,0.31035
22300878,2023-24,2024-03-03,PHX,OKC,0,0.44989
22300879,2023-24,2024-03-04,BKN,MEM,0,0.80525
22300880,2023-24,2024-03-04,MIL,LAC,1,0.54669
22300881,2023-24,2024-03-04,MIN,POR,1,0.85611
22300882,2023-24,2024-03-04,UTA,WAS,1,0.68892
22300883,2023-24,2024-03-04,SAC,CHI,0,0.58378
22300884,2023-24,2024-03-04,LAL,OKC,1,0.46002
22300885,2023-24,2024-03-05,CHA,ORL,0,0.19934
22300886,2023-24,2024-03-05,CLE,BOS,1,0.43402
22300887,2023-24,2024-03-05,BKN,PHI,1,0.48249
22300888,2023-24,2024-03-05,MIA,DET,1,0.83289
22300889,2023-24,2024-03-05,NYK,ATL,0,0.69073
22300890,2023-24,2024-03-05,TOR,NOP,0,0.26433
22300891,2023-24,2024-03-05,HOU,SAS,1,0.67285
22300892,2023-24,2024-03-05,DAL,IND,0,0.64933
22300893,2023-24,2024-03-05,DEN,PHX,0,0.61056
22300894,2023-24,2024-03-06,WAS,ORL,0,0.30993
22300895,2023-24,2024-03-06,ATL,CLE,1,0.29495
22300896,2023-24,2024-03-06,PHI,MEM,0,0.7178
22300897,2023-24,2024-03-06,HOU,LAC,0,0.30234
22300898,2023-24,2024-03-06,UTA,CHI,0,0.47494
22300899,2023-24,2024-03-06,GSW,MIL,1,0.60192
22300900,2023-24,2024-03-06,POR,OKC,0,0.15901
22300901,2023-24,2024-03-06,LAL,SAC,0,0.57866
22300902,2023-24,2024-03-07,DET,BKN,1,0.39827
22300903,2023-24,2024-03-07,IND,MIN,0,0.43439
22300904,2023-24,2024-03-07,DAL,MIA,1,0.61408
22300905,2023-24,2024-03-07,PHX,TOR,1,0.7828
22300906,2023-24,2024-03-07,DEN,BOS,1,0.39711
22300907,2023-24,2024-03-07,GSW,CHI,0,0.71362
22300908,2023-24,2024-03-07,SAC,SAS,1,0.69511
22300909,2023-24,2024-03-08,PHI,NOP,0,0.25115
22300910,2023-24,2024-03-08,WAS,CHA,1,0.58188
22300911,2023-24,2024-03-08,CLE,MIN,1,0.56542
22300912,2023-24,2024-03-08,NYK,ORL,1,0.47158
22300913,2023-24,2024-03-08,MEM,ATL,0,0.39124
22300914,2023-24,2024-03-08,OKC,MIA,1,0.72095
22300915,2023-24,2024-03-08,LAL,MIL,1,0.50134
22300916,2023-24,2024-03-08,POR,HOU,0,0.33295
22300917,2023-24,2024-03-09,LAC,CHI,1,0.76649
22300918,2023-24,2024-03-09,CHA,BKN,1,0.29225
22300919,2023-24,2024-03-09,DET,DAL,0,0.23342
22300920,2023-24,2024-03-09,PHX,BOS,0,0.34476
22300921,2023-24,2024-03-09,GSW,SAS,0,0.82394
22300922,2023-24,2024-03-09,DEN,UTA,1,0.82243
22300923,2023-24,2024-03-09,POR,TOR,1,0.39181
22300924,2023-24,2024-03-10,LAC,MIL,0,0.58285
22300925,2023-24,2024-03-10,ATL,NOP,0,0.26503
22300926,2023-24,2024-03-10,MIA,WAS,0,0.83105
22300927,2023-24,2024-03-10,NYK,PHI,0,0.6981
22300928,2023-24,2024-03-10,ORL,IND,0,0.50679
22300929,2023-24,2024-03-10,SAC,HOU,0,0.63964
22300930,2023-24,2024-03-10,CLE,BKN,0,0.77182
22300931,2023-24,2024-03-10,OKC,MEM,1,0.91134
22300932,2023-24,2024-03-10,LAL,MIN,1,0.41776
22300933,2023-24,2024-03-11,DET,CHA,1,0.65359
22300934,2023-24,2024-03-11,CLE,PHX,0,0.46098
22300935,2023-24,2024-03-11,CHI,DAL,0,0.40814
22300936,2023-24,2024-03-11,SAS,GSW,0,0.30123
22300937,2023-24,2024-03-11,DEN,TOR,1,0.8493
22300938,2023-24,2024-03-11,POR,BOS,0,0.12824
22300939,2023-24,2024-03-12,NYK,PHI,1,0.67319
22300940,2023-24,2024-03-12,MEM,WAS,1,0.50309
22300941,2023-24,2024-03-12,OKC,IND,0,0.64386
22300942,2023-24,2024-03-12,SAS,HOU,0,0.37964
22300943,2023-24,2024-03-12,UTA,BOS,0,0.26807
22300944,2023-24,2024-03-12,LAC,MIN,0,0.56909
22300945,2023-24,2024-03-12,SAC,MIL,1,0.47591
22300946,2023-24,2024-03-13,DET,TOR,1,0.58753
22300947,2023-24,2024-03-13,ORL,BKN,1,0.64575
22300948,2023-24,2024-03-13,IND,CHI,0,0.65829
22300949,2023-24,2024-03-13,MIA,DEN,0,0.43177
22300950,2023-24,2024-03-13,MEM,CHA,0,0.49146
22300951,2023-24,2024-03-13,NOP,CLE,0,0.70077
22300952,2023-24,2024-03-13,DAL,GSW,1,0.63095
22300953,2023-24,2024-03-13,POR,ATL,1,0.44513
22300954,2023-24,2024-03-13,SAC,LAL,1,0.4606
22300955,2023-24,2024-03-14,BOS,PHX,1,0.61392
22300956,2023-24,2024-03-14,CHI,LAC,0,0.30584
22300957,2023-24,2024-03-14,HOU,WAS,1,0.7689
22300958,2023-24,2024-03-14,MIL,PHI,1,0.68793
22300959,2023-24,2024-03-14,OKC,DAL,1,0.63038
22300960,2023-24,2024-03-14,POR,NYK,0,0.19256
22300961,2023-24,2024-03-15,CHA,PHX,0,0.17846
22300962,2023-24,2024-03-15,DET,MIA,0,0.31365
22300963,2023-24,2024-03-15,TOR,ORL,0,0.28622
22300964,2023-24,2024-03-15,NOP,LAC,1,0.67087
22300965,2023-24,2024-03-15,SAS,DEN,0,0.24852
22300966,2023-24,2024-03-15,UTA,ATL,1,0.60898
22300967,2023-24,2024-03-16,HOU,CLE,1,0.32901
22300968,2023-24,2024-03-16,IND,BKN,1,0.70141
22300969,2023-24,2024-03-16,PHI,CHA,1,0.8239
22300970,2023-24,2024-03-16,NOP,POR,1,0.84737
22300971,2023-24,2024-03-16,CHI,WAS,1,0.75403
22300972,2023-24,2024-03-16,MEM,OKC,0,0.13972
22300973,2023-24,2024-03-16,LAL,GSW,0,0.5598
22300974,2023-24,2024-03-16,UTA,MIN,0,0.22548
22300975,2023-24,2024-03-16,SAC,NYK,0,0.49352
22300976,2023-24,2024-03-17,MIL,PHX,1,0.45574
22300977,2023-24,2024-03-17,DET,MIA,0,0.29094
22300978,2023-24,2024-03-17,DAL,DEN,1,0.44679
22300979,2023-24,2024-03-17,ORL,TOR,1,0.80409
22300980,2023-24,2024-03-17,WAS,BOS,0,0.06573
22300981,2023-24,2024-03-17,SAS,BKN,1,0.52261
22300982,2023-24,2024-03-17,LAC,ATL,0,0.81213
22300983,2023-24,2024-03-18,IND,CLE,0,0.52733
22300984,2023-24,2024-03-18,BOS,DET,1,0.89813
22300985,2023-24,2024-03-18,PHI,MIA,1,0.5006
22300986,2023-24,2024-03-18,CHI,POR,1,0.70846
22300987,2023-24,2024-03-18,UTA,MIN,0,0.29173
22300988,2023-24,2024-03-18,GSW,NYK,0,0.56033
22300989,2023-24,2024-03-18,SAC,MEM,1,0.79105
22300990,2023-24,2024-03-18,LAL,ATL,1,0.7582
22300991,2023-24,2024-03-19,ORL,CHA,1,0.86188
22300992,2023-24,2024-03-19,WAS,HOU,0,0.23555
22300993,2023-24,2024-03-19,BKN,NOP,0,0.37027
22300994,2023-24,2024-03-19,SAS,DAL,0,0.28723
22300995,2023-24,2024-03-19,MIN,DEN,0,0.38177
22300996,2023-24,2024-03-20,CLE,MIA,0,0.65846
22300997,2023-24,2024-03-20,DET,IND,0,0.20288
22300998,2023-24,2024-03-20,BOS,MIL,1,0.70706
22300999,2023-24,2024-03-20,TOR,SAC,0,0.31735
22301000,2023-24,2024-03-20,OKC,UTA,1,0.79426
22301001,2023-24,2024-03-20,GSW,MEM,1,0.85676
22301002,2023-24,2024-03-20,PHX,PHI,1,0.78646
22301003,2023-24,2024-03-20,POR,LAC,0,0.21116
22301004,2023-24,2024-03-21,ORL,NOP,1,0.47117
22301005,2023-24,2024-03-21,WAS,SAC,1,0.24378
22301006,2023-24,2024-03-21,HOU,CHI,1,0.62314
22301007,2023-24,2024-03-21,MIL,BKN,1,0.61119
22301008,2023-24,2024-03-21,DAL,UTA,1,0.838
22301009,2023-24,2024-03-21,DEN,NYK,1,0.69289
22301010,2023-24,2024-03-21,PHX,ATL,1,0.71951
22301011,2023-24,2024-03-22,DET,BOS,0,0.10721
22301012,2023-24,2024-03-22,TOR,OKC,0,0.15024
22301013,2023-24,2024-03-22,MIA,NOP,0,0.47738
22301014,2023-24,2024-03-22,MIN,CLE,1,0.57941
22301015,2023-24,2024-03-22,SAS,MEM,0,0.71202
22301016,2023-24,2024-03-22,GSW,IND,0,0.5657
22301017,2023-24,2024-03-22,POR,LAC,0,0.21403
22301018,2023-24,2024-03-22,LAL,PHI,1,0.70601
22301019,2023-24,2024-03-23,NYK,BKN,1,0.6716
22301020,2023-24,2024-03-23,ORL,SAC,0,0.65578
22301021,2023-24,2024-03-23,ATL,CHA,1,0.75739
22301022,2023-24,2024-03-23,WAS,TOR,1,0.61537
22301023,2023-24,2024-03-23,CHI,BOS,0,0.32122
22301024,2023-24,2024-03-23,HOU,UTA,1,0.62831
22301025,2023-24,2024-03-23,SAS,PHX,0,0.22294
22301026,2023-24,2024-03-23,POR,DEN,0,0.09777
22301027,2023-24,2024-03-24,DET,NOP,0,0.15342
22301028,2023-24,2024-03-24,LAC,PHI,0,0.72909
22301029,2023-24,2024-03-24,MIA,CLE,1,0.55422
22301030,2023-24,2024-03-24,MIL,OKC,1,0.50623
22301031,2023-24,2024-03-24,MIN,GSW,1,0.59658
22301032,2023-24,2024-03-24,LAL,IND,1,0.47055
22301033,2023-24,2024-03-25,CLE,CHA,1,0.84542
22301034,2023-24,2024-03-25,ATL,BOS,1,0.20078
22301035,2023-24,2024-03-25,NYK,DET,1,0.88851
22301036,2023-24,2024-03-25,TOR,BKN,0,0.29614
22301037,2023-24,2024-03-25,CHI,WAS,0,0.76753
22301038,2023-24,2024-03-25,HOU,POR,1,0.81746
22301039,2023-24,2024-03-25,SAS,PHX,1,0.26713
22301040,2023-24,2024-03-25,DEN,MEM,1,0.84992
22301041,2023-24,2024-03-25,UTA,DAL,0,0.24629
22301042,2023-24,2024-03-25,SAC,PHI,1,0.68678
22301043,2023-24,2024-03-25,LAC,IND,0,0.55929
22301044,2023-24,2024-03-26,MIA,GSW,0,0.51705
22301045,2023-24,2024-03-26,MIL,LAL,0,0.70318
22301046,2023-24,2024-03-26,NOP,OKC,0,0.54187
22301047,2023-24,2024-03-26,SAC,DAL,0,0.41641
22301048,2023-24,2024-03-27,CHA,CLE,1,0.194
22301049,2023-24,2024-03-27,ORL,GSW,0,0.62893
22301050,2023-24,2024-03-27,WAS,BKN,0,0.36598
22301051,2023-24,2024-03-27,ATL,POR,1,0.73964
22301052,2023-24,2024-03-27,PHI,LAC,0,0.39058
22301053,2023-24,2024-03-27,TOR,NYK,0,0.20155
22301054,2023-24,2024-03-27,CHI,IND,1,0.38162
22301055,2023-24,2024-03-27,MEM,LAL,0,0.3599
22301056,2023-24,2024-03-27,MIN,DET,1,0.91633
22301057,2023-24,2024-03-27,OKC,HOU,0,0.68902
22301058,2023-24,2024-03-27,UTA,SAS,0,0.62827
22301059,2023-24,2024-03-27,DEN,PHX,0,0.52687
22301060,2023-24,2024-03-28,ATL,BOS,1,0.14755
22301061,2023-24,2024-03-28,NOP,MIL,1,0.53508
22301062,2023-24,2024-03-29,CHA,GSW,0,0.17592
22301063,2023-24,2024-03-29,IND,LAL,1,0.63568
22301064,2023-24,2024-03-29,ORL,LAC,0,0.51751
22301065,2023-24,2024-03-29,WAS,DET,0,0.61802
22301066,2023-24,2024-03-29,BKN,CHI,1,0.47429
22301067,2023-24,2024-03-29,CLE,PHI,1,0.68421
22301068,2023-24,2024-03-29,MIA,POR,1,0.83833
22301069,2023-24,2024-03-29,OKC,PHX,1,0.5444
22301070,2023-24,2024-03-29,SAS,NYK,1,0.34458
22301071,2023-24,2024-03-29,DEN,MIN,0,0.56858
22301072,2023-24,2024-03-29,UTA,HOU,0,0.43898
22301073,2023-24,2024-03-29,SAC,DAL,0,0.39155
22301074,2023-24,2024-03-30,NOP,BOS,0,0.38449
22301075,2023-24,2024-03-30,ORL,MEM,1,0.79352
22301076,2023-24,2024-03-30,ATL,MIL,0,0.27049
22301077,2023-24,2024-03-31,DEN,CLE,1,0.5354
22301078,2023-24,2024-03-31,BKN,LAL,0,0.4003
22301079,2023-24,2024-03-31,CHA,LAC,0,0.16018
22301080,2023-24,2024-03-31,TOR,PHI,0,0.27259
22301081,2023-24,2024-03-31,WAS,MIA,0,0.23717
22301082,2023-24,2024-03-31,NYK,OKC,0,0.53831
22301083,2023-24,2024-03-31,HOU,DAL,0,0.38668
22301084,2023-24,2024-03-31,MIN,CHI,0,0.74154
22301085,2023-24,2024-03-31,SAS,GSW,0,0.35715
22301086,2023-24,2024-03-31,SAC,UTA,1,0.71828
22301087,2023-24,2024-04-01,CHA,BOS,0,0.0556
22301088,2023-24,2024-04-01,DET,MEM,0,0.55354
22301089,2023-24,2024-04-01,IND,BKN,1,0.78814
22301090,2023-24,2024-04-01,ORL,POR,1,0.85102
22301091,2023-24,2024-04-01,CHI,ATL,0,0.59843
22301092,2023-24,2024-04-01,NOP,PHX,0,0.55865
22300589,2023-24,2024-04-02,GSW,DAL,1,0.46784
22301093,2023-24,2024-04-02,PHI,OKC,1,0.26722
22301094,2023-24,2024-04-02,TOR,LAL,0,0.15183
22301095,2023-24,2024-04-02,WAS,MIL,1,0.17892
22301096,2023-24,2024-04-02,MIA,NYK,1,0.52593
22301098,2023-24,2024-04-02,MIN,HOU,1,0.68166
22301099,2023-24,2024-04-02,DEN,SAS,1,0.81367
22301100,2023-24,2024-04-02,UTA,CLE,0,0.23104
22301101,2023-24,2024-04-02,SAC,LAC,1,0.45883
22301102,2023-24,2024-04-03,CHA,POR,0,0.53238
22301103,2023-24,2024-04-03,WAS,LAL,0,0.20205
22301104,2023-24,2024-04-03,ATL,DET,1,0.78016
22301105,2023-24,2024-04-03,BOS,OKC,1,0.80947
22301106,2023-24,2024-04-03,BKN,IND,1,0.32664
22301107,2023-24,2024-04-03,MIL,MEM,0,0.83478
22301108,2023-24,2024-04-03,MIN,TOR,1,0.89487
22301109,2023-24,2024-04-03,NOP,ORL,0,0.62424
22301110,2023-24,2024-04-03,PHX,CLE,1,0.67176
22301111,2023-24,2024-04-04,MIA,PHI,0,0.62175
22301112,2023-24,2024-04-04,NYK,SAC,1,0.62106
22301113,2023-24,2024-04-04,HOU,GSW,0,0.45479
22301114,2023-24,2024-04-04,LAC,DEN,1,0.48142
22301124,2023-24,2024-04-04,DAL,ATL,1,0.82756
22301097,2023-24,2024-04-05,DAL,GSW,1,0.61844
22301115,2023-24,2024-04-05,CHA,ORL,1,0.15765
22301116,2023-24,2024-04-05,IND,OKC,1,0.58644
22301117,2023-24,2024-04-05,WAS,POR,0,0.57666
22301118,2023-24,2024-04-05,BOS,SAC,1,0.86447
22301119,2023-24,2024-04-05,CHI,NYK,1,0.48178
22301120,2023-24,2024-04-05,HOU,MIA,0,0.49008
22301121,2023-24,2024-04-05,MEM,DET,1,0.61453
22301122,2023-24,2024-04-05,MIL,TOR,0,0.86637
22301123,2023-24,2024-04-05,NOP,SAS,0,0.80871
22301125,2023-24,2024-04-05,PHX,MIN,1,0.58519
22301126,2023-24,2024-04-05,LAC,UTA,1,0.72277
22301127,2023-24,2024-04-06,LAL,CLE,1,0.50924
22301128,2023-24,2024-04-06,BKN,DET,1,0.85315
22301129,2023-24,2024-04-06,MEM,PHI,0,0.1772
22301130,2023-24,2024-04-06,DEN,ATL,1,0.7703
22301131,2023-24,2024-04-07,DAL,HOU,1,0.70227
22301132,2023-24,2024-04-07,LAC,CLE,1,0.51552
22301133,2023-24,2024-04-07,IND,MIA,1,0.5626
22301134,2023-24,2024-04-07,BOS,POR,1,0.94579
22301135,2023-24,2024-04-07,CHA,OKC,0,0.20444
22301136,2023-24,2024-04-07,ORL,CHI,1,0.65245
22301137,2023-24,2024-04-07,TOR,WAS,1,0.53884
22301138,2023-24,2024-04-07,PHX,NOP,0,0.6456
22301139,2023-24,2024-04-07,MIL,NYK,0,0.441
22301140,2023-24,2024-04-07,SAS,PHI,0,0.4094
22301141,2023-24,2024-04-07,BKN,SAC,0,0.38836
22301142,2023-24,2024-04-07,GSW,UTA,1,0.83204
22301143,2023-24,2024-04-07,LAL,MIN,0,0.48712
22301144,2023-24,2024-04-09,CHA,DAL,0,0.13591
22301145,2023-24,2024-04-09,PHI,DET,1,0.86027
22301146,2023-24,2024-04-09,TOR,IND,0,0.16786
22301147,2023-24,2024-04-09,ATL,MIA,0,0.34871
22301148,2023-24,2024-04-09,MIL,BOS,1,0.37639
22301149,2023-24,2024-04-09,CHI,NYK,0,0.31385
22301150,2023-24,2024-04-09,HOU,ORL,1,0.43365
22301151,2023-24,2024-04-09,MEM,SAS,0,0.39317
22301152,2023-24,2024-04-09,MIN,WAS,1,0.89529
22301153,2023-24,2024-04-09,OKC,SAC,1,0.58634
22301154,2023-24,2024-04-09,UTA,DEN,0,0.14351
22301155,2023-24,2024-04-09,LAL,GSW,0,0.49663
22301156,2023-24,2024-04-09,PHX,LAC,0,0.68898
22301157,2023-24,2024-04-09,POR,NOP,0,0.14465
22301158,2023-24,2024-04-10,CLE,MEM,1,0.91672
22301159,2023-24,2024-04-10,ATL,CHA,0,0.75927
22301160,2023-24,2024-04-10,BKN,TOR,1,0.8221
22301161,2023-24,2024-04-10,MIA,DAL,0,0.5082
22301162,2023-24,2024-04-10,MIL,ORL,1,0.63663
22301163,2023-24,2024-04-10,OKC,SAS,1,0.84869
22301164,2023-24,2024-04-10,DEN,MIN,1,0.58728
22301165,2023-24,2024-04-10,LAC,PHX,0,0.43699
22301166,2023-24,2024-04-11,DET,CHI,0,0.22411
22301167,2023-24,2024-04-11,BOS,NYK,0,0.6477
22301168,2023-24,2024-04-11,UTA,HOU,1,0.26022
22301169,2023-24,2024-04-11,POR,GSW,0,0.13307
22301170,2023-24,2024-04-11,SAC,NOP,0,0.44648
22301171,2023-24,2024-04-12,PHI,ORL,1,0.61995
22301172,2023-24,2024-04-12,WAS,CHI,0,0.36065
22301173,2023-24,2024-04-12,BOS,CHA,1,0.93411
22301174,2023-24,2024-04-12,CLE,IND,1,0.54348
22301175,2023-24,2024-04-12,NYK,BKN,1,0.77241
22301176,2023-24,2024-04-12,MIA,TOR,1,0.89522
22301177,2023-24,2024-04-12,MEM,LAL,0,0.17119
22301178,2023-24,2024-04-12,MIN,ATL,1,0.76916
22301179,2023-24,2024-04-12,OKC,MIL,1,0.71235
22301180,2023-24,2024-04-12,SAS,DEN,1,0.16509
22301181,2023-24,2024-04-12,DAL,DET,0,0.95233
22301182,2023-24,2024-04-12,GSW,NOP,0,0.51866
22301183,2023-24,2024-04-12,POR,HOU,0,0.25024
22301184,2023-24,2024-04-12,LAC,UTA,0,0.79379
22301185,2023-24,2024-04-12,SAC,PHX,0,0.36304
22301186,2023-24,2024-04-14,BOS,WAS,1,0.91098
22301187,2023-24,2024-04-14,CLE,CHA,0,0.90568
22301188,2023-24,2024-04-14,IND,ATL,1,0.77297
22301189,2023-24,2024-04-14,MIA,TOR,1,0.8871
22301190,2023-24,2024-04-14,NYK,CHI,1,0.81288
22301191,2023-24,2024-04-14,ORL,MIL,1,0.65208
22301192,2023-24,2024-04-14,PHI,BKN,1,0.79992
22301193,2023-24,2024-04-14,MEM,DEN,0,0.0944
22301194,2023-24,2024-04-14,MIN,PHX,0,0.59633
22301195,2023-24,2024-04-14,NOP,LAL,0,0.61484
22301196,2023-24,2024-04-14,OKC,DAL,1,0.70161
22301197,2023-24,2024-04-14,SAS,DET,1,0.77338
22301198,2023-24,2024-04-14,GSW,UTA,1,0.88605
22301199,2023-24,2024-04-14,LAC,HOU,0,0.65515
22301200,2023-24,2024-04-14,SAC,POR,1,0.86383
52300121,2023-24,2024-04-16,NOP,LAL,0,0.65418
52300131,2023-24,2024-04-16,SAC,GSW,1,0.54752
52300101,2023-24,2024-04-17,PHI,MIA,1,0.5421
52300111,2023-24,2024-04-17,CHI,ATL,1,0.6612
52300201,2023-24,2024-04-19,MIA,CHI,1,0.70567
52300211,2023-24,2024-04-19,NOP,SAC,1,0.70668
42300111,2023-24,2024-04-20,NYK,PHI,1,0.68706
42300131,2023-24,2024-04-20,CLE,ORL,1,0.53514
42300151,2023-24,2024-04-20,DEN,LAL,1,0.68567
42300161,2023-24,2024-04-20,MIN,PHX,1,0.59546
42300101,2023-24,2024-04-21,BOS,MIA,1,0.639
42300121,2023-24,2024-04-21,MIL,IND,1,0.44486
42300141,2023-24,2024-04-21,OKC,NOP,1,0.65542
42300171,2023-24,2024-04-21,LAC,DAL,1,0.56229
42300112,2023-24,2024-04-22,NYK,PHI,1,0.69169
42300132,2023-24,2024-04-22,CLE,ORL,1,0.66583
42300152,2023-24,2024-04-22,DEN,LAL,1,0.69852
42300122,2023-24,2024-04-23,MIL,IND,0,0.4752
42300162,2023-24,2024-04-23,MIN,PHX,1,0.61059
42300172,2023-24,2024-04-23,LAC,DAL,0,0.47024
42300102,2023-24,2024-04-24,BOS,MIA,0,0.79973
42300142,2023-24,2024-04-24,OKC,NOP,1,0.667
42300113,2023-24,2024-04-25,PHI,NYK,1,0.47846
42300133,2023-24,2024-04-25,ORL,CLE,1,0.51582
42300153,2023-24,2024-04-25,LAL,DEN,0,0.48346
42300123,2023-24,2024-04-26,IND,MIL,1,0.739
42300163,2023-24,2024-04-26,PHX,MIN,0,0.56926
42300173,2023-24,2024-04-26,DAL,LAC,1,0.61818
42300103,2023-24,2024-04-27,MIA,BOS,0,0.37581
42300134,2023-24,2024-04-27,ORL,CLE,1,0.56033
42300143,2023-24,2024-04-27,NOP,OKC,0,0.48053
42300154,2023-24,2024-04-27,LAL,DEN,1,0.47366
42300114,2023-24,2024-04-28,PHI,NYK,0,0.49648
42300124,2023-24,2024-04-28,IND,MIL,1,0.75267
42300164,2023-24,2024-04-28,PHX,MIN,0,0.50967
42300174,2023-24,2024-04-28,DAL,LAC,0,0.64728
42300104,2023-24,2024-04-29,MIA,BOS,0,0.33872
42300144,2023-24,2024-04-29,NOP,OKC,0,0.44797
42300155,2023-24,2024-04-29,DEN,LAL,1,0.68166
42300115,2023-24,2024-04-30,NYK,PHI,0,0.68474
42300125,2023-24,2024-04-30,MIL,IND,1,0.34652
42300135,2023-24,2024-04-30,CLE,ORL,1,0.6011
42300105,2023-24,2024-05-01,BOS,MIA,1,0.80472
42300175,2023-24,2024-05-01,LAC,DAL,0,0.49369
42300116,2023-24,2024-05-02,PHI,NYK,0,0.49564
42300126,2023-24,2024-05-02,IND,MIL,1,0.7674
42300136,2023-24,2024-05-03,ORL,CLE,1,0.62706
42300176,2023-24,2024-05-03,DAL,LAC,1,0.71904
42300231,2023-24,2024-05-04,DEN,MIN,0,0.63195
42300137,2023-24,2024-05-05,CLE,ORL,1,0.54744
42300211,2023-24,2024-05-06,NYK,IND,1,0.69289
42300232,2023-24,2024-05-06,DEN,MIN,0,0.62046
42300201,2023-24,2024-05-07,BOS,CLE,1,0.79605
42300221,2023-24,2024-05-07,OKC,DAL,1,0.65388
42300212,2023-24,2024-05-08,NYK,IND,1,0.70612
42300202,2023-24,2024-05-09,BOS,CLE,0,0.78547
42300222,2023-24,2024-05-09,OKC,DAL,0,0.68781
42300213,2023-24,2024-05-10,IND,NYK,1,0.46157
42300233,2023-24,2024-05-10,MIN,DEN,0,0.59331
42300203,2023-24,2024-05-11,CLE,BOS,0,0.43444
42300223,2023-24,2024-05-11,DAL,OKC,1,0.51243
42300214,2023-24,2024-05-12,IND,NYK,1,0.52824
42300234,2023-24,2024-05-12,MIN,DEN,0,0.57829
42300204,2023-24,2024-05-13,CLE,BOS,0,0.42051
42300224,2023-24,2024-05-13,DAL,OKC,0,0.51626
42300215,2023-24,2024-05-14,NYK,IND,1,0.57912
42300235,2023-24,2024-05-14,DEN,MIN,1,0.62669
42300205,2023-24,2024-05-15,BOS,CLE,1,0.7896
42300225,2023-24,2024-05-15,OKC,DAL,0,0.67558
42300236,2023-24,2024-05-16,MIN,DEN,1,0.5123
42300216,2023-24,2024-05-17,IND,NYK,1,0.5733
42300226,2023-24,2024-05-18,DAL,OKC,1,0.53204
42300217,2023-24,2024-05-19,NYK,IND,0,0.59445
42300237,2023-24,2024-05-19,DEN,MIN,0,0.59977
42300301,2023-24,2024-05-21,BOS,IND,1,0.68518
42300311,2023-24,2024-05-22,MIN,DAL,0,0.66382
42300302,2023-24,2024-05-23,BOS,IND,1,0.68149
42300312,2023-24,2024-05-24,MIN,DAL,0,0.64212
42300303,2023-24,2024-05-25,IND,BOS,0,0.48178
42300313,2023-24,2024-05-26,DAL,MIN,1,0.54807
42300304,2023-24,2024-05-27,IND,BOS,0,0.42751
42300314,2023-24,2024-05-28,DAL,MIN,0,0.56355
42300315,2023-24,2024-05-30,MIN,DAL,0,0.65323
42300401,2023-24,2024-06-06,BOS,DAL,1,0.63688
42300402,2023-24,2024-06-09,BOS,DAL,1,0.69999
42300403,2023-24,2024-06-12,DAL,BOS,0,0.47912
42300404,2023-24,2024-06-14,DAL,BOS,1,0.49597
42300405,2023-24,2024-06-17,BOS,DAL,1,0.64691
22400061,2024-25,2024-10-22,BOS,NYK,1,0.60828
22400062,2024-25,2024-10-22,LAL,MIN,1,0.4799
22400063,2024-25,2024-10-23,DET,IND,0,0.45295
22400064,2024-25,2024-10-23,ATL,BKN,1,0.54601
22400065,2024-25,2024-10-23,MIA,ORL,0,0.56625
22400066,2024-25,2024-10-23,PHI,MIL,0,0.61114
22400067,2024-25,2024-10-23,TOR,CLE,0,0.46609
22400068,2024-25,2024-10-23,HOU,CHA,0,0.65321
22400069,2024-25,2024-10-23,NOP,CHI,1,0.59352
22400070,2024-25,2024-10-23,UTA,MEM,0,0.51553
22400071,2024-25,2024-10-23,LAC,PHX,0,0.56209
22400072,2024-25,2024-10-23,POR,GSW,0,0.44209
22400073,2024-25,2024-10-24,WAS,BOS,0,0.33855
22400074,2024-25,2024-10-24,DAL,SAS,1,0.67018
22400075,2024-25,2024-10-24,DEN,OKC,0,0.48379
22400076,2024-25,2024-10-24,SAC,MIN,0,0.55421
22400077,2024-25,2024-10-25,ORL,BKN,1,0.69547
22400078,2024-25,2024-10-25,TOR,PHI,1,0.41774
22400079,2024-25,2024-10-25,ATL,CHA,1,0.70837
22400080,2024-25,2024-10-25,CLE,DET,1,0.73594
22400081,2024-25,2024-10-25,NYK,IND,1,0.53391
22400082,2024-25,2024-10-25,HOU,MEM,1,0.57768
22400083,2024-25,2024-10-25,MIL,CHI,0,0.71432
22400084,2024-25,2024-10-25,UTA,GSW,0,0.40813
22400085,2024-25,2024-10-25,LAL,PHX,1,0.60126
22400086,2024-25,2024-10-25,POR,NOP,0,0.35624
22400087,2024-25,2024-10-26,DEN,LAC,0,0.68736
22400088,2024-25,2024-10-26,CHA,MIA,0,0.29656
22400089,2024-25,2024-10-26,DET,BOS,0,0.24283
22400090,2024-25,2024-10-26,WAS,CLE,0,0.27357
22400091,2024-25,2024-10-26,CHI,OKC,0,0.30351
22400092,2024-25,2024-10-26,MEM,ORL,1,0.42211
22400093,2024-25,2024-10-26,MIN,TOR,1,0.8293
22400094,2024-25,2024-10-26,SAS,HOU,1,0.50632
22400095,2024-25,2024-10-26,PHX,DAL,1,0.45669
22400096,2024-25,2024-10-26,LAL,SAC,1,0.53204
22400097,2024-25,2024-10-27,IND,PHI,0,0.66809
22400098,2024-25,2024-10-27,BKN,MIL,1,0.36164
22400099,2024-25,2024-10-27,POR,NOP,1,0.32318
22400100,2024-25,2024-10-27,OKC,ATL,1,0.67817
22400101,2024-25,2024-10-27,GSW,LAC,0,0.73446
22400102,2024-25,2024-10-28,ORL,IND,1,0.63385
22400103,2024-25,2024-10-28,ATL,WAS,0,0.66401
22400104,2024-25,2024-10-28,BOS,MIL,1,0.7073
22400105,2024-25,2024-10-28,MIA,DET,1,0.70331
22400106,2024-25,2024-10-28,NYK,CLE,0,0.56652
22400107,2024-25,2024-10-28,TOR,DEN,0,0.28027
22400108,2024-25,2024-10-28,MEM,CHI,0,0.57651
22400109,2024-25,2024-10-28,SAS,HOU,0,0.43259
22400110,2024-25,2024-10-28,DAL,UTA,1,0.77789
22400111,2024-25,2024-10-28,PHX,LAL,1,0.48226
22400112,2024-25,2024-10-28,SAC,POR,1,0.83759
22400113,2024-25,2024-10-29,BKN,DEN,0,0.42961
22400114,2024-25,2024-10-29,MIN,DAL,0,0.61834
22400115,2024-25,2024-10-29,UTA,SAC,0,0.29918
22400116,2024-25,2024-10-29,GSW,NOP,1,0.64211
22400117,2024-25,2024-10-30,CHA,TOR,1,0.57489
22400118,2024-25,2024-10-30,CLE,LAL,1,0.54067
22400119,2024-25,2024-10-30,IND,BOS,1,0.44701
22400120,2024-25,2024-10-30,PHI,DET,0,0.66085
22400121,2024-25,2024-10-30,WAS,ATL,1,0.42464
22400122,2024-25,2024-10-30,MIA,NYK,0,0.46628
22400123,2024-25,2024-10-30,CHI,ORL,1,0.47104
22400124,2024-25,2024-10-30,MEM,BKN,0,0.65247
22400125,2024-25,2024-10-30,OKC,SAS,1,0.82442
22400126,2024-25,2024-10-30,GSW,NOP,1,0.65853
22400127,2024-25,2024-10-30,LAC,POR,0,0.72479
22400128,2024-25,2024-10-31,MEM,MIL,1,0.37722
22400129,2024-25,2024-10-31,DAL,HOU,0,0.65368
22400130,2024-25,2024-10-31,UTA,SAS,0,0.59794
22400131,2024-25,2024-10-31,LAC,PHX,0,0.33527
22400132,2024-25,2024-11-01,CHA,BOS,0,0.226
22400133,2024-25,2024-11-01,CLE,ORL,1,0.66512
22400134,2024-25,2024-11-01,DET,NYK,0,0.31399
22400135,2024-25,2024-11-01,ATL,SAC,0,0.2836
22400136,2024-25,2024-11-01,BKN,CHI,1,0.52612
22400137,2024-25,2024-11-01,TOR,LAL,0,0.24652
22400138,2024-25,2024-11-01,NOP,IND,1,0.43494
22400139,2024-25,2024-11-01,MIN,DEN,1,0.51166
22400140,2024-25,2024-11-01,POR,OKC,0,0.24974
22400141,2024-25,2024-11-02,CHA,BOS,0,0.22241
22400142,2024-25,2024-11-02,PHI,MEM,0,0.54882
22400143,2024-25,2024-11-02,TOR,SAC,1,0.21806
22400144,2024-25,2024-11-02,HOU,GSW,0,0.51873
22400145,2024-25,2024-11-02,MIL,CLE,0,0.45664
22400146,2024-25,2024-11-02,SAS,MIN,1,0.41701
22400148,2024-25,2024-11-02,DEN,UTA,1,0.81293
22400149,2024-25,2024-11-02,PHX,POR,1,0.84222
22400150,2024-25,2024-11-02,LAC,OKC,0,0.43799
22400151,2024-25,2024-11-03,BKN,DET,0,0.62714
22400152,2024-25,2024-11-03,NOP,ATL,0,0.6394
22400153,2024-25,2024-11-03,DAL,ORL,1,0.68478
22400154,2024-25,2024-11-04,CLE,MIL,1,0.71097
22400155,2024-25,2024-11-04,WAS,GSW,0,0.27275
22400156,2024-25,2024-11-04,DET,LAL,1,0.27407
22400157,2024-25,2024-11-04,ATL,BOS,0,0.19582
22400158,2024-25,2024-11-04,BKN,MEM,1,0.43844
22400159,2024-25,2024-11-04,MIA,SAC,0,0.45016
22400160,2024-25,2024-11-04,CHI,UTA,0,0.78095
22400161,2024-25,2024-11-04,HOU,NYK,1,0.39916
22400162,2024-25,2024-11-04,MIN,CHA,1,0.7959
22400163,2024-25,2024-11-04,OKC,ORL,1,0.77617
22400164,2024-25,2024-11-04,NOP,POR,0,0.52612
22400165,2024-25,2024-11-04,DAL,IND,0,0.57195
22400166,2024-25,2024-11-04,DEN,TOR,1,0.80473
22400167,2024-25,2024-11-04,PHX,PHI,1,0.75822
22400168,2024-25,2024-11-04,LAC,SAS,1,0.63433
22400169,2024-25,2024-11-06,CHA,DET,1,0.3956
22400170,2024-25,2024-11-06,IND,ORL,1,0.62408
22400171,2024-25,2024-11-06,ATL,NYK,1,0.27414
22400172,2024-25,2024-11-06,BOS,GSW,0,0.64306
22400173,2024-25,2024-11-06,HOU,SAS,1,0.70812
22400174,2024-25,2024-11-06,MEM,LAL,1,0.41685
22400175,2024-25,2024-11-06,NOP,CLE,0,0.26396
22400176,2024-25,2024-11-06,DAL,CHI,1,0.73469
22400177,2024-25,2024-11-06,DEN,OKC,1,0.41702
22400178,2024-25,2024-11-06,PHX,MIA,1,0.68092
22400179,2024-25,2024-11-06,LAC,PHI,1,0.55938
22400180,2024-25,2024-11-06,SAC,TOR,1,0.84404
22400181,2024-25,2024-11-07,CHI,MIN,0,0.30644
22400182,2024-25,2024-11-07,MIL,UTA,1,0.73526
22400183,2024-25,2024-11-07,SAS,POR,1,0.48115
22400184,2024-25,2024-11-08,CHA,IND,1,0.31747
22400185,2024-25,2024-11-08,DET,ATL,1,0.62315
22400186,2024-25,2024-11-08,ORL,NOP,1,0.66853
22400187,2024-25,2024-11-08,BOS,BKN,1,0.78154
22400188,2024-25,2024-11-08,CLE,GSW,1,0.62448
22400189,2024-25,2024-11-08,NYK,MIL,1,0.74512
22400190,2024-25,2024-11-08,DAL,PHX,0,0.50151
22400191,2024-25,2024-11-08,MEM,WAS,1,0.75048
22400192,2024-25,2024-11-08,OKC,HOU,1,0.69525
22400193,2024-25,2024-11-08,MIN,POR,1,0.77743
22400194,2024-25,2024-11-08,DEN,MIA,1,0.5831
22400195,2024-25,2024-11-08,LAL,PHI,1,0.60572
22400196,2024-25,2024-11-08,SAC,LAC,0,0.68898
22400197,2024-25,2024-11-09,SAS,UTA,0,0.63641
22400198,2024-25,2024-11-09,ATL,CHI,0,0.48088
22400199,2024-25,2024-11-09,CLE,BKN,1,0.78881
22400200,2024-25,2024-11-09,LAC,TOR,1,0.71803
22400201,2024-25,2024-11-10,DET,HOU,0,0.42887
22400202,2024-25,2024-11-10,MIL,BOS,0,0.33345
22400203,2024-25,2024-11-10,IND,NYK,1,0.40006
22400204,2024-25,2024-11-10,ORL,WAS,1,0.76924
22400205,2024-25,2024-11-10,PHI,CHA,1,0.62862
22400206,2024-25,2024-11-10,MIN,MIA,0,0.66524
22400207,2024-25,2024-11-10,OKC,GSW,0,0.63993
22400208,2024-25,2024-11-10,DEN,DAL,1,0.5506
22400209,2024-25,2024-11-10,PHX,SAC,0,0.57988
22400210,2024-25,2024-11-10,POR,MEM,0,0.44427
22400211,2024-25,2024-11-10,LAL,TOR,1,0.84228
22400212,2024-25,2024-11-11,CHI,CLE,0,0.29255
22400213,2024-25,2024-11-11,HOU,WAS,1,0.81615
22400214,2024-25,2024-11-11,NOP,BKN,0,0.47252
22400215,2024-25,2024-11-11,OKC,LAC,1,0.65585
22400216,2024-25,2024-11-11,SAS,SAC,1,0.37553
22400001,2024-25,2024-11-12,BOS,ATL,0,0.84594
22400002,2024-25,2024-11-12,DET,MIA,1,0.50076
22400003,2024-25,2024-11-12,ORL,CHA,1,0.74052
22400004,2024-25,2024-11-12,PHI,NYK,0,0.33395
22400005,2024-25,2024-11-12,MIL,TOR,1,0.70525
22400006,2024-25,2024-11-12,UTA,PHX,0,0.29057
22400007,2024-25,2024-11-12,GSW,DAL,1,0.61065
22400008,2024-25,2024-11-12,POR,MIN,1,0.29649
22400217,2024-25,2024-11-13,ORL,IND,1,0.48161
22400218,2024-25,2024-11-13,BKN,BOS,0,0.32034
22400219,2024-25,2024-11-13,NYK,CHI,0,0.6867
22400220,2024-25,2024-11-13,PHI,CLE,0,0.25292
22400221,2024-25,2024-11-13,OKC,NOP,1,0.83037
22400222,2024-25,2024-11-13,HOU,LAC,1,0.57461
22400223,2024-25,2024-11-13,MIL,DET,1,0.55724
22400224,2024-25,2024-11-13,SAS,WAS,1,0.7299
22400225,2024-25,2024-11-13,LAL,MEM,1,0.65493
22400226,2024-25,2024-11-13,POR,MIN,1,0.33142
22400227,2024-25,2024-11-13,SAC,PHX,1,0.66241
22400228,2024-25,2024-11-14,UTA,DAL,1,0.24437
22400009,2024-25,2024-11-15,IND,MIA,0,0.6047
22400010,2024-25,2024-11-15,ORL,PHI,1,0.71865
22400011,2024-25,2024-11-15,TOR,DET,0,0.43606
22400012,2024-25,2024-11-15,ATL,WAS,1,0.69931
22400013,2024-25,2024-11-15,CLE,CHI,1,0.78412
22400014,2024-25,2024-11-15,NYK,BKN,1,0.77416
22400015,2024-25,2024-11-15,SAS,LAL,0,0.39793
22400016,2024-25,2024-11-15,HOU,LAC,1,0.60735
22400017,2024-25,2024-11-15,NOP,DEN,1,0.2777
22400018,2024-25,2024-11-15,OKC,PHX,1,0.67704
22400019,2024-25,2024-11-15,GSW,MEM,1,0.72061
22400020,2024-25,2024-11-15,SAC,MIN,0,0.6249
22400229,2024-25,2024-11-16,CHA,MIL,1,0.4369
22400230,2024-25,2024-11-16,BOS,TOR,1,0.92495
22400231,2024-25,2024-11-16,NOP,LAL,0,0.31468
22400232,2024-25,2024-11-16,DAL,SAS,1,0.75343
22400233,2024-25,2024-11-16,SAC,UTA,1,0.73568
22400234,2024-25,2024-11-17,MIN,PHX,1,0.59576
22400235,2024-25,2024-11-17,IND,MIA,1,0.58629
22400236,2024-25,2024-11-17,CLE,CHA,1,0.88367
22400237,2024-25,2024-11-17,WAS,DET,0,0.37141
22400238,2024-25,2024-11-17,MEM,DEN,1,0.64186
22400239,2024-25,2024-11-17,POR,ATL,1,0.48518
22400240,2024-25,2024-11-17,NYK,BKN,1,0.73349
22400241,2024-25,2024-11-17,CHI,HOU,0,0.39015
22400242,2024-25,2024-11-17,OKC,DAL,0,0.6628
22400243,2024-25,2024-11-17,LAC,UTA,1,0.79841
22400244,2024-25,2024-11-18,DET,CHI,0,0.58753
22400245,2024-25,2024-11-18,MIA,PHI,1,0.46147
22400246,2024-25,2024-11-18,NYK,WAS,1,0.87189
22400247,2024-25,2024-11-18,TOR,IND,1,0.38232
22400248,2024-25,2024-11-18,MIL,HOU,1,0.41851
22400249,2024-25,2024-11-18,PHX,ORL,0,0.45368
22400250,2024-25,2024-11-18,SAC,ATL,0,0.71924
22400251,2024-25,2024-11-18,LAC,GSW,1,0.32865
22400021,2024-25,2024-11-19,BOS,CLE,1,0.64492
22400022,2024-25,2024-11-19,BKN,CHA,1,0.65175
22400023,2024-25,2024-11-19,MEM,DEN,0,0.68883
22400024,2024-25,2024-11-19,DAL,NOP,1,0.79501
22400025,2024-25,2024-11-19,SAS,OKC,1,0.30747
22400026,2024-25,2024-11-19,LAL,UTA,1,0.81369
22400252,2024-25,2024-11-20,CLE,NOP,1,0.87186
22400253,2024-25,2024-11-20,MIL,CHI,1,0.63133
22400254,2024-25,2024-11-20,HOU,IND,1,0.71672
22400255,2024-25,2024-11-20,MEM,PHI,1,0.5476
22400256,2024-25,2024-11-20,OKC,POR,1,0.7688
22400257,2024-25,2024-11-20,PHX,NYK,0,0.39292
22400258,2024-25,2024-11-20,GSW,ATL,1,0.74869
22400259,2024-25,2024-11-20,LAC,ORL,1,0.51831
22400260,2024-25,2024-11-21,CHA,DET,1,0.42244
22400261,2024-25,2024-11-21,TOR,MIN,1,0.2851
22400262,2024-25,2024-11-21,SAS,UTA,1,0.66481
22400263,2024-25,2024-11-21,LAL,ORL,0,0.65815
22400027,2024-25,2024-11-22,PHI,BKN,1,0.62849
22400028,2024-25,2024-11-22,WAS,BOS,0,0.12324
22400029,2024-25,2024-11-22,MIL,IND,1,0.61606
22400030,2024-25,2024-11-22,CHI,ATL,1,0.52776
22400031,2024-25,2024-11-22,HOU,POR,1,0.81433
22400032,2024-25,2024-11-22,NOP,GSW,0,0.17169
22400033,2024-25,2024-11-22,DEN,DAL,0,0.32729
22400034,2024-25,2024-11-22,LAC,SAC,1,0.57408
22400264,2024-25,2024-11-23,UTA,NYK,1,0.19757
22400265,2024-25,2024-11-23,ORL,DET,1,0.6384
22400266,2024-25,2024-11-23,CHI,MEM,0,0.39973
22400267,2024-25,2024-11-23,HOU,POR,0,0.8061
22400268,2024-25,2024-11-23,MIL,CHA,1,0.68333
22400269,2024-25,2024-11-23,SAS,GSW,1,0.37178
22400270,2024-25,2024-11-23,LAL,DEN,0,0.606
22400271,2024-25,2024-11-24,BOS,MIN,1,0.73632
22400272,2024-25,2024-11-24,IND,WAS,1,0.75579
22400273,2024-25,2024-11-24,MIA,DAL,1,0.52081
22400274,2024-25,2024-11-24,PHI,LAC,0,0.4757
22400275,2024-25,2024-11-24,CLE,TOR,1,0.83568
22400276,2024-25,2024-11-24,SAC,BKN,0,0.70076
22400277,2024-25,2024-11-25,CHA,ORL,0,0.33675
22400278,2024-25,2024-11-25,DET,TOR,1,0.68236
22400279,2024-25,2024-11-25,IND,NOP,1,0.65597
22400280,2024-25,2024-11-25,ATL,DAL,0,0.53273
22400281,2024-25,2024-11-25,BOS,LAC,1,0.76048
22400282,2024-25,2024-11-25,MEM,POR,1,0.71685
22400283,2024-25,2024-11-25,DEN,NYK,0,0.53552
22400284,2024-25,2024-11-25,GSW,BKN,0,0.82178
22400285,2024-25,2024-11-25,SAC,OKC,0,0.36051
22400035,2024-25,2024-11-26,WAS,CHI,0,0.34206
22400036,2024-25,2024-11-26,MIA,MIL,0,0.55918
22400037,2024-25,2024-11-26,MIN,HOU,0,0.46181
22400038,2024-25,2024-11-26,UTA,SAS,0,0.41182
22400039,2024-25,2024-11-26,PHX,LAL,1,0.5021
22400286,2024-25,2024-11-27,CHA,MIA,0,0.39924
22400287,2024-25,2024-11-27,CLE,ATL,0,0.79724
22400288,2024-25,2024-11-27,IND,POR,1,0.65509
22400289,2024-25,2024-11-27,ORL,CHI,1,0.74171
22400290,2024-25,2024-11-27,PHI,HOU,0,0.36906
22400291,2024-25,2024-11-27,WAS,LAC,0,0.21118
22400292,2024-25,2024-11-27,DAL,NYK,1,0.43493
22400293,2024-25,2024-11-27,MEM,DET,1,0.76248
22400294,2024-25,2024-11-27,MIN,SAC,0,0.42452
22400295,2024-25,2024-11-27,NOP,TOR,0,0.51438
22400296,2024-25,2024-11-27,SAS,LAL,0,0.51367
22400297,2024-25,2024-11-27,PHX,BKN,0,0.71181
22400298,2024-25,2024-11-27,UTA,DEN,0,0.25526
22400299,2024-25,2024-11-27,GSW,OKC,0,0.45011
22400040,2024-25,2024-11-29,CHA,NYK,0,0.24819
22400041,2024-25,2024-11-29,ATL,CLE,1,0.33315
22400042,2024-25,2024-11-29,MEM,NOP,1,0.82052
22400043,2024-25,2024-11-29,BKN,ORL,0,0.36505
22400044,2024-25,2024-11-29,MIN,LAC,1,0.57412
22400045,2024-25,2024-11-29,IND,DET,0,0.66248
22400046,2024-25,2024-11-29,MIA,TOR,1,0.72172
22400047,2024-25,2024-11-29,CHI,BOS,0,0.23526
22400048,2024-25,2024-11-29,LAL,OKC,0,0.39195
22400049,2024-25,2024-11-29,POR,SAC,1,0.36701
22400300,2024-25,2024-11-30,CHA,ATL,0,0.33852
22400301,2024-25,2024-11-30,DET,PHI,0,0.56621
22400302,2024-25,2024-11-30,MIL,WAS,1,0.79712
22400303,2024-25,2024-11-30,PHX,GSW,1,0.57397
22400304,2024-25,2024-11-30,UTA,DAL,0,0.28489
22400305,2024-25,2024-12-01,BKN,ORL,0,0.32489
22400306,2024-25,2024-12-01,MEM,IND,1,0.7228
22400307,2024-25,2024-12-01,CLE,BOS,1,0.44137
22400308,2024-25,2024-12-01,NYK,NOP,1,0.84475
22400309,2024-25,2024-12-01,TOR,MIA,1,0.3611
22400310,2024-25,2024-12-01,HOU,OKC,1,0.50401
22400311,2024-25,2024-12-01,UTA,LAL,0,0.28131
22400312,2024-25,2024-12-01,POR,DAL,0,0.42386
22400313,2024-25,2024-12-01,SAC,SAS,0,0.54655
22400314,2024-25,2024-12-01,LAC,DEN,1,0.47368
22400315,2024-25,2024-12-02,ATL,NOP,1,0.78108
22400316,2024-25,2024-12-02,BOS,MIA,1,0.76108
22400317,2024-25,2024-12-02,CHI,BKN,1,0.68105
22400318,2024-25,2024-12-02,MIN,LAL,1,0.68047
22400050,2024-25,2024-12-03,CHA,PHI,0,0.40763
22400051,2024-25,2024-12-03,CLE,WAS,1,0.90136
22400052,2024-25,2024-12-03,DET,MIL,0,0.39507
22400053,2024-25,2024-12-03,NYK,ORL,1,0.57655
22400054,2024-25,2024-12-03,TOR,IND,1,0.45937
22400055,2024-25,2024-12-03,OKC,UTA,1,0.86917
22400056,2024-25,2024-12-03,DAL,MEM,1,0.53433
22400057,2024-25,2024-12-03,PHX,SAS,1,0.64419
22400058,2024-25,2024-12-03,DEN,GSW,1,0.58655
22400059,2024-25,2024-12-03,SAC,HOU,1,0.44681
22400060,2024-25,2024-12-03,LAC,POR,1,0.76019
22400319,2024-25,2024-12-04,BOS,DET,1,0.86839
22400320,2024-25,2024-12-04,BKN,IND,1,0.57449
22400321,2024-25,2024-12-04,MIA,LAL,1,0.53543
22400322,2024-25,2024-12-04,PHI,ORL,0,0.39249
22400323,2024-25,2024-12-04,MIL,ATL,0,0.55447
22400324,2024-25,2024-12-04,LAC,MIN,0,0.53543
22400325,2024-25,2024-12-05,CLE,DEN,1,0.59546
22400326,2024-25,2024-12-05,WAS,DAL,0,0.15295
22400327,2024-25,2024-12-05,NYK,CHA,1,0.86403
22400328,2024-25,2024-12-05,TOR,OKC,0,0.24043
22400329,2024-25,2024-12-05,MEM,SAC,1,0.61078
22400330,2024-25,2024-12-05,NOP,PHX,1,0.26903
22400331,2024-25,2024-12-05,SAS,CHI,0,0.60227
22400332,2024-25,2024-12-05,GSW,HOU,1,0.52263
22400333,2024-25,2024-12-06,PHI,ORL,1,0.32971
22400334,2024-25,2024-12-06,ATL,LAL,1,0.59518
22400335,2024-25,2024-12-06,BOS,MIL,1,0.74882
22400336,2024-25,2024-12-06,CHI,IND,0,0.49867
22400337,2024-25,2024-12-06,SAS,SAC,0,0.42286
22400338,2024-25,2024-12-06,GSW,MIN,0,0.49583
22400339,2024-25,2024-12-06,POR,UTA,0,0.60847
22400340,2024-25,2024-12-07,CHA,CLE,0,0.15208
22400341,2024-25,2024-12-07,WAS,DEN,1,0.13829
22400342,2024-25,2024-12-07,NOP,OKC,0,0.18654
22400343,2024-25,2024-12-07,NYK,DET,0,0.77974
22400344,2024-25,2024-12-07,TOR,DAL,0,0.23322
22400345,2024-25,2024-12-07,BOS,MEM,0,0.65109
22400346,2024-25,2024-12-07,MIA,PHX,1,0.59579
22400347,2024-25,2024-12-08,CHI,PHI,0,0.58919
22400348,2024-25,2024-12-08,BKN,MIL,0,0.40831
22400349,2024-25,2024-12-08,IND,CHA,0,0.79494
22400350,2024-25,2024-12-08,ATL,DEN,0,0.57677
22400351,2024-25,2024-12-08,MIA,CLE,1,0.36973
22400352,2024-25,2024-12-08,ORL,PHX,1,0.69785
22400353,2024-25,2024-12-08,WAS,MEM,0,0.1649
22400354,2024-25,2024-12-08,SAS,NOP,1,0.71336
22400355,2024-25,2024-12-08,GSW,MIN,1,0.61059
22400356,2024-25,2024-12-08,LAC,HOU,0,0.48019
22400357,2024-25,2024-12-08,SAC,UTA,1,0.78244
22400358,2024-25,2024-12-08,LAL,POR,1,0.71909
22400359,2024-25,2024-12-09,TOR,NYK,0,0.30203
22401201,2024-25,2024-12-10,MIL,ORL,1,0.58943
22401203,2024-25,2024-12-10,OKC,DAL,1,0.60858
22401202,2024-25,2024-12-11,NYK,ATL,0,0.72925
22401204,2024-25,2024-12-11,HOU,GSW,1,0.5229
22401205,2024-25,2024-12-12,BOS,DET,1,0.85776
22401206,2024-25,2024-12-12,MIA,TOR,1,0.7505
22401207,2024-25,2024-12-12,NOP,SAC,0,0.30955
22401208,2024-25,2024-12-13,CLE,WAS,1,0.92733
22401209,2024-25,2024-12-13,PHI,IND,0,0.68662
22401210,2024-25,2024-12-13,MIN,LAL,1,0.65926
22401211,2024-25,2024-12-13,MEM,BKN,1,0.69478
22401212,2024-25,2024-12-13,CHI,CHA,1,0.77243
22401213,2024-25,2024-12-13,DEN,LAC,1,0.65967
22401214,2024-25,2024-12-13,UTA,PHX,0,0.41285
22401215,2024-25,2024-12-13,POR,SAS,0,0.34404
22401216,2024-25,2024-12-15,IND,NOP,1,0.68401
22401217,2024-25,2024-12-15,WAS,BOS,0,0.09314
22401218,2024-25,2024-12-15,SAS,MIN,0,0.47329
22401219,2024-25,2024-12-15,PHX,POR,1,0.8305
22401220,2024-25,2024-12-15,LAL,MEM,1,0.37113
22401227,2024-25,2024-12-15,ORL,NYK,0,0.42494
22401228,2024-25,2024-12-15,GSW,DAL,0,0.48891
22401221,2024-25,2024-12-16,DET,MIA,1,0.39734
22401222,2024-25,2024-12-16,CHA,PHI,0,0.30757
22401223,2024-25,2024-12-16,TOR,CHI,0,0.41013
22401224,2024-25,2024-12-16,BKN,CLE,0,0.29637
22401225,2024-25,2024-12-16,SAC,DEN,0,0.42909
22401226,2024-25,2024-12-16,LAC,UTA,1,0.72547
22400360,2024-25,2024-12-19,DET,UTA,0,0.63491
22400361,2024-25,2024-12-19,ORL,OKC,0,0.34885
22400362,2024-25,2024-12-19,WAS,CHA,1,0.39299
22400363,2024-25,2024-12-19,BOS,CHI,0,0.83045
22400364,2024-25,2024-12-19,TOR,BKN,0,0.49532
22400365,2024-25,2024-12-19,HOU,NOP,1,0.84872
22400366,2024-25,2024-12-19,MEM,GSW,1,0.60334
22400367,2024-25,2024-12-19,MIN,NYK,0,0.47218
22400368,2024-25,2024-12-19,DAL,LAC,0,0.72
22400369,2024-25,2024-12-19,PHX,IND,0,0.7102
22400370,2024-25,2024-12-19,SAS,ATL,1,0.50368
22400371,2024-25,2024-12-19,POR,DEN,1,0.22313
22400372,2024-25,2024-12-19,SAC,LAL,0,0.57016
22400373,2024-25,2024-12-20,PHI,CHA,1,0.7946
22400374,2024-25,2024-12-20,CLE,MIL,1,0.71469
22400375,2024-25,2024-12-20,MIA,OKC,0,0.46714
22400376,2024-25,2024-12-21,SAC,LAL,0,0.55342
22400377,2024-25,2024-12-21,ORL,MIA,1,0.58693
22400378,2024-25,2024-12-21,ATL,MEM,0,0.39725
22400379,2024-25,2024-12-21,BKN,UTA,0,0.63153
22400380,2024-25,2024-12-21,CLE,PHI,1,0.74241
22400381,2024-25,2024-12-21,CHI,BOS,0,0.27545
22400382,2024-25,2024-12-21,MIL,WAS,1,0.75769
22400383,2024-25,2024-12-21,MIN,GSW,0,0.49564
22400384,2024-25,2024-12-21,NOP,NYK,0,0.1994
22400385,2024-25,2024-12-21,DAL,LAC,1,0.59368
22400386,2024-25,2024-12-21,SAS,POR,1,0.75593
22400387,2024-25,2024-12-21,PHX,DET,0,0.74627
22400388,2024-25,2024-12-22,TOR,HOU,0,0.23974
22400389,2024-25,2024-12-22,SAC,IND,0,0.55652
22400390,2024-25,2024-12-22,NOP,DEN,0,0.14206
22400391,2024-25,2024-12-23,CHA,HOU,0,0.24785
22400392,2024-25,2024-12-23,CLE,UTA,1,0.8503
22400393,2024-25,2024-12-23,ORL,BOS,1,0.30549
22400394,2024-25,2024-12-23,PHI,SAS,1,0.49143
22400395,2024-25,2024-12-23,ATL,MIN,1,0.48554
22400396,2024-25,2024-12-23,MIA,BKN,1,0.70064
22400397,2024-25,2024-12-23,NYK,TOR,1,0.89622
22400398,2024-25,2024-12-23,CHI,MIL,0,0.59552
22400399,2024-25,2024-12-23,MEM,LAC,0,0.6665
22400400,2024-25,2024-12-23,OKC,WAS,1,0.92054
22400401,2024-25,2024-12-23,DAL,POR,1,0.81642
22400402,2024-25,2024-12-23,DEN,PHX,1,0.61986
22400403,2024-25,2024-12-23,GSW,IND,0,0.74288
22400404,2024-25,2024-12-23,LAL,DET,0,0.67314
22400405,2024-25,2024-12-25,NYK,SAS,1,0.70798
22400406,2024-25,2024-12-25,DAL,MIN,0,0.7291
22400407,2024-25,2024-12-25,BOS,PHI,0,0.76356
22400408,2024-25,2024-12-25,GSW,LAL,0,0.64032
22400409,2024-25,2024-12-25,PHX,DEN,1,0.41377
22400410,2024-25,2024-12-26,IND,OKC,0,0.31531
22400411,2024-25,2024-12-26,ORL,MIA,0,0.55672
22400412,2024-25,2024-12-26,WAS,CHA,1,0.5184
22400413,2024-25,2024-12-26,ATL,CHI,1,0.61409
22400414,2024-25,2024-12-26,MEM,TOR,1,0.84764
22400415,2024-25,2024-12-26,MIL,BKN,0,0.64788
22400416,2024-25,2024-12-26,NOP,HOU,0,0.20631
22400417,2024-25,2024-12-26,POR,UTA,1,0.50407
22400418,2024-25,2024-12-26,SAC,DET,0,0.65608
22400419,2024-25,2024-12-27,ORL,NYK,0,0.30525
22400420,2024-25,2024-12-27,BOS,IND,1,0.84993
22400421,2024-25,2024-12-27,BKN,SAS,0,0.31745
22400422,2024-25,2024-12-27,HOU,MIN,0,0.59496
22400423,2024-25,2024-12-27,NOP,MEM,0,0.1778
22400424,2024-25,2024-12-27,DEN,CLE,0,0.48712
22400425,2024-25,2024-12-27,PHX,DAL,0,0.3531
22400426,2024-25,2024-12-27,LAC,GSW,1,0.514
22400427,2024-25,2024-12-28,ATL,MIA,1,0.55114
22400428,2024-25,2024-12-28,CHA,OKC,0,0.16788
22400429,2024-25,2024-12-28,WAS,NYK,0,0.18558
22400430,2024-25,2024-12-28,CHI,MIL,1,0.55773
22400431,2024-25,2024-12-28,GSW,PHX,1,0.63463
22400432,2024-25,2024-12-28,DEN,DET,1,0.6658
22400433,2024-25,2024-12-28,UTA,PHI,0,0.36945
22400434,2024-25,2024-12-28,POR,DAL,1,0.31345
22400435,2024-25,2024-12-28,LAL,SAC,1,0.58436
22400436,2024-25,2024-12-29,ORL,BKN,1,0.70635
22400437,2024-25,2024-12-29,BOS,IND,0,0.81283
22400438,2024-25,2024-12-29,TOR,ATL,0,0.46037
22400439,2024-25,2024-12-29,HOU,MIA,0,0.74441
22400440,2024-25,2024-12-29,OKC,MEM,1,0.52079
22400441,2024-25,2024-12-29,MIN,SAS,1,0.57493
22400442,2024-25,2024-12-30,CHA,CHI,0,0.31984
22400443,2024-25,2024-12-30,WAS,NYK,0,0.13755
22400444,2024-25,2024-12-30,NOP,LAC,0,0.26516
22400445,2024-25,2024-12-30,UTA,DEN,0,0.27293
22400446,2024-25,2024-12-30,GSW,CLE,0,0.39671
22400447,2024-25,2024-12-30,POR,PHI,0,0.33988
22400448,2024-25,2024-12-30,SAC,DAL,1,0.52839
22400449,2024-25,2024-12-31,BOS,TOR,1,0.86723
22400450,2024-25,2024-12-31,IND,MIL,0,0.54466
22400451,2024-25,2024-12-31,SAS,LAC,1,0.5974
22400452,2024-25,2024-12-31,OKC,MIN,1,0.74668
22400453,2024-25,2024-12-31,PHX,MEM,0,0.38365
22400454,2024-25,2024-12-31,LAL,CLE,0,0.39809
22400455,2024-25,2025-01-01,DET,ORL,1,0.49493
22400456,2024-25,2025-01-01,WAS,CHI,1,0.30395
22400457,2024-25,2025-01-01,MIA,NOP,1,0.76717
22400458,2024-25,2025-01-01,NYK,UTA,1,0.86751
22400459,2024-25,2025-01-01,TOR,BKN,1,0.38428
22400460,2024-25,2025-01-01,HOU,DAL,1,0.72183
22400461,2024-25,2025-01-01,DEN,ATL,1,0.64313
22400462,2024-25,2025-01-01,SAC,PHI,1,0.55246
22400463,2024-25,2025-01-02,MIA,IND,0,0.57033
22400464,2024-25,2025-01-02,MIN,BOS,0,0.38169
22400465,2024-25,2025-01-02,MIL,BKN,0,0.78299
22400466,2024-25,2025-01-02,OKC,LAC,1,0.74464
22400467,2024-25,2025-01-02,GSW,PHI,1,0.71908
22400468,2024-25,2025-01-02,LAL,POR,1,0.72921
22400469,2024-25,2025-01-03,DET,CHA,1,0.73796
22400470,2024-25,2025-01-03,TOR,ORL,0,0.44713
22400471,2024-25,2025-01-03,HOU,BOS,0,0.52675
22400472,2024-25,2025-01-03,NOP,WAS,1,0.54045
22400473,2024-25,2025-01-03,OKC,NYK,1,0.60237
22400474,2024-25,2025-01-03,DAL,CLE,0,0.34772
22400475,2024-25,2025-01-03,DEN,SAS,0,0.63576
22400476,2024-25,2025-01-03,SAC,MEM,1,0.46305
22400477,2024-25,2025-01-03,LAL,ATL,1,0.47323
22400478,2024-25,2025-01-04,BKN,PHI,0,0.45945
22400479,2024-25,2025-01-04,DET,MIN,1,0.38713
22400480,2024-25,2025-01-04,IND,PHX,1,0.6098
22400481,2024-25,2025-01-04,MIA,UTA,0,0.78373
22400482,2024-25,2025-01-04,CHI,NYK,1,0.40543
22400483,2024-25,2025-01-04,MIL,POR,0,0.80007
22400484,2024-25,2025-01-04,SAS,DEN,0,0.46137
22400485,2024-25,2025-01-04,GSW,MEM,1,0.60725
22400486,2024-25,2025-01-04,LAC,ATL,1,0.57624
22400487,2024-25,2025-01-05,OKC,BOS,1,0.56081
22400488,2024-25,2025-01-05,CLE,CHA,1,0.9205
22400489,2024-25,2025-01-05,WAS,NOP,0,0.53838
22400490,2024-25,2025-01-05,ORL,UTA,0,0.7306
22400491,2024-25,2025-01-05,HOU,LAL,1,0.62972
22400492,2024-25,2025-01-05,GSW,SAC,0,0.52625
22400493,2024-25,2025-01-06,DET,POR,1,0.6916
22400494,2024-25,2025-01-06,PHI,PHX,0,0.62015
22400495,2024-25,2025-01-06,BKN,IND,0,0.39469
22400496,2024-25,2025-01-06,NYK,ORL,0,0.81592
22400497,2024-25,2025-01-06,TOR,MIL,0,0.35409
22400498,2024-25,2025-01-06,CHI,SAS,1,0.48779
22400499,2024-25,2025-01-06,MEM,DAL,1,0.63868
22400500,2024-25,2025-01-06,MIN,LAC,1,0.49214
22400501,2024-25,2025-01-06,SAC,MIA,1,0.51334
22400502,2024-25,2025-01-07,CHA,PHX,1,0.38198
22400503,2024-25,2025-01-07,WAS,HOU,0,0.20093
22400504,2024-25,2025-01-07,DAL,LAL,1,0.44294
22400505,2024-25,2025-01-07,NOP,MIN,0,0.3952
22400506,2024-25,2025-01-07,UTA,ATL,0,0.41521
22400507,2024-25,2025-01-07,DEN,BOS,0,0.44601
22400508,2024-25,2025-01-07,GSW,MIA,0,0.70232
22400509,2024-25,2025-01-08,CLE,OKC,1,0.53872
22400510,2024-25,2025-01-08,IND,CHI,1,0.60878
22400511,2024-25,2025-01-08,NYK,TOR,1,0.79958
22400512,2024-25,2025-01-08,PHI,WAS,1,0.82535
22400513,2024-25,2025-01-08,BKN,DET,0,0.41427
22400514,2024-25,2025-01-08,NOP,POR,0,0.50863
22400515,2024-25,2025-01-08,DEN,LAC,1,0.41759
22400516,2024-25,2025-01-08,MIL,SAS,1,0.60544
22400517,2024-25,2025-01-09,CLE,TOR,1,0.86782
22400518,2024-25,2025-01-09,DET,GSW,0,0.41701
22400519,2024-25,2025-01-09,ORL,MIN,0,0.51135
22400520,2024-25,2025-01-09,MEM,HOU,0,0.51787
22400521,2024-25,2025-01-09,DAL,POR,1,0.75832
22400522,2024-25,2025-01-09,PHX,ATL,1,0.55817
22400523,2024-25,2025-01-09,UTA,MIA,0,0.44514
22400525,2024-25,2025-01-10,IND,GSW,1,0.63752
22400526,2024-25,2025-01-10,ORL,MIL,0,0.33317
22400527,2024-25,2025-01-10,PHI,NOP,0,0.66833
22400528,2024-25,2025-01-10,BOS,SAC,0,0.77308
22400529,2024-25,2025-01-10,NYK,OKC,0,0.48413
22400530,2024-25,2025-01-10,CHI,WAS,1,0.81721
22400531,2024-25,2025-01-10,DEN,BKN,1,0.75308
22400533,2024-25,2025-01-11,PHX,UTA,1,0.6627
22400534,2024-25,2025-01-11,DET,TOR,1,0.65681
22400535,2024-25,2025-01-11,MIN,MEM,0,0.42463
22400536,2024-25,2025-01-11,POR,MIA,0,0.39567
22400539,2024-25,2025-01-12,NYK,MIL,1,0.64347
22400540,2024-25,2025-01-12,DAL,DEN,0,0.43021
22400541,2024-25,2025-01-12,CHI,SAC,0,0.50663
22400542,2024-25,2025-01-12,BOS,NOP,1,0.90695
22400543,2024-25,2025-01-12,CLE,IND,0,0.74192
22400544,2024-25,2025-01-12,ORL,PHI,1,0.61524
22400545,2024-25,2025-01-12,WAS,OKC,0,0.10398
22400546,2024-25,2025-01-12,UTA,BKN,1,0.56829
22400547,2024-25,2025-01-12,PHX,CHA,1,0.67293
22400548,2024-25,2025-01-13,WAS,MIN,0,0.19059
22400549,2024-25,2025-01-13,NYK,DET,0,0.704
22400550,2024-25,2025-01-13,TOR,GSW,1,0.44017
22400551,2024-25,2025-01-13,HOU,MEM,1,0.54611
22400552,2024-25,2025-01-13,LAL,SAS,0,0.5661
22400553,2024-25,2025-01-13,LAC,MIA,1,0.61128
22400554,2024-25,2025-01-14,IND,CLE,0,0.36347
22400555,2024-25,2025-01-14,PHI,OKC,0,0.21892
22400556,2024-25,2025-01-14,ATL,PHX,1,0.56424
22400557,2024-25,2025-01-14,CHI,NOP,0,0.70913
22400558,2024-25,2025-01-14,MIL,SAC,1,0.5197
22400559,2024-25,2025-01-14,DAL,DEN,0,0.3511
22400560,2024-25,2025-01-14,POR,BKN,0,0.60159
22400561,2024-25,2025-01-15,PHI,NYK,0,0.16396
22400562,2024-25,2025-01-15,TOR,BOS,1,0.17034
22400563,2024-25,2025-01-15,CHI,ATL,0,0.56997
22400564,2024-25,2025-01-15,MIL,ORL,1,0.58274
22400565,2024-25,2025-01-15,MIN,GSW,0,0.61204
22400566,2024-25,2025-01-15,NOP,DAL,1,0.33291
22400567,2024-25,2025-01-15,SAS,MEM,0,0.42649
22400568,2024-25,2025-01-15,DEN,HOU,0,0.55094
22400569,2024-25,2025-01-15,UTA,CHA,0,0.59528
22400570,2024-25,2025-01-15,LAL,MIA,1,0.60056
22400571,2024-25,2025-01-15,LAC,BKN,1,0.7922
22400572,2024-25,2025-01-16,DET,IND,0,0.50716
22400573,2024-25,2025-01-16,WAS,PHX,0,0.26976
22400574,2024-25,2025-01-16,OKC,CLE,1,0.56815
22400575,2024-25,2025-01-16,POR,LAC,0,0.34275
22400576,2024-25,2025-01-16,SAC,HOU,1,0.54929
22400577,2024-25,2025-01-17,BOS,ORL,1,0.79951
22400578,2024-25,2025-01-17,NYK,MIN,0,0.66125
22400579,2024-25,2025-01-17,MIA,DEN,0,0.47715
22400580,2024-25,2025-01-17,MIL,TOR,1,0.78291
22400581,2024-25,2025-01-17,NOP,UTA,1,0.5901
22400582,2024-25,2025-01-17,SAS,MEM,0,0.40717
22400583,2024-25,2025-01-17,DAL,OKC,1,0.32307
22400584,2024-25,2025-01-17,CHI,CHA,0,0.69386
22400585,2024-25,2025-01-17,LAL,BKN,1,0.74304
22400586,2024-25,2025-01-18,DET,PHX,0,0.51209
22400587,2024-25,2025-01-18,BOS,ATL,0,0.74931
22400588,2024-25,2025-01-18,IND,PHI,1,0.73974
22400589,2024-25,2025-01-18,GSW,WAS,1,0.83942
22400590,2024-25,2025-01-18,MIN,CLE,0,0.29017
22400591,2024-25,2025-01-18,POR,HOU,0,0.22067
22400592,2024-25,2025-01-19,MIA,SAS,1,0.59853
22400593,2024-25,2025-01-19,ORL,DEN,0,0.29998
22400594,2024-25,2025-01-19,MIL,PHI,1,0.83905
22400595,2024-25,2025-01-19,OKC,BKN,1,0.84428
22400596,2024-25,2025-01-19,LAC,LAL,1,0.66793
22400597,2024-25,2025-01-19,POR,CHI,1,0.30817
22400598,2024-25,2025-01-19,SAC,WAS,1,0.91612
22400599,2024-25,2025-01-20,CHA,DAL,1,0.35281
22400600,2024-25,2025-01-20,HOU,DET,0,0.74603
22400601,2024-25,2025-01-20,MEM,MIN,1,0.67033
22400602,2024-25,2025-01-20,NYK,ATL,1,0.62027
22400603,2024-25,2025-01-20,CLE,PHX,1,0.74564
22400604,2024-25,2025-01-20,GSW,BOS,0,0.40048
22400605,2024-25,2025-01-20,NOP,UTA,1,0.6179
22400611,2024-25,2025-01-20,LAC,CHI,0,0.73401
22400606,2024-25,2025-01-21,BKN,NYK,0,0.31525
22400607,2024-25,2025-01-21,MIA,POR,0,0.78256
22400608,2024-25,2025-01-21,TOR,ORL,1,0.48054
22400609,2024-25,2025-01-21,DEN,PHI,1,0.87709
22400610,2024-25,2025-01-21,LAL,WAS,1,0.8321
22400612,2024-25,2025-01-22,ATL,DET,0,0.6175
22400613,2024-25,2025-01-22,BKN,PHX,0,0.31752
22400614,2024-25,2025-01-22,DAL,MIN,0,0.51831
22400615,2024-25,2025-01-22,HOU,CLE,1,0.5358
22400616,2024-25,2025-01-22,MEM,CHA,1,0.86022
22400618,2024-25,2025-01-22,OKC,UTA,1,0.90964
22400619,2024-25,2025-01-22,SAC,GSW,1,0.68485
22400620,2024-25,2025-01-22,LAC,BOS,0,0.34315
22400622,2024-25,2025-01-23,ORL,POR,0,0.6586
22400623,2024-25,2025-01-23,ATL,TOR,0,0.64616
22400624,2024-25,2025-01-23,MIL,MIA,1,0.65304
22400625,2024-25,2025-01-23,OKC,DAL,0,0.80265
22400626,2024-25,2025-01-23,DEN,SAC,1,0.70405
22400628,2024-25,2025-01-23,GSW,CHI,1,0.52349
22400629,2024-25,2025-01-23,LAL,BOS,1,0.44491
22400983,2024-25,2025-01-23,LAC,WAS,1,0.72998
22400630,2024-25,2025-01-24,CHA,POR,0,0.60203
22400631,2024-25,2025-01-24,PHI,CLE,1,0.29367
22400632,2024-25,2025-01-24,MEM,NOP,1,0.84656
22400634,2024-25,2025-01-25,MIN,DEN,1,0.39313
22400635,2024-25,2025-01-25,DAL,BOS,0,0.30103
22400636,2024-25,2025-01-25,BKN,MIA,0,0.36832
22400637,2024-25,2025-01-25,CHA,NOP,1,0.52516
22400638,2024-25,2025-01-25,ORL,DET,1,0.52731
22400639,2024-25,2025-01-25,ATL,TOR,0,0.674
22400640,2024-25,2025-01-25,CLE,HOU,0,0.46647
22400641,2024-25,2025-01-25,NYK,SAC,1,0.61466
22400642,2024-25,2025-01-25,CHI,PHI,0,0.65728
22400643,2024-25,2025-01-25,MEM,UTA,1,0.73097
22400644,2024-25,2025-01-25,GSW,LAL,0,0.53755
22400645,2024-25,2025-01-25,PHX,WAS,1,0.85455
22400646,2024-25,2025-01-25,LAC,MIL,1,0.54207
22400647,2024-25,2025-01-26,POR,OKC,0,0.19935
22400648,2024-25,2025-01-27,CHA,LAL,0,0.33082
22400649,2024-25,2025-01-27,CLE,DET,1,0.76831
22400650,2024-25,2025-01-27,BOS,HOU,0,0.6024
22400651,2024-25,2025-01-27,BKN,SAC,0,0.25821
22400652,2024-25,2025-01-27,MIA,ORL,1,0.53346
22400653,2024-25,2025-01-27,NYK,MEM,1,0.51705
22400654,2024-25,2025-01-27,TOR,NOP,1,0.62322
22400655,2024-25,2025-01-27,CHI,DEN,1,0.27506
22400656,2024-25,2025-01-27,MIN,ATL,1,0.64648
22400657,2024-25,2025-01-27,DAL,WAS,1,0.83114
22400658,2024-25,2025-01-27,UTA,MIL,0,0.32616
22400659,2024-25,2025-01-27,PHX,LAC,1,0.48479
22400532,2024-25,2025-01-28,ATL,HOU,0,0.27937
22400660,2024-25,2025-01-28,PHI,LAL,1,0.50709
22400661,2024-25,2025-01-28,GSW,UTA,1,0.79869
22400662,2024-25,2025-01-28,POR,MIL,1,0.39737
22400663,2024-25,2025-01-29,CHA,BKN,0,0.59385
22400664,2024-25,2025-01-29,IND,DET,1,0.70797
22400665,2024-25,2025-01-29,WAS,TOR,0,0.31712
22400666,2024-25,2025-01-29,BOS,CHI,1,0.80365
22400667,2024-25,2025-01-29,MIA,CLE,0,0.33356
22400668,2024-25,2025-01-29,NYK,DEN,1,0.54847
22400669,2024-25,2025-01-29,PHI,SAC,1,0.25204
22400670,2024-25,2025-01-29,NOP,DAL,0,0.38173
22400671,2024-25,2025-01-29,SAS,LAC,0,0.5085
22400672,2024-25,2025-01-29,PHX,MIN,0,0.47463
22400673,2024-25,2025-01-29,GSW,OKC,1,0.19789
22400674,2024-25,2025-01-30,WAS,LAL,0,0.1499
22400675,2024-25,2025-01-30,CLE,ATL,1,0.74573
22400676,2024-25,2025-01-30,MEM,HOU,1,0.6096
22400677,2024-25,2025-01-30,UTA,MIN,0,0.33243
22400678,2024-25,2025-01-30,POR,ORL,1,0.42126
22400679,2024-25,2025-01-31,CHA,LAC,0,0.25749
22400680,2024-25,2025-01-31,DET,DAL,1,0.50993
22400681,2024-25,2025-01-31,PHI,DEN,0,0.26712
22400682,2024-25,2025-01-31,TOR,CHI,0,0.55976
22400683,2024-25,2025-01-31,NOP,BOS,0,0.20807
22400684,2024-25,2025-01-31,SAS,MIL,1,0.46536
22400685,2024-25,2025-01-31,GSW,PHX,0,0.59623
22400686,2024-25,2025-02-01,IND,ATL,1,0.74524
22400687,2024-25,2025-02-01,UTA,ORL,1,0.40634
22400688,2024-25,2025-02-01,CHA,DEN,0,0.17559
22400689,2024-25,2025-02-01,HOU,BKN,0,0.81052
22400690,2024-25,2025-02-01,MIN,WAS,0,0.88872
22400691,2024-25,2025-02-01,OKC,SAC,1,0.71606
22400692,2024-25,2025-02-01,NYK,LAL,0,0.76842
22400693,2024-25,2025-02-01,SAS,MIA,0,0.51801
22400694,2024-25,2025-02-01,POR,PHX,1,0.50378
22400695,2024-25,2025-02-02,DET,CHI,1,0.60882
22400696,2024-25,2025-02-02,CLE,DAL,1,0.76273
22400697,2024-25,2025-02-02,TOR,LAC,1,0.38704
22400698,2024-25,2025-02-02,PHI,BOS,0,0.20863
22400699,2024-25,2025-02-02,MIL,MEM,0,0.4598
22400700,2024-25,2025-02-03,CHA,WAS,0,0.65051
22400701,2024-25,2025-02-03,DET,ATL,0,0.56929
22400702,2024-25,2025-02-03,NYK,HOU,1,0.59519
22400703,2024-25,2025-02-03,MEM,SAS,1,0.69809
22400704,2024-25,2025-02-03,MIN,SAC,0,0.5077
22400705,2024-25,2025-02-03,OKC,MIL,1,0.79389
22400706,2024-25,2025-02-03,DEN,NOP,1,0.85434
22400707,2024-25,2025-02-03,UTA,IND,0,0.28237
22400708,2024-25,2025-02-03,GSW,ORL,1,0.6492
22400709,2024-25,2025-02-03,POR,PHX,1,0.46744
22400710,2024-25,2025-02-04,CLE,BOS,0,0.59274
22400711,2024-25,2025-02-04,BKN,HOU,1,0.40458
22400712,2024-25,2025-02-04,PHI,DAL,1,0.48863
22400713,2024-25,2025-02-04,TOR,NYK,0,0.43553
22400714,2024-25,2025-02-04,CHI,MIA,1,0.46395
22400715,2024-25,2025-02-04,LAC,LAL,0,0.59343
22400716,2024-25,2025-02-04,POR,IND,1,0.35642
22400717,2024-25,2025-02-05,CHA,MIL,0,0.39741
22400718,2024-25,2025-02-05,DET,CLE,0,0.34633
22400719,2024-25,2025-02-05,ATL,SAS,0,0.45498
22400720,2024-25,2025-02-05,BKN,WAS,0,0.65395
22400721,2024-25,2025-02-05,PHI,MIA,0,0.52383
22400722,2024-25,2025-02-05,TOR,MEM,0,0.24373
22400723,2024-25,2025-02-05,MIN,CHI,1,0.75825
22400724,2024-25,2025-02-05,OKC,PHX,1,0.79716
22400725,2024-25,2025-02-05,UTA,GSW,1,0.35455
22400726,2024-25,2025-02-05,DEN,NOP,1,0.84629
22400727,2024-25,2025-02-05,SAC,ORL,0,0.66508
22400728,2024-25,2025-02-06,BOS,DAL,0,0.80257
22400729,2024-25,2025-02-06,MIN,HOU,1,0.44831
22400730,2024-25,2025-02-06,DEN,ORL,1,0.75711
22400731,2024-25,2025-02-06,LAL,GSW,1,0.64355
22400732,2024-25,2025-02-06,POR,SAC,1,0.53093
22400733,2024-25,2025-02-06,LAC,IND,0,0.55197
22400734,2024-25,2025-02-07,CHA,SAS,1,0.27001
22400735,2024-25,2025-02-07,WAS,CLE,0,0.12881
22400736,2024-25,2025-02-07,ATL,MIL,1,0.47942
22400737,2024-25,2025-02-07,BKN,MIA,1,0.43934
22400738,2024-25,2025-02-07,DET,PHI,1,0.55446
22400739,2024-25,2025-02-07,OKC,TOR,1,0.88567
22400740,2024-25,2025-02-07,PHX,UTA,1,0.70354
22400741,2024-25,2025-02-08,DAL,HOU,1,0.45005
22400742,2024-25,2025-02-08,LAL,IND,1,0.47033
22400743,2024-25,2025-02-08,ORL,SAS,1,0.56368
22400744,2024-25,2025-02-08,WAS,ATL,0,0.35339
22400745,2024-25,2025-02-08,CHI,GSW,0,0.45125
22400746,2024-25,2025-02-08,MEM,OKC,0,0.52171
22400747,2024-25,2025-02-08,MIN,POR,1,0.67416
22400748,2024-25,2025-02-08,NYK,BOS,0,0.46951
22400749,2024-25,2025-02-08,PHX,DEN,0,0.28125
22400750,2024-25,2025-02-08,SAC,NOP,1,0.78419
22400751,2024-25,2025-02-08,LAC,UTA,1,0.83342
22400752,2024-25,2025-02-09,DET,CHA,1,0.7173
22400753,2024-25,2025-02-09,HOU,TOR,1,0.70036
22400754,2024-25,2025-02-09,MIL,PHI,1,0.51621
22400755,2024-25,2025-02-10,CLE,MIN,1,0.74936
22400756,2024-25,2025-02-10,ORL,ATL,0,0.65088
22400757,2024-25,2025-02-10,WAS,SAS,0,0.23516
22400758,2024-25,2025-02-10,BKN,CHA,1,0.76999
22400759,2024-25,2025-02-10,MIA,BOS,0,0.32644
22400760,2024-25,2025-02-10,MIL,GSW,0,0.3469
22400761,2024-25,2025-02-10,OKC,NOP,1,0.91486
22400762,2024-25,2025-02-10,DAL,SAC,0,0.59673
22400763,2024-25,2025-02-10,DEN,POR,1,0.74394
22400768,2024-25,2025-02-10,LAL,UTA,1,0.78591
22400764,2024-25,2025-02-11,PHI,TOR,0,0.66422
22400765,2024-25,2025-02-11,IND,NYK,0,0.55242
22400766,2024-25,2025-02-11,CHI,DET,0,0.46572
22400767,2024-25,2025-02-11,PHX,MEM,0,0.24633
22400769,2024-25,2025-02-12,BOS,SAS,1,0.75316
22400770,2024-25,2025-02-12,ORL,CHA,1,0.76415
22400771,2024-25,2025-02-12,WAS,IND,0,0.26446
22400772,2024-25,2025-02-12,BKN,PHI,1,0.53837
22400773,2024-25,2025-02-12,NYK,ATL,1,0.68861
22400774,2024-25,2025-02-12,TOR,CLE,0,0.16535
22400775,2024-25,2025-02-12,CHI,DET,0,0.40241
22400776,2024-25,2025-02-12,MIN,MIL,0,0.69726
22400777,2024-25,2025-02-12,NOP,SAC,0,0.27644
22400778,2024-25,2025-02-12,OKC,MIA,1,0.85974
22400779,2024-25,2025-02-12,HOU,PHX,1,0.70768
22400780,2024-25,2025-02-12,DEN,POR,1,0.76075
22400781,2024-25,2025-02-12,UTA,LAL,1,0.287
22400782,2024-25,2025-02-12,DAL,GSW,1,0.49629
22400783,2024-25,2025-02-12,LAC,MEM,1,0.5102
22400784,2024-25,2025-02-13,HOU,GSW,0,0.5259
22400785,2024-25,2025-02-13,NOP,SAC,1,0.27689
22400786,2024-25,2025-02-13,DAL,MIA,1,0.59775
22400787,2024-25,2025-02-13,MIN,OKC,1,0.27694
22401004,2024-25,2025-02-13,UTA,LAC,0,0.25227
22400524,2024-25,2025-02-19,LAL,CHA,0,0.8579
22400788,2024-25,2025-02-20,IND,MEM,1,0.44993
22400789,2024-25,2025-02-20,PHI,BOS,0,0.22537
22400790,2024-25,2025-02-20,ATL,ORL,0,0.50132
22400791,2024-25,2025-02-20,BKN,CLE,0,0.21907
22400792,2024-25,2025-02-20,NYK,CHI,1,0.77164
22400793,2024-25,2025-02-20,MIL,LAC,1,0.32422
22400794,2024-25,2025-02-20,DEN,CHA,1,0.89587
22400795,2024-25,2025-02-20,SAS,PHX,1,0.65024
22400796,2024-25,2025-02-20,POR,LAL,0,0.43972
22400797,2024-25,2025-02-21,CLE,NYK,1,0.75719
22400798,2024-25,2025-02-21,ORL,MEM,0,0.3131
22400799,2024-25,2025-02-21,WAS,MIL,0,0.32852
22400800,2024-25,2025-02-21,TOR,MIA,0,0.49049
22400801,2024-25,2025-02-21,HOU,MIN,1,0.57314
22400802,2024-25,2025-02-21,SAS,DET,0,0.44279
22400803,2024-25,2025-02-21,DAL,NOP,1,0.7327
22400804,2024-25,2025-02-21,UTA,OKC,0,0.12661
22400805,2024-25,2025-02-21,SAC,GSW,0,0.49743
22400806,2024-25,2025-02-22,CHI,PHX,0,0.43508
22400807,2024-25,2025-02-22,PHI,BKN,0,0.66417
22400808,2024-25,2025-02-22,DEN,LAL,0,0.72769
22400809,2024-25,2025-02-22,UTA,HOU,1,0.30695
22400810,2024-25,2025-02-22,POR,CHA,1,0.74376
22400811,2024-25,2025-02-23,BOS,NYK,1,0.67874
22400812,2024-25,2025-02-23,GSW,DAL,1,0.6339
22400813,2024-25,2025-02-23,IND,LAC,1,0.58523
22400814,2024-25,2025-02-23,ATL,DET,0,0.4604
22400815,2024-25,2025-02-23,ORL,WAS,1,0.78037
22400816,2024-25,2025-02-23,TOR,PHX,1,0.5436
22400817,2024-25,2025-02-23,MIL,MIA,1,0.55892
22400818,2024-25,2025-02-23,NOP,SAS,1,0.40242
22400819,2024-25,2025-02-23,CLE,MEM,1,0.65717
22400820,2024-25,2025-02-23,MIN,OKC,0,0.27227
22400821,2024-25,2025-02-24,DET,LAC,1,0.56499
22400822,2024-25,2025-02-24,IND,DEN,0,0.41232
22400823,2024-25,2025-02-24,PHI,CHI,0,0.64232
22400824,2024-25,2025-02-24,WAS,BKN,1,0.33555
22400825,2024-25,2025-02-24,ATL,MIA,1,0.50605
22400826,2024-25,2025-02-24,OKC,MIN,0,0.81679
22400827,2024-25,2025-02-24,UTA,POR,0,0.44166
22400828,2024-25,2025-02-24,SAC,CHA,1,0.83542
22400829,2024-25,2025-02-25,TOR,BOS,0,0.23489
22400830,2024-25,2025-02-25,ORL,CLE,0,0.25822
22400831,2024-25,2025-02-25,HOU,MIL,1,0.59268
22400832,2024-25,2025-02-25,MEM,PHX,1,0.77623
22400833,2024-25,2025-02-25,NOP,SAS,1,0.45868
22400834,2024-25,2025-02-25,GSW,CHA,1,0.91511
22400835,2024-25,2025-02-25,LAL,DAL,1,0.66288
22400836,2024-25,2025-02-26,DET,BOS,1,0.4408
22400837,2024-25,2025-02-26,IND,TOR,1,0.79634
22400838,2024-25,2025-02-26,NYK,PHI,1,0.8077
22400839,2024-25,2025-02-26,WAS,POR,0,0.35422
22400840,2024-25,2025-02-26,BKN,OKC,0,0.12919
22400841,2024-25,2025-02-26,MIA,ATL,1,0.57587
22400842,2024-25,2025-02-26,CHI,LAC,0,0.41857
22400843,2024-25,2025-02-26,UTA,SAC,0,0.25292
22400844,2024-25,2025-02-26,HOU,SAS,1,0.7059
22400845,2024-25,2025-02-27,ORL,GSW,0,0.39021
22400846,2024-25,2025-02-27,MIL,DEN,1,0.32956
22400847,2024-25,2025-02-27,DAL,CHA,1,0.83724
22400848,2024-25,2025-02-27,PHX,NOP,0,0.69903
22400849,2024-25,2025-02-27,LAL,MIN,1,0.63484
22400850,2024-25,2025-02-28,DET,DEN,0,0.46652
22400851,2024-25,2025-02-28,ATL,OKC,0,0.18027
22400852,2024-25,2025-02-28,BOS,CLE,0,0.475
22400853,2024-25,2025-02-28,BKN,POR,0,0.4762
22400854,2024-25,2025-02-28,MIA,IND,1,0.40055
22400855,2024-25,2025-02-28,CHI,TOR,1,0.50122
22400856,2024-25,2025-02-28,MEM,NYK,0,0.67185
22400857,2024-25,2025-02-28,PHX,NOP,1,0.69485
22400858,2024-25,2025-02-28,UTA,MIN,1,0.2936
22400859,2024-25,2025-02-28,LAL,LAC,1,0.57018
22400860,2024-25,2025-03-01,CHA,WAS,0,0.51055
22400861,2024-25,2025-03-01,DET,BKN,1,0.75961
22400862,2024-25,2025-03-01,HOU,SAC,0,0.57376
22400863,2024-25,2025-03-01,MEM,SAS,0,0.78443
22400864,2024-25,2025-03-01,PHI,GSW,1,0.28309
22400865,2024-25,2025-03-01,DAL,MIL,0,0.56802
22400866,2024-25,2025-03-02,BOS,DEN,1,0.5684
22400867,2024-25,2025-03-02,CLE,POR,1,0.87503
22400868,2024-25,2025-03-02,IND,CHI,1,0.77257
22400869,2024-25,2025-03-02,MIA,NYK,0,0.35791
22400870,2024-25,2025-03-02,ORL,TOR,0,0.61153
22400871,2024-25,2025-03-02,SAS,OKC,0,0.1264
22400872,2024-25,2025-03-02,UTA,NOP,0,0.5824
22400873,2024-25,2025-03-02,PHX,MIN,0,0.49363
22400874,2024-25,2025-03-02,LAL,LAC,1,0.62097
22400875,2024-25,2025-03-03,CHA,GSW,0,0.19431
22400876,2024-25,2025-03-03,PHI,POR,0,0.56087
22400877,2024-25,2025-03-03,MIA,WAS,1,0.73672
22400878,2024-25,2025-03-03,MEM,ATL,0,0.74264
22400879,2024-25,2025-03-03,OKC,HOU,1,0.69862
22400880,2024-25,2025-03-03,DAL,SAC,0,0.53727
22400881,2024-25,2025-03-03,UTA,DET,0,0.20735
22400882,2024-25,2025-03-04,IND,HOU,1,0.74257
22400883,2024-25,2025-03-04,ORL,TOR,0,0.59749
22400884,2024-25,2025-03-04,ATL,MIL,0,0.38098
22400885,2024-25,2025-03-04,NYK,GSW,0,0.65775
22400886,2024-25,2025-03-04,CHI,CLE,0,0.16535
22400887,2024-25,2025-03-04,MIN,PHI,1,0.84507
22400888,2024-25,2025-03-04,SAS,BKN,1,0.6339
22400889,2024-25,2025-03-04,PHX,LAC,1,0.41622
22400890,2024-25,2025-03-04,LAL,NOP,1,0.79129
22400891,2024-25,2025-03-05,BOS,POR,1,0.81269
22400892,2024-25,2025-03-05,CHA,MIN,0,0.25324
22400893,2024-25,2025-03-05,CLE,MIA,1,0.81693
22400894,2024-25,2025-03-05,WAS,UTA,1,0.48149
22400895,2024-25,2025-03-05,MEM,OKC,0,0.37154
22400896,2024-25,2025-03-05,DEN,SAC,1,0.72595
22400897,2024-25,2025-03-05,MIL,DAL,1,0.54411
22400898,2024-25,2025-03-05,LAC,DET,1,0.52971
22400899,2024-25,2025-03-06,ATL,IND,1,0.35734
22400900,2024-25,2025-03-06,BOS,PHI,1,0.81643
22400901,2024-25,2025-03-06,BKN,GSW,0,0.27325
22400902,2024-25,2025-03-06,NOP,HOU,0,0.32704
22400903,2024-25,2025-03-06,LAL,NYK,1,0.55346
22400944,2024-25,2025-03-06,ORL,CHI,0,0.69993
22400904,2024-25,2025-03-07,CHA,CLE,0,0.09414
22400905,2024-25,2025-03-07,TOR,UTA,1,0.76281
22400906,2024-25,2025-03-07,DAL,MEM,0,0.2682
22400907,2024-25,2025-03-07,MIA,MIN,0,0.33745
22400908,2024-25,2025-03-07,OKC,POR,1,0.87122
22400909,2024-25,2025-03-07,DEN,PHX,1,0.76192
22400910,2024-25,2025-03-07,SAC,SAS,1,0.64887
22400911,2024-25,2025-03-07,LAC,NYK,1,0.51687
22400912,2024-25,2025-03-08,CHA,BKN,1,0.33406
22400913,2024-25,2025-03-08,HOU,NOP,1,0.74857
22400914,2024-25,2025-03-08,ATL,IND,1,0.40788
22400915,2024-25,2025-03-08,TOR,WAS,0,0.66469
22400916,2024-25,2025-03-08,MIA,CHI,0,0.57373
22400917,2024-25,2025-03-08,MIL,ORL,0,0.64733
22400918,2024-25,2025-03-08,BOS,LAL,1,0.61067
22400919,2024-25,2025-03-08,GSW,DET,1,0.67244
22400920,2024-25,2025-03-09,OKC,DEN,1,0.52638
22400921,2024-25,2025-03-09,DAL,PHX,0,0.44339
22400922,2024-25,2025-03-09,MIL,CLE,0,0.20334
22400923,2024-25,2025-03-09,NOP,MEM,0,0.17116
22400924,2024-25,2025-03-09,PHI,UTA,1,0.60777
22400925,2024-25,2025-03-09,MIN,SAS,1,0.78124
22400926,2024-25,2025-03-09,POR,DET,0,0.45132
22400927,2024-25,2025-03-09,LAC,SAC,1,0.64934
22400928,2024-25,2025-03-10,ATL,PHI,1,0.78638
22400929,2024-25,2025-03-10,BOS,UTA,1,0.94182
22400930,2024-25,2025-03-10,BKN,LAL,1,0.26684
22400931,2024-25,2025-03-10,MIA,CHA,0,0.81494
22400932,2024-25,2025-03-10,TOR,WAS,1,0.68783
22400933,2024-25,2025-03-10,CHI,IND,1,0.32007
22400934,2024-25,2025-03-10,HOU,ORL,1,0.67218
22400935,2024-25,2025-03-10,MEM,PHX,1,0.73514
22400936,2024-25,2025-03-10,OKC,DEN,0,0.68234
22400937,2024-25,2025-03-10,SAS,DAL,0,0.58706
22400938,2024-25,2025-03-10,GSW,POR,1,0.83325
22400939,2024-25,2025-03-10,SAC,NYK,0,0.39814
22400940,2024-25,2025-03-11,CLE,BKN,1,0.93286
22400941,2024-25,2025-03-11,DET,WAS,1,0.89307
22400942,2024-25,2025-03-11,IND,MIL,1,0.51102
22400943,2024-25,2025-03-11,NOP,LAC,1,0.24486
22400945,2024-25,2025-03-12,ATL,CHA,1,0.69674
22400946,2024-25,2025-03-12,BOS,OKC,0,0.3699
22400947,2024-25,2025-03-12,TOR,PHI,1,0.698
22400948,2024-25,2025-03-12,MIA,LAC,0,0.48217
22400949,2024-25,2025-03-12,HOU,PHX,1,0.63777
22400950,2024-25,2025-03-12,MEM,UTA,1,0.84232
22400951,2024-25,2025-03-12,SAS,DAL,1,0.57049
22400952,2024-25,2025-03-12,DEN,MIN,0,0.59808
22400953,2024-25,2025-03-12,POR,NYK,0,0.37114
22400954,2024-25,2025-03-13,DET,WAS,0,0.8402
22400955,2024-25,2025-03-13,MIL,LAL,1,0.51142
22400956,2024-25,2025-03-13,CHI,BKN,1,0.64481
22400957,2024-25,2025-03-13,GSW,SAC,1,0.69669
22401141,2024-25,2025-03-13,NOP,ORL,0,0.37307
22400958,2024-25,2025-03-14,MIA,BOS,0,0.25994
22400959,2024-25,2025-03-14,PHI,IND,0,0.17983
22400960,2024-25,2025-03-14,ATL,LAC,0,0.44636
22400961,2024-25,2025-03-14,HOU,DAL,1,0.80186
22400962,2024-25,2025-03-14,MEM,CLE,0,0.40528
22400963,2024-25,2025-03-14,MIN,ORL,1,0.82297
22400964,2024-25,2025-03-14,SAS,CHA,0,0.68482
22400965,2024-25,2025-03-14,DEN,LAL,1,0.75594
22400966,2024-25,2025-03-14,UTA,TOR,0,0.59303
22400967,2024-25,2025-03-14,PHX,SAC,1,0.56819
22400968,2024-25,2025-03-15,BKN,BOS,0,0.24588
22400969,2024-25,2025-03-15,DET,OKC,0,0.26314
22400970,2024-25,2025-03-15,HOU,CHI,1,0.6887
22400971,2024-25,2025-03-15,MEM,MIA,1,0.7932
22400972,2024-25,2025-03-15,MIL,IND,1,0.55675
22400973,2024-25,2025-03-15,SAS,NOP,1,0.5338
22400974,2024-25,2025-03-15,GSW,NYK,1,0.63115
22400975,2024-25,2025-03-15,DEN,WAS,0,0.89226
22400538,2024-25,2025-03-16,LAC,CHA,1,0.85042
22400976,2024-25,2025-03-16,DAL,PHI,0,0.66484
22400977,2024-25,2025-03-16,LAL,PHX,1,0.56575
22400978,2024-25,2025-03-16,BKN,ATL,1,0.38503
22400979,2024-25,2025-03-16,CLE,ORL,0,0.86749
22400980,2024-25,2025-03-16,POR,TOR,1,0.60023
22400981,2024-25,2025-03-16,MIN,UTA,1,0.87022
22400982,2024-25,2025-03-16,MIL,OKC,0,0.28228
22400537,2024-25,2025-03-17,LAL,SAS,1,0.73193
22400984,2024-25,2025-03-17,NYK,MIA,1,0.71636
22400985,2024-25,2025-03-17,HOU,PHI,1,0.89101
22400986,2024-25,2025-03-17,MIN,IND,0,0.54774
22400987,2024-25,2025-03-17,NOP,DET,0,0.27572
22400989,2024-25,2025-03-17,UTA,CHI,0,0.40793
22400990,2024-25,2025-03-17,GSW,DEN,0,0.50086
22400991,2024-25,2025-03-17,PHX,TOR,1,0.64644
22400992,2024-25,2025-03-17,SAC,MEM,1,0.48641
22400995,2024-25,2025-03-17,POR,WAS,1,0.64654
22400993,2024-25,2025-03-18,CHA,ATL,0,0.41363
22400994,2024-25,2025-03-18,BOS,BKN,1,0.89534
22400997,2024-25,2025-03-18,LAC,CLE,1,0.40976
22401012,2024-25,2025-03-18,GSW,MIL,1,0.58445
22400627,2024-25,2025-03-19,UTA,WAS,1,0.59913
22400998,2024-25,2025-03-19,IND,DAL,1,0.71035
22400999,2024-25,2025-03-19,ORL,HOU,0,0.46647
22401000,2024-25,2025-03-19,MIA,DET,0,0.3828
22401001,2024-25,2025-03-19,MIN,NOP,0,0.86833
22401002,2024-25,2025-03-19,OKC,PHI,1,0.96375
22401003,2024-25,2025-03-19,SAS,NYK,1,0.29773
22401006,2024-25,2025-03-19,LAL,DEN,1,0.55753
22401007,2024-25,2025-03-19,PHX,CHI,1,0.61845
22401008,2024-25,2025-03-19,POR,MEM,1,0.31686
22401009,2024-25,2025-03-19,SAC,CLE,1,0.34092
22400996,2024-25,2025-03-20,LAL,MIL,0,0.52645
22401005,2024-25,2025-03-20,GSW,TOR,1,0.81989
22401010,2024-25,2025-03-20,CHA,NYK,1,0.26569
22401011,2024-25,2025-03-20,IND,BKN,1,0.72375
22401013,2024-25,2025-03-20,SAC,CHI,0,0.63216
22401014,2024-25,2025-03-21,WAS,ORL,0,0.26961
22401015,2024-25,2025-03-21,MIA,HOU,0,0.36696
22401016,2024-25,2025-03-21,MIN,NOP,1,0.86316
22401017,2024-25,2025-03-21,OKC,CHA,1,0.93237
22401018,2024-25,2025-03-21,SAS,PHI,1,0.73513
22401019,2024-25,2025-03-21,DAL,DET,1,0.29324
22401020,2024-25,2025-03-21,UTA,BOS,0,0.134
22401021,2024-25,2025-03-21,PHX,CLE,1,0.20371
22401022,2024-25,2025-03-21,POR,DEN,1,0.43915
22401023,2024-25,2025-03-21,LAC,MEM,1,0.64126
22401024,2024-25,2025-03-22,IND,BKN,1,0.77997
22401025,2024-25,2025-03-22,ATL,GSW,1,0.31026
22401026,2024-25,2025-03-22,NYK,WAS,1,0.87385
22401027,2024-25,2025-03-22,SAC,MIL,0,0.53189
22401028,2024-25,2025-03-22,LAL,CHI,0,0.6029
22401029,2024-25,2025-03-23,DET,NOP,1,0.82673
22401030,2024-25,2025-03-23,UTA,CLE,0,0.10187
22401031,2024-25,2025-03-23,ATL,PHI,1,0.77507
22401032,2024-25,2025-03-23,MIA,CHA,1,0.73225
22401033,2024-25,2025-03-23,TOR,SAS,0,0.5786
22401034,2024-25,2025-03-23,POR,BOS,0,0.21308
22401035,2024-25,2025-03-23,HOU,DEN,0,0.63122
22401036,2024-25,2025-03-23,LAC,OKC,0,0.38205
22401037,2024-25,2025-03-24,IND,MIN,1,0.49452
22401038,2024-25,2025-03-24,ORL,LAL,1,0.40893
22401039,2024-25,2025-03-24,WAS,TOR,0,0.50888
22401040,2024-25,2025-03-24,BKN,DAL,0,0.5081
22401041,2024-25,2025-03-24,NOP,PHI,1,0.66384
22401042,2024-25,2025-03-24,DEN,CHI,0,0.61859
22401043,2024-25,2025-03-24,PHX,MIL,1,0.48001
22401044,2024-25,2025-03-24,SAC,BOS,0,0.32605
22401045,2024-25,2025-03-25,CHA,ORL,0,0.42732
22401046,2024-25,2025-03-25,DET,SAS,1,0.7007
22401047,2024-25,2025-03-25,MIA,GSW,1,0.34602
22401048,2024-25,2025-03-25,NYK,DAL,1,0.71564
22401049,2024-25,2025-03-25,HOU,ATL,1,0.72857
22401050,2024-25,2025-03-25,UTA,MEM,0,0.20126
22401051,2024-25,2025-03-25,POR,CLE,0,0.22422
22401052,2024-25,2025-03-25,SAC,OKC,0,0.15881
22401053,2024-25,2025-03-26,PHI,WAS,0,0.49694
22401054,2024-25,2025-03-26,BKN,TOR,0,0.49016
22401055,2024-25,2025-03-26,IND,LAL,0,0.60944
22401056,2024-25,2025-03-26,NYK,LAC,0,0.298
22401057,2024-25,2025-03-26,DEN,MIL,1,0.53368
22401058,2024-25,2025-03-26,PHX,BOS,0,0.28168
22401059,2024-25,2025-03-27,CLE,SAS,1,0.88003
22401060,2024-25,2025-03-27,ORL,DAL,0,0.65663
22401061,2024-25,2025-03-27,WAS,IND,0,0.13342
22401062,2024-25,2025-03-27,MIA,ATL,1,0.55703
22401063,2024-25,2025-03-27,CHI,LAL,1,0.47404
22401064,2024-25,2025-03-27,OKC,MEM,1,0.80704
22401065,2024-25,2025-03-27,UTA,HOU,0,0.21782
22401066,2024-25,2025-03-27,SAC,POR,1,0.57047
22401067,2024-25,2025-03-28,DET,CLE,1,0.38154
22401068,2024-25,2025-03-28,BKN,LAC,0,0.16113
22401069,2024-25,2025-03-28,TOR,CHA,1,0.57506
22401070,2024-25,2025-03-28,MIL,NYK,0,0.4785
22401071,2024-25,2025-03-28,MIN,PHX,1,0.74845
22401072,2024-25,2025-03-28,NOP,GSW,0,0.223
22401073,2024-25,2025-03-28,DEN,UTA,1,0.93695
22401074,2024-25,2025-03-29,ORL,SAC,1,0.50333
22401075,2024-25,2025-03-29,WAS,BKN,0,0.50854
22401076,2024-25,2025-03-29,PHI,MIA,0,0.25206
22401077,2024-25,2025-03-29,CHI,DAL,0,0.5696
22401078,2024-25,2025-03-29,MEM,LAL,0,0.57306
22401079,2024-25,2025-03-29,OKC,IND,1,0.78603
22401080,2024-25,2025-03-29,SAS,BOS,0,0.17409
22401081,2024-25,2025-03-30,CLE,LAC,1,0.63221
22401082,2024-25,2025-03-30,NYK,POR,1,0.62219
22401083,2024-25,2025-03-30,MIL,ATL,0,0.61278
22401084,2024-25,2025-03-30,MIN,DET,1,0.72978
22401085,2024-25,2025-03-30,NOP,CHA,1,0.52643
22401086,2024-25,2025-03-30,SAS,GSW,0,0.22557
22401087,2024-25,2025-03-30,PHI,TOR,0,0.25221
22401088,2024-25,2025-03-30,PHX,HOU,0,0.37321
22401089,2024-25,2025-03-31,CHA,UTA,1,0.46052
22401090,2024-25,2025-03-31,IND,SAC,1,0.70498
22401091,2024-25,2025-03-31,ORL,LAC,0,0.43087
22401092,2024-25,2025-03-31,WAS,MIA,0,0.25886
22401093,2024-25,2025-03-31,MEM,BOS,0,0.45061
22401094,2024-25,2025-03-31,OKC,CHI,1,0.88729
22401095,2024-25,2025-03-31,DAL,BKN,0,0.75739
22401096,2024-25,2025-03-31,LAL,HOU,1,0.5857
22400988,2024-25,2025-04-01,SAS,ORL,0,0.51331
22401097,2024-25,2025-04-01,ATL,POR,0,0.57017
22401098,2024-25,2025-04-01,NYK,PHI,1,0.87889
22401099,2024-25,2025-04-01,CHI,TOR,1,0.54934
22401100,2024-25,2025-04-01,MEM,GSW,0,0.50918
22401101,2024-25,2025-04-01,MIL,PHX,1,0.56582
22401102,2024-25,2025-04-01,DEN,MIN,0,0.57377
22401103,2024-25,2025-04-02,CLE,NYK,1,0.86046
22401104,2024-25,2025-04-02,IND,CHA,1,0.84709
22401105,2024-25,2025-04-02,WAS,SAC,1,0.23548
22401106,2024-25,2025-04-02,BOS,MIA,0,0.85261
22401107,2024-25,2025-04-02,HOU,UTA,1,0.90555
22401108,2024-25,2025-04-02,OKC,DET,1,0.86875
22401109,2024-25,2025-04-02,DAL,ATL,1,0.63848
22401110,2024-25,2025-04-02,DEN,SAS,0,0.82297
22401111,2024-25,2025-04-02,LAC,NOP,1,0.90685
22401112,2024-25,2025-04-03,WAS,ORL,0,0.17224
22401113,2024-25,2025-04-03,BKN,MIN,0,0.19487
22401114,2024-25,2025-04-03,MIA,MEM,0,0.3294
22401115,2024-25,2025-04-03,PHI,MIL,0,0.20742
22401116,2024-25,2025-04-03,TOR,POR,0,0.51331
22401117,2024-25,2025-04-03,LAL,GSW,0,0.54076
22401118,2024-25,2025-04-04,CHA,SAC,0,0.33875
22401119,2024-25,2025-04-04,IND,UTA,1,0.87437
22401120,2024-25,2025-04-04,BOS,PHX,1,0.83398
22401121,2024-25,2025-04-04,TOR,DET,0,0.33392
22401122,2024-25,2025-04-04,CHI,POR,1,0.62977
22401123,2024-25,2025-04-04,HOU,OKC,1,0.30005
22401124,2024-25,2025-04-04,SAS,CLE,0,0.15952
22401125,2024-25,2025-04-04,GSW,DEN,1,0.70946
22401126,2024-25,2025-04-04,LAL,NOP,1,0.83128
22401127,2024-25,2025-04-04,LAC,DAL,1,0.75881
22401128,2024-25,2025-04-05,ATL,NYK,0,0.48667
22401129,2024-25,2025-04-05,DET,MEM,0,0.33669
22401130,2024-25,2025-04-05,PHI,MIN,0,0.09734
22401131,2024-25,2025-04-05,MIA,MIL,0,0.54575
22401132,2024-25,2025-04-05,LAC,DAL,1,0.80103
22400617,2024-25,2025-04-06,NOP,MIL,0,0.31351
22401133,2024-25,2025-04-06,CHA,CHI,0,0.31901
22401134,2024-25,2025-04-06,BKN,TOR,0,0.45121
22401135,2024-25,2025-04-06,OKC,LAL,0,0.81488
22401136,2024-25,2025-04-06,ATL,UTA,1,0.73907
22401137,2024-25,2025-04-06,BOS,WAS,1,0.955
22401138,2024-25,2025-04-06,CLE,SAC,0,0.81545
22401139,2024-25,2025-04-06,POR,SAS,1,0.62933
22401140,2024-25,2025-04-06,NYK,PHX,1,0.62899
22401142,2024-25,2025-04-06,DEN,IND,0,0.58064
22401143,2024-25,2025-04-06,GSW,HOU,0,0.55159
22401144,2024-25,2025-04-07,DET,SAC,0,0.68537
22401145,2024-25,2025-04-07,MIA,PHI,1,0.84396
22401146,2024-25,2025-04-08,CHA,MEM,0,0.19598
22401147,2024-25,2025-04-08,CLE,CHI,1,0.84577
22401148,2024-25,2025-04-08,IND,WAS,1,0.90865
22401149,2024-25,2025-04-08,ORL,ATL,1,0.62244
22401150,2024-25,2025-04-08,BKN,NOP,1,0.58887
22401151,2024-25,2025-04-08,NYK,BOS,0,0.4645
22401152,2024-25,2025-04-08,MIL,MIN,1,0.2964
22401153,2024-25,2025-04-08,OKC,LAL,1,0.7697
22401154,2024-25,2025-04-08,PHX,GSW,0,0.29975
22401155,2024-25,2025-04-08,LAC,SAS,1,0.87436
22401156,2024-25,2025-04-09,ORL,BOS,1,0.27859
22401157,2024-25,2025-04-09,WAS,PHI,0,0.48134
22401158,2024-25,2025-04-09,TOR,CHA,1,0.7444
22401159,2024-25,2025-04-09,DAL,LAL,0,0.51709
22401160,2024-25,2025-04-09,CHI,MIA,1,0.40959
22401162,2024-25,2025-04-09,UTA,POR,1,0.31743
22401163,2024-25,2025-04-09,GSW,SAS,0,0.83666
22401164,2024-25,2025-04-09,PHX,OKC,0,0.14886
22401165,2024-25,2025-04-09,SAC,DEN,0,0.4011
22401166,2024-25,2025-04-09,LAC,HOU,1,0.47659
22401161,2024-25,2025-04-10,MIL,NOP,1,0.85358
22401167,2024-25,2025-04-10,DET,NYK,1,0.46653
22401168,2024-25,2025-04-10,IND,CLE,1,0.41776
22401169,2024-25,2025-04-10,BKN,ATL,0,0.30552
22401170,2024-25,2025-04-10,MEM,MIN,0,0.54736
22401171,2024-25,2025-04-11,DET,MIL,0,0.57696
22401172,2024-25,2025-04-11,IND,ORL,0,0.60492
22401173,2024-25,2025-04-11,PHI,ATL,0,0.28043
22401174,2024-25,2025-04-11,BOS,CHA,1,0.91829
22401175,2024-25,2025-04-11,NYK,CLE,0,0.47103
22401176,2024-25,2025-04-11,CHI,WAS,1,0.85426
22401177,2024-25,2025-04-11,NOP,MIA,0,0.18672
22401178,2024-25,2025-04-11,DAL,TOR,1,0.65618
22401179,2024-25,2025-04-11,MIN,BKN,1,0.91319
22401180,2024-25,2025-04-11,DEN,MEM,1,0.59411
22401181,2024-25,2025-04-11,UTA,OKC,0,0.09393
22401182,2024-25,2025-04-11,PHX,SAS,1,0.59129
22401183,2024-25,2025-04-11,POR,GSW,0,0.29516
22401184,2024-25,2025-04-11,SAC,LAC,0,0.29933
22401185,2024-25,2025-04-11,LAL,HOU,1,0.62306
22401186,2024-25,2025-04-13,ATL,ORL,1,0.60512
22401187,2024-25,2025-04-13,BOS,CHA,1,0.9427
22401188,2024-25,2025-04-13,BKN,NYK,0,0.20659
22401189,2024-25,2025-04-13,CLE,IND,0,0.76747
22401190,2024-25,2025-04-13,MIA,WAS,0,0.88111
22401191,2024-25,2025-04-13,PHI,CHI,0,0.22272
22401192,2024-25,2025-04-13,MIL,DET,1,0.56124
22401193,2024-25,2025-04-13,HOU,DEN,0,0.32466
22401194,2024-25,2025-04-13,MEM,DAL,1,0.69606
22401195,2024-25,2025-04-13,MIN,UTA,1,0.92395
22401196,2024-25,2025-04-13,NOP,OKC,0,0.1003
22401197,2024-25,2025-04-13,SAS,TOR,1,0.58069
22401198,2024-25,2025-04-13,GSW,LAC,0,0.4742
22401199,2024-25,2025-04-13,POR,LAL,1,0.2758
22401200,2024-25,2025-04-13,SAC,PHX,1,0.63836
52400101,2024-25,2025-04-15,ORL,ATL,1,0.64021
52400121,2024-25,2025-04-15,GSW,MEM,1,0.72596
52400111,2024-25,2025-04-16,CHI,MIA,0,0.62233
52400131,2024-25,2025-04-16,SAC,DAL,0,0.65046
52400201,2024-25,2025-04-18,ATL,MIA,0,0.5708
52400211,2024-25,2025-04-18,MEM,DAL,1,0.7492
42400121,2024-25,2025-04-19,NYK,DET,1,0.60294
42400131,2024-25,2025-04-19,IND,MIL,1,0.64713
42400161,2024-25,2025-04-19,LAL,MIN,0,0.34361
42400171,2024-25,2025-04-19,DEN,LAC,1,0.57854
42400101,2024-25,2025-04-20,CLE,MIA,1,0.67763
42400111,2024-25,2025-04-20,BOS,ORL,1,0.72529
42400141,2024-25,2025-04-20,OKC,MEM,1,0.62299
42400151,2024-25,2025-04-20,HOU,GSW,0,0.60002
42400122,2024-25,2025-04-21,NYK,DET,0,0.69077
42400172,2024-25,2025-04-21,DEN,LAC,0,0.58473
42400132,2024-25,2025-04-22,IND,MIL,1,0.64401
42400142,2024-25,2025-04-22,OKC,MEM,1,0.81488
42400162,2024-25,2025-04-22,LAL,MIN,1,0.49698
42400102,2024-25,2025-04-23,CLE,MIA,1,0.80049
42400112,2024-25,2025-04-23,BOS,ORL,1,0.81469
42400152,2024-25,2025-04-23,HOU,GSW,1,0.56449
42400123,2024-25,2025-04-24,DET,NYK,0,0.50154
42400143,2024-25,2025-04-24,MEM,OKC,0,0.32794
42400173,2024-25,2025-04-24,LAC,DEN,1,0.61262
42400113,2024-25,2025-04-25,ORL,BOS,1,0.3565
42400133,2024-25,2025-04-25,MIL,IND,1,0.56573
42400163,2024-25,2025-04-25,MIN,LAL,1,0.66686
42400103,2024-25,2025-04-26,MIA,CLE,0,0.33927
42400144,2024-25,2025-04-26,MEM,OKC,0,0.32542
42400153,2024-25,2025-04-26,GSW,HOU,1,0.58916
42400174,2024-25,2025-04-26,LAC,DEN,0,0.62156
42400114,2024-25,2025-04-27,ORL,BOS,0,0.3332
42400124,2024-25,2025-04-27,DET,NYK,0,0.48992
42400134,2024-25,2025-04-27,MIL,IND,0,0.60892
42400164,2024-25,2025-04-27,MIN,LAL,1,0.669
42400104,2024-25,2025-04-28,MIA,CLE,0,0.34233
42400154,2024-25,2025-04-28,GSW,HOU,1,0.59431
42400115,2024-25,2025-04-29,BOS,ORL,1,0.81563
42400125,2024-25,2025-04-29,NYK,DET,0,0.7025
42400135,2024-25,2025-04-29,IND,MIL,1,0.61701
42400175,2024-25,2025-04-29,DEN,LAC,1,0.58058
42400155,2024-25,2025-04-30,HOU,GSW,1,0.55448
42400165,2024-25,2025-04-30,LAL,MIN,0,0.51884
42400126,2024-25,2025-05-01,DET,NYK,0,0.50576
42400176,2024-25,2025-05-01,LAC,DEN,1,0.59634
42400156,2024-25,2025-05-02,GSW,HOU,0,0.57488
42400177,2024-25,2025-05-03,DEN,LAC,1,0.5831
42400157,2024-25,2025-05-04,HOU,GSW,0,0.64276
42400201,2024-25,2025-05-04,CLE,IND,0,0.72255
42400211,2024-25,2025-05-05,BOS,NYK,0,0.75092
42400221,2024-25,2025-05-05,OKC,DEN,0,0.71883
42400202,2024-25,2025-05-06,CLE,IND,0,0.6919
42400231,2024-25,2025-05-06,MIN,GSW,0,0.66795
42400212,2024-25,2025-05-07,BOS,NYK,0,0.76234
42400222,2024-25,2025-05-07,OKC,DEN,1,0.68433
42400232,2024-25,2025-05-08,MIN,GSW,1,0.62907
42400203,2024-25,2025-05-09,IND,CLE,0,0.5446
42400223,2024-25,2025-05-09,DEN,OKC,1,0.45666
42400213,2024-25,2025-05-10,NYK,BOS,0,0.42424
42400233,2024-25,2025-05-10,GSW,MIN,0,0.50119
42400204,2024-25,2025-05-11,IND,CLE,1,0.4217
42400224,2024-25,2025-05-11,DEN,OKC,0,0.49257
42400214,2024-25,2025-05-12,NYK,BOS,1,0.42475
42400234,2024-25,2025-05-12,GSW,MIN,0,0.47424
42400205,2024-25,2025-05-13,CLE,IND,0,0.70631
42400225,2024-25,2025-05-13,OKC,DEN,1,0.70055
42400215,2024-25,2025-05-14,BOS,NYK,1,0.73821
42400235,2024-25,2025-05-14,MIN,GSW,1,0.73328
42400226,2024-25,2025-05-15,DEN,OKC,1,0.47178
42400216,2024-25,2025-05-16,NYK,BOS,1,0.43861
42400227,2024-25,2025-05-18,OKC,DEN,1,0.67789
42400311,2024-25,2025-05-20,OKC,MIN,1,0.76254
42400301,2024-25,2025-05-21,NYK,IND,0,0.52436
42400312,2024-25,2025-05-22,OKC,MIN,1,0.7831
42400302,2024-25,2025-05-23,NYK,IND,0,0.52076
42400313,2024-25,2025-05-24,MIN,OKC,1,0.35412
42400303,2024-25,2025-05-25,IND,NYK,0,0.69204
42400314,2024-25,2025-05-26,MIN,OKC,0,0.42726
42400304,2024-25,2025-05-27,IND,NYK,1,0.67848
42400315,2024-25,2025-05-28,OKC,MIN,1,0.74387
42400305,2024-25,2025-05-29,NYK,IND,1,0.47738
42400306,2024-25,2025-05-31,IND,NYK,1,0.67099
42400401,2024-25,2025-06-05,OKC,IND,0,0.79312
42400402,2024-25,2025-06-08,OKC,IND,1,0.77424
42400403,2024-25,2025-06-11,IND,OKC,1,0.37738
42400404,2024-25,2025-06-13,IND,OKC,0,0.40627
42400405,2024-25,2025-06-16,OKC,IND,1,0.76521
42400406,2024-25,2025-06-19,IND,OKC,1,0.38274
42400407,2024-25,2025-06-22,OKC,IND,1,0.74803
22500001,2025-26,2025-10-21,OKC,HOU,1,0.64073
22500002,2025-26,2025-10-21,LAL,GSW,0,0.52093
22500003,2025-26,2025-10-22,NYK,CLE,1,0.49179
22500004,2025-26,2025-10-22,DAL,SAS,0,0.6251
22500080,2025-26,2025-10-22,CHA,BKN,1,0.54647
22500081,2025-26,2025-10-22,ORL,MIA,1,0.56574
22500082,2025-26,2025-10-22,ATL,TOR,0,0.59039
22500083,2025-26,2025-10-22,BOS,PHI,0,0.72079
22500084,2025-26,2025-10-22,CHI,DET,1,0.55111
22500085,2025-26,2025-10-22,MEM,NOP,1,0.64789
22500086,2025-26,2025-10-22,MIL,WAS,1,0.69086
22500087,2025-26,2025-10-22,UTA,LAC,1,0.42943
22500088,2025-26,2025-10-22,PHX,SAC,1,0.57216
22500089,2025-26,2025-10-22,POR,MIN,0,0.45141
22500005,2025-26,2025-10-23,IND,OKC,0,0.52978
22500006,2025-26,2025-10-23,GSW,DEN,1,0.58038
22500018,2025-26,2025-10-24,NYK,BOS,1,0.53079
22500019,2025-26,2025-10-24,LAL,MIN,1,0.54135
22500090,2025-26,2025-10-24,ORL,ATL,0,0.63182
22500091,2025-26,2025-10-24,BKN,CLE,0,0.27324
22500092,2025-26,2025-10-24,TOR,MIL,0,0.54418
22500093,2025-26,2025-10-24,HOU,DET,0,0.68101
22500094,2025-26,2025-10-24,MEM,MIA,0,0.62037
22500095,2025-26,2025-10-24,NOP,SAS,0,0.45002
22500096,2025-26,2025-10-24,DAL,WAS,0,0.68696
22500097,2025-26,2025-10-24,POR,GSW,1,0.47679
22500098,2025-26,2025-10-24,SAC,UTA,1,0.54327
22500099,2025-26,2025-10-24,LAC,PHX,1,0.70845
22500100,2025-26,2025-10-25,ORL,CHI,0,0.52704
22500101,2025-26,2025-10-25,ATL,OKC,0,0.24144
22500102,2025-26,2025-10-25,PHI,CHA,1,0.56201
22500103,2025-26,2025-10-25,MEM,IND,1,0.46719
22500104,2025-26,2025-10-25,DEN,PHX,1,0.86802
22500105,2025-26,2025-10-26,SAS,BKN,1,0.77315
22500106,2025-26,2025-10-26,DET,BOS,1,0.50438
22500107,2025-26,2025-10-26,CLE,MIL,1,0.58995
22500108,2025-26,2025-10-26,MIA,NYK,1,0.52739
22500109,2025-26,2025-10-26,WAS,CHA,0,0.53896
22500110,2025-26,2025-10-26,MIN,IND,1,0.73338
22500111,2025-26,2025-10-26,DAL,TOR,1,0.4761
22500112,2025-26,2025-10-26,LAC,POR,1,0.68013
22500113,2025-26,2025-10-26,SAC,LAL,0,0.42828
22500007,2025-26,2025-10-27,DET,CLE,0,0.46278
22500008,2025-26,2025-10-27,MIN,DEN,0,0.35717
22500114,2025-26,2025-10-27,PHI,ORL,1,0.51823
22500115,2025-26,2025-10-27,CHI,ATL,1,0.61274
22500116,2025-26,2025-10-27,HOU,BKN,1,0.85602
22500117,2025-26,2025-10-27,NOP,BOS,0,0.50424
22500118,2025-26,2025-10-27,SAS,TOR,1,0.58954
22500119,2025-26,2025-10-27,DAL,OKC,0,0.24178
22500120,2025-26,2025-10-27,UTA,PHX,1,0.62753
22500121,2025-26,2025-10-27,GSW,MEM,1,0.59167
22500122,2025-26,2025-10-27,LAL,POR,0,0.61306
22500123,2025-26,2025-10-28,WAS,PHI,0,0.47895
22500124,2025-26,2025-10-28,MIA,CHA,1,0.62297
22500125,2025-26,2025-10-28,MIL,NYK,1,0.59411
22500126,2025-26,2025-10-28,OKC,SAC,1,0.76411
22500127,2025-26,2025-10-28,GSW,LAC,1,0.41794
22500128,2025-26,2025-10-29,BOS,CLE,1,0.49189
22500129,2025-26,2025-10-29,DET,ORL,1,0.55264
22500130,2025-26,2025-10-29,BKN,ATL,0,0.37787
22500131,2025-26,2025-10-29,TOR,HOU,0,0.44105
22500132,2025-26,2025-10-29,CHI,SAC,1,0.70795
22500133,2025-26,2025-10-29,DAL,IND,1,0.55279
22500134,2025-26,2025-10-29,DEN,NOP,1,0.83851
22500135,2025-26,2025-10-29,UTA,POR,0,0.51928
22500136,2025-26,2025-10-29,MIN,LAL,0,0.64538
22500137,2025-26,2025-10-29,PHX,MEM,0,0.41001
22500138,2025-26,2025-10-30,CHA,ORL,0,0.60247
22500139,2025-26,2025-10-30,MIL,GSW,1,0.53661
22500140,2025-26,2025-10-30,OKC,WAS,1,0.87426
22500141,2025-26,2025-10-30,SAS,MIA,1,0.57265
22500020,2025-26,2025-10-31,IND,ATL,0,0.53127
22500021,2025-26,2025-10-31,PHI,BOS,0,0.46002
22500022,2025-26,2025-10-31,CLE,TOR,0,0.72568
22500023,2025-26,2025-10-31,CHI,NYK,1,0.54301
22500024,2025-26,2025-10-31,MEM,LAL,0,0.65471
22500025,2025-26,2025-10-31,PHX,UTA,1,0.49441
22500026,2025-26,2025-10-31,POR,DEN,1,0.36101
22500027,2025-26,2025-10-31,LAC,NOP,1,0.76841
22500142,2025-26,2025-11-01,MIL,SAC,0,0.69198
22500143,2025-26,2025-11-01,CHA,MIN,0,0.43673
22500144,2025-26,2025-11-01,IND,GSW,1,0.29427
22500145,2025-26,2025-11-01,WAS,ORL,0,0.34149
22500146,2025-26,2025-11-01,BOS,HOU,0,0.46775
22500148,2025-26,2025-11-02,OKC,NOP,1,0.85194
22500149,2025-26,2025-11-02,BKN,PHI,0,0.36266
22500150,2025-26,2025-11-02,CHA,UTA,1,0.4718
22500151,2025-26,2025-11-02,CLE,ATL,1,0.6112
22500152,2025-26,2025-11-02,TOR,MEM,1,0.46545
22500153,2025-26,2025-11-02,NYK,CHI,1,0.5657
22500154,2025-26,2025-11-02,PHX,SAS,1,0.4064
22500155,2025-26,2025-11-02,LAL,MIA,1,0.58388
22500156,2025-26,2025-11-03,BKN,MIN,0,0.21831
22500157,2025-26,2025-11-03,IND,MIL,0,0.35418
22500158,2025-26,2025-11-03,BOS,UTA,0,0.80585
22500159,2025-26,2025-11-03,NYK,WAS,1,0.75288
22500160,2025-26,2025-11-03,HOU,DAL,1,0.74887
22500161,2025-26,2025-11-03,MEM,DET,0,0.41857
22500162,2025-26,2025-11-03,DEN,SAC,1,0.79905
22500163,2025-26,2025-11-03,POR,LAL,0,0.59056
22500164,2025-26,2025-11-03,LAC,MIA,0,0.72595
22500165,2025-26,2025-11-04,TOR,MIL,1,0.45593
22500166,2025-26,2025-11-04,ATL,ORL,1,0.46856
22500167,2025-26,2025-11-04,CHI,PHI,1,0.59177
22500168,2025-26,2025-11-04,NOP,CHA,1,0.5331
22500169,2025-26,2025-11-04,GSW,PHX,1,0.70256
22500170,2025-26,2025-11-04,LAC,OKC,0,0.35501
22500171,2025-26,2025-11-05,CLE,PHI,1,0.68657
22500172,2025-26,2025-11-05,DET,UTA,1,0.70169
22500173,2025-26,2025-11-05,IND,BKN,0,0.7111
22500174,2025-26,2025-11-05,BOS,WAS,1,0.83547
22500175,2025-26,2025-11-05,NYK,MIN,1,0.5535
22500176,2025-26,2025-11-05,MEM,HOU,0,0.42518
22500177,2025-26,2025-11-05,DAL,NOP,0,0.68627
22500178,2025-26,2025-11-05,DEN,MIA,1,0.6787
22500179,2025-26,2025-11-05,LAL,SAS,1,0.51184
22500180,2025-26,2025-11-05,POR,OKC,1,0.31687
22500181,2025-26,2025-11-05,SAC,GSW,1,0.45697
22500182,2025-26,2025-11-06,PHX,LAC,1,0.4305
22500028,2025-26,2025-11-07,ORL,BOS,1,0.50355
22500029,2025-26,2025-11-07,WAS,CLE,0,0.18735
22500030,2025-26,2025-11-07,ATL,TOR,0,0.52132
22500031,2025-26,2025-11-07,BKN,DET,0,0.3037
22500032,2025-26,2025-11-07,SAS,HOU,1,0.41348
22500033,2025-26,2025-11-07,MIA,CHA,1,0.69472
22500034,2025-26,2025-11-07,MEM,DAL,1,0.66422
22500035,2025-26,2025-11-07,MIL,CHI,1,0.61657
22500036,2025-26,2025-11-07,MIN,UTA,1,0.7472
22500037,2025-26,2025-11-07,DEN,GSW,1,0.73036
22500038,2025-26,2025-11-07,SAC,OKC,0,0.23061
22500183,2025-26,2025-11-08,WAS,DAL,0,0.427
22500184,2025-26,2025-11-08,PHI,TOR,1,0.59293
22500185,2025-26,2025-11-08,ATL,LAL,1,0.35489
22500186,2025-26,2025-11-08,CLE,CHI,1,0.66969
22500187,2025-26,2025-11-08,MIA,POR,1,0.52771
22500188,2025-26,2025-11-08,SAS,NOP,1,0.6785
22500189,2025-26,2025-11-08,DEN,IND,1,0.76008
22500190,2025-26,2025-11-08,LAC,PHX,0,0.59514
22500191,2025-26,2025-11-09,MIL,HOU,0,0.51347
22500192,2025-26,2025-11-09,NYK,BKN,1,0.85088
22500193,2025-26,2025-11-09,ORL,BOS,0,0.52416
22500194,2025-26,2025-11-09,MEM,OKC,0,0.29572
22500195,2025-26,2025-11-09,PHI,DET,0,0.45319
22500196,2025-26,2025-11-09,GSW,IND,1,0.74746
22500197,2025-26,2025-11-09,SAC,MIN,0,0.34438
22500198,2025-26,2025-11-10,CHA,LAL,0,0.41666
22500199,2025-26,2025-11-10,DET,WAS,1,0.77428
22500200,2025-26,2025-11-10,ORL,POR,1,0.53937
22500201,2025-26,2025-11-10,MIA,CLE,1,0.43903
22500202,2025-26,2025-11-10,CHI,SAS,0,0.51821
22500203,2025-26,2025-11-10,DAL,MIL,0,0.3819
22500204,2025-26,2025-11-10,PHX,NOP,1,0.7189
22500205,2025-26,2025-11-10,UTA,MIN,0,0.38345
22500206,2025-26,2025-11-10,LAC,ATL,0,0.61379
22500207,2025-26,2025-11-11,BKN,TOR,0,0.28256
22500208,2025-26,2025-11-11,NYK,MEM,1,0.66101
22500209,2025-26,2025-11-11,PHI,BOS,1,0.47921
22500210,2025-26,2025-11-11,OKC,GSW,1,0.77431
22500211,2025-26,2025-11-11,UTA,IND,1,0.52221
22500212,2025-26,2025-11-11,SAC,DEN,0,0.33908
22500213,2025-26,2025-11-12,CHA,MIL,1,0.33099
22500214,2025-26,2025-11-12,DET,CHI,1,0.56741
22500215,2025-26,2025-11-12,NYK,ORL,0,0.56922
22500216,2025-26,2025-11-12,BOS,MEM,1,0.62744
22500217,2025-26,2025-11-12,MIA,CLE,0,0.43242
22500218,2025-26,2025-11-12,HOU,WAS,1,0.88199
22500219,2025-26,2025-11-12,NOP,POR,0,0.38442
22500220,2025-26,2025-11-12,SAS,GSW,0,0.66705
22500221,2025-26,2025-11-12,DAL,PHX,0,0.43107
22500222,2025-26,2025-11-12,OKC,LAL,1,0.68147
22500223,2025-26,2025-11-12,SAC,ATL,0,0.38164
22500224,2025-26,2025-11-12,LAC,DEN,0,0.42122
22500225,2025-26,2025-11-13,CLE,TOR,0,0.56687
22500226,2025-26,2025-11-13,PHX,IND,1,0.62421
22500227,2025-26,2025-11-13,UTA,ATL,0,0.44236
22500039,2025-26,2025-11-14,NYK,MIA,1,0.6168
22500040,2025-26,2025-11-14,ORL,BKN,1,0.82027
22500041,2025-26,2025-11-14,DET,PHI,1,0.53795
22500042,2025-26,2025-11-14,HOU,POR,1,0.71887
22500043,2025-26,2025-11-14,MIL,CHA,1,0.67725
22500044,2025-26,2025-11-14,MIN,SAC,1,0.81824
22500045,2025-26,2025-11-14,NOP,LAL,0,0.31398
22500046,2025-26,2025-11-14,DAL,LAC,0,0.44346
22500047,2025-26,2025-11-14,SAS,GSW,0,0.58005
22500228,2025-26,2025-11-15,CLE,MEM,1,0.7216
22500229,2025-26,2025-11-15,CHA,OKC,0,0.16302
22500230,2025-26,2025-11-15,IND,TOR,0,0.33672
22500231,2025-26,2025-11-15,MIL,LAL,0,0.58183
22500232,2025-26,2025-11-15,MIN,DEN,0,0.40209
22500233,2025-26,2025-11-16,BOS,LAC,1,0.66132
22500234,2025-26,2025-11-16,SAS,SAC,1,0.7681
22500235,2025-26,2025-11-16,WAS,BKN,0,0.59567
22500236,2025-26,2025-11-16,HOU,ORL,1,0.70046
22500237,2025-26,2025-11-16,NOP,GSW,0,0.27913
22500238,2025-26,2025-11-16,DAL,POR,1,0.44594
22500239,2025-26,2025-11-16,PHX,ATL,0,0.50229
22500240,2025-26,2025-11-16,UTA,CHI,1,0.40545
22500241,2025-26,2025-11-17,CLE,MIL,1,0.64253
22500242,2025-26,2025-11-17,DET,IND,1,0.7425
22500243,2025-26,2025-11-17,PHI,LAC,1,0.64028
22500244,2025-26,2025-11-17,MIA,NYK,1,0.50625
22500245,2025-26,2025-11-17,TOR,CHA,1,0.70072
22500246,2025-26,2025-11-17,MIN,DAL,1,0.81777
22500247,2025-26,2025-11-17,NOP,OKC,0,0.09903
22500248,2025-26,2025-11-17,DEN,CHI,0,0.7833
22500249,2025-26,2025-11-18,ORL,GSW,1,0.45318
22500250,2025-26,2025-11-18,BKN,BOS,0,0.2357
22500251,2025-26,2025-11-18,ATL,DET,0,0.67683
22500252,2025-26,2025-11-18,SAS,MEM,1,0.62127
22500253,2025-26,2025-11-18,LAL,UTA,1,0.78603
22500254,2025-26,2025-11-18,POR,PHX,0,0.54713
22500255,2025-26,2025-11-19,CLE,HOU,0,0.52625
22500256,2025-26,2025-11-19,IND,CHA,1,0.38895
22500257,2025-26,2025-11-19,MIA,GSW,1,0.55922
22500258,2025-26,2025-11-19,PHI,TOR,0,0.49816
22500259,2025-26,2025-11-19,MIN,WAS,1,0.86393
22500260,2025-26,2025-11-19,NOP,DEN,0,0.1897
22500261,2025-26,2025-11-19,OKC,SAC,1,0.88535
22500262,2025-26,2025-11-19,DAL,NYK,0,0.36161
22500263,2025-26,2025-11-19,POR,CHI,0,0.4357
22500264,2025-26,2025-11-20,ORL,LAC,1,0.59302
22500265,2025-26,2025-11-20,MEM,SAC,1,0.72168
22500266,2025-26,2025-11-20,MIL,PHI,0,0.73594
22500267,2025-26,2025-11-20,SAS,ATL,1,0.56278
22500048,2025-26,2025-11-21,CLE,IND,1,0.84077
22500049,2025-26,2025-11-21,BOS,BKN,0,0.84121
22500050,2025-26,2025-11-21,TOR,WAS,1,0.84428
22500051,2025-26,2025-11-21,CHI,MIA,0,0.48028
22500052,2025-26,2025-11-21,DAL,NOP,1,0.56768
22500053,2025-26,2025-11-21,PHX,MIN,1,0.43666
22500054,2025-26,2025-11-21,HOU,DEN,0,0.60792
22500055,2025-26,2025-11-21,UTA,OKC,0,0.14915
22500056,2025-26,2025-11-21,GSW,POR,0,0.63337
22500268,2025-26,2025-11-22,CHA,LAC,0,0.53858
22500269,2025-26,2025-11-22,ORL,NYK,1,0.52089
22500270,2025-26,2025-11-22,NOP,ATL,0,0.29869
22500271,2025-26,2025-11-22,CHI,WAS,1,0.81901
22500272,2025-26,2025-11-22,MIL,DET,0,0.41892
22500273,2025-26,2025-11-22,DAL,MEM,0,0.42694
22500274,2025-26,2025-11-22,DEN,SAC,0,0.8043
22500275,2025-26,2025-11-23,PHI,MIA,0,0.46837
22500276,2025-26,2025-11-23,ATL,CHA,1,0.64947
22500277,2025-26,2025-11-23,BOS,ORL,1,0.64914
22500278,2025-26,2025-11-23,CLE,LAC,1,0.79026
22500279,2025-26,2025-11-23,TOR,BKN,1,0.81399
22500280,2025-26,2025-11-23,OKC,POR,1,0.86738
22500281,2025-26,2025-11-23,PHX,SAS,1,0.50596
22500282,2025-26,2025-11-23,UTA,LAL,0,0.26414
22500283,2025-26,2025-11-24,IND,DET,0,0.22495
22500284,2025-26,2025-11-24,TOR,CLE,1,0.49067
22500285,2025-26,2025-11-24,BKN,NYK,0,0.23473
22500286,2025-26,2025-11-24,MIA,DAL,1,0.73886
22500287,2025-26,2025-11-24,MEM,DEN,0,0.35646
22500288,2025-26,2025-11-24,MIL,POR,0,0.65766
22500289,2025-26,2025-11-24,NOP,CHI,1,0.34365
22500290,2025-26,2025-11-24,PHX,HOU,0,0.29553
22500291,2025-26,2025-11-24,GSW,UTA,1,0.82769
22500292,2025-26,2025-11-24,SAC,MIN,1,0.22758
22500057,2025-26,2025-11-25,WAS,ATL,1,0.2339
22500058,2025-26,2025-11-25,PHI,ORL,0,0.52486
22500059,2025-26,2025-11-25,LAL,LAC,1,0.68991
22500060,2025-26,2025-11-26,BOS,DET,1,0.49862
22500061,2025-26,2025-11-26,CHA,NYK,0,0.39557
22500062,2025-26,2025-11-26,MIA,MIL,1,0.72697
22500063,2025-26,2025-11-26,TOR,IND,1,0.81357
22500064,2025-26,2025-11-26,OKC,MIN,1,0.75133
22500065,2025-26,2025-11-26,NOP,MEM,0,0.4438
22500066,2025-26,2025-11-26,GSW,HOU,0,0.45993
22500067,2025-26,2025-11-26,POR,SAS,0,0.46988
22500068,2025-26,2025-11-26,SAC,PHX,0,0.4224
22500069,2025-26,2025-11-28,ATL,CLE,1,0.50979
22500070,2025-26,2025-11-28,BKN,PHI,0,0.42009
22500071,2025-26,2025-11-28,CHA,CHI,1,0.4857
22500072,2025-26,2025-11-28,DET,ORL,0,0.61411
22500073,2025-26,2025-11-28,IND,WAS,1,0.59096
22500074,2025-26,2025-11-28,NYK,MIL,1,0.70187
22500075,2025-26,2025-11-28,OKC,PHX,1,0.84244
22500076,2025-26,2025-11-28,DEN,SAS,0,0.63409
22500077,2025-26,2025-11-28,UTA,SAC,1,0.61408
22500078,2025-26,2025-11-28,LAL,DAL,1,0.79711
22500079,2025-26,2025-11-28,LAC,MEM,0,0.61603
22500293,2025-26,2025-11-29,MIN,BOS,1,0.63079
22500294,2025-26,2025-11-29,CHA,TOR,1,0.30203
22500295,2025-26,2025-11-29,IND,CHI,1,0.35545
22500296,2025-26,2025-11-29,MIA,DET,0,0.63923
22500297,2025-26,2025-11-29,MIL,BKN,1,0.79937
22500298,2025-26,2025-11-29,GSW,NOP,1,0.78951
22500299,2025-26,2025-11-29,PHX,DEN,0,0.44121
22500300,2025-26,2025-11-29,LAC,DAL,0,0.6228
22500301,2025-26,2025-11-30,UTA,HOU,0,0.26915
22500302,2025-26,2025-11-30,CLE,BOS,0,0.69774
22500303,2025-26,2025-11-30,NYK,TOR,1,0.62852
22500304,2025-26,2025-11-30,PHI,ATL,0,0.45342
22500305,2025-26,2025-11-30,POR,OKC,0,0.22759
22500306,2025-26,2025-11-30,MIN,SAS,1,0.58105
22500307,2025-26,2025-11-30,SAC,MEM,0,0.41163
22500308,2025-26,2025-11-30,LAL,NOP,1,0.87251
22500309,2025-26,2025-12-01,DET,ATL,1,0.70992
22500310,2025-26,2025-12-01,IND,CLE,0,0.32695
22500311,2025-26,2025-12-01,WAS,MIL,1,0.26629
22500312,2025-26,2025-12-01,BKN,CHA,1,0.3606
22500313,2025-26,2025-12-01,MIA,LAC,1,0.75422
22500314,2025-26,2025-12-01,ORL,CHI,1,0.68991
22500315,2025-26,2025-12-01,DEN,DAL,0,0.79804
22500316,2025-26,2025-12-01,UTA,HOU,1,0.22386
22500317,2025-26,2025-12-01,LAL,PHX,0,0.61613
22500318,2025-26,2025-12-02,PHI,WAS,1,0.84043
22500319,2025-26,2025-12-02,TOR,POR,1,0.65481
22500320,2025-26,2025-12-02,BOS,NYK,1,0.52278
22500321,2025-26,2025-12-02,NOP,MIN,0,0.17701
22500322,2025-26,2025-12-02,SAS,MEM,1,0.64037
22500323,2025-26,2025-12-02,GSW,OKC,0,0.27369
22500324,2025-26,2025-12-03,CLE,POR,0,0.72337
22500325,2025-26,2025-12-03,IND,DEN,0,0.2631
22500326,2025-26,2025-12-03,ORL,SAS,0,0.66024
22500327,2025-26,2025-12-03,ATL,LAC,0,0.64615
22500328,2025-26,2025-12-03,NYK,CHA,1,0.67109
22500329,2025-26,2025-12-03,CHI,BKN,0,0.70835
22500330,2025-26,2025-12-03,HOU,SAC,1,0.8432
22500331,2025-26,2025-12-03,MIL,DET,1,0.41222
22500332,2025-26,2025-12-03,DAL,MIA,1,0.28048
22500333,2025-26,2025-12-04,PHI,GSW,1,0.48383
22500334,2025-26,2025-12-04,WAS,BOS,0,0.18581
22500335,2025-26,2025-12-04,BKN,UTA,0,0.39087
22500336,2025-26,2025-12-04,TOR,LAL,0,0.51319
22500337,2025-26,2025-12-04,NOP,MIN,0,0.17197
22500338,2025-26,2025-12-05,BOS,LAL,1,0.58989
22500339,2025-26,2025-12-05,ORL,MIA,1,0.48106
22500340,2025-26,2025-12-05,ATL,DEN,0,0.43109
22500341,2025-26,2025-12-05,CLE,SAS,1,0.59365
22500342,2025-26,2025-12-05,DET,POR,1,0.72634
22500343,2025-26,2025-12-05,NYK,UTA,1,0.80972
22500344,2025-26,2025-12-05,TOR,CHA,0,0.64786
22500345,2025-26,2025-12-05,CHI,IND,0,0.67046
22500346,2025-26,2025-12-05,HOU,PHX,1,0.69485
22500347,2025-26,2025-12-05,MEM,LAC,1,0.56519
22500348,2025-26,2025-12-05,MIL,PHI,0,0.6394
22500349,2025-26,2025-12-05,OKC,DAL,1,0.87728
22500350,2025-26,2025-12-06,BKN,NOP,1,0.57153
22500351,2025-26,2025-12-06,WAS,ATL,0,0.29114
22500352,2025-26,2025-12-06,CLE,GSW,0,0.5578
22500353,2025-26,2025-12-06,DET,MIL,1,0.76921
22500354,2025-26,2025-12-06,MIA,SAC,0,0.78145
22500355,2025-26,2025-12-06,MIN,LAC,1,0.81672
22500356,2025-26,2025-12-06,DAL,HOU,1,0.31085
22500357,2025-26,2025-12-07,NYK,ORL,1,0.57768
22500358,2025-26,2025-12-07,TOR,BOS,0,0.46773
22500359,2025-26,2025-12-07,CHA,DEN,0,0.34452
22500360,2025-26,2025-12-07,MEM,POR,1,0.55546
22500361,2025-26,2025-12-07,CHI,GSW,0,0.56243
22500362,2025-26,2025-12-07,PHI,LAL,0,0.52548
22500363,2025-26,2025-12-07,UTA,OKC,0,0.16036
22500364,2025-26,2025-12-08,IND,SAC,1,0.55563
22500365,2025-26,2025-12-08,MIN,PHX,0,0.71728
22500366,2025-26,2025-12-08,NOP,SAS,0,0.26617
22501201,2025-26,2025-12-09,ORL,MIA,1,0.57221
22501202,2025-26,2025-12-09,TOR,NYK,0,0.47003
22501203,2025-26,2025-12-10,OKC,PHX,1,0.8051
22501204,2025-26,2025-12-10,LAL,SAS,0,0.61481
22501205,2025-26,2025-12-11,HOU,LAC,1,0.6951
22501206,2025-26,2025-12-11,MIL,BOS,1,0.2962
22501207,2025-26,2025-12-11,NOP,POR,1,0.39367
22501208,2025-26,2025-12-11,SAC,DEN,0,0.26566
22501209,2025-26,2025-12-12,CHA,CHI,0,0.52368
22501210,2025-26,2025-12-12,DET,ATL,1,0.68839
22501211,2025-26,2025-12-12,PHI,IND,1,0.73476
22501212,2025-26,2025-12-12,WAS,CLE,0,0.19125
22501213,2025-26,2025-12-12,MEM,UTA,0,0.68517
22501214,2025-26,2025-12-12,DAL,BKN,1,0.69821
22501215,2025-26,2025-12-12,GSW,MIN,0,0.39417
22501216,2025-26,2025-12-14,IND,WAS,0,0.69532
22501217,2025-26,2025-12-14,ATL,PHI,1,0.60507
22501218,2025-26,2025-12-14,CLE,CHA,0,0.77802
22501219,2025-26,2025-12-14,BKN,MIL,1,0.4633
22501220,2025-26,2025-12-14,MIN,SAC,1,0.84183
22501221,2025-26,2025-12-14,POR,GSW,1,0.40096
22501223,2025-26,2025-12-14,CHI,NOP,0,0.64813
22501228,2025-26,2025-12-14,PHX,LAL,0,0.39933
22501222,2025-26,2025-12-15,BOS,DET,0,0.47396
22501224,2025-26,2025-12-15,UTA,DAL,1,0.47942
22501225,2025-26,2025-12-15,DEN,HOU,1,0.47945
22501226,2025-26,2025-12-15,LAC,MEM,0,0.53362
22501227,2025-26,2025-12-15,MIA,TOR,0,0.70031
22500367,2025-26,2025-12-17,CHI,CLE,1,0.36376
22500368,2025-26,2025-12-17,MIN,MEM,0,0.69659
22500369,2025-26,2025-12-18,OKC,LAC,1,0.8759
22500370,2025-26,2025-12-18,SAS,WAS,1,0.9085
22500371,2025-26,2025-12-18,CHA,ATL,1,0.37356
22500372,2025-26,2025-12-18,IND,NYK,0,0.24028
22500373,2025-26,2025-12-18,BKN,MIA,0,0.29291
22500374,2025-26,2025-12-18,MIL,TOR,0,0.36033
22500375,2025-26,2025-12-18,NOP,HOU,1,0.24539
22500376,2025-26,2025-12-18,DAL,DET,1,0.28565
22500377,2025-26,2025-12-18,DEN,ORL,1,0.61572
22500378,2025-26,2025-12-18,PHX,GSW,1,0.49965
22500379,2025-26,2025-12-18,UTA,LAL,0,0.30962
22500380,2025-26,2025-12-18,POR,SAC,1,0.72182
22500381,2025-26,2025-12-19,BOS,MIA,1,0.6573
22500382,2025-26,2025-12-19,NYK,PHI,0,0.59535
22500383,2025-26,2025-12-19,ATL,SAS,0,0.45056
22500384,2025-26,2025-12-19,CLE,CHI,0,0.69895
22500385,2025-26,2025-12-19,MIN,OKC,1,0.35597
22500386,2025-26,2025-12-20,DEN,HOU,0,0.48452
22500387,2025-26,2025-12-20,PHI,DAL,1,0.50239
22500388,2025-26,2025-12-20,TOR,BOS,0,0.53665
22500389,2025-26,2025-12-20,NOP,IND,1,0.63581
22500390,2025-26,2025-12-20,DET,CHA,1,0.79849
22500391,2025-26,2025-12-20,MEM,WAS,0,0.78888
22500392,2025-26,2025-12-20,GSW,PHX,1,0.61578
22500393,2025-26,2025-12-20,UTA,ORL,0,0.37165
22500394,2025-26,2025-12-20,SAC,POR,0,0.34897
22500395,2025-26,2025-12-20,LAC,LAL,1,0.41651
22500396,2025-26,2025-12-21,ATL,CHI,0,0.65597
22500397,2025-26,2025-12-21,BKN,TOR,1,0.46488
22500398,2025-26,2025-12-21,NYK,MIA,1,0.64785
22500399,2025-26,2025-12-21,WAS,SAS,0,0.13464
22500400,2025-26,2025-12-21,MIN,MIL,1,0.81455
22500401,2025-26,2025-12-21,SAC,HOU,1,0.1507
22500402,2025-26,2025-12-22,CLE,CHA,1,0.68221
22500403,2025-26,2025-12-22,BOS,IND,1,0.8233
22500404,2025-26,2025-12-22,NOP,DAL,1,0.48967
22500405,2025-26,2025-12-22,DEN,UTA,1,0.79599
22500406,2025-26,2025-12-22,OKC,MEM,1,0.89351
22500407,2025-26,2025-12-22,GSW,ORL,1,0.62323
22500408,2025-26,2025-12-22,POR,DET,0,0.33858
22500409,2025-26,2025-12-23,CHA,WAS,1,0.65928
22500410,2025-26,2025-12-23,PHI,BKN,0,0.7089
22500411,2025-26,2025-12-23,ATL,CHI,0,0.67354
22500412,2025-26,2025-12-23,CLE,NOP,1,0.71765
22500413,2025-26,2025-12-23,IND,MIL,0,0.41177
22500414,2025-26,2025-12-23,MIA,TOR,0,0.60656
22500415,2025-26,2025-12-23,DAL,DEN,1,0.38076
22500416,2025-26,2025-12-23,MIN,NYK,1,0.64323
22500417,2025-26,2025-12-23,SAS,OKC,1,0.50315
22500418,2025-26,2025-12-23,PHX,LAL,1,0.53233
22500419,2025-26,2025-12-23,UTA,MEM,0,0.52142
22500420,2025-26,2025-12-23,POR,ORL,0,0.51386
22500421,2025-26,2025-12-23,SAC,DET,0,0.23488
22500422,2025-26,2025-12-23,LAC,HOU,1,0.34646
22500009,2025-26,2025-12-25,NYK,CLE,1,0.55982
22500010,2025-26,2025-12-25,OKC,SAS,0,0.71578
22500011,2025-26,2025-12-25,GSW,DAL,1,0.72503
22500012,2025-26,2025-12-25,LAL,HOU,0,0.38581
22500013,2025-26,2025-12-25,DEN,MIN,1,0.48727
22500423,2025-26,2025-12-26,ATL,MIA,0,0.54623
22500424,2025-26,2025-12-26,ORL,CHA,0,0.65382
22500425,2025-26,2025-12-26,WAS,TOR,1,0.33656
22500426,2025-26,2025-12-26,IND,BOS,0,0.21877
22500427,2025-26,2025-12-26,CHI,PHI,1,0.51411
22500428,2025-26,2025-12-26,MEM,MIL,1,0.60346
22500429,2025-26,2025-12-26,NOP,PHX,0,0.40576
22500430,2025-26,2025-12-26,UTA,DET,1,0.21669
22500431,2025-26,2025-12-26,POR,LAC,0,0.53375
22500432,2025-26,2025-12-27,SAC,DAL,1,0.38971
22500433,2025-26,2025-12-27,ORL,DEN,1,0.38874
22500434,2025-26,2025-12-27,NOP,PHX,0,0.38251
22500435,2025-26,2025-12-27,ATL,NYK,0,0.42729
22500436,2025-26,2025-12-27,MIA,IND,1,0.80619
22500437,2025-26,2025-12-27,CHI,MIL,0,0.67116
22500438,2025-26,2025-12-27,HOU,CLE,1,0.68041
22500439,2025-26,2025-12-27,MIN,BKN,0,0.83564
22500440,2025-26,2025-12-27,SAS,UTA,0,0.87666
22500441,2025-26,2025-12-28,TOR,GSW,1,0.41894
22500442,2025-26,2025-12-28,OKC,PHI,1,0.83276
22500443,2025-26,2025-12-28,WAS,MEM,1,0.36953
22500444,2025-26,2025-12-28,POR,BOS,1,0.36446
22500445,2025-26,2025-12-28,LAC,DET,1,0.3242
22500446,2025-26,2025-12-28,LAL,SAC,1,0.87599
22500447,2025-26,2025-12-29,CHA,MIL,0,0.53752
22500448,2025-26,2025-12-29,WAS,PHX,0,0.2351
22500449,2025-26,2025-12-29,BKN,GSW,0,0.45457
22500450,2025-26,2025-12-29,MIA,DEN,1,0.50495
22500451,2025-26,2025-12-29,TOR,ORL,1,0.4718
22500452,2025-26,2025-12-29,CHI,MIN,0,0.34781
22500453,2025-26,2025-12-29,HOU,IND,1,0.88127
22500454,2025-26,2025-12-29,NOP,NYK,0,0.3194
22500455,2025-26,2025-12-29,OKC,ATL,1,0.77451
22500456,2025-26,2025-12-29,SAS,CLE,0,0.63644
22500457,2025-26,2025-12-29,POR,DAL,1,0.50003
22500458,2025-26,2025-12-30,MEM,PHI,0,0.52974
22500459,2025-26,2025-12-30,UTA,BOS,0,0.34366
22500460,2025-26,2025-12-30,LAL,DET,0,0.4385
22500461,2025-26,2025-12-30,LAC,SAC,1,0.74567
22500462,2025-26,2025-12-31,CHA,GSW,0,0.35114
22500463,2025-26,2025-12-31,ATL,MIN,1,0.32495
22500464,2025-26,2025-12-31,IND,ORL,0,0.3234
22500465,2025-26,2025-12-31,CLE,PHX,1,0.63022
22500466,2025-26,2025-12-31,CHI,NOP,1,0.66722
22500467,2025-26,2025-12-31,SAS,NYK,1,0.59738
22500468,2025-26,2025-12-31,TOR,DEN,0,0.4847
22500469,2025-26,2025-12-31,MIL,WAS,0,0.77546
22500470,2025-26,2025-12-31,OKC,POR,1,0.87072
22500471,2025-26,2026-01-01,BKN,HOU,0,0.24843
22500472,2025-26,2026-01-01,DET,MIA,0,0.61588
22500473,2025-26,2026-01-01,DAL,PHI,0,0.46216
22500474,2025-26,2026-01-01,SAC,BOS,0,0.21258
22500475,2025-26,2026-01-01,LAC,UTA,1,0.68748
22500476,2025-26,2026-01-02,IND,SAS,0,0.19848
22500477,2025-26,2026-01-02,WAS,BKN,1,0.52465
22500478,2025-26,2026-01-02,CLE,DEN,1,0.65635
22500479,2025-26,2026-01-02,NYK,ATL,0,0.63041
22500480,2025-26,2026-01-02,CHI,ORL,1,0.41325
22500481,2025-26,2026-01-02,MIL,CHA,1,0.63871
22500482,2025-26,2026-01-02,NOP,POR,0,0.4344
22500483,2025-26,2026-01-02,PHX,SAC,1,0.84277
22500484,2025-26,2026-01-02,GSW,OKC,0,0.3152
22500485,2025-26,2026-01-02,LAL,MEM,1,0.61194
22500486,2025-26,2026-01-03,MIA,MIN,0,0.48882
22500487,2025-26,2026-01-03,NYK,PHI,0,0.4966
22500488,2025-26,2026-01-03,TOR,ATL,1,0.60283
22500489,2025-26,2026-01-03,CHI,CHA,0,0.56773
22500490,2025-26,2026-01-03,SAS,POR,0,0.70423
22500491,2025-26,2026-01-03,DAL,HOU,1,0.26672
22500492,2025-26,2026-01-03,GSW,UTA,1,0.67092
22500493,2025-26,2026-01-03,LAC,BOS,0,0.40651
22500494,2025-26,2026-01-04,CLE,DET,0,0.50369
22500495,2025-26,2026-01-04,ORL,IND,1,0.79064
22500496,2025-26,2026-01-04,BKN,DEN,1,0.42448
22500497,2025-26,2026-01-04,MIA,NOP,1,0.75358
22500498,2025-26,2026-01-04,WAS,MIN,0,0.2476
22500499,2025-26,2026-01-04,PHX,OKC,1,0.26799
22500500,2025-26,2026-01-04,SAC,MIL,0,0.33657
22500501,2025-26,2026-01-04,LAL,MEM,1,0.61843
22500502,2025-26,2026-01-05,DET,NYK,1,0.50844
22500503,2025-26,2026-01-05,BOS,CHI,1,0.80396
22500504,2025-26,2026-01-05,TOR,ATL,1,0.55763
22500505,2025-26,2026-01-05,HOU,PHX,1,0.7702
22500506,2025-26,2026-01-05,OKC,CHA,0,0.85446
22500507,2025-26,2026-01-05,PHI,DEN,0,0.61566
22500508,2025-26,2026-01-05,LAC,GSW,1,0.54817
22500509,2025-26,2026-01-05,POR,UTA,1,0.63057
22500510,2025-26,2026-01-06,IND,CLE,0,0.25191
22500511,2025-26,2026-01-06,WAS,ORL,1,0.31352
22500512,2025-26,2026-01-06,MEM,SAS,1,0.35248
22500513,2025-26,2026-01-06,MIN,MIA,1,0.63751
22500514,2025-26,2026-01-06,NOP,LAL,0,0.38086
22500515,2025-26,2026-01-06,SAC,DAL,0,0.33952
22500516,2025-26,2026-01-07,CHA,TOR,0,0.497
22500517,2025-26,2026-01-07,DET,CHI,1,0.76082
22500518,2025-26,2026-01-07,PHI,WAS,1,0.83775
22500519,2025-26,2026-01-07,ATL,NOP,1,0.76184
22500520,2025-26,2026-01-07,BOS,DEN,0,0.78289
22500521,2025-26,2026-01-07,BKN,ORL,0,0.53143
22500522,2025-26,2026-01-07,NYK,LAC,1,0.61975
22500523,2025-26,2026-01-07,SAS,LAL,1,0.70252
22500524,2025-26,2026-01-07,MEM,PHX,0,0.31344
22500525,2025-26,2026-01-07,OKC,UTA,1,0.87584
22500526,2025-26,2026-01-07,GSW,MIL,1,0.62725
22500527,2025-26,2026-01-07,POR,HOU,1,0.30883
22500528,2025-26,2026-01-08,CHA,IND,0,0.6646
22500530,2025-26,2026-01-08,MIN,CLE,1,0.65678
22500531,2025-26,2026-01-08,UTA,DAL,1,0.41657
22500532,2025-26,2026-01-09,BOS,TOR,1,0.69107
22500533,2025-26,2026-01-09,ORL,PHI,0,0.43486
22500534,2025-26,2026-01-09,WAS,NOP,0,0.46267
22500535,2025-26,2026-01-09,BKN,LAC,0,0.39673
22500536,2025-26,2026-01-09,MEM,OKC,0,0.17674
22500537,2025-26,2026-01-09,DEN,ATL,0,0.61477
22500538,2025-26,2026-01-09,PHX,NYK,1,0.53322
22500539,2025-26,2026-01-09,GSW,SAC,1,0.81352
22500540,2025-26,2026-01-09,POR,HOU,1,0.32665
22500541,2025-26,2026-01-09,LAL,MIL,0,0.56054
22500542,2025-26,2026-01-10,CLE,MIN,1,0.46745
22500543,2025-26,2026-01-10,IND,MIA,1,0.21669
22500544,2025-26,2026-01-10,DET,LAC,0,0.69029
22500545,2025-26,2026-01-10,BOS,SAS,0,0.4731
22500546,2025-26,2026-01-10,CHI,DAL,1,0.52577
22500547,2025-26,2026-01-10,UTA,CHA,0,0.46747
22500548,2025-26,2026-01-11,ORL,NOP,1,0.71463
22500549,2025-26,2026-01-11,MEM,BKN,1,0.56318
22500550,2025-26,2026-01-11,TOR,PHI,1,0.42037
22500551,2025-26,2026-01-11,POR,NYK,0,0.43134
22500552,2025-26,2026-01-11,MIN,SAS,1,0.54797
22500553,2025-26,2026-01-11,OKC,MIA,1,0.70566
22500554,2025-26,2026-01-11,DEN,MIL,1,0.52875
22500555,2025-26,2026-01-11,PHX,WAS,1,0.85254
22500556,2025-26,2026-01-11,GSW,ATL,0,0.63014
22500557,2025-26,2026-01-11,SAC,HOU,1,0.17414
22500558,2025-26,2026-01-12,CLE,UTA,0,0.83147
22500559,2025-26,2026-01-12,IND,BOS,1,0.23955
22500560,2025-26,2026-01-12,TOR,PHI,0,0.51029
22500561,2025-26,2026-01-12,DAL,BKN,1,0.65093
22500562,2025-26,2026-01-12,SAC,LAL,1,0.25746
22500563,2025-26,2026-01-12,LAC,CHA,1,0.63122
22500564,2025-26,2026-01-13,MIA,PHX,1,0.55389
22500565,2025-26,2026-01-13,HOU,CHI,1,0.78984
22500566,2025-26,2026-01-13,MIL,MIN,0,0.38833
22500567,2025-26,2026-01-13,NOP,DEN,0,0.4495
22500568,2025-26,2026-01-13,OKC,SAS,1,0.72837
22500569,2025-26,2026-01-13,LAL,ATL,1,0.41244
22500570,2025-26,2026-01-13,GSW,POR,1,0.63888
22500571,2025-26,2026-01-14,IND,TOR,0,0.3773
22500572,2025-26,2026-01-14,PHI,CLE,0,0.5793
22500573,2025-26,2026-01-14,CHI,UTA,1,0.50245
22500574,2025-26,2026-01-14,NOP,BKN,1,0.44817
22500575,2025-26,2026-01-14,DAL,DEN,0,0.49124
22500576,2025-26,2026-01-14,SAC,NYK,1,0.22789
22500577,2025-26,2026-01-14,LAC,WAS,1,0.79512
22500579,2025-26,2026-01-15,DET,PHX,1,0.53926
22500580,2025-26,2026-01-15,MIA,BOS,0,0.53315
22500581,2025-26,2026-01-15,HOU,OKC,0,0.39641
22500582,2025-26,2026-01-15,SAS,MIL,1,0.73686
22500583,2025-26,2026-01-15,DAL,UTA,1,0.63952
22500584,2025-26,2026-01-15,GSW,NYK,1,0.61373
22500585,2025-26,2026-01-15,POR,ATL,1,0.47269
22500586,2025-26,2026-01-15,LAL,CHA,0,0.61347
22500587,2025-26,2026-01-16,BKN,CHI,1,0.53131
22500588,2025-26,2026-01-16,IND,NOP,1,0.55441
22500589,2025-26,2026-01-16,PHI,CLE,0,0.49933
22500590,2025-26,2026-01-16,TOR,LAC,0,0.51929
22500591,2025-26,2026-01-16,HOU,MIN,1,0.50986
22500592,2025-26,2026-01-16,SAC,WAS,1,0.5833
22500593,2025-26,2026-01-17,DAL,UTA,1,0.64328
22500594,2025-26,2026-01-17,ATL,BOS,0,0.40064
22500595,2025-26,2026-01-17,DET,IND,1,0.88951
22500596,2025-26,2026-01-17,NYK,PHX,0,0.57419
22500597,2025-26,2026-01-17,MIA,OKC,1,0.27891
22500598,2025-26,2026-01-17,SAS,MIN,1,0.65117
22500599,2025-26,2026-01-17,GSW,CHA,1,0.67684
22500600,2025-26,2026-01-17,DEN,WAS,1,0.83981
22500601,2025-26,2026-01-17,POR,LAL,1,0.48627
22500603,2025-26,2026-01-18,CHI,BKN,1,0.57171
22500604,2025-26,2026-01-18,HOU,NOP,1,0.84452
22500605,2025-26,2026-01-18,DEN,CHA,0,0.60739
22500606,2025-26,2026-01-18,SAC,POR,0,0.55038
22500607,2025-26,2026-01-18,LAL,TOR,1,0.44571
22500014,2025-26,2026-01-19,ATL,MIL,0,0.52089
22500015,2025-26,2026-01-19,CLE,OKC,0,0.32848
22500016,2025-26,2026-01-19,NYK,DAL,0,0.77168
22500017,2025-26,2026-01-19,DET,BOS,1,0.61061
22500608,2025-26,2026-01-19,WAS,LAC,0,0.32337
22500609,2025-26,2026-01-19,PHI,IND,1,0.83678
22500610,2025-26,2026-01-19,BKN,PHX,0,0.25567
22500611,2025-26,2026-01-19,SAS,UTA,1,0.89205
22500612,2025-26,2026-01-19,GSW,MIA,1,0.58386
22500613,2025-26,2026-01-20,PHI,PHX,0,0.50817
22500614,2025-26,2026-01-20,CHI,LAC,1,0.5485
22500615,2025-26,2026-01-20,HOU,SAS,1,0.66273
22500616,2025-26,2026-01-20,UTA,MIN,1,0.1531
22500617,2025-26,2026-01-20,DEN,LAL,0,0.46004
22500618,2025-26,2026-01-20,GSW,TOR,0,0.58073
22500619,2025-26,2026-01-20,SAC,MIA,0,0.39306
22500620,2025-26,2026-01-21,CHA,CLE,0,0.43276
22500621,2025-26,2026-01-21,BOS,IND,1,0.82913
22500622,2025-26,2026-01-21,NYK,BKN,1,0.7933
22500623,2025-26,2026-01-21,MEM,ATL,0,0.53665
22500624,2025-26,2026-01-21,NOP,DET,0,0.22016
22500625,2025-26,2026-01-21,MIL,OKC,0,0.20662
22500626,2025-26,2026-01-21,SAC,TOR,0,0.40639
22500627,2025-26,2026-01-22,ORL,CHA,0,0.73092
22500628,2025-26,2026-01-22,PHI,HOU,1,0.33719
22500629,2025-26,2026-01-22,WAS,DEN,0,0.38226
22500630,2025-26,2026-01-22,DAL,GSW,1,0.38849
22500631,2025-26,2026-01-22,MIN,CHI,0,0.76203
22500632,2025-26,2026-01-22,UTA,SAS,0,0.18854
22500633,2025-26,2026-01-22,LAC,LAL,1,0.5185
22500634,2025-26,2026-01-22,POR,MIA,1,0.49517
22500635,2025-26,2026-01-23,DET,HOU,0,0.58654
22500636,2025-26,2026-01-23,ATL,PHX,1,0.40051
22500637,2025-26,2026-01-23,BKN,BOS,0,0.26869
22500638,2025-26,2026-01-23,CLE,SAC,1,0.80865
22500639,2025-26,2026-01-23,MEM,NOP,0,0.66904
22500640,2025-26,2026-01-23,MIL,DEN,0,0.59823
22500641,2025-26,2026-01-23,OKC,IND,0,0.89855
22500642,2025-26,2026-01-23,POR,TOR,0,0.52974
22500643,2025-26,2026-01-24,PHI,NYK,0,0.5336
22500645,2025-26,2026-01-24,CHA,WAS,1,0.78259
22500646,2025-26,2026-01-24,ORL,CLE,0,0.54629
22500647,2025-26,2026-01-24,CHI,BOS,1,0.48265
22500648,2025-26,2026-01-24,DAL,LAL,0,0.44864
22500649,2025-26,2026-01-24,UTA,MIA,0,0.3108
22500644,2025-26,2026-01-25,MIN,GSW,0,0.66818
22500650,2025-26,2026-01-25,DET,SAC,1,0.85344
22500653,2025-26,2026-01-25,OKC,TOR,0,0.78931
22500654,2025-26,2026-01-25,SAS,NOP,0,0.82122
22500655,2025-26,2026-01-25,PHX,MIA,0,0.70922
22500656,2025-26,2026-01-25,LAC,BKN,1,0.74432
22500657,2025-26,2026-01-26,CHA,PHI,1,0.46512
22500658,2025-26,2026-01-26,CLE,ORL,1,0.64253
22500659,2025-26,2026-01-26,ATL,IND,1,0.71395
22500660,2025-26,2026-01-26,BOS,POR,1,0.7233
22500661,2025-26,2026-01-26,CHI,LAL,0,0.52202
22500662,2025-26,2026-01-26,HOU,MEM,1,0.79677
22500663,2025-26,2026-01-26,MIN,GSW,1,0.6354
22500664,2025-26,2026-01-27,WAS,POR,1,0.3858
22500665,2025-26,2026-01-27,NYK,SAC,1,0.80571
22500666,2025-26,2026-01-27,PHI,MIL,1,0.54137
22500667,2025-26,2026-01-27,OKC,NOP,1,0.86517
22500668,2025-26,2026-01-27,DEN,DET,0,0.27828
22500669,2025-26,2026-01-27,PHX,BKN,1,0.76709
22500670,2025-26,2026-01-27,UTA,LAC,0,0.28887
22500671,2025-26,2026-01-28,CLE,LAL,1,0.63271
22500672,2025-26,2026-01-28,IND,CHI,1,0.40464
22500673,2025-26,2026-01-28,BOS,ATL,0,0.7113
22500674,2025-26,2026-01-28,MIA,ORL,0,0.60582
22500675,2025-26,2026-01-28,TOR,NYK,0,0.5724
22500676,2025-26,2026-01-28,MEM,CHA,0,0.44324
22500677,2025-26,2026-01-28,DAL,MIN,0,0.36905
22500678,2025-26,2026-01-28,UTA,GSW,0,0.3006
22500679,2025-26,2026-01-28,HOU,SAS,0,0.5756
22500529,2025-26,2026-01-29,CHI,MIA,0,0.4844
22500680,2025-26,2026-01-29,PHI,SAC,1,0.79473
22500681,2025-26,2026-01-29,WAS,MIL,1,0.40626
22500682,2025-26,2026-01-29,ATL,HOU,0,0.36102
22500683,2025-26,2026-01-29,DAL,CHA,0,0.44769
22500684,2025-26,2026-01-29,DEN,BKN,1,0.65013
22500685,2025-26,2026-01-29,PHX,DET,1,0.40108
22500686,2025-26,2026-01-29,MIN,OKC,1,0.36067
22500687,2025-26,2026-01-30,ORL,TOR,1,0.52433
22500688,2025-26,2026-01-30,WAS,LAL,0,0.23241
22500689,2025-26,2026-01-30,BOS,SAC,1,0.88185
22500690,2025-26,2026-01-30,NYK,POR,1,0.62191
22500691,2025-26,2026-01-30,NOP,MEM,1,0.57934
22500693,2025-26,2026-01-30,PHX,CLE,1,0.4259
22500694,2025-26,2026-01-30,UTA,BKN,0,0.64326
22500695,2025-26,2026-01-30,DEN,LAC,1,0.31448
22500696,2025-26,2026-01-30,GSW,DET,0,0.48649
22500692,2025-26,2026-01-31,MIA,CHI,0,0.65215
22500697,2025-26,2026-01-31,CHA,SAS,1,0.36946
22500698,2025-26,2026-01-31,IND,ATL,1,0.45069
22500699,2025-26,2026-01-31,PHI,NOP,1,0.77668
22500700,2025-26,2026-01-31,MEM,MIN,0,0.21362
22500701,2025-26,2026-01-31,HOU,DAL,1,0.79144
22500702,2025-26,2026-02-01,BOS,MIL,1,0.80334
22500703,2025-26,2026-02-01,SAS,ORL,1,0.67454
22500704,2025-26,2026-02-01,DET,BKN,1,0.84466
22500705,2025-26,2026-02-01,MIA,CHI,1,0.67421
22500706,2025-26,2026-02-01,TOR,UTA,1,0.76867
22500707,2025-26,2026-02-01,WAS,SAC,1,0.43957
22500708,2025-26,2026-02-01,NYK,LAL,1,0.63538
22500709,2025-26,2026-02-01,PHX,LAC,0,0.62962
22500710,2025-26,2026-02-01,POR,CLE,0,0.45247
22500711,2025-26,2026-02-01,DEN,OKC,0,0.32866
22500712,2025-26,2026-02-02,CHA,NOP,1,0.70803
22500713,2025-26,2026-02-02,IND,HOU,0,0.2031
22500714,2025-26,2026-02-02,MEM,MIN,1,0.24412
22500715,2025-26,2026-02-02,LAC,PHI,0,0.45404
22500716,2025-26,2026-02-03,DET,DEN,1,0.68198
22500717,2025-26,2026-02-03,IND,UTA,0,0.4972
22500718,2025-26,2026-02-03,WAS,NYK,0,0.19742
22500719,2025-26,2026-02-03,BKN,LAL,0,0.35883
22500720,2025-26,2026-02-03,MIA,ATL,0,0.58348
22500721,2025-26,2026-02-03,DAL,BOS,0,0.30912
22500722,2025-26,2026-02-03,MIL,CHI,1,0.52065
22500723,2025-26,2026-02-03,OKC,ORL,1,0.81056
22500724,2025-26,2026-02-03,GSW,PHI,0,0.64642
22500725,2025-26,2026-02-03,POR,PHX,0,0.42364
22500726,2025-26,2026-02-04,NYK,DEN,1,0.53582
22500727,2025-26,2026-02-04,TOR,MIN,0,0.4157
22500728,2025-26,2026-02-04,HOU,BOS,0,0.6177
22500729,2025-26,2026-02-04,MIL,NOP,1,0.43393
22500730,2025-26,2026-02-04,SAS,OKC,1,0.51597
22500731,2025-26,2026-02-04,SAC,MEM,0,0.4867
22500732,2025-26,2026-02-04,LAC,CLE,0,0.42511
22500733,2025-26,2026-02-05,DET,WAS,0,0.90252
22500734,2025-26,2026-02-05,ORL,BKN,1,0.67531
22500735,2025-26,2026-02-05,ATL,UTA,1,0.76069
22500736,2025-26,2026-02-05,TOR,CHI,1,0.63037
22500737,2025-26,2026-02-05,HOU,CHA,0,0.58409
22500738,2025-26,2026-02-05,DAL,SAS,0,0.32853
22500739,2025-26,2026-02-05,PHX,GSW,0,0.62917
22500740,2025-26,2026-02-05,LAL,PHI,1,0.63591
22500741,2025-26,2026-02-06,BOS,MIA,1,0.69049
22500742,2025-26,2026-02-06,DET,NYK,1,0.54772
22500743,2025-26,2026-02-06,MIL,IND,1,0.62503
22500744,2025-26,2026-02-06,MIN,NOP,0,0.80295
22500745,2025-26,2026-02-06,POR,MEM,1,0.63669
22500746,2025-26,2026-02-06,SAC,LAC,0,0.36961
22500747,2025-26,2026-02-07,BKN,WAS,1,0.68955
22500748,2025-26,2026-02-07,OKC,HOU,0,0.62631
22500749,2025-26,2026-02-07,SAS,DAL,1,0.82947
22500750,2025-26,2026-02-07,ORL,UTA,1,0.74814
22500751,2025-26,2026-02-07,ATL,CHA,0,0.48617
22500752,2025-26,2026-02-07,CHI,DEN,0,0.26113
22500753,2025-26,2026-02-07,LAL,GSW,1,0.62475
22500754,2025-26,2026-02-07,PHX,PHI,0,0.58809
22500755,2025-26,2026-02-07,POR,MEM,1,0.67169
22500756,2025-26,2026-02-07,SAC,CLE,0,0.19063
22500757,2025-26,2026-02-08,BOS,NYK,0,0.70479
22500758,2025-26,2026-02-08,WAS,MIA,0,0.14326
22500759,2025-26,2026-02-08,TOR,IND,1,0.7312
22500760,2025-26,2026-02-08,MIN,LAC,0,0.69894
22500761,2025-26,2026-02-09,CHA,DET,0,0.40102
22500762,2025-26,2026-02-09,BKN,CHI,1,0.61493
22500763,2025-26,2026-02-09,MIA,UTA,0,0.698
22500764,2025-26,2026-02-09,ORL,MIL,1,0.6676
22500765,2025-26,2026-02-09,MIN,ATL,1,0.60606
22500766,2025-26,2026-02-09,NOP,SAC,1,0.69852
22500767,2025-26,2026-02-09,DEN,CLE,0,0.62115
22500768,2025-26,2026-02-09,GSW,MEM,1,0.72113
22500769,2025-26,2026-02-09,LAL,OKC,0,0.33727
22500770,2025-26,2026-02-09,POR,PHI,1,0.3926
22500771,2025-26,2026-02-10,NYK,IND,0,0.80733
22500772,2025-26,2026-02-10,HOU,LAC,1,0.67841
22500773,2025-26,2026-02-10,PHX,DAL,1,0.74161
22500774,2025-26,2026-02-10,LAL,SAS,0,0.26411
22500775,2025-26,2026-02-11,CHA,ATL,1,0.67412
22500776,2025-26,2026-02-11,CLE,WAS,1,0.87739
22500777,2025-26,2026-02-11,ORL,MIL,0,0.73579
22500778,2025-26,2026-02-11,BOS,CHI,1,0.89249
22500779,2025-26,2026-02-11,BKN,IND,0,0.61005
22500780,2025-26,2026-02-11,PHI,NYK,0,0.51831
22500781,2025-26,2026-02-11,TOR,DET,0,0.36212
22500782,2025-26,2026-02-11,HOU,LAC,0,0.7297
22500783,2025-26,2026-02-11,MIN,POR,1,0.69729
22500784,2025-26,2026-02-11,NOP,MIA,0,0.43601
22500785,2025-26,2026-02-11,PHX,OKC,0,0.32195
22500786,2025-26,2026-02-11,UTA,SAC,1,0.64063
22500787,2025-26,2026-02-11,DEN,MEM,1,0.82646
22500788,2025-26,2026-02-11,GSW,SAS,0,0.3975
22500789,2025-26,2026-02-12,OKC,MIL,0,0.87502
22500790,2025-26,2026-02-12,UTA,POR,0,0.4152
22500791,2025-26,2026-02-12,LAL,DAL,1,0.54701
22500792,2025-26,2026-02-19,CHA,HOU,0,0.45089
22500793,2025-26,2026-02-19,CLE,BKN,1,0.81885
22500794,2025-26,2026-02-19,PHI,ATL,0,0.49312
22500795,2025-26,2026-02-19,WAS,IND,1,0.50636
22500796,2025-26,2026-02-19,NYK,DET,0,0.46789
22500797,2025-26,2026-02-19,CHI,TOR,0,0.25143
22500798,2025-26,2026-02-19,SAS,PHX,1,0.7343
22500799,2025-26,2026-02-19,GSW,BOS,0,0.34253
22500800,2025-26,2026-02-19,SAC,ORL,0,0.24844
22500801,2025-26,2026-02-19,LAC,DEN,1,0.35982
22500802,2025-26,2026-02-20,CHA,CLE,0,0.39861
22500803,2025-26,2026-02-20,WAS,IND,1,0.48304
22500804,2025-26,2026-02-20,MEM,UTA,1,0.62055
22500805,2025-26,2026-02-20,ATL,MIA,0,0.46034
22500806,2025-26,2026-02-20,MIN,DAL,1,0.77794
22500807,2025-26,2026-02-20,NOP,MIL,0,0.61055
22500808,2025-26,2026-02-20,OKC,BKN,1,0.8874
22500809,2025-26,2026-02-20,LAL,LAC,1,0.66069
22500810,2025-26,2026-02-20,POR,DEN,0,0.43968
22500811,2025-26,2026-02-21,PHX,ORL,1,0.59427
22500812,2025-26,2026-02-21,NOP,PHI,1,0.4169
22500813,2025-26,2026-02-21,MIA,MEM,1,0.84036
22500814,2025-26,2026-02-21,CHI,DET,0,0.21597
22500815,2025-26,2026-02-21,SAS,SAC,1,0.89853
22500816,2025-26,2026-02-21,NYK,HOU,1,0.5372
22500817,2025-26,2026-02-22,OKC,CLE,1,0.60057
22500818,2025-26,2026-02-22,ATL,BKN,1,0.7005
22500819,2025-26,2026-02-22,MIL,TOR,0,0.34511
22500820,2025-26,2026-02-22,GSW,DEN,1,0.38171
22500821,2025-26,2026-02-22,IND,DAL,0,0.4008
22500822,2025-26,2026-02-22,WAS,CHA,0,0.25329
22500823,2025-26,2026-02-22,LAL,BOS,0,0.41061
22500824,2025-26,2026-02-22,MIN,PHI,0,0.82224
22500825,2025-26,2026-02-22,CHI,NYK,0,0.25423
22500826,2025-26,2026-02-22,PHX,POR,0,0.58693
22500827,2025-26,2026-02-22,LAC,ORL,0,0.58234
22500828,2025-26,2026-02-23,DET,SAS,0,0.55046
22500829,2025-26,2026-02-23,MEM,SAC,0,0.62494
22500830,2025-26,2026-02-23,HOU,UTA,1,0.87017
22500831,2025-26,2026-02-24,IND,PHI,0,0.38948
22500832,2025-26,2026-02-24,ATL,WAS,1,0.83186
22500833,2025-26,2026-02-24,BKN,DAL,0,0.49679
22500834,2025-26,2026-02-24,TOR,OKC,0,0.40719
22500835,2025-26,2026-02-24,CLE,NYK,1,0.60133
22500836,2025-26,2026-02-24,CHI,CHA,0,0.34098
22500837,2025-26,2026-02-24,MIL,MIA,1,0.31209
22500838,2025-26,2026-02-24,NOP,GSW,1,0.41991
22500839,2025-26,2026-02-24,PHX,BOS,0,0.36478
22500840,2025-26,2026-02-24,LAL,ORL,0,0.62259
22500841,2025-26,2026-02-24,POR,MIN,0,0.47218
22500842,2025-26,2026-02-25,DET,OKC,1,0.65054
22500843,2025-26,2026-02-25,TOR,SAS,0,0.28848
22500844,2025-26,2026-02-25,MEM,GSW,0,0.39117
22500845,2025-26,2026-02-25,HOU,SAC,1,0.88245
22500846,2025-26,2026-02-25,MIL,CLE,1,0.26334
22500847,2025-26,2026-02-25,DEN,BOS,1,0.61367
22500848,2025-26,2026-02-26,IND,CHA,0,0.20753
22500849,2025-26,2026-02-26,PHI,MIA,1,0.46773
22500850,2025-26,2026-02-26,ATL,WAS,1,0.82512
22500851,2025-26,2026-02-26,BKN,SAS,0,0.22134
22500852,2025-26,2026-02-26,ORL,HOU,0,0.53466
22500853,2025-26,2026-02-26,CHI,POR,0,0.38568
22500854,2025-26,2026-02-26,DAL,SAC,0,0.7785
22500855,2025-26,2026-02-26,PHX,LAL,1,0.52755
22500856,2025-26,2026-02-26,UTA,NOP,0,0.50032
22500857,2025-26,2026-02-26,LAC,MIN,0,0.38404
22500858,2025-26,2026-02-27,DET,CLE,1,0.69381
22500859,2025-26,2026-02-27,BOS,BKN,1,0.89058
22500860,2025-26,2026-02-27,MIL,NYK,0,0.29367
22500861,2025-26,2026-02-27,DAL,MEM,0,0.58585
22500862,2025-26,2026-02-27,OKC,DEN,1,0.53098
22500863,2025-26,2026-02-28,CHA,POR,1,0.69472
22500864,2025-26,2026-02-28,MIA,HOU,1,0.50775
22500865,2025-26,2026-02-28,WAS,TOR,0,0.18087
22500866,2025-26,2026-02-28,GSW,LAL,0,0.50329
22500867,2025-26,2026-02-28,UTA,NOP,0,0.43277
22500868,2025-26,2026-03-01,NYK,SAS,1,0.41548
22500869,2025-26,2026-03-01,BKN,CLE,0,0.34441
22500870,2025-26,2026-03-01,CHI,MIL,1,0.44797
22500871,2025-26,2026-03-01,DEN,MIN,0,0.58556
22500872,2025-26,2026-03-01,IND,MEM,0,0.51883
22500873,2025-26,2026-03-01,ATL,POR,1,0.64616
22500874,2025-26,2026-03-01,BOS,PHI,1,0.71329
22500875,2025-26,2026-03-01,ORL,DET,0,0.36013
22500876,2025-26,2026-03-01,DAL,OKC,0,0.14362
22500877,2025-26,2026-03-01,LAC,NOP,1,0.68232
22500878,2025-26,2026-03-01,LAL,SAC,1,0.77364
22500879,2025-26,2026-03-02,WAS,HOU,0,0.14814
22500880,2025-26,2026-03-02,MIL,BOS,0,0.23256
22500881,2025-26,2026-03-02,UTA,DEN,0,0.19932
22500882,2025-26,2026-03-02,GSW,LAC,0,0.62184
22500883,2025-26,2026-03-03,CHA,DAL,1,0.8271
22500884,2025-26,2026-03-03,CLE,DET,1,0.44443
22500885,2025-26,2026-03-03,ORL,WAS,1,0.88879
22500886,2025-26,2026-03-03,MIA,BKN,1,0.8159
22500887,2025-26,2026-03-03,TOR,NYK,0,0.47128
22500888,2025-26,2026-03-03,PHI,SAS,0,0.29319
22500889,2025-26,2026-03-03,CHI,OKC,0,0.12874
22500890,2025-26,2026-03-03,MIN,MEM,1,0.8607
22500891,2025-26,2026-03-03,LAL,NOP,1,0.74859
22500892,2025-26,2026-03-03,SAC,PHX,0,0.24676
22500893,2025-26,2026-03-04,NYK,OKC,0,0.48308
22500894,2025-26,2026-03-04,BOS,CHA,0,0.71499
22500895,2025-26,2026-03-04,PHI,UTA,1,0.69649
22500896,2025-26,2026-03-04,MEM,POR,0,0.35092
22500897,2025-26,2026-03-04,MIL,ATL,0,0.53613
22500898,2025-26,2026-03-04,LAC,IND,1,0.79977
22500899,2025-26,2026-03-05,ORL,DAL,1,0.75374
22500900,2025-26,2026-03-05,WAS,UTA,0,0.53801
22500901,2025-26,2026-03-05,MIA,BKN,1,0.80401
22500902,2025-26,2026-03-05,HOU,GSW,0,0.72826
22500903,2025-26,2026-03-05,MIN,TOR,1,0.64662
22500904,2025-26,2026-03-05,SAS,DET,1,0.58482
22500905,2025-26,2026-03-05,PHX,CHI,0,0.79479
22500906,2025-26,2026-03-05,DEN,LAL,1,0.66205
22500907,2025-26,2026-03-05,SAC,NOP,0,0.37384
22500908,2025-26,2026-03-06,BOS,DAL,1,0.89194
22500909,2025-26,2026-03-06,CHA,MIA,0,0.65988
22500910,2025-26,2026-03-06,HOU,POR,1,0.67494
22500911,2025-26,2026-03-06,DEN,NYK,0,0.50037
22500912,2025-26,2026-03-06,PHX,NOP,1,0.69897
22500913,2025-26,2026-03-06,SAS,LAC,1,0.74908
22500914,2025-26,2026-03-06,LAL,IND,1,0.76731
22500915,2025-26,2026-03-07,MIN,ORL,0,0.69123
22500916,2025-26,2026-03-07,DET,BKN,0,0.87196
22500917,2025-26,2026-03-07,ATL,PHI,1,0.69416
22500918,2025-26,2026-03-07,MEM,LAC,0,0.4899
22500919,2025-26,2026-03-07,MIL,UTA,1,0.81908
22500920,2025-26,2026-03-07,OKC,GSW,1,0.86022
22500921,2025-26,2026-03-08,CLE,BOS,0,0.44788
22500922,2025-26,2026-03-08,LAL,NYK,1,0.42657
22500923,2025-26,2026-03-08,MIA,DET,1,0.57287
22500924,2025-26,2026-03-08,TOR,DAL,1,0.77142
22500925,2025-26,2026-03-08,NOP,WAS,1,0.78195
22500926,2025-26,2026-03-08,MIL,ORL,0,0.45849
22500927,2025-26,2026-03-08,SAS,HOU,1,0.67592
22500928,2025-26,2026-03-08,PHX,CHA,1,0.45456
22500929,2025-26,2026-03-08,POR,IND,1,0.72252
22500930,2025-26,2026-03-08,SAC,CHI,1,0.48425
22500931,2025-26,2026-03-09,CLE,PHI,1,0.73144
22500932,2025-26,2026-03-09,BKN,MEM,1,0.53937
22500933,2025-26,2026-03-09,OKC,DEN,1,0.54689
22500934,2025-26,2026-03-09,UTA,GSW,1,0.32156
22500935,2025-26,2026-03-09,LAC,NYK,1,0.40208
22500936,2025-26,2026-03-10,PHI,MEM,1,0.63277
22500937,2025-26,2026-03-10,BKN,DET,0,0.15578
22500938,2025-26,2026-03-10,MIA,WAS,1,0.88547
22500939,2025-26,2026-03-10,ATL,DAL,1,0.73815
22500940,2025-26,2026-03-10,HOU,TOR,1,0.62866
22500941,2025-26,2026-03-10,MIL,PHX,0,0.41344
22500942,2025-26,2026-03-10,SAS,BOS,1,0.56907
22500943,2025-26,2026-03-10,GSW,CHI,0,0.59803
22500944,2025-26,2026-03-10,POR,CHA,0,0.43935
22500945,2025-26,2026-03-10,SAC,IND,1,0.49262
22500946,2025-26,2026-03-10,LAL,MIN,1,0.48578
22500947,2025-26,2026-03-11,ORL,CLE,1,0.43406
22500948,2025-26,2026-03-11,NOP,TOR,1,0.50518
22500949,2025-26,2026-03-11,UTA,NYK,0,0.15193
22500950,2025-26,2026-03-11,DEN,HOU,1,0.7372
22500951,2025-26,2026-03-11,SAC,CHA,0,0.20546
22500952,2025-26,2026-03-11,LAC,MIN,1,0.45487
22500953,2025-26,2026-03-12,DET,PHI,1,0.83442
22500954,2025-26,2026-03-12,IND,PHX,0,0.22723
22500955,2025-26,2026-03-12,ORL,WAS,1,0.84448
22500956,2025-26,2026-03-12,ATL,BKN,1,0.79885
22500957,2025-26,2026-03-12,MIA,MIL,1,0.7026
22500958,2025-26,2026-03-12,SAS,DEN,0,0.64336
22500959,2025-26,2026-03-12,OKC,BOS,1,0.60842
22500960,2025-26,2026-03-12,LAL,CHI,1,0.79845
22501111,2025-26,2026-03-12,MEM,DAL,0,0.5061
22500961,2025-26,2026-03-13,DET,MEM,1,0.89422
22500962,2025-26,2026-03-13,IND,NYK,0,0.12025
22500963,2025-26,2026-03-13,TOR,PHX,1,0.59886
22500964,2025-26,2026-03-13,HOU,NOP,1,0.75191
22500965,2025-26,2026-03-13,DAL,CLE,0,0.20956
22500966,2025-26,2026-03-13,GSW,MIN,0,0.39811
22500967,2025-26,2026-03-13,POR,UTA,1,0.83656
22500968,2025-26,2026-03-13,LAC,CHI,1,0.80557
22500969,2025-26,2026-03-14,PHI,BKN,1,0.64164
22500970,2025-26,2026-03-14,ATL,MIL,1,0.62987
22500971,2025-26,2026-03-14,BOS,WAS,1,0.91432
22500972,2025-26,2026-03-14,MIA,ORL,0,0.58281
22500973,2025-26,2026-03-14,SAS,CHA,1,0.65831
22500974,2025-26,2026-03-14,LAL,DEN,1,0.42556
22500975,2025-26,2026-03-14,LAC,SAC,0,0.77374
22500976,2025-26,2026-03-15,OKC,MIN,1,0.75162
22500977,2025-26,2026-03-15,CLE,DAL,0,0.82749
22500978,2025-26,2026-03-15,TOR,DET,1,0.41849
22500979,2025-26,2026-03-15,MIL,IND,1,0.67521
22500980,2025-26,2026-03-15,PHI,POR,1,0.31651
22500981,2025-26,2026-03-15,NYK,GSW,1,0.73619
22500982,2025-26,2026-03-15,SAC,UTA,1,0.5629
22500983,2025-26,2026-03-16,ATL,ORL,1,0.56567
22500984,2025-26,2026-03-16,WAS,GSW,0,0.37074
22500985,2025-26,2026-03-16,BKN,POR,0,0.34819
22500986,2025-26,2026-03-16,BOS,PHX,1,0.71914
22500987,2025-26,2026-03-16,CHI,MEM,1,0.58152
22500988,2025-26,2026-03-16,NOP,DAL,1,0.68652
22500989,2025-26,2026-03-16,HOU,LAL,0,0.5328
22500990,2025-26,2026-03-16,LAC,SAS,0,0.32381
22500991,2025-26,2026-03-17,CHA,MIA,1,0.5406
22500992,2025-26,2026-03-17,ORL,OKC,0,0.22238
22500993,2025-26,2026-03-17,WAS,DET,0,0.08207
22500994,2025-26,2026-03-17,NYK,IND,1,0.8896
22500995,2025-26,2026-03-17,MIL,CLE,0,0.36064
22500996,2025-26,2026-03-17,MIN,PHX,1,0.67773
22500997,2025-26,2026-03-17,DEN,PHI,1,0.89486
22500998,2025-26,2026-03-17,SAC,SAS,0,0.15476
22500651,2025-26,2026-03-18,MEM,DEN,1,0.17207
22500999,2025-26,2026-03-18,BOS,GSW,1,0.83033
22501000,2025-26,2026-03-18,BKN,OKC,0,0.11187
22501001,2025-26,2026-03-18,IND,POR,0,0.22185
22501002,2025-26,2026-03-18,CHI,TOR,0,0.31326
22501004,2025-26,2026-03-18,MIN,UTA,1,0.85655
22501005,2025-26,2026-03-18,NOP,LAC,1,0.46602
22501006,2025-26,2026-03-18,DAL,ATL,0,0.31823
22501007,2025-26,2026-03-18,HOU,LAL,0,0.4919
22501008,2025-26,2026-03-19,CHA,ORL,1,0.65304
22501009,2025-26,2026-03-19,WAS,DET,0,0.09043
22501010,2025-26,2026-03-19,MIA,LAL,0,0.5477
22501011,2025-26,2026-03-19,CHI,CLE,0,0.19513
22501012,2025-26,2026-03-19,NOP,LAC,1,0.43532
22501013,2025-26,2026-03-19,SAS,PHX,1,0.75579
22501014,2025-26,2026-03-19,UTA,MIL,1,0.27581
22501015,2025-26,2026-03-19,SAC,PHI,0,0.45901
22501016,2025-26,2026-03-20,BKN,NYK,0,0.16271
22501017,2025-26,2026-03-20,DET,GSW,1,0.70941
22501018,2025-26,2026-03-20,HOU,ATL,1,0.58344
22501019,2025-26,2026-03-20,MEM,BOS,0,0.16484
22501020,2025-26,2026-03-20,MIN,POR,0,0.617
22501021,2025-26,2026-03-20,DEN,TOR,1,0.69652
22501022,2025-26,2026-03-21,WAS,OKC,0,0.04809
22501023,2025-26,2026-03-21,CHA,MEM,1,0.88805
22501024,2025-26,2026-03-21,ORL,LAL,0,0.39488
22501025,2025-26,2026-03-21,NOP,CLE,0,0.36023
22501026,2025-26,2026-03-21,ATL,GSW,1,0.70273
22501027,2025-26,2026-03-21,HOU,MIA,1,0.48253
22501028,2025-26,2026-03-21,SAS,IND,1,0.92994
22501029,2025-26,2026-03-21,DAL,LAC,0,0.43243
22501030,2025-26,2026-03-21,UTA,PHI,0,0.3756
22501031,2025-26,2026-03-21,PHX,MIL,0,0.75662
22501032,2025-26,2026-03-22,DEN,POR,1,0.76995
22501033,2025-26,2026-03-22,SAC,BKN,1,0.57855
22501034,2025-26,2026-03-22,NYK,WAS,1,0.95542
22501035,2025-26,2026-03-22,BOS,MIN,0,0.75959
22501036,2025-26,2026-03-22,PHX,TOR,1,0.43195
22501037,2025-26,2026-03-23,ATL,MEM,1,0.82081
22501038,2025-26,2026-03-23,DET,LAL,1,0.52906
22501039,2025-26,2026-03-23,ORL,IND,0,0.80093
22501040,2025-26,2026-03-23,PHI,OKC,0,0.13941
22501041,2025-26,2026-03-23,MIA,SAS,0,0.39615
22501042,2025-26,2026-03-23,CHI,HOU,1,0.27563
22501043,2025-26,2026-03-23,UTA,TOR,0,0.22956
22501044,2025-26,2026-03-23,DAL,GSW,0,0.48743
22501045,2025-26,2026-03-23,POR,BKN,1,0.81448
22501046,2025-26,2026-03-23,LAC,MIL,1,0.77628
22501047,2025-26,2026-03-24,CHA,SAC,1,0.87747
22501048,2025-26,2026-03-24,NYK,NOP,1,0.76588
22501049,2025-26,2026-03-24,CLE,ORL,1,0.79209
22501050,2025-26,2026-03-24,PHX,DEN,0,0.31752
22501051,2025-26,2026-03-25,DET,ATL,0,0.64917
22501052,2025-26,2026-03-25,IND,LAL,0,0.17476
22501053,2025-26,2026-03-25,PHI,CHI,1,0.556
22501054,2025-26,2026-03-25,BOS,OKC,1,0.44633
22501055,2025-26,2026-03-25,CLE,MIA,0,0.49712
22501056,2025-26,2026-03-25,MEM,SAS,0,0.09729
22501057,2025-26,2026-03-25,UTA,WAS,0,0.59714
22501058,2025-26,2026-03-25,MIN,HOU,1,0.54841
22501059,2025-26,2026-03-25,DEN,DAL,1,0.85684
22501060,2025-26,2026-03-25,GSW,BKN,1,0.77639
22501061,2025-26,2026-03-25,POR,MIL,1,0.73852
22501062,2025-26,2026-03-25,LAC,TOR,1,0.58609
22501063,2025-26,2026-03-26,CHA,NYK,1,0.53871
22501064,2025-26,2026-03-26,DET,NOP,1,0.70481
22501065,2025-26,2026-03-26,ORL,SAC,1,0.80533
22501066,2025-26,2026-03-27,IND,LAC,0,0.22774
22501067,2025-26,2026-03-27,BOS,ATL,1,0.705
22501068,2025-26,2026-03-27,CLE,MIA,1,0.53792
22501069,2025-26,2026-03-27,MEM,HOU,0,0.23279
22501070,2025-26,2026-03-27,OKC,CHI,1,0.91195
22501071,2025-26,2026-03-27,TOR,NOP,1,0.73765
22501072,2025-26,2026-03-27,DEN,UTA,1,0.95148
22501073,2025-26,2026-03-27,GSW,WAS,1,0.82868
22501074,2025-26,2026-03-27,POR,DAL,0,0.73782
22501075,2025-26,2026-03-27,LAL,BKN,1,0.89221
22501076,2025-26,2026-03-28,MIL,SAS,0,0.10283
22501077,2025-26,2026-03-28,CHA,PHI,0,0.69531
22501078,2025-26,2026-03-28,ATL,SAC,1,0.83237
22501079,2025-26,2026-03-28,MEM,CHI,1,0.47565
22501080,2025-26,2026-03-28,MIN,DET,0,0.50375
22501081,2025-26,2026-03-28,PHX,UTA,1,0.92217
22501082,2025-26,2026-03-29,MIL,LAC,0,0.18675
22501083,2025-26,2026-03-29,IND,MIA,1,0.18015
22501084,2025-26,2026-03-29,BKN,SAC,1,0.60079
22501085,2025-26,2026-03-29,CHA,BOS,0,0.41279
22501086,2025-26,2026-03-29,TOR,ORL,1,0.56066
22501087,2025-26,2026-03-29,POR,WAS,1,0.87127
22501088,2025-26,2026-03-29,NOP,HOU,0,0.34001
22501089,2025-26,2026-03-29,OKC,NYK,1,0.7125
22501090,2025-26,2026-03-29,DEN,GSW,1,0.86917
22501091,2025-26,2026-03-30,MIA,PHI,1,0.49503
22501092,2025-26,2026-03-30,ATL,BOS,1,0.4957
22501093,2025-26,2026-03-30,MEM,PHX,0,0.22132
22501094,2025-26,2026-03-30,SAS,CHI,1,0.91637
22501095,2025-26,2026-03-30,DAL,MIN,0,0.35414
22501096,2025-26,2026-03-30,UTA,CLE,0,0.10598
22501097,2025-26,2026-03-30,OKC,DET,1,0.66988
22501098,2025-26,2026-03-30,LAL,WAS,1,0.94469
22500652,2025-26,2026-03-31,MIL,DAL,1,0.48127
22501099,2025-26,2026-03-31,ORL,PHX,1,0.55164
22501100,2025-26,2026-03-31,BKN,CHA,0,0.16283
22501101,2025-26,2026-03-31,DET,TOR,1,0.56051
22501102,2025-26,2026-03-31,HOU,NYK,1,0.45074
22501103,2025-26,2026-03-31,LAL,CLE,1,0.47798
22501104,2025-26,2026-03-31,LAC,POR,0,0.59796
22501003,2025-26,2026-04-01,MEM,NYK,0,0.19415
22501105,2025-26,2026-04-01,WAS,PHI,0,0.14831
22501106,2025-26,2026-04-01,MIA,BOS,0,0.44764
22501107,2025-26,2026-04-01,ORL,ATL,0,0.36006
22501108,2025-26,2026-04-01,TOR,SAC,0,0.80127
22501109,2025-26,2026-04-01,CHI,IND,0,0.60539
22501110,2025-26,2026-04-01,HOU,MIL,1,0.8659
22501112,2025-26,2026-04-01,UTA,DEN,0,0.07072
22501113,2025-26,2026-04-01,GSW,SAS,0,0.20382
22501114,2025-26,2026-04-02,CHA,PHX,1,0.62505
22501115,2025-26,2026-04-02,DET,MIN,1,0.59019
22501116,2025-26,2026-04-02,OKC,LAL,1,0.76387
22501117,2025-26,2026-04-02,GSW,CLE,0,0.20386
22501118,2025-26,2026-04-02,POR,NOP,1,0.66726
22501119,2025-26,2026-04-02,LAC,SAS,0,0.33787
22501120,2025-26,2026-04-03,CHA,IND,1,0.82731
22501121,2025-26,2026-04-03,PHI,MIN,1,0.59588
22501122,2025-26,2026-04-03,BKN,ATL,0,0.16996
22501123,2025-26,2026-04-03,NYK,CHI,1,0.8659
22501124,2025-26,2026-04-03,HOU,UTA,1,0.92288
22501125,2025-26,2026-04-03,MEM,TOR,0,0.27426
22501126,2025-26,2026-04-03,MIL,BOS,0,0.09759
22501127,2025-26,2026-04-03,DAL,ORL,0,0.32423
22501128,2025-26,2026-04-03,SAC,NOP,1,0.4468
22501129,2025-26,2026-04-04,MIA,WAS,1,0.91234
22501130,2025-26,2026-04-04,DEN,SAS,1,0.57584
22501131,2025-26,2026-04-04,PHI,DET,0,0.37037
22501132,2025-26,2026-04-05,BOS,TOR,1,0.77831
22501133,2025-26,2026-04-05,BKN,WAS,1,0.67545
22501134,2025-26,2026-04-05,CHI,PHX,0,0.23891
22501135,2025-26,2026-04-05,MIL,MEM,1,0.55471
22501136,2025-26,2026-04-05,CLE,IND,1,0.89627
22501137,2025-26,2026-04-05,MIN,CHA,0,0.56451
22501138,2025-26,2026-04-05,NOP,ORL,0,0.36504
22501139,2025-26,2026-04-05,OKC,UTA,1,0.97523
22501140,2025-26,2026-04-05,DAL,LAL,1,0.23373
22501141,2025-26,2026-04-05,SAC,LAC,0,0.2357
22501142,2025-26,2026-04-05,GSW,HOU,0,0.34037
22501143,2025-26,2026-04-06,ATL,NYK,0,0.50224
22501144,2025-26,2026-04-06,ORL,DET,1,0.32965
22501145,2025-26,2026-04-06,MEM,CLE,0,0.13059
22501146,2025-26,2026-04-06,SAS,PHI,1,0.82144
22501147,2025-26,2026-04-06,DEN,POR,1,0.78375
22501148,2025-26,2026-04-07,WAS,CHI,0,0.40202
22501149,2025-26,2026-04-07,BOS,CHA,1,0.6835
22501150,2025-26,2026-04-07,BKN,MIL,1,0.51114
22501151,2025-26,2026-04-07,TOR,MIA,1,0.49865
22501152,2025-26,2026-04-07,IND,MIN,0,0.2174
22501153,2025-26,2026-04-07,NOP,UTA,1,0.77898
22501154,2025-26,2026-04-07,GSW,SAC,1,0.77261
22501155,2025-26,2026-04-07,LAL,OKC,0,0.22984
22501156,2025-26,2026-04-07,LAC,DAL,1,0.74194
22501157,2025-26,2026-04-07,PHX,HOU,0,0.50088
22501158,2025-26,2026-04-08,CLE,ATL,1,0.52704
22501159,2025-26,2026-04-08,ORL,MIN,1,0.63993
22501160,2025-26,2026-04-08,DET,MIL,1,0.92598
22501161,2025-26,2026-04-08,SAS,POR,1,0.83118
22501162,2025-26,2026-04-08,DEN,MEM,1,0.94967
22501163,2025-26,2026-04-08,LAC,OKC,0,0.23898
22501164,2025-26,2026-04-08,PHX,DAL,1,0.80882
22501165,2025-26,2026-04-09,TOR,MIA,1,0.5416
22501166,2025-26,2026-04-09,WAS,CHI,0,0.38653
22501167,2025-26,2026-04-09,BKN,IND,0,0.5235
22501168,2025-26,2026-04-09,NYK,BOS,1,0.49313
22501169,2025-26,2026-04-09,HOU,PHI,1,0.62267
22501170,2025-26,2026-04-09,GSW,LAL,0,0.48724
22501171,2025-26,2026-04-10,CHA,DET,0,0.46428
22501172,2025-26,2026-04-10,WAS,MIA,0,0.1146
22501173,2025-26,2026-04-10,ATL,CLE,1,0.49205
22501174,2025-26,2026-04-10,BOS,NOP,1,0.8815
22501175,2025-26,2026-04-10,IND,PHI,0,0.24927
22501176,2025-26,2026-04-10,NYK,TOR,1,0.68173
22501177,2025-26,2026-04-10,CHI,ORL,0,0.16108
22501178,2025-26,2026-04-10,HOU,MIN,0,0.61918
22501179,2025-26,2026-04-10,MIL,BKN,1,0.71606
22501180,2025-26,2026-04-10,SAS,DAL,1,0.91281
22501181,2025-26,2026-04-10,UTA,MEM,1,0.51469
22501182,2025-26,2026-04-10,DEN,OKC,1,0.46189
22501183,2025-26,2026-04-10,POR,LAC,1,0.5661
22501184,2025-26,2026-04-10,SAC,GSW,1,0.47148
22501185,2025-26,2026-04-10,LAL,PHX,1,0.39129
22501186,2025-26,2026-04-12,BOS,ORL,1,0.71715
22501187,2025-26,2026-04-12,CLE,WAS,1,0.93472
22501188,2025-26,2026-04-12,IND,DET,0,0.096
22501189,2025-26,2026-04-12,MIA,ATL,1,0.43819
22501190,2025-26,2026-04-12,NYK,CHA,0,0.6037
22501191,2025-26,2026-04-12,PHI,MIL,1,0.82748
22501192,2025-26,2026-04-12,TOR,BKN,1,0.8938
22501193,2025-26,2026-04-12,DAL,CHI,1,0.56468
22501194,2025-26,2026-04-12,HOU,MEM,1,0.94517
22501195,2025-26,2026-04-12,MIN,NOP,1,0.82373
22501196,2025-26,2026-04-12,OKC,PHX,0,0.72226
22501197,2025-26,2026-04-12,SAS,DEN,0,0.79153
22501198,2025-26,2026-04-12,LAL,UTA,1,0.9023
22501199,2025-26,2026-04-12,LAC,GSW,1,0.64396
22501200,2025-26,2026-04-12,POR,SAC,1,0.85127
52500111,2025-26,2026-04-14,CHA,MIA,1,0.6689
52500121,2025-26,2026-04-14,PHX,POR,0,0.48559
52500101,2025-26,2026-04-15,PHI,ORL,1,0.50423
52500131,2025-26,2026-04-15,LAC,GSW,0,0.63095
52500201,2025-26,2026-04-17,ORL,CHA,1,0.49893
52500211,2025-26,2026-04-17,PHX,GSW,1,0.7405
42500121,2025-26,2026-04-18,NYK,ATL,1,0.7332
42500131,2025-26,2026-04-18,CLE,TOR,1,0.4876
42500161,2025-26,2026-04-18,DEN,MIN,1,0.72799
42500171,2025-26,2026-04-18,LAL,HOU,1,0.5707
42500101,2025-26,2026-04-19,DET,ORL,0,0.70757
42500111,2025-26,2026-04-19,BOS,PHI,1,0.69464
42500141,2025-26,2026-04-19,OKC,PHX,1,0.58958
42500151,2025-26,2026-04-19,SAS,POR,1,0.73753
42500122,2025-26,2026-04-20,NYK,ATL,0,0.68533
42500132,2025-26,2026-04-20,CLE,TOR,1,0.72268
42500162,2025-26,2026-04-20,DEN,MIN,0,0.75291
42500112,2025-26,2026-04-21,BOS,PHI,0,0.83362
42500152,2025-26,2026-04-21,SAS,POR,0,0.78135
42500172,2025-26,2026-04-21,LAL,HOU,1,0.55577
42500102,2025-26,2026-04-22,DET,ORL,1,0.69757
42500142,2025-26,2026-04-22,OKC,PHX,1,0.78901
42500123,2025-26,2026-04-23,ATL,NYK,1,0.48727
42500133,2025-26,2026-04-23,TOR,CLE,1,0.44088
42500163,2025-26,2026-04-23,MIN,DEN,1,0.40625
42500113,2025-26,2026-04-24,PHI,BOS,0,0.31601
42500153,2025-26,2026-04-24,POR,SAS,0,0.38458
42500173,2025-26,2026-04-24,HOU,LAL,0,0.65243
42500103,2025-26,2026-04-25,ORL,DET,1,0.46148
42500124,2025-26,2026-04-25,ATL,NYK,0,0.48049
42500143,2025-26,2026-04-25,PHX,OKC,0,0.33375
42500164,2025-26,2026-04-25,MIN,DEN,1,0.48115
42500114,2025-26,2026-04-26,PHI,BOS,0,0.29884
42500134,2025-26,2026-04-26,TOR,CLE,1,0.44672
42500154,2025-26,2026-04-26,POR,SAS,0,0.43417
42500174,2025-26,2026-04-26,HOU,LAL,1,0.62458
42500104,2025-26,2026-04-27,ORL,DET,1,0.47554
42500144,2025-26,2026-04-27,PHX,OKC,0,0.37294
42500165,2025-26,2026-04-27,DEN,MIN,1,0.708
42500115,2025-26,2026-04-28,BOS,PHI,0,0.78023
42500125,2025-26,2026-04-28,NYK,ATL,1,0.71371
42500155,2025-26,2026-04-28,SAS,POR,1,0.79445
42500105,2025-26,2026-04-29,DET,ORL,1,0.6719
42500135,2025-26,2026-04-29,CLE,TOR,1,0.69087
42500175,2025-26,2026-04-29,LAL,HOU,0,0.53415
42500116,2025-26,2026-04-30,PHI,BOS,1,0.41236
42500126,2025-26,2026-04-30,ATL,NYK,0,0.42471
42500166,2025-26,2026-04-30,MIN,DEN,1,0.43923
42500106,2025-26,2026-05-01,ORL,DET,0,0.47195
42500136,2025-26,2026-05-01,TOR,CLE,1,0.47638
42500176,2025-26,2026-05-01,HOU,LAL,0,0.59414
42500117,2025-26,2026-05-02,BOS,PHI,0,0.7157
42500107,2025-26,2026-05-03,DET,ORL,1,0.72744
42500137,2025-26,2026-05-03,CLE,TOR,1,0.69998
42500211,2025-26,2026-05-04,NYK,PHI,1,0.72135
42500231,2025-26,2026-05-04,SAS,MIN,0,0.84445
42500201,2025-26,2026-05-05,DET,CLE,1,0.69044
42500221,2025-26,2026-05-05,OKC,LAL,1,0.76119
42500212,2025-26,2026-05-06,NYK,PHI,1,0.72017
42500232,2025-26,2026-05-06,SAS,MIN,1,0.81839
42500202,2025-26,2026-05-07,DET,CLE,1,0.69515
42500222,2025-26,2026-05-07,OKC,LAL,1,0.75381
42500213,2025-26,2026-05-08,PHI,NYK,0,0.41065
42500233,2025-26,2026-05-08,MIN,SAS,0,0.32981
42500203,2025-26,2026-05-09,CLE,DET,1,0.44544
42500223,2025-26,2026-05-09,LAL,OKC,0,0.38626
42500214,2025-26,2026-05-10,PHI,NYK,0,0.45589
42500234,2025-26,2026-05-10,MIN,SAS,1,0.28981
42500204,2025-26,2026-05-11,CLE,DET,1,0.45671
42500224,2025-26,2026-05-11,LAL,OKC,0,0.34445
42500235,2025-26,2026-05-12,SAS,MIN,1,0.82666
42500205,2025-26,2026-05-13,DET,CLE,0,0.64169
42500206,2025-26,2026-05-15,CLE,DET,0,0.5595
42500236,2025-26,2026-05-15,MIN,SAS,0,0.32171
42500207,2025-26,2026-05-17,DET,CLE,0,0.6403
42500311,2025-26,2026-05-18,OKC,SAS,0,0.53408
42500301,2025-26,2026-05-19,NYK,CLE,1,0.62038
42500312,2025-26,2026-05-20,OKC,SAS,1,0.58114
42500302,2025-26,2026-05-21,NYK,CLE,1,0.66021
42500313,2025-26,2026-05-22,SAS,OKC,0,0.58197
42500303,2025-26,2026-05-23,CLE,NYK,0,0.48929
42500314,2025-26,2026-05-24,SAS,OKC,1,0.61607
42500304,2025-26,2026-05-25,CLE,NYK,0,0.46598
42500315,2025-26,2026-05-26,OKC,SAS,1,0.51386
42500316,2025-26,2026-05-28,SAS,OKC,1,0.6468
42500317,2025-26,2026-05-30,OKC,SAS,0,0.5225
42500401,2025-26,2026-06-03,SAS,NYK,0,0.62931
42500402,2025-26,2026-06-05,SAS,NYK,0,0.62444
42500403,2025-26,2026-06-08,NYK,SAS,0,0.55447
42500404,2025-26,2026-06-10,NYK,SAS,1,0.53728
42500405,2025-26,2026-06-13,SAS,NYK,0,0.62893
